product_id,title,price,product_url,image_url,crawl_time,original_price,discount,rating,review_count,sales_tag
231997084,"Vela Rue Minimalist Design Pants With Hook & Zipper Closure, Lightweight Semi-Sheer Solid Color Wide Leg Pants, Apricot Color, Fashionable Wide Leg Trousers For All Seasons Spring",S$13.91,https://sg.shein.com/Vela-Rue-Minimalist-Design-Pants-With-Hook-Zipper-Closure-Lightweight-Semi-Sheer-Solid-Color-Wide-Leg-Pants-Apricot-Color-Fashionable-Wide-Leg-Trousers-For-All-Seasons-Spring-p-231997084.html?mallCode=1&pageListType=4&detailBusinessFrom=0-1_231997084%7C0-2,https://img.ltwebstatic.com/v4/j/spmp/2026/01/14/16/1768402951de087a2dfaf8685c2e60e72112308334_thumbnail_600x.webp,2026-05-31T14:20:17+08:00,,-4%,(1000+),,600+ sold
102718048,"BizChic Army Green Summer Casual Brunch Polo Collar Diamond Knit Short Sleeve Pullover Sweater,Chic Elegant Urban Commute Retro Multi-Occasion Fashion Top",S$15.99,https://sg.shein.com/BizChic-Army-Green-Summer-Casual-Brunch-Polo-Collar-Diamond-Knit-Short-Sleeve-Pullover-Sweater-Chic-Elegant-Urban-Commute-Retro-Multi-Occasion-Fashion-Top-p-102718048.html?mallCode=1&pageListType=4&detailBusinessFrom=0-1_102718048%7C0-2,https://img.ltwebstatic.com/v4/j/pi/2025/06/19/83/1750322490705d517251e532878a89e9569ccf2add_thumbnail_600x.webp,2026-05-31T14:20:17+08:00,,,,,70+ sold
445976009,"EMERY ROSE Women's Casual Everyday Commute Minimalist Solid Color Notch Neck Cap Sleeve Top, Summer",S$10.49,https://sg.shein.com/EMERY-ROSE-Women-s-Casual-Everyday-Commute-Minimalist-Solid-Color-Notch-Neck-Cap-Sleeve-Top-Summer-p-445976009.html?mallCode=1&pageListType=4&detailBusinessFrom=0-1_445976009%7C0-2,https://img.ltwebstatic.com/v4/j/pi/2026/04/17/87/1776414007debf623f5d3cb075d394417ff549b719_thumbnail_600x.webp,2026-05-31T14:20:17+08:00,,,,,
194927770,"Rusticease Casual Solid Color Notched Neck Roll-Up Sleeve Top And Elastic Waist Pants Set,Cozy Fall Winter Clothes For Women New Year Elegant Blouse Shirt Sets",S$2.88,https://sg.shein.com/Rusticease-Casual-Solid-Color-Notched-Neck-Roll-Up-Sleeve-Top-And-Elastic-Waist-Pants-Set-Cozy-Fall-Winter-Clothes-For-Women-New-Year-Elegant-Blouse-Shirt-Sets-p-194927770.html?mallCode=1&pageListType=4&detailBusinessFrom=0-1_194927770%7C0-2,https://img.ltwebstatic.com/v4/j/pi/2025/09/22/3f/17585199585d3e941cc8821bdca4d2fe05c692f195_thumbnail_600x.webp,2026-05-31T14:20:17+08:00,,,,,Save S$2.88
443138653,"Lalippa Women's V-Neck T-Shirt,Blue,Summer,Streetwear,School,Back-To-School,Faux Denim,Graphic Design,Number,Burgundy,Fashionable & Versatile,Holiday Outfit",S$8.99,https://sg.shein.com/Lalippa-Women-s-V-Neck-T-Shirt-Blue-Summer-Streetwear-School-Back-To-School-Faux-Denim-Graphic-Design-Number-Burgundy-Fashionable-Versatile-Holiday-Outfit-p-443138653.html?mallCode=1&pageListType=4&detailBusinessFrom=0-1_443138653%7C0-2,https://img.ltwebstatic.com/v4/j/pi/2026/05/19/b8/1779178463122d193b57b80732e3703bbdfa3731a1_thumbnail_600x.webp,2026-05-31T14:20:17+08:00,,,,,50+ sold
482781870,MISSGUIDED Women Skirts,S$37.00,https://sg.shein.com/MISSGUIDED-Women-Skirts-p-482781870.html?mallCode=1&pageListType=4&detailBusinessFrom=0-1_482781870%7C0-2,https://img.ltwebstatic.com/v4/j/sxfs/2026/05/26/67/1779791144dce8eb0f059d1eb726eabd82e5cb27cf_thumbnail_600x.webp,2026-05-31T14:20:17+08:00,,,,,NEW
58534558,"Elamini Women's Summer Solid Color Square Neck Short Sleeve Pleated Blouse, Vacation Woman",S$10.99,https://sg.shein.com/Elamini-Women-s-Summer-Solid-Color-Square-Neck-Short-Sleeve-Pleated-Blouse-Vacation-Woman-p-58534558.html?mallCode=1&pageListType=4&detailBusinessFrom=0-1_58534558%7C0-2,https://img.ltwebstatic.com/v4/j/pi/2025/04/10/1e/174428648387d72db659c65b33df45756b92a33492_thumbnail_600x.webp,2026-05-31T14:20:17+08:00,,,(1000+),,100+ sold
162956597,"Women's Criss-Cross Waist Flare Pants, High Elasticity Polyester Solid Color Sports Yoga Pants, Criss-Cross Waist Casual Long Pants, Solid Color Tight Fit Workout Leggings, Knit Fabric Wide Leg Pants Suitable For Fitness And Casual Wear Black Spring",S$10.49,https://sg.shein.com/Women-s-Criss-Cross-Waist-Flare-Pants-High-Elasticity-Polyester-Solid-Color-Sports-Yoga-Pants-Criss-Cross-Waist-Casual-Long-Pants-Solid-Color-Tight-Fit-Workout-Leggings-Knit-Fabric-Wide-Leg-Pants-Suitable-For-Fitness-And-Casual-Wear-Black-Spring-p-162956597.html?mallCode=1&pageListType=4&detailBusinessFrom=0-1_162956597%7C0-2,https://img.ltwebstatic.com/v4/j/spmp/2025/08/26/d1/1756202192d193eb6201282235241c308f4834bae8_thumbnail_600x.webp,2026-05-31T14:20:17+08:00,,,(1000+),,300+ sold
439266548,"SHEIN Holidaya Women's Summer Boho Holiday Vacation Blouse,Black And Beige Embroidered V-Neck Batwing 3/4 Sleeve Loose Casual Shirt,Retro Fashion Beach Top,Holiday",S$11.99,https://sg.shein.com/SHEIN-Holidaya-Women-s-Summer-Boho-Holiday-Vacation-Blouse-Black-And-Beige-Embroidered-V-Neck-Batwing-3-4-Sleeve-Loose-Casual-Shirt-Retro-Fashion-Beach-Top-Holiday-p-439266548.html?mallCode=1&pageListType=4&detailBusinessFrom=0-1_439266548%7C0-2,https://img.ltwebstatic.com/v4/j/pi/2026/04/09/97/1775707301409695d06a0b9ea0420d748e1e5f5482_thumbnail_600x.webp,2026-05-31T14:20:17+08:00,,-4%,,,
323055047,"Japanese Style Women's Loose Crew Neck Casual Versatile Letter & Motorcycle Print Short Sleeve T-Shirt, Spring/Summer",S$6.49,https://sg.shein.com/Japanese-Style-Women-s-Loose-Crew-Neck-Casual-Versatile-Letter-Motorcycle-Print-Short-Sleeve-T-Shirt-Spring-Summer-p-323055047.html?mallCode=1&pageListType=4&detailBusinessFrom=0-1_323055047%7C0-2,https://img.ltwebstatic.com/v4/j/spmp/2025/12/26/31/176672820801ef51377a529afec213f1f6d9b3439a_thumbnail_600x.webp,2026-05-31T14:20:17+08:00,,,,,70+ sold
100167766,Pariaura Women's Floral Print Ruffle Hem Short Sleeve Vacation Fashion Blouse,S$11.99,https://sg.shein.com/Pariaura-Women-s-Floral-Print-Ruffle-Hem-Short-Sleeve-Vacation-Fashion-Blouse-p-100167766.html?mallCode=1&pageListType=4&detailBusinessFrom=0-1_100167766%7C0-2,https://img.ltwebstatic.com/v4/j/pi/2025/06/16/bb/1750039270bfc7f3de651cbbf373b799cb755ad341_thumbnail_600x.webp,2026-05-31T14:20:17+08:00,,,,,100+ sold
474120718,Jeanoix Low Waist Striped Pocket Washed Casual Denim Shorts,S$19.49,https://sg.shein.com/Jeanoix-Low-Waist-Striped-Pocket-Washed-Casual-Denim-Shorts-p-474120718.html?mallCode=1&pageListType=4&detailBusinessFrom=0-1_474120718%7C0-2,https://img.ltwebstatic.com/v4/j/pi/2026/05/18/7b/177907394724005c026f46fe4c425e0ffacc13e4a6_thumbnail_600x.webp,2026-05-31T14:20:17+08:00,,,,,NEW
437578225,EMERY ROSE Women's Ruffle Collar Short Sleeve Single-Breasted Striped Shirt,S$9.49,https://sg.shein.com/EMERY-ROSE-Women-s-Ruffle-Collar-Short-Sleeve-Single-Breasted-Striped-Shirt-p-437578225.html?mallCode=1&pageListType=4&detailBusinessFrom=0-1_437578225%7C0-2,https://img.ltwebstatic.com/v4/j/pi/2026/04/02/35/17750934186955913c494e4551eb57afa1da509df8_thumbnail_600x.webp,2026-05-31T14:20:17+08:00,,,,,60+ sold
304274062,Loose Batwing Sleeve Flattering Casual Linen Shirt Spring,S$9.56,https://sg.shein.com/Loose-Batwing-Sleeve-Flattering-Casual-Linen-Shirt-Spring-p-304274062.html?mallCode=1&pageListType=4&detailBusinessFrom=0-1_304274062%7C0-2,https://img.ltwebstatic.com/v4/j/spmp/2025/11/10/2e/17627428813c8ca175dbeeb6f606e8ee4b68beb8af_thumbnail_600x.webp,2026-05-31T14:20:17+08:00,,-13%,,,60+ sold
409683162,Franclia Women's Casual Elegant Knitted Collared Striped Tank Top,S$1.20,https://sg.shein.com/Franclia-Women-s-Casual-Elegant-Knitted-Collared-Striped-Tank-Top-p-409683162.html?mallCode=1&pageListType=4&detailBusinessFrom=0-1_409683162%7C0-2,https://img.ltwebstatic.com/v4/j/pi/2026/05/28/32/1779946449f9bd5d995957f964e4463d996f6f07cf_thumbnail_600x.webp,2026-05-31T14:20:17+08:00,,,,,Save S$1.20
450075844,"2026 Loose Casual ""Just A Girl Who Loves To Drink"" Graphic T-Shirt, Short Sleeve, European And American Style Black Summer",S$2.11,https://sg.shein.com/2026-Loose-Casual-Just-A-Girl-Who-Loves-To-Drink-Graphic-T-Shirt-Short-Sleeve-European-And-American-Style-Black-Summer-p-450075844.html?mallCode=1&pageListType=4&detailBusinessFrom=0-1_450075844%7C0-2,https://img.ltwebstatic.com/v4/j/spmp/2026/05/23/40/177952378110db1d5515d6d0eae5df35dfd3250cb8_thumbnail_600x.webp,2026-05-31T14:20:17+08:00,,,,,Save S$2.11
456325049,"SHEIN Franclia French Elegant V-Neck Black & White Contrast Ruffle Trim Short Sleeve Chiffon Blouse, Slim Fit Commuting Wear, Summer New",S$6.99,https://sg.shein.com/SHEIN-Franclia-French-Elegant-V-Neck-Black-White-Contrast-Ruffle-Trim-Short-Sleeve-Chiffon-Blouse-Slim-Fit-Commuting-Wear-Summer-New-p-456325049.html?mallCode=1&pageListType=4&detailBusinessFrom=0-1_456325049%7C0-2,https://img.ltwebstatic.com/v4/j/pi/2026/04/28/cf/1777378006f68c2b5163d0a9e09812f87dc4e99e1d_thumbnail_600x.webp,2026-05-31T14:20:17+08:00,,,,,
480958833,"SHEIN PETITE White Cotton Trousers For Spring And Summer, Casual And Vacation-Ready, Stylish, Versatile, Sophisticated, Vintage-Inspired, Suitable For Commuting, Fashionable, Individualistic, And Sexy At Home.",S$24.99,https://sg.shein.com/SHEIN-PETITE-White-Cotton-Trousers-For-Spring-And-Summer-Casual-And-Vacation-Ready-Stylish-Versatile-Sophisticated-Vintage-Inspired-Suitable-For-Commuting-Fashionable-Individualistic-And-Sexy-At-Home-p-480958833.html?mallCode=1&pageListType=4&detailBusinessFrom=0-1_480958833%7C0-2,https://img.ltwebstatic.com/v4/j/pi/2026/05/28/d6/1779946563e775a2506d18c6578ed34d53c4251eb7_thumbnail_600x.webp,2026-05-31T14:20:17+08:00,,,,,NEW
433577644,"Floral Print Ruffle Collar Blouse, Polyester Fabric, Suitable For Vacation, Daily Wear, Travel, Spring/Summer",S$14.49,https://sg.shein.com/Floral-Print-Ruffle-Collar-Blouse-Polyester-Fabric-Suitable-For-Vacation-Daily-Wear-Travel-Spring-Summer-p-433577644.html?mallCode=1&pageListType=4&detailBusinessFrom=0-1_433577644%7C0-2,https://img.ltwebstatic.com/v4/j/spmp/2026/05/08/97/17782203839ae8a89cff6de7211e22c9e45acd3560_thumbnail_600x.webp,2026-05-31T14:20:17+08:00,,,,,50+ sold
415494283,INAWLY Women's Fashion Color Block Button Front Short Sleeve T-Shirt Jersey,S$10.49,https://sg.shein.com/INAWLY-Women-s-Fashion-Color-Block-Button-Front-Short-Sleeve-T-Shirt-Jersey-p-415494283.html?mallCode=1&pageListType=4&detailBusinessFrom=0-1_415494283%7C0-2,https://img.ltwebstatic.com/v4/j/pi/2026/04/27/a0/1777262857c2028738dc7f0250bdccf48bc0de4d74_thumbnail_600x.webp,2026-05-31T14:20:17+08:00,,,,,50+ sold
446210372,"EMERY ROSE Apricot Linen-Like Collared Batwing Sleeve Shirt & Shorts 2 Pieces Set, Casual Vacation Outfit For Women",S$20.99,https://sg.shein.com/EMERY-ROSE-Apricot-Linen-Like-Collared-Batwing-Sleeve-Shirt-Shorts-2-Pieces-Set-Casual-Vacation-Outfit-For-Women-p-446210372.html?mallCode=1&pageListType=4&detailBusinessFrom=0-1_446210372%7C0-2,https://img.ltwebstatic.com/v4/j/pi/2026/04/17/e7/17764265567e7136a4761907054df3fed40d36c05d_thumbnail_600x.webp,2026-05-31T14:20:17+08:00,,,,,70+ sold
433130651,Women's Solid Color Casual Front Pocket Decorated Wide Leg Pants Spring,S$1.95,https://sg.shein.com/Women-s-Solid-Color-Casual-Front-Pocket-Decorated-Wide-Leg-Pants-Spring-p-433130651.html?mallCode=1&pageListType=4&detailBusinessFrom=0-1_433130651%7C0-2,https://img.ltwebstatic.com/v4/j/spmp/2026/03/18/c9/1773824565b2d5d14eea7f158c6c1297da44b20e46_thumbnail_600x.webp,2026-05-31T14:20:17+08:00,,,,,Save S$1.95
428549999,"Women's Summer Ice Silk Breathable Running Pants, Quick-Dry Lightweight Sports Trousers With Zipper Pockets & Elastic Waistband For Fitness & Jogging Spring",S$3.90,https://sg.shein.com/Women-s-Summer-Ice-Silk-Breathable-Running-Pants-Quick-Dry-Lightweight-Sports-Trousers-With-Zipper-Pockets-Elastic-Waistband-For-Fitness-Jogging-Spring-p-428549999.html?mallCode=1&pageListType=4&detailBusinessFrom=0-1_428549999%7C0-2,https://img.ltwebstatic.com/v4/j/spmp/2026/03/14/a6/17734778714209d6926bec1a4f9c4e92190ca9aac1_thumbnail_600x.webp,2026-05-31T14:20:17+08:00,,,,,Save S$3.90
428253213,"SHEIN EZwear Women's Black Woven Smock Blouse,Elegant Summer Puff Sleeve Top For Tea Party,Casual Modern Pinterest Outfit,New Arrival Clothes For Teens & Woman",S$1.30,https://sg.shein.com/SHEIN-EZwear-Women-s-Black-Woven-Smock-Blouse-Elegant-Summer-Puff-Sleeve-Top-For-Tea-Party-Casual-Modern-Pinterest-Outfit-New-Arrival-Clothes-For-Teens-Woman-p-428253213.html?mallCode=1&pageListType=4&detailBusinessFrom=0-1_428253213%7C0-2,https://img.ltwebstatic.com/v4/j/pi/2026/03/23/62/17742510970517d2df244f898a8116426412accdb7_thumbnail_600x.webp,2026-05-31T14:20:17+08:00,,,,,Save S$1.30
460258903,"EMERY ROSE Navy Blue Casual Minimalist Women's Shirt, Suitable For Summer,Summer Top",S$12.49,https://sg.shein.com/EMERY-ROSE-Navy-Blue-Casual-Minimalist-Women-s-Shirt-Suitable-For-Summer-Summer-Top-p-460258903.html?mallCode=1&pageListType=4&detailBusinessFrom=0-1_460258903%7C0-2,https://img.ltwebstatic.com/v4/j/pi/2026/05/06/d2/17780450898da570dee0124d36c62dc4b2a66e30fd_thumbnail_600x.webp,2026-05-31T14:20:17+08:00,,,,,
326207091,SHEIN New Style Sweet Turndown Collar Loose Fashion Women Shirt,S$12.49,https://sg.shein.com/SHEIN-New-Style-Sweet-Turndown-Collar-Loose-Fashion-Women-Shirt-p-326207091.html?mallCode=1&pageListType=4&detailBusinessFrom=0-1_326207091%7C0-2,https://img.ltwebstatic.com/v4/j/pi/2025/12/15/64/17657760876705b612ced638d0f7c33009a3dd4b30_thumbnail_600x.webp,2026-05-31T14:20:17+08:00,,,,,200+ sold
402164990,"Summer Fashion Striped Single-Breasted Drop Shoulder Short Sleeve Shirt, Polyester Contrast Color Front Button Closure, Short Front Long Back Design",S$0.84,https://sg.shein.com/Summer-Fashion-Striped-Single-Breasted-Drop-Shoulder-Short-Sleeve-Shirt-Polyester-Contrast-Color-Front-Button-Closure-Short-Front-Long-Back-Design-p-402164990.html?mallCode=1&pageListType=4&detailBusinessFrom=0-1_402164990%7C0-2,https://img.ltwebstatic.com/v4/j/spmp/2026/02/05/09/17702514963afc3d4e3301f084f8a769b60e5c2933_thumbnail_600x.webp,2026-05-31T14:20:17+08:00,,,,,Save S$0.84
63799174,Franclia High-End Fashionable French Design Loose Batwing Sleeve Turndown Collar Women Blouse,S$11.49,https://sg.shein.com/Franclia-High-End-Fashionable-French-Design-Loose-Batwing-Sleeve-Turndown-Collar-Women-Blouse-p-63799174.html?mallCode=1&pageListType=4&detailBusinessFrom=0-1_63799174%7C0-2,https://img.ltwebstatic.com/v4/j/pi/2025/04/12/42/1744462825e51561c45bf822596fc865b8cd9798f8_thumbnail_600x.webp,2026-05-31T14:20:17+08:00,,,(1000+),,200+ sold
454450493,"SHEIN MOD White Lace Satin Square Neck Fitted Mid-Length Dress,Dresses For Women Summer",S$29.49,https://sg.shein.com/SHEIN-MOD-White-Lace-Satin-Square-Neck-Fitted-Mid-Length-Dress-Dresses-For-Women-Summer-p-454450493.html?mallCode=1&pageListType=4&detailBusinessFrom=0-1_454450493%7C0-2,https://img.ltwebstatic.com/v4/j/pi/2026/05/23/5a/17795328698b3db9f3748ca8eb5ac9aede2d07b4f6_thumbnail_600x.webp,2026-05-31T14:20:17+08:00,,,,,
433703029,"Breezaya Women's Casual Summer Tan Wide-Leg Pants,Elastic Drawstring Wide Waistband Straight-Leg Textured Pants With Pockets,Elegant Vacation Holiday Outfits",S$14.99,https://sg.shein.com/Breezaya-Women-s-Casual-Summer-Tan-Wide-Leg-Pants-Elastic-Drawstring-Wide-Waistband-Straight-Leg-Textured-Pants-With-Pockets-Elegant-Vacation-Holiday-Outfits-p-433703029.html?mallCode=1&pageListType=4&detailBusinessFrom=0-1_433703029%7C0-2,https://img.ltwebstatic.com/v4/j/pi/2026/03/31/b1/1774923136976e75d97e7c6f7b1646e0a9308bfbc0_thumbnail_600x.webp,2026-05-31T14:20:17+08:00,,,,,100+ sold
420937384,Sunnyshic Women's Textured Striped Off Shoulder Asymmetric Design Slimming Waist Sexy Asymmetrical Shoulder Sweet Vacation Style T-Shirt,S$7.49,https://sg.shein.com/Sunnyshic-Women-s-Textured-Striped-Off-Shoulder-Asymmetric-Design-Slimming-Waist-Sexy-Asymmetrical-Shoulder-Sweet-Vacation-Style-T-Shirt-p-420937384.html?mallCode=1&pageListType=4&detailBusinessFrom=0-1_420937384%7C0-2,https://img.ltwebstatic.com/v4/j/pi/2026/05/13/ca/1778649722b333e67548002203ef9c963b1c21d669_thumbnail_600x.webp,2026-05-31T14:20:17+08:00,,,,,100+ sold
75778134,"INAWLY Women's Solid Color Crewneck Casual Raglan Short Sleeve Top And Shorts Set, Summer",S$15.99,https://sg.shein.com/INAWLY-Women-s-Solid-Color-Crewneck-Casual-Raglan-Short-Sleeve-Top-And-Shorts-Set-Summer-p-75778134.html?mallCode=1&pageListType=4&detailBusinessFrom=0-1_75778134%7C0-2,https://img.ltwebstatic.com/v4/j/pi/2025/06/16/3a/1750038523fa94bb4faa1f8ebd7ddc828aac975e45_thumbnail_600x.webp,2026-05-31T14:20:17+08:00,,,,,
367581879,"Elamini Women's Spring & Summer Casual Vacation Style Ruffled Layered Chiffon Polka Dot Print Waist Tie Shirt, Flattering Fit, Suitable For Beach",S$13.99,https://sg.shein.com/Elamini-Women-s-Spring-Summer-Casual-Vacation-Style-Ruffled-Layered-Chiffon-Polka-Dot-Print-Waist-Tie-Shirt-Flattering-Fit-Suitable-For-Beach-p-367581879.html?mallCode=1&pageListType=4&detailBusinessFrom=0-1_367581879%7C0-2,https://img.ltwebstatic.com/v4/j/pi/2026/02/06/28/177036204544c9fbc27b7da9f27209bc248be766e8_thumbnail_600x.webp,2026-05-31T14:20:17+08:00,,,,,200+ sold
435719715,EMERY ROSE Women's Short Sleeve T-Shirt With Special Lace Trim,S$1.17,https://sg.shein.com/EMERY-ROSE-Women-s-Short-Sleeve-T-Shirt-With-Special-Lace-Trim-p-435719715.html?mallCode=1&pageListType=4&detailBusinessFrom=0-1_435719715%7C0-2,https://img.ltwebstatic.com/v4/j/pi/2026/04/03/ee/1775205576ca82744ee705ba75dae6c4a09ebe972d_thumbnail_600x.webp,2026-05-31T14:20:17+08:00,,,,,Save S$1.17
481767686,K-Vae Casual Star Print Ruffle Hem Wide Leg Pants,S$28.99,https://sg.shein.com/K-Vae-Casual-Star-Print-Ruffle-Hem-Wide-Leg-Pants-p-481767686.html?mallCode=1&pageListType=4&detailBusinessFrom=0-1_481767686%7C0-2,https://img.ltwebstatic.com/v4/j/pi/2026/05/25/55/177970374006e9b3cb85bf1959b4dc3b97bff4d39d_thumbnail_600x.webp,2026-05-31T14:20:17+08:00,,,,,NEW
383813000,"2pcs/Set Striped Camisole V-Neck Sleeveless Top + Wide Leg Pants Set, Suitable For Vacation, Valentine's Day, Beach, Graduation, Summer Elegant",S$2.60,https://sg.shein.com/2pcs-Set-Striped-Camisole-V-Neck-Sleeveless-Top-Wide-Leg-Pants-Set-Suitable-For-Vacation-Valentine-s-Day-Beach-Graduation-Summer-Elegant-p-383813000.html?mallCode=1&pageListType=4&detailBusinessFrom=0-1_383813000%7C0-2,https://img.ltwebstatic.com/v4/j/spmp/2026/05/06/43/1778052987fd9626b87f690ab18970d26243a6830c_thumbnail_600x.webp,2026-05-31T14:20:17+08:00,,,,,Save S$2.60
440258053,Rovax Women's Casual Bear Print Pants,S$12.99,https://sg.shein.com/Rovax-Women-s-Casual-Bear-Print-Pants-p-440258053.html?mallCode=1&pageListType=4&detailBusinessFrom=0-1_440258053%7C0-2,https://img.ltwebstatic.com/v4/j/pi/2026/04/17/3c/1776417238b2dbd9995cdd02d0c2a663b8744acf25_thumbnail_600x.webp,2026-05-31T14:20:17+08:00,,,,,
82997683,"Pure White English Text Print Mid-Length T-Shirt For Women, Stylish Graphic Tee Undershirt #3333 Casual Summer",S$5.81,https://sg.shein.com/Pure-White-English-Text-Print-Mid-Length-T-Shirt-For-Women-Stylish-Graphic-Tee-Undershirt-3333-Casual-Summer-p-82997683.html?mallCode=1&pageListType=4&detailBusinessFrom=0-1_82997683%7C0-2,https://img.ltwebstatic.com/v4/p/spmp/2025/06/12/58/17497241240060e471dfa7d8e2a1c23c1eef5afed5_thumbnail_600x.webp,2026-05-31T14:20:17+08:00,,-3%,,,100+ sold
450485113,"SHEIN Navy Blue Summer Casual Plus Size Top For Women,Flowers Patten Graphic Tee,Women's Beach Tank Top,Vacation Holiday Beach Outfit,Y2k T-Shirt,Gift",S$7.49,https://sg.shein.com/SHEIN-Navy-Blue-Summer-Casual-Plus-Size-Top-For-Women-Flowers-Patten-Graphic-Tee-Women-s-Beach-Tank-Top-Vacation-Holiday-Beach-Outfit-Y2k-T-Shirt-Gift-p-450485113.html?mallCode=1&pageListType=4&detailBusinessFrom=0-1_450485113%7C0-2,https://img.ltwebstatic.com/v4/j/pi/2026/04/23/df/1776938274e3d0d28593c324241502a911a6ee63c1_thumbnail_600x.webp,2026-05-31T14:20:17+08:00,,,,,
442871320,"Women's Loose White Woven Fabric Drop Shoulder Short Sleeve Top, Perfect For Summer Bohemian Style.",S$8.49,https://sg.shein.com/Women-s-Loose-White-Woven-Fabric-Drop-Shoulder-Short-Sleeve-Top-Perfect-For-Summer-Bohemian-Style-p-442871320.html?mallCode=1&pageListType=4&detailBusinessFrom=0-1_442871320%7C0-2,https://img.ltwebstatic.com/v4/j/spmp/2026/04/11/ca/177590727624e30811691d4b0ddd7931293aae8166_thumbnail_600x.webp,2026-05-31T14:20:17+08:00,,,,,
449372345,SHEIN PETITE Women's Casual Versatile Solid Color Wide Leg Pants,S$12.99,https://sg.shein.com/SHEIN-PETITE-Women-s-Casual-Versatile-Solid-Color-Wide-Leg-Pants-p-449372345.html?mallCode=1&pageListType=4&detailBusinessFrom=0-1_449372345%7C0-2,https://img.ltwebstatic.com/v4/j/pi/2026/04/21/6d/1776756877527ea21f80e6272b8c03b8367123f2ba_thumbnail_600x.webp,2026-05-31T14:20:17+08:00,,,,,NEW
456205791,"Resyla Women's Blue Colorful Diamond-Filled Round-Neck Short-Sleeved T-Shirt,90s Themed Party Night Slim Casual Summer Style Tianku Heavy Industry T-Shirt",S$6.99,https://sg.shein.com/Resyla-Women-s-Blue-Colorful-Diamond-Filled-Round-Neck-Short-Sleeved-T-Shirt-90s-Themed-Party-Night-Slim-Casual-Summer-Style-Tianku-Heavy-Industry-T-Shirt-p-456205791.html?mallCode=1&pageListType=4&detailBusinessFrom=0-1_456205791%7C0-2,https://img.ltwebstatic.com/v4/j/pi/2026/04/28/10/17773673536afc4a63bda892efc3fdbd91853f4701_thumbnail_600x.webp,2026-05-31T14:20:17+08:00,,,,,
39588536,"Flirla Women's Button-Down Short-Sleeved Striped Design Slim Fit Everyday Shirt,Short Sleeve Tops",S$11.99,https://sg.shein.com/Flirla-Women-s-Button-Down-Short-Sleeved-Striped-Design-Slim-Fit-Everyday-Shirt-Short-Sleeve-Tops-p-39588536.html?mallCode=1&pageListType=4&detailBusinessFrom=0-1_39588536%7C0-2,https://img.ltwebstatic.com/images3_pi/2024/11/20/5b/17320965526424eaa48617d31e7fb5381d50cab673_thumbnail_600x.webp,2026-05-31T14:20:17+08:00,,-4%,(1000+),,300+ sold
49943528,"Sweetra Vintage Elegant Jacquard Pleated Wide-Leg Pants For Women, Autumn/Winter Fall Cloth For Women",S$15.19,https://sg.shein.com/Sweetra-Vintage-Elegant-Jacquard-Pleated-Wide-Leg-Pants-For-Women-Autumn-Winter-Fall-Cloth-For-Women-p-49943528.html?mallCode=1&pageListType=4&detailBusinessFrom=0-1_49943528%7C0-2,https://img.ltwebstatic.com/images3_pi/2024/12/09/5f/17337410338e67b16a460fce2c4d880ccc0a2dd73c_thumbnail_600x.webp,2026-05-31T14:20:17+08:00,,-5%,(1000+),,400+ sold
166053086,"Franclia Women's Casual Minimalist Collared Batwing Sleeve Shirt, Summer",S$10.55,https://sg.shein.com/Franclia-Women-s-Casual-Minimalist-Collared-Batwing-Sleeve-Shirt-Summer-p-166053086.html?mallCode=1&pageListType=4&detailBusinessFrom=0-1_166053086%7C0-2,https://img.ltwebstatic.com/v4/j/pi/2026/01/30/e4/17697456793f1ecb9961af47a6d780dae00b54f794_thumbnail_600x.webp,2026-05-31T14:20:17+08:00,,-4%,,,300+ sold
435480727,"Delicate Japanese Style White Asymmetrical Shoulder Star & Letter Print Short Sleeve T-Shirt, Pleated Slimming Top For Women; Korean Loose Fit Asymmetrical Shoulder Star Print T-Shirt, Versatile Layering Tee For Spring/Autumn, Indie Aesthetic Casual Summer",S$5.99,https://sg.shein.com/Delicate-Japanese-Style-White-Asymmetrical-Shoulder-Star-Letter-Print-Short-Sleeve-T-Shirt-Pleated-Slimming-Top-For-Women-Korean-Loose-Fit-Asymmetrical-Shoulder-Star-Print-T-Shirt-Versatile-Layering-Tee-For-Spring-Autumn-Indie-Aesthetic-Casual-Summer-p-435480727.html?mallCode=1&pageListType=4&detailBusinessFrom=0-1_435480727%7C0-2,https://img.ltwebstatic.com/v4/j/spmp/2026/03/21/08/17740980859d58b28d44856ec40a10a16c75779edd_thumbnail_600x.webp,2026-05-31T14:20:17+08:00,,,,,90+ sold
473955426,KIZN Slim Leg Suit Trousers With Vent Detail Front Crease Tailored Dress Pants Office Formal Occasion,S$16.97,https://sg.shein.com/KIZN-Slim-Leg-Suit-Trousers-With-Vent-Detail-Front-Crease-Tailored-Dress-Pants-Office-Formal-Occasion-p-473955426.html?mallCode=1&pageListType=4&detailBusinessFrom=0-1_473955426%7C0-2,https://img.ltwebstatic.com/v4/j/sxfs/2026/05/18/ab/1779105995643b5784ed94010e8fdb9e38efb72c6a_thumbnail_600x.webp,2026-05-31T14:20:17+08:00,,-30%,,,
309364531,"Sheer Black Blazer Jacket For Women, Lightweight Summer Casual Office Top, Short Petite 3/4 Sleeve Suit Spring",S$21.37,https://sg.shein.com/Sheer-Black-Blazer-Jacket-For-Women-Lightweight-Summer-Casual-Office-Top-Short-Petite-3-4-Sleeve-Suit-Spring-p-309364531.html?mallCode=1&pageListType=4&detailBusinessFrom=0-1_309364531%7C0-2,https://img.ltwebstatic.com/v4/j/spmp/2025/11/24/96/1763975299af5e85ab6de56ef3adde124163c2d335_thumbnail_600x.webp,2026-05-31T14:20:17+08:00,,-5%,,,90+ sold
155685507,"SHEIN LUNE Women's Casual Solid Color V-Neck Flare Sleeve Twist Front Blouse, Spring/Autumn Brown Top Dark Chocolate Coffee Tie",S$9.49,https://sg.shein.com/SHEIN-LUNE-Women-s-Casual-Solid-Color-V-Neck-Flare-Sleeve-Twist-Front-Blouse-Spring-Autumn-Brown-Top-Dark-Chocolate-Coffee-Tie-p-155685507.html?mallCode=1&pageListType=4&detailBusinessFrom=0-1_155685507%7C0-2,https://img.ltwebstatic.com/v4/j/pi/2025/08/18/5d/1755482562bbf0cab9929af1e9705b944a9e95d3bb_thumbnail_600x.webp,2026-05-31T14:20:17+08:00,,,,,100+ sold
433902724,Resyla Women's Solid Color Pleated Casual Versatile Daily Wear Short Sleeve T-Shirt,S$6.99,https://sg.shein.com/Resyla-Women-s-Solid-Color-Pleated-Casual-Versatile-Daily-Wear-Short-Sleeve-T-Shirt-p-433902724.html?mallCode=1&pageListType=4&detailBusinessFrom=0-1_433902724%7C0-2,https://img.ltwebstatic.com/v4/j/pi/2026/03/31/ea/1774952832430afb9b5533f1eaf9d4f4fe7f6cd74a_thumbnail_600x.webp,2026-05-31T14:20:17+08:00,,,,,
28012063,SHEIN Unity Women'S Drawstring Wrinkle Design Cargo Pants Fall Cloth For Women,S$13.91,https://sg.shein.com/SHEIN-Unity-Women-S-Drawstring-Wrinkle-Design-Cargo-Pants-Fall-Cloth-For-Women-p-28012063.html?mallCode=1&pageListType=4&detailBusinessFrom=0-1_28012063%7C0-2,https://img.ltwebstatic.com/images3_pi/2024/11/22/5a/17322730532220988c7ca58a448c26a9ab58895238_thumbnail_600x.webp,2026-05-31T14:20:17+08:00,,-4%,,,100+ sold
64603795,Resyla 3pcs/Set Women Versatile Casual Minimalist Summer Short Sleeve T-Shirt Set,S$13.99,https://sg.shein.com/Resyla-3pcs-Set-Women-Versatile-Casual-Minimalist-Summer-Short-Sleeve-T-Shirt-Set-p-64603795.html?mallCode=1&pageListType=4&detailBusinessFrom=0-1_64603795%7C0-2,https://img.ltwebstatic.com/images3_pi/2025/04/02/17/1743583839ebd19545e7e35bd999027390a1782a3d_thumbnail_600x.webp,2026-05-31T14:20:17+08:00,,,,,
469738299,"StreetHx Women's Vintage Washed Loose Fit Jeans, Asymmetrical Hem Street Style Jeans",S$30.99,https://sg.shein.com/StreetHx-Women-s-Vintage-Washed-Loose-Fit-Jeans-Asymmetrical-Hem-Street-Style-Jeans-p-469738299.html?mallCode=1&pageListType=4&detailBusinessFrom=0-1_469738299%7C0-2,https://img.ltwebstatic.com/v4/j/pi/2026/05/22/30/177942777528e43926ff90b77e545517590f61fa3a_thumbnail_600x.webp,2026-05-31T14:20:17+08:00,,,,,NEW
449222375,"Women's Elegant Casual Sleeveless Round Neck A-Line Long Dress With Pockets, Summer New Arrival",S$15.52,https://sg.shein.com/Women-s-Elegant-Casual-Sleeveless-Round-Neck-A-Line-Long-Dress-With-Pockets-Summer-New-Arrival-p-449222375.html?mallCode=1&pageListType=4&detailBusinessFrom=0-1_449222375%7C0-2,https://img.ltwebstatic.com/v4/j/spmp/2026/04/14/b8/1776133175ce64505c75d97aa38af6c8ceb329fc8a_thumbnail_600x.webp,2026-05-31T14:20:17+08:00,,-3%,,,
367931128,Comfortcana 2pcs/Set Casual Pony Logo Printed Round Neck Short Sleeve Top And Striped Print Pants Striped Outfits White T-Shirt Striped Pants,S$17.99,https://sg.shein.com/Comfortcana-2pcs-Set-Casual-Pony-Logo-Printed-Round-Neck-Short-Sleeve-Top-And-Striped-Print-Pants-Striped-Outfits-White-T-Shirt-Striped-Pants-p-367931128.html?mallCode=1&pageListType=4&detailBusinessFrom=0-1_367931128%7C0-2,https://img.ltwebstatic.com/v4/j/pi/2026/01/20/58/1768898641dde3f09776f1d349f8f4d9996512a31b_thumbnail_600x.webp,2026-05-31T14:20:17+08:00,,,,,
436417412,"Women's Loose Fit Round Neck Fashionable Versatile Tie-Dye Printed Short Sleeve T-Shirt, American Retro Style, Spring/Summer Casual Black",S$6.99,https://sg.shein.com/Women-s-Loose-Fit-Round-Neck-Fashionable-Versatile-Tie-Dye-Printed-Short-Sleeve-T-Shirt-American-Retro-Style-Spring-Summer-Casual-Black-p-436417412.html?mallCode=1&pageListType=4&detailBusinessFrom=0-1_436417412%7C0-2,https://img.ltwebstatic.com/v4/j/spmp/2026/04/10/83/1775789151344ec45d1437c2590cc28dafccfa0c0b_thumbnail_600x.webp,2026-05-31T14:20:17+08:00,,,,,
209194288,SHEIN ICON Halloween Women's Halter Backless Black Babydoll Tank Top Backless Halter Top Peplum Top Women Halter Tops For Women,S$10.99,https://sg.shein.com/SHEIN-ICON-Halloween-Women-s-Halter-Backless-Black-Babydoll-Tank-Top-Backless-Halter-Top-Peplum-Top-Women-Halter-Tops-For-Women-p-209194288.html?mallCode=1&pageListType=4&detailBusinessFrom=0-1_209194288%7C0-2,https://img.ltwebstatic.com/v4/j/pi/2025/10/10/82/176008895376086f3a5250a3d7a35c7a8504a96d7d_thumbnail_600x.webp,2026-05-31T14:20:17+08:00,,,,,300+ sold
405728049,"Korean Fashion Women's Blazer Jacket, New Summer Casual Short Sleeve Suit Top Black",S$0.98,https://sg.shein.com/Korean-Fashion-Women-s-Blazer-Jacket-New-Summer-Casual-Short-Sleeve-Suit-Top-Black-p-405728049.html?mallCode=1&pageListType=4&detailBusinessFrom=0-1_405728049%7C0-2,https://img.ltwebstatic.com/v4/j/spmp/2026/01/25/fb/176935612211a141e884411fd45ae4bc96461dd5f8_thumbnail_600x.webp,2026-05-31T14:20:17+08:00,,,,,Save S$0.98
482020469,Ellevyn Women's Elegant Floral Print Skirt For Summer,S$15.49,https://sg.shein.com/Ellevyn-Women-s-Elegant-Floral-Print-Skirt-For-Summer-p-482020469.html?mallCode=1&pageListType=4&detailBusinessFrom=0-1_482020469%7C0-2,https://img.ltwebstatic.com/v4/j/pi/2026/05/25/78/1779681003b9dacfe835f16ea85d66cd45fe16ce83_thumbnail_600x.webp,2026-05-31T14:20:17+08:00,,,,,NEW
451029055,SHEIN Women's Summer Polka Dot Print Ruched Off-Shoulder T-Shirt,S$6.99,https://sg.shein.com/SHEIN-Women-s-Summer-Polka-Dot-Print-Ruched-Off-Shoulder-T-Shirt-p-451029055.html?mallCode=1&pageListType=4&detailBusinessFrom=0-1_451029055%7C0-2,https://img.ltwebstatic.com/v4/j/pi/2026/04/24/0e/1776995316bba69eb65a59058db2da3a1b3d834786_thumbnail_600x.webp,2026-05-31T14:20:17+08:00,,,,,
14285571,LUMIGAL Two Tone Notched Neck Asymmetrical Hem Sleeveless Blouse,S$7.99,https://sg.shein.com/LUMIGAL-Two-Tone-Notched-Neck-Asymmetrical-Hem-Sleeveless-Blouse-p-14285571.html?mallCode=1&pageListType=4&detailBusinessFrom=0-1_14285571%7C0-2,https://img.ltwebstatic.com/v4/j/pi/2026/04/20/1e/17766757120a2df1c7a0e75dac7d1295b33218d8f6_thumbnail_600x.webp,2026-05-31T14:20:17+08:00,,,(1000+),,70+ sold
66587602,"DAZY Women's Solid Color Wide Leg 3/4 Pants, Casual And Relaxed Style For Summer",S$15.99,https://sg.shein.com/DAZY-Women-s-Solid-Color-Wide-Leg-3-4-Pants-Casual-And-Relaxed-Style-For-Summer-p-66587602.html?mallCode=1&pageListType=4&detailBusinessFrom=0-1_66587602%7C0-2,https://img.ltwebstatic.com/v4/j/pi/2025/04/11/ce/1744358524df2763ecd1319ac2b1409a140e888f3d_thumbnail_600x.webp,2026-05-31T14:20:17+08:00,,,,,
457418186,"Striped & Polka Dot Classic Contrast Color Office Outfit, Women's Casual Round Neck Short Sleeve Minimalist T-Shirt Summer",S$7.99,https://sg.shein.com/Striped-Polka-Dot-Classic-Contrast-Color-Office-Outfit-Women-s-Casual-Round-Neck-Short-Sleeve-Minimalist-T-Shirt-Summer-p-457418186.html?mallCode=1&pageListType=4&detailBusinessFrom=0-1_457418186%7C0-2,https://img.ltwebstatic.com/v4/j/spmp/2026/04/28/2f/17773654614004876656c8d79fddcb041901c91f91_thumbnail_600x.webp,2026-05-31T14:20:17+08:00,,,,,
441465288,Franclia New Striped V-Neck Short Sleeve T-Shirt For Women,S$8.99,https://sg.shein.com/Franclia-New-Striped-V-Neck-Short-Sleeve-T-Shirt-For-Women-p-441465288.html?mallCode=1&pageListType=4&detailBusinessFrom=0-1_441465288%7C0-2,https://img.ltwebstatic.com/v4/j/pi/2026/05/05/de/17779716725e76751f429f1c855abd19f285a9ea7f_thumbnail_600x.webp,2026-05-31T14:20:17+08:00,,,,,70+ sold
475250384,Poéselle New Women's Polka Dot Pattern Elegant Backless Denim Dress Summer Dress Summer Outfits Festival Outfits For Women Festa Junina Dress Party Dress Beach Dresses Graduation Dress Elegant Dresses For Women Casual Dresses For Women Vacation Outfits Women Work Outfits For Women Polka Dot Dress,S$33.99,https://sg.shein.com/Po-selle-New-Women-s-Polka-Dot-Pattern-Elegant-Backless-Denim-Dress-Summer-Dress-Summer-Outfits-Festival-Outfits-For-Women-Festa-Junina-Dress-Party-Dress-Beach-Dresses-Graduation-Dress-Elegant-Dresses-For-Women-Casual-Dresses-For-Women-Vacation-Outfits-Women-Work-Outfits-For-Women-Polka-Dot-Dress-p-475250384.html?mallCode=1&pageListType=4&detailBusinessFrom=0-1_475250384%7C0-2,https://sc.ltwebstatic.com/she_dist/images/bg-grey-solid-color-fc04c1310d.png,2026-05-31T14:20:17+08:00,,,,,NEW
345338096,"SHEIN Women's Casual Letter Print Short Sleeve Slim Fit T-Shirt, Summer",S$1.04,https://sg.shein.com/SHEIN-Women-s-Casual-Letter-Print-Short-Sleeve-Slim-Fit-T-Shirt-Summer-p-345338096.html?mallCode=1&pageListType=4&detailBusinessFrom=0-1_345338096%7C0-2,https://sc.ltwebstatic.com/she_dist/images/bg-grey-solid-color-fc04c1310d.png,2026-05-31T14:20:17+08:00,,,,,Save S$1.04
356989829,"Poéselle Women's Cotton Gingham Lace-Trim Peplum Button-Down Blouse,Short-Sleeve Tie-Back Vintage Shirt,Black And White Checkered,Summer,Everyday Cottagecore",S$1.49,https://sg.shein.com/Po-selle-Women-s-Cotton-Gingham-Lace-Trim-Peplum-Button-Down-Blouse-Short-Sleeve-Tie-Back-Vintage-Shirt-Black-And-White-Checkered-Summer-Everyday-Cottagecore-p-356989829.html?mallCode=1&pageListType=4&detailBusinessFrom=0-1_356989829%7C0-2,https://sc.ltwebstatic.com/she_dist/images/bg-grey-solid-color-fc04c1310d.png,2026-05-31T14:20:17+08:00,,,,,Save S$1.49
441162412,"Women's Summer Camisole, Women's Plaid Camisole Top For Vacation, Graduation, Wedding, Back To School, Retro Vibe, Party, Lunch, Cute Casual Summer, Sweet Romantic Country Style, Textured, Loose Comfortable, Loose Hem Camisole",S$10.99,https://sg.shein.com/Women-s-Summer-Camisole-Women-s-Plaid-Camisole-Top-For-Vacation-Graduation-Wedding-Back-To-School-Retro-Vibe-Party-Lunch-Cute-Casual-Summer-Sweet-Romantic-Country-Style-Textured-Loose-Comfortable-Loose-Hem-Camisole-p-441162412.html?mallCode=1&pageListType=4&detailBusinessFrom=0-1_441162412%7C0-2,https://sc.ltwebstatic.com/she_dist/images/bg-grey-solid-color-fc04c1310d.png,2026-05-31T14:20:17+08:00,,,,,70+ sold
411144463,Resyla Summer Casual Solid Color Regular Shoulder Loose T-Shirt And Shorts Set,S$14.24,https://sg.shein.com/Resyla-Summer-Casual-Solid-Color-Regular-Shoulder-Loose-T-Shirt-And-Shorts-Set-p-411144463.html?mallCode=1&pageListType=4&detailBusinessFrom=0-1_411144463%7C0-2,https://sc.ltwebstatic.com/she_dist/images/bg-grey-solid-color-fc04c1310d.png,2026-05-31T14:20:17+08:00,,-5%,,,
413037448,"Women's Off-Shoulder Short Sleeve Top, Regular Length, Polyester High Stretch Fabric, White Summer Blouse Suitable For Office & Casual Wear",S$5.90,https://sg.shein.com/Women-s-Off-Shoulder-Short-Sleeve-Top-Regular-Length-Polyester-High-Stretch-Fabric-White-Summer-Blouse-Suitable-For-Office-Casual-Wear-p-413037448.html?mallCode=1&pageListType=4&detailBusinessFrom=0-1_413037448%7C0-2,https://sc.ltwebstatic.com/she_dist/images/bg-grey-solid-color-fc04c1310d.png,2026-05-31T14:20:17+08:00,,-2%,,,50+ sold
472862800,MOTF PREMIUM WOMEN'S SUMMER ELASTIC WAIST SLANT POCKET DENIM PANTS,S$33.74,https://sg.shein.com/MOTF-PREMIUM-WOMEN-S-SUMMER-ELASTIC-WAIST-SLANT-POCKET-DENIM-PANTS-p-472862800.html?mallCode=1&pageListType=4&detailBusinessFrom=0-1_472862800%7C0-2,https://sc.ltwebstatic.com/she_dist/images/bg-grey-solid-color-fc04c1310d.png,2026-05-31T14:20:17+08:00,,-19%,,,Estimated
63771262,"RiviMae Sweet Lace Trim Short Sleeve T-Shirt For Women, Summer New Slim Fit 3-Button Front Half Sleeve Top",S$8.99,https://sg.shein.com/RiviMae-Sweet-Lace-Trim-Short-Sleeve-T-Shirt-For-Women-Summer-New-Slim-Fit-3-Button-Front-Half-Sleeve-Top-p-63771262.html?mallCode=1&pageListType=4&detailBusinessFrom=0-1_63771262%7C0-2,https://sc.ltwebstatic.com/she_dist/images/bg-grey-solid-color-fc04c1310d.png,2026-05-31T14:20:17+08:00,,,(1000+),,400+ sold
442361367,"Women's Elegant Mandarin Collar White Blouse, Loose Fit With Full Pleats, Breathable Drapey Fabric, Versatile For Work And Leisure, Slimming Simple Design, Comfortable Casual Chic Top For Summer, YTD Cherry Solid Color Daily Wear",S$2.40,https://sg.shein.com/Women-s-Elegant-Mandarin-Collar-White-Blouse-Loose-Fit-With-Full-Pleats-Breathable-Drapey-Fabric-Versatile-For-Work-And-Leisure-Slimming-Simple-Design-Comfortable-Casual-Chic-Top-For-Summer-YTD-Cherry-Solid-Color-Daily-Wear-p-442361367.html?mallCode=1&pageListType=4&detailBusinessFrom=0-1_442361367%7C0-2,https://sc.ltwebstatic.com/she_dist/images/bg-grey-solid-color-fc04c1310d.png,2026-05-31T14:20:17+08:00,,,,,Save S$2.40
60930578,"INAWLY Women's Lightweight Casual Cardigan, Summer Fall Winter Cloth For Women",S$7.99,https://sg.shein.com/INAWLY-Women-s-Lightweight-Casual-Cardigan-Summer-Fall-Winter-Cloth-For-Women-p-60930578.html?mallCode=1&pageListType=4&detailBusinessFrom=0-1_60930578%7C0-2,https://sc.ltwebstatic.com/she_dist/images/bg-grey-solid-color-fc04c1310d.png,2026-05-31T14:20:17+08:00,,,(1000+),,300+ sold
437515614,"Soft Knit Short Sleeve Sweater, Minimalist Elegant Slimming Blouse. Ice Silk Knit Fabric, Breathable And Skin-Friendly. Classic Round Neck Design, Versatile For Spring/Summer Casual, Commute, Leisure, Dating, Party And Holidays.",S$12.49,https://sg.shein.com/Soft-Knit-Short-Sleeve-Sweater-Minimalist-Elegant-Slimming-Blouse-Ice-Silk-Knit-Fabric-Breathable-And-Skin-Friendly-Classic-Round-Neck-Design-Versatile-For-Spring-Summer-Casual-Commute-Leisure-Dating-Party-And-Holidays-p-437515614.html?mallCode=1&pageListType=4&detailBusinessFrom=0-1_437515614%7C0-2,https://sc.ltwebstatic.com/she_dist/images/bg-grey-solid-color-fc04c1310d.png,2026-05-31T14:20:17+08:00,,,,,
437554229,"SHEIN Elenzya Women's Elegant Office Suit Pants,High-Waisted Beige Summer Striped Pleated Elastic Waist Loose Wide Leg Casual Trousers For Daily Commute Fashion",S$17.99,https://sg.shein.com/SHEIN-Elenzya-Women-s-Elegant-Office-Suit-Pants-High-Waisted-Beige-Summer-Striped-Pleated-Elastic-Waist-Loose-Wide-Leg-Casual-Trousers-For-Daily-Commute-Fashion-p-437554229.html?mallCode=1&pageListType=4&detailBusinessFrom=0-1_437554229%7C0-2,https://sc.ltwebstatic.com/she_dist/images/bg-grey-solid-color-fc04c1310d.png,2026-05-31T14:20:17+08:00,,,,,
457650263,"Siren Gaze Women's Linen Low-Waist Straight-Leg Casual Pants, Suitable For Vacation Wear, Spring/Summer",S$16.99,https://sg.shein.com/Siren-Gaze-Women-s-Linen-Low-Waist-Straight-Leg-Casual-Pants-Suitable-For-Vacation-Wear-Spring-Summer-p-457650263.html?mallCode=1&pageListType=4&detailBusinessFrom=0-1_457650263%7C0-2,https://sc.ltwebstatic.com/she_dist/images/bg-grey-solid-color-fc04c1310d.png,2026-05-31T14:20:17+08:00,,,,,NEW
436362228,"Women's Outdoor Cargo Pants, Lightweight Casual Sports Trousers With Large Pockets For Spring/Summer, Suitable For Outdoor Hiking And Daily Wear, With Zipper Pockets And Drawstring Black",S$1.65,https://sg.shein.com/Women-s-Outdoor-Cargo-Pants-Lightweight-Casual-Sports-Trousers-With-Large-Pockets-For-Spring-Summer-Suitable-For-Outdoor-Hiking-And-Daily-Wear-With-Zipper-Pockets-And-Drawstring-Black-p-436362228.html?mallCode=1&pageListType=4&detailBusinessFrom=0-1_436362228%7C0-2,https://sc.ltwebstatic.com/she_dist/images/bg-grey-solid-color-fc04c1310d.png,2026-05-31T14:20:17+08:00,,,,,Save S$1.65
313145818,"SHEIN Women's Summer Casual Vacation Multicolor Striped T-Shirt,Navy And White Patterned Outdoor Tops,Fitted Ruched Waist New Arrival Outdoor Wear",S$6.49,https://sg.shein.com/SHEIN-Women-s-Summer-Casual-Vacation-Multicolor-Striped-T-Shirt-Navy-And-White-Patterned-Outdoor-Tops-Fitted-Ruched-Waist-New-Arrival-Outdoor-Wear-p-313145818.html?mallCode=1&pageListType=4&detailBusinessFrom=0-1_313145818%7C0-2,https://sc.ltwebstatic.com/she_dist/images/bg-grey-solid-color-fc04c1310d.png,2026-05-31T14:20:17+08:00,,,,,60+ sold
453574479,Franclia Women's Round Neck Color Block Casual Versatile Daily Wear Short Sleeve T-Shirt,S$8.49,https://sg.shein.com/Franclia-Women-s-Round-Neck-Color-Block-Casual-Versatile-Daily-Wear-Short-Sleeve-T-Shirt-p-453574479.html?mallCode=1&pageListType=4&detailBusinessFrom=0-1_453574479%7C0-2,https://sc.ltwebstatic.com/she_dist/images/bg-grey-solid-color-fc04c1310d.png,2026-05-31T14:20:17+08:00,,,,,
115240222,SuriyaCove Women Knight Print Round Neck Short Sleeve T-Shirt And Striped Drawstring Waist Pants Casual Suit,S$18.99,https://sg.shein.com/SuriyaCove-Women-Knight-Print-Round-Neck-Short-Sleeve-T-Shirt-And-Striped-Drawstring-Waist-Pants-Casual-Suit-p-115240222.html?mallCode=1&pageListType=4&detailBusinessFrom=0-1_115240222%7C0-2,https://sc.ltwebstatic.com/she_dist/images/bg-grey-solid-color-fc04c1310d.png,2026-05-31T14:20:17+08:00,,,,,
78028194,Petite Women's Solid Color High Waist Casual Flare Pants Black Spring,S$8.99,https://sg.shein.com/Petite-Women-s-Solid-Color-High-Waist-Casual-Flare-Pants-Black-Spring-p-78028194.html?mallCode=1&pageListType=4&detailBusinessFrom=0-1_78028194%7C0-2,https://sc.ltwebstatic.com/she_dist/images/bg-grey-solid-color-fc04c1310d.png,2026-05-31T14:20:17+08:00,,,(1000+),,200+ sold
456789516,FRIFUL Women's Pockets Contrast Lace Wide Leg Loose Jeans,S$25.54,https://sg.shein.com/FRIFUL-Women-s-Pockets-Contrast-Lace-Wide-Leg-Loose-Jeans-p-456789516.html?mallCode=1&pageListType=4&detailBusinessFrom=0-1_456789516%7C0-2,https://sc.ltwebstatic.com/she_dist/images/bg-grey-solid-color-fc04c1310d.png,2026-05-31T14:20:17+08:00,,-19%,,,
451612748,"Loose Fit Pink & White Retro American Style Water Master Print Short Sleeve T-Shirt, Casual Campus Style For Women Summer",S$2.58,https://sg.shein.com/Loose-Fit-Pink-White-Retro-American-Style-Water-Master-Print-Short-Sleeve-T-Shirt-Casual-Campus-Style-For-Women-Summer-p-451612748.html?mallCode=1&pageListType=4&detailBusinessFrom=0-1_451612748%7C0-2,https://sc.ltwebstatic.com/she_dist/images/bg-grey-solid-color-fc04c1310d.png,2026-05-31T14:20:17+08:00,,,,,Save S$2.58
429045362,"Lalippa Women's Casual Outdoor Tee, New Summer Design, Colorful Striped Print, Loose Fit Sporty Streetwear, Back To School Season",S$9.99,https://sg.shein.com/Lalippa-Women-s-Casual-Outdoor-Tee-New-Summer-Design-Colorful-Striped-Print-Loose-Fit-Sporty-Streetwear-Back-To-School-Season-p-429045362.html?mallCode=1&pageListType=4&detailBusinessFrom=0-1_429045362%7C0-2,https://sc.ltwebstatic.com/she_dist/images/bg-grey-solid-color-fc04c1310d.png,2026-05-31T14:20:17+08:00,,,,,
374102559,DAZY Women's Casual Everyday Washed Slant Pocket Wide Leg Jeans,S$3.41,https://sg.shein.com/DAZY-Women-s-Casual-Everyday-Washed-Slant-Pocket-Wide-Leg-Jeans-p-374102559.html?mallCode=1&pageListType=4&detailBusinessFrom=0-1_374102559%7C0-2,https://sc.ltwebstatic.com/she_dist/images/bg-grey-solid-color-fc04c1310d.png,2026-05-31T14:20:17+08:00,,,,,Save S$3.41
33026451,INAWLY Women Solid Color Simple Style Button-Up Daily Shirt Fall Cloth For Women,S$10.99,https://sg.shein.com/INAWLY-Women-Solid-Color-Simple-Style-Button-Up-Daily-Shirt-Fall-Cloth-For-Women-p-33026451.html?mallCode=1&pageListType=4&detailBusinessFrom=0-1_33026451%7C0-2,https://sc.ltwebstatic.com/she_dist/images/bg-grey-solid-color-fc04c1310d.png,2026-05-31T14:20:17+08:00,,,(1000+),,400+ sold
72410378,"INAWLY Women's Spring/Summer Plaid Lightweight Loose Casual See-Through Shirt, Anti-UV Shirt, For Back To School Fall Cloth For Women",S$11.99,https://sg.shein.com/INAWLY-Women-s-Spring-Summer-Plaid-Lightweight-Loose-Casual-See-Through-Shirt-Anti-UV-Shirt-For-Back-To-School-Fall-Cloth-For-Women-p-72410378.html?mallCode=1&pageListType=4&detailBusinessFrom=0-1_72410378%7C0-2,https://sc.ltwebstatic.com/she_dist/images/bg-grey-solid-color-fc04c1310d.png,2026-05-31T14:20:17+08:00,,,,,
467651986,"Vintamour Sage Green Women's Elegant Summer Floral Embroidery Mesh Dress,Tea Party Wedding Guest Graduation Prom Birthday Ceremony Formal Vacation Outfits",S$28.99,https://sg.shein.com/Vintamour-Sage-Green-Women-s-Elegant-Summer-Floral-Embroidery-Mesh-Dress-Tea-Party-Wedding-Guest-Graduation-Prom-Birthday-Ceremony-Formal-Vacation-Outfits-p-467651986.html?mallCode=1&pageListType=4&detailBusinessFrom=0-1_467651986%7C0-2,https://sc.ltwebstatic.com/she_dist/images/bg-grey-solid-color-fc04c1310d.png,2026-05-31T14:20:17+08:00,,,,,
439435136,"Lalippa Letter & Numeral Print V-Neck T-Shirt, Fashionable & Minimalist, Gift For Friends",S$9.11,https://sg.shein.com/Lalippa-Letter-Numeral-Print-V-Neck-T-Shirt-Fashionable-Minimalist-Gift-For-Friends-p-439435136.html?mallCode=1&pageListType=4&detailBusinessFrom=0-1_439435136%7C0-2,https://sc.ltwebstatic.com/she_dist/images/bg-grey-solid-color-fc04c1310d.png,2026-05-31T14:20:17+08:00,,-4%,,,
435499495,"Pale Blue Striped Lace Patchwork Loose Blouse, French Romantic Dropped Shoulder Design, Drapey & Breathable, Casual Chic, Suitable For Commute, Dating, Daily Wear, Light French Style Vibe Top, Summer Daily Outfit, Refreshing & Brightening Spring",S$15.49,https://sg.shein.com/Pale-Blue-Striped-Lace-Patchwork-Loose-Blouse-French-Romantic-Dropped-Shoulder-Design-Drapey-Breathable-Casual-Chic-Suitable-For-Commute-Dating-Daily-Wear-Light-French-Style-Vibe-Top-Summer-Daily-Outfit-Refreshing-Brightening-Spring-p-435499495.html?mallCode=1&pageListType=4&detailBusinessFrom=0-1_435499495%7C0-2,https://sc.ltwebstatic.com/she_dist/images/bg-grey-solid-color-fc04c1310d.png,2026-05-31T14:20:17+08:00,,,,,100+ sold
52870432,"Dazy-Less Women's Casual Business Partial Button-Front Polo Collar Loose Short Sleeve T-Shirt Old Money Style, Business Casual Women, Teacher",S$13.49,https://sg.shein.com/Dazy-Less-Women-s-Casual-Business-Partial-Button-Front-Polo-Collar-Loose-Short-Sleeve-T-Shirt-Old-Money-Style-Business-Casual-Women-Teacher-p-52870432.html?mallCode=1&pageListType=4&detailBusinessFrom=0-1_52870432%7C0-2,https://sc.ltwebstatic.com/she_dist/images/bg-grey-solid-color-fc04c1310d.png,2026-05-31T14:20:17+08:00,,,,,100+ sold
337061957,"Resyla Lace Trim Camisole Dress Cover Up, Long Sleeve Knit Sheer Cover Up Top For Women, Summer",S$8.49,https://sg.shein.com/Resyla-Lace-Trim-Camisole-Dress-Cover-Up-Long-Sleeve-Knit-Sheer-Cover-Up-Top-For-Women-Summer-p-337061957.html?mallCode=1&pageListType=4&detailBusinessFrom=0-1_337061957%7C0-2,https://sc.ltwebstatic.com/she_dist/images/bg-grey-solid-color-fc04c1310d.png,2026-05-31T14:20:17+08:00,,,,,600+ sold
54389604,"DAZY Women's Loose Pleated Solid Color Casual Sports Pants, Spring Fall Sweatpants",S$2.28,https://sg.shein.com/DAZY-Women-s-Loose-Pleated-Solid-Color-Casual-Sports-Pants-Spring-Fall-Sweatpants-p-54389604.html?mallCode=1&pageListType=4&detailBusinessFrom=0-1_54389604%7C0-2,https://sc.ltwebstatic.com/she_dist/images/bg-grey-solid-color-fc04c1310d.png,2026-05-31T14:20:17+08:00,,,,,Save S$2.28
473877802,"SHEIN PETITE Grey Casual Trousers For Summer,Black And White Polka Dot,Classy,Office,Sophisticated Vintage-Inspired Relaxed Vacation Vibe Fashionable Chic Pants",S$25.99,https://sg.shein.com/SHEIN-PETITE-Grey-Casual-Trousers-For-Summer-Black-And-White-Polka-Dot-Classy-Office-Sophisticated-Vintage-Inspired-Relaxed-Vacation-Vibe-Fashionable-Chic-Pants-p-473877802.html?mallCode=1&pageListType=4&detailBusinessFrom=0-1_473877802%7C0-2,https://sc.ltwebstatic.com/she_dist/images/bg-grey-solid-color-fc04c1310d.png,2026-05-31T14:20:17+08:00,,,,,NEW
10294783,DAZY High Waist Wide Leg Shorts,S$11.99,https://sg.shein.com/DAZY-High-Waist-Wide-Leg-Shorts-p-10294783.html?mallCode=1&pageListType=4&detailBusinessFrom=0-1_10294783%7C0-2,https://sc.ltwebstatic.com/she_dist/images/bg-grey-solid-color-fc04c1310d.png,2026-05-31T14:20:17+08:00,,,(1000+),,200+ sold
18210522,Breezaya Summer Beach Solid Button Front Kimono,S$10.49,https://sg.shein.com/Breezaya-Summer-Beach-Solid-Button-Front-Kimono-p-18210522.html?mallCode=1&pageListType=4&detailBusinessFrom=0-1_18210522%7C0-2,https://sc.ltwebstatic.com/she_dist/images/bg-grey-solid-color-fc04c1310d.png,2026-05-31T14:20:17+08:00,,,(1000+),,200+ sold
447165152,SHEIN Women's Elegant Vacation Style Polka Dot Print Contrast Lace Slim Fit Camisole Top,S$8.99,https://sg.shein.com/SHEIN-Women-s-Elegant-Vacation-Style-Polka-Dot-Print-Contrast-Lace-Slim-Fit-Camisole-Top-p-447165152.html?mallCode=1&pageListType=4&detailBusinessFrom=0-1_447165152%7C0-2,https://sc.ltwebstatic.com/she_dist/images/bg-grey-solid-color-fc04c1310d.png,2026-05-31T14:20:17+08:00,,,,,100+ sold
434551026,"Qadelle Elegant Black And White Summer Tea Party Top For Women,Off-Shoulder Batwing Sleeve Loose Satin Shirt,Building Print European Cityscape Pattern Top",S$12.49,https://sg.shein.com/Qadelle-Elegant-Black-And-White-Summer-Tea-Party-Top-For-Women-Off-Shoulder-Batwing-Sleeve-Loose-Satin-Shirt-Building-Print-European-Cityscape-Pattern-Top-p-434551026.html?mallCode=1&pageListType=4&detailBusinessFrom=0-1_434551026%7C0-2,https://sc.ltwebstatic.com/she_dist/images/bg-grey-solid-color-fc04c1310d.png,2026-05-31T14:20:17+08:00,,,,,
47131565,"Sweetra Women's Retro Elegant Jacquard Crimp Pleated Wide-Leg Pants, Autumn/Winter Fall Cloth For Women",S$16.49,https://sg.shein.com/Sweetra-Women-s-Retro-Elegant-Jacquard-Crimp-Pleated-Wide-Leg-Pants-Autumn-Winter-Fall-Cloth-For-Women-p-47131565.html?mallCode=1&pageListType=4&detailBusinessFrom=0-1_47131565%7C0-2,https://sc.ltwebstatic.com/she_dist/images/bg-grey-solid-color-fc04c1310d.png,2026-05-31T14:20:17+08:00,,,(1000+),,100+ sold
484368309,Flexra Women's Casual Stretch Fashion Leopard Print Sexy Denim Hot Shorts,S$18.99,https://sg.shein.com/Flexra-Women-s-Casual-Stretch-Fashion-Leopard-Print-Sexy-Denim-Hot-Shorts-p-484368309.html?mallCode=1&pageListType=4&detailBusinessFrom=0-1_484368309%7C0-2,https://sc.ltwebstatic.com/she_dist/images/bg-grey-solid-color-fc04c1310d.png,2026-05-31T14:20:17+08:00,,,,,NEW
70914759,"FRIFUL Women's Short Sleeve Striped T-Shirt, Fashionable For Summer",S$1.56,https://sg.shein.com/FRIFUL-Women-s-Short-Sleeve-Striped-T-Shirt-Fashionable-For-Summer-p-70914759.html?mallCode=1&pageListType=4&detailBusinessFrom=0-1_70914759%7C0-2,https://sc.ltwebstatic.com/she_dist/images/bg-grey-solid-color-fc04c1310d.png,2026-05-31T14:20:17+08:00,,,,,Save S$1.56
395396134,Everyssa 2pcs Women Contrast Color Short Sleeve Top And Shorts Set,S$16.49,https://sg.shein.com/Everyssa-2pcs-Women-Contrast-Color-Short-Sleeve-Top-And-Shorts-Set-p-395396134.html?mallCode=1&pageListType=4&detailBusinessFrom=0-1_395396134%7C0-2,https://sc.ltwebstatic.com/she_dist/images/bg-grey-solid-color-fc04c1310d.png,2026-05-31T14:20:17+08:00,,,,,
429978950,"Franclia White And Black Polka Dot,Summer,Elegant,Tea Party Vintage Pearl Decor Women Tank Top Blouses Work Outfits Casual Cute Latest New Arrivals",S$8.49,https://sg.shein.com/Franclia-White-And-Black-Polka-Dot-Summer-Elegant-Tea-Party-Vintage-Pearl-Decor-Women-Tank-Top-Blouses-Work-Outfits-Casual-Cute-Latest-New-Arrivals-p-429978950.html?mallCode=1&pageListType=4&detailBusinessFrom=0-1_429978950%7C0-2,https://sc.ltwebstatic.com/she_dist/images/bg-grey-solid-color-fc04c1310d.png,2026-05-31T14:20:17+08:00,,,,,80+ sold
433686482,"Women's Casual Mid-Sleeve T-Shirt, Solid Color Round Neck T-Shirt, Ladies Top, Premium Crafted Neckline Spring Black",S$6.30,https://sg.shein.com/Women-s-Casual-Mid-Sleeve-T-Shirt-Solid-Color-Round-Neck-T-Shirt-Ladies-Top-Premium-Crafted-Neckline-Spring-Black-p-433686482.html?mallCode=1&pageListType=4&detailBusinessFrom=0-1_433686482%7C0-2,https://sc.ltwebstatic.com/she_dist/images/bg-grey-solid-color-fc04c1310d.png,2026-05-31T14:20:17+08:00,,-3%,,,90+ sold
450499685,"Y2K Style Pink Hibiscus Graphic Women's Retro Surfing Casual T-Shirt, Enjoy Every Moment Of Summer Ladies Vintage Beach Holiday Loose Top",S$1.64,https://sg.shein.com/Y2K-Style-Pink-Hibiscus-Graphic-Women-s-Retro-Surfing-Casual-T-Shirt-Enjoy-Every-Moment-Of-Summer-Ladies-Vintage-Beach-Holiday-Loose-Top-p-450499685.html?mallCode=1&pageListType=4&detailBusinessFrom=0-1_450499685%7C0-2,https://sc.ltwebstatic.com/she_dist/images/bg-grey-solid-color-fc04c1310d.png,2026-05-31T14:20:17+08:00,,,,,Save S$1.64
477607105,"SHEIN PETITE Stylish Black Winter Trousers For Women,Casual Date Elegant Work & Leisure,Uniquely Designed Sophisticated Versatile Pants For Spring Summer Vacation",S$19.99,https://sg.shein.com/SHEIN-PETITE-Stylish-Black-Winter-Trousers-For-Women-Casual-Date-Elegant-Work-Leisure-Uniquely-Designed-Sophisticated-Versatile-Pants-For-Spring-Summer-Vacation-p-477607105.html?mallCode=1&pageListType=4&detailBusinessFrom=0-1_477607105%7C0-2,https://sc.ltwebstatic.com/she_dist/images/bg-grey-solid-color-fc04c1310d.png,2026-05-31T14:20:17+08:00,,,,,NEW
151279314,"Aloruh Women's Elegant Light Yellow Halter Tie Mini Dress,Beige Summer Party Dresses,Wedding Guest,,Night Out,Birthday,Sun Dress,Island Vacation Outfit",S$23.99,https://sg.shein.com/Aloruh-Women-s-Elegant-Light-Yellow-Halter-Tie-Mini-Dress-Beige-Summer-Party-Dresses-Wedding-Guest-Night-Out-Birthday-Sun-Dress-Island-Vacation-Outfit-p-151279314.html?mallCode=1&pageListType=4&detailBusinessFrom=0-1_151279314%7C0-2,https://sc.ltwebstatic.com/she_dist/images/bg-grey-solid-color-fc04c1310d.png,2026-05-31T14:20:17+08:00,,,,,200+ sold
433833830,"Franclia White Polka Dot Lace V-Neck Short Sleeve T-Shirt Women, Ruched Waist Ruffle Hem Cropped Sweet & Spicy Style Top",S$0.82,https://sg.shein.com/Franclia-White-Polka-Dot-Lace-V-Neck-Short-Sleeve-T-Shirt-Women-Ruched-Waist-Ruffle-Hem-Cropped-Sweet-Spicy-Style-Top-p-433833830.html?mallCode=1&pageListType=4&detailBusinessFrom=0-1_433833830%7C0-2,https://sc.ltwebstatic.com/she_dist/images/bg-grey-solid-color-fc04c1310d.png,2026-05-31T14:20:17+08:00,,,,,Save S$0.82
312843061,"SHEIN Women's Round Neck Short Sleeve Casual Striped T-Shirt, Versatile For Daily Wear, Summer",S$5.17,https://sg.shein.com/SHEIN-Women-s-Round-Neck-Short-Sleeve-Casual-Striped-T-Shirt-Versatile-For-Daily-Wear-Summer-p-312843061.html?mallCode=1&pageListType=4&detailBusinessFrom=0-1_312843061%7C0-2,https://sc.ltwebstatic.com/she_dist/images/bg-grey-solid-color-fc04c1310d.png,2026-05-31T14:20:17+08:00,,-35%,,,
71638003,DAZY Women's Summer 2 In 1 Ruffled Bowknot Short Sleeve T-Shirt,S$1.50,https://sg.shein.com/DAZY-Women-s-Summer-2-In-1-Ruffled-Bowknot-Short-Sleeve-T-Shirt-p-71638003.html?mallCode=1&pageListType=4&detailBusinessFrom=0-1_71638003%7C0-2,https://sc.ltwebstatic.com/she_dist/images/bg-grey-solid-color-fc04c1310d.png,2026-05-31T14:20:17+08:00,,,,,Save S$1.50
16006895,"Dazy Designer Women's Black Business Casual Pants,Elegant Straight Leg Winter Dress Pants For Work,School,Spring/Fall Ladies Regular Fit Flare Long Pocket Trousers",S$22.49,https://sg.shein.com/Dazy-Designer-Women-s-Black-Business-Casual-Pants-Elegant-Straight-Leg-Winter-Dress-Pants-For-Work-School-Spring-Fall-Ladies-Regular-Fit-Flare-Long-Pocket-Trousers-p-16006895.html?mallCode=1&pageListType=4&detailBusinessFrom=0-1_16006895%7C0-2,https://sc.ltwebstatic.com/she_dist/images/bg-grey-solid-color-fc04c1310d.png,2026-05-31T14:20:17+08:00,,,(1000+),,70+ sold
475583435,Amorya Women's Ankle Tight Fit Embroidered Rhinestone Cropped Pants Women's Country Pants Office Outfits For Women Festa Junina Dress,S$18.99,https://sg.shein.com/Amorya-Women-s-Ankle-Tight-Fit-Embroidered-Rhinestone-Cropped-Pants-Women-s-Country-Pants-Office-Outfits-For-Women-Festa-Junina-Dress-p-475583435.html?mallCode=1&pageListType=4&detailBusinessFrom=0-1_475583435%7C0-2,https://sc.ltwebstatic.com/she_dist/images/bg-grey-solid-color-fc04c1310d.png,2026-05-31T14:20:17+08:00,,,,,NEW
126000512,Bohemela Summer BOHO Contrast Color Knit Patchwork Round Neck Short Sleeve Slim Fit Washed Women T-Shirt Grey Tops For Women Gray Top Distressed Top,S$15.49,https://sg.shein.com/Bohemela-Summer-BOHO-Contrast-Color-Knit-Patchwork-Round-Neck-Short-Sleeve-Slim-Fit-Washed-Women-T-Shirt-Grey-Tops-For-Women-Gray-Top-Distressed-Top-p-126000512.html?mallCode=1&pageListType=4&detailBusinessFrom=0-1_126000512%7C0-2,https://sc.ltwebstatic.com/she_dist/images/bg-grey-solid-color-fc04c1310d.png,2026-05-31T14:20:17+08:00,,,,,
112759121,"EMERY ROSE Women's Stripe Short Sleeve Single-Breasted Casual Loose Striped Shirt, Summer",S$12.49,https://sg.shein.com/EMERY-ROSE-Women-s-Stripe-Short-Sleeve-Single-Breasted-Casual-Loose-Striped-Shirt-Summer-p-112759121.html?mallCode=1&pageListType=4&detailBusinessFrom=0-1_112759121%7C0-2,https://sc.ltwebstatic.com/she_dist/images/bg-grey-solid-color-fc04c1310d.png,2026-05-31T14:20:17+08:00,,,,,
122379033,"SHEIN LUNE Women's Watercolor Floral Casual Shirt, Minimalist Style Suitable For Summer Suitable For Going Out Chic Blouses For Women",S$6.99,https://sg.shein.com/SHEIN-LUNE-Women-s-Watercolor-Floral-Casual-Shirt-Minimalist-Style-Suitable-For-Summer-Suitable-For-Going-Out-Chic-Blouses-For-Women-p-122379033.html?mallCode=1&pageListType=4&detailBusinessFrom=0-1_122379033%7C0-2,https://sc.ltwebstatic.com/she_dist/images/bg-grey-solid-color-fc04c1310d.png,2026-05-31T14:20:17+08:00,,,,,
154180869,DAZY Women's Regular Mid-Waist Banana Pants Casual Jeans,S$2.91,https://sg.shein.com/DAZY-Women-s-Regular-Mid-Waist-Banana-Pants-Casual-Jeans-p-154180869.html?mallCode=1&pageListType=4&detailBusinessFrom=0-1_154180869%7C0-2,https://sc.ltwebstatic.com/she_dist/images/bg-grey-solid-color-fc04c1310d.png,2026-05-31T14:20:17+08:00,,,,,Save S$2.91
427358722,DAZY Solid Color Collared Fitted Short Sleeve White Blouse For Women Summer,S$2.02,https://sg.shein.com/DAZY-Solid-Color-Collared-Fitted-Short-Sleeve-White-Blouse-For-Women-Summer-p-427358722.html?mallCode=1&pageListType=4&detailBusinessFrom=0-1_427358722%7C0-2,https://sc.ltwebstatic.com/she_dist/images/bg-grey-solid-color-fc04c1310d.png,2026-05-31T14:20:17+08:00,,,,,Save S$2.02
483224434,ROMWE Grunge Punk Women's Ultra Low Waist Floral Embroidered Y2K Ultra Loose Cropped Denim Jeans,S$36.97,https://sg.shein.com/ROMWE-Grunge-Punk-Women-s-Ultra-Low-Waist-Floral-Embroidered-Y2K-Ultra-Loose-Cropped-Denim-Jeans-p-483224434.html?mallCode=1&pageListType=4&detailBusinessFrom=0-1_483224434%7C0-2,https://sc.ltwebstatic.com/she_dist/images/bg-grey-solid-color-fc04c1310d.png,2026-05-31T14:20:17+08:00,,-15%,,,Estimated
56442866,"Custom Women's Short Sleeve T-Shirt, Customize Text Color Font, Anniversary Gifts, Valentine's Day, Men Street Style Ideal Gifts For Him Boyfriend Family Friends Birthdays Vacation Holiday School Sports Climbing Father's Day, Personalized Gift",S$1.15,https://sg.shein.com/Custom-Women-s-Short-Sleeve-T-Shirt-Customize-Text-Color-Font-Anniversary-Gifts-Valentine-s-Day-Men-Street-Style-Ideal-Gifts-For-Him-Boyfriend-Family-Friends-Birthdays-Vacation-Holiday-School-Sports-Climbing-Father-s-Day-Personalized-Gift-p-56442866.html?mallCode=1&pageListType=4&detailBusinessFrom=0-1_56442866%7C0-2,https://sc.ltwebstatic.com/she_dist/images/bg-grey-solid-color-fc04c1310d.png,2026-05-31T14:20:17+08:00,,,,,Save S$1.15
46469130,DAZY Vintage Loose Street Wash Faded Wide-Leg Women Baggy Jeans Y2k,S$3.52,https://sg.shein.com/DAZY-Vintage-Loose-Street-Wash-Faded-Wide-Leg-Women-Baggy-Jeans-Y2k-p-46469130.html?mallCode=1&pageListType=4&detailBusinessFrom=0-1_46469130%7C0-2,https://sc.ltwebstatic.com/she_dist/images/bg-grey-solid-color-fc04c1310d.png,2026-05-31T14:20:17+08:00,,,,,Save S$3.52
11049140,"DAZY Striped Button Front Cardigan,Short Sleeve Tops,Fall Clothes",S$2.34,https://sg.shein.com/DAZY-Striped-Button-Front-Cardigan-Short-Sleeve-Tops-Fall-Clothes-p-11049140.html?mallCode=1&pageListType=4&detailBusinessFrom=0-1_11049140%7C0-2,https://sc.ltwebstatic.com/she_dist/images/bg-grey-solid-color-fc04c1310d.png,2026-05-31T14:20:17+08:00,,,,,Save S$2.34
33666261,INAWLY Women Spring And Autumn Casual Color Block Front Zipper Long Sleeve T-Shirt Graphic Tees Women Tops For Spring Fall For Women,S$8.49,https://sg.shein.com/INAWLY-Women-Spring-And-Autumn-Casual-Color-Block-Front-Zipper-Long-Sleeve-T-Shirt-Graphic-Tees-Women-Tops-For-Spring-Fall-For-Women-p-33666261.html?mallCode=1&pageListType=4&detailBusinessFrom=0-1_33666261%7C0-2,https://sc.ltwebstatic.com/she_dist/images/bg-grey-solid-color-fc04c1310d.png,2026-05-31T14:20:17+08:00,,,,,
369056973,V-Neck Solid Color Slim Fit Short Sleeve T-Shirt Casual White Summer,S$4.99,https://sg.shein.com/V-Neck-Solid-Color-Slim-Fit-Short-Sleeve-T-Shirt-Casual-White-Summer-p-369056973.html?mallCode=1&pageListType=4&detailBusinessFrom=0-1_369056973%7C0-2,https://sc.ltwebstatic.com/she_dist/images/bg-grey-solid-color-fc04c1310d.png,2026-05-31T14:20:17+08:00,,,,,High Repeat Customers
484126299,SHEIN Glamour Women's Summer Neon Green Tassel Sequin Glamorous Party Shorts,S$20.99,https://sg.shein.com/SHEIN-Glamour-Women-s-Summer-Neon-Green-Tassel-Sequin-Glamorous-Party-Shorts-p-484126299.html?mallCode=1&pageListType=4&detailBusinessFrom=0-1_484126299%7C0-2,https://sc.ltwebstatic.com/she_dist/images/bg-grey-solid-color-fc04c1310d.png,2026-05-31T14:20:17+08:00,,,,,NEW
66596071,"Women Elegant V-Neck Ruffled Blouse, Solid Color Polyester Shirt With Pleated Detail, Woven Fabric, Button Front Closure, Casual Shirt For Spring, Summer, Autumn",S$10.99,https://sg.shein.com/Women-Elegant-V-Neck-Ruffled-Blouse-Solid-Color-Polyester-Shirt-With-Pleated-Detail-Woven-Fabric-Button-Front-Closure-Casual-Shirt-For-Spring-Summer-Autumn-p-66596071.html?mallCode=1&pageListType=4&detailBusinessFrom=0-1_66596071%7C0-2,https://img.ltwebstatic.com/v4/j/spmp/2025/04/08/f7/1744047099c123f2fb64889cb601a77eba99f86e45_thumbnail_600x.webp,2026-05-31T14:21:59+08:00,,,,,
36688932,Women's Pocketed Wide Leg Relaxed Denim Shorts Casual Summer,S$16.49,https://sg.shein.com/Women-s-Pocketed-Wide-Leg-Relaxed-Denim-Shorts-Casual-Summer-p-36688932.html?mallCode=1&pageListType=4&detailBusinessFrom=0-1_36688932%7C0-2,https://img.ltwebstatic.com/images3_pi/2024/06/07/7d/17177553385fbbf06cd0d16a423641fa7076100105_thumbnail_600x.webp,2026-05-31T14:21:59+08:00,,,,,90+ sold
125677553,"Slaydiva Casual Minimalist Letter & Number Graphic Women's T-Shirt, Suitable For Summer, Mesh Fabric, 95 Print, Colorblock, Sports, 90s Top Y2k Jersey",S$1.30,https://sg.shein.com/Slaydiva-Casual-Minimalist-Letter-Number-Graphic-Women-s-T-Shirt-Suitable-For-Summer-Mesh-Fabric-95-Print-Colorblock-Sports-90s-Top-Y2k-Jersey-p-125677553.html?mallCode=1&pageListType=4&detailBusinessFrom=0-1_125677553%7C0-2,https://img.ltwebstatic.com/v4/j/pi/2025/07/14/b3/1752482449fc20a09e9e8e257bdb959203b12d6316_thumbnail_600x.webp,2026-05-31T14:21:59+08:00,,,,,Save S$1.30
474773676,Jeanoix BOHO Patchwork Floral Pattern Washed Denim A-Line Skirt,S$28.49,https://sg.shein.com/Jeanoix-BOHO-Patchwork-Floral-Pattern-Washed-Denim-A-Line-Skirt-p-474773676.html?mallCode=1&pageListType=4&detailBusinessFrom=0-1_474773676%7C0-2,https://img.ltwebstatic.com/v4/j/pi/2026/05/22/ac/17794497347f075700c448efd18defe0d2b0d2b8d0_thumbnail_600x.webp,2026-05-31T14:21:59+08:00,,,,,NEW
160519390,"SHEIN LUNE Casual Geometric Floral Print Shirt For Women, Minimalist Design Suitable For Summer & Early Autumn Chic Blouses For Women",S$6.99,https://sg.shein.com/SHEIN-LUNE-Casual-Geometric-Floral-Print-Shirt-For-Women-Minimalist-Design-Suitable-For-Summer-Early-Autumn-Chic-Blouses-For-Women-p-160519390.html?mallCode=1&pageListType=4&detailBusinessFrom=0-1_160519390%7C0-2,https://img.ltwebstatic.com/v4/j/pi/2025/08/22/93/1755862660f5ab74463336898acf5d48233d53422c_thumbnail_600x.webp,2026-05-31T14:21:59+08:00,,,,,
433155621,DAZY Women's Summer Round Neck Casual Commuting Versatile Loose Short Sleeve T-Shirt,S$1.42,https://sg.shein.com/DAZY-Women-s-Summer-Round-Neck-Casual-Commuting-Versatile-Loose-Short-Sleeve-T-Shirt-p-433155621.html?mallCode=1&pageListType=4&detailBusinessFrom=0-1_433155621%7C0-2,https://img.ltwebstatic.com/v4/j/pi/2026/03/31/24/177494094592f29079e41aa8ad146e59ab07998d69_thumbnail_600x.webp,2026-05-31T14:21:59+08:00,,,,,Save S$1.42
175348657,"SHEIN Women's Fitted T-Shirt With English Letter Print, Slimming & Elegant Style, European & American",S$6.49,https://sg.shein.com/SHEIN-Women-s-Fitted-T-Shirt-With-English-Letter-Print-Slimming-Elegant-Style-European-American-p-175348657.html?mallCode=1&pageListType=4&detailBusinessFrom=0-1_175348657%7C0-2,https://img.ltwebstatic.com/v4/j/pi/2025/09/06/c1/175713878797d82cb433aaaeb5a565e9c446240053_thumbnail_600x.webp,2026-05-31T14:21:59+08:00,,,,,
428553047,"Summer New Vintage Leopard Face Print Casual Round Neck Tie-Dye Short Sleeve T-Shirt, Gorgeous Personalized Versatile Blouse For Women",S$6.99,https://sg.shein.com/Summer-New-Vintage-Leopard-Face-Print-Casual-Round-Neck-Tie-Dye-Short-Sleeve-T-Shirt-Gorgeous-Personalized-Versatile-Blouse-For-Women-p-428553047.html?mallCode=1&pageListType=4&detailBusinessFrom=0-1_428553047%7C0-2,https://img.ltwebstatic.com/v4/j/spmp/2026/04/25/98/177709958548d6ffc830d889ce2378f8281d4aaa30_thumbnail_600x.webp,2026-05-31T14:21:59+08:00,,,,,
470716162,"Vintamour Vintage Elegant Women's Dusty Pink Summer Floral Embroidery Dress With Pockets,Tea Party Wedding Guest Graduation Prom Birthday Ceremony Date Dress",S$31.99,https://sg.shein.com/Vintamour-Vintage-Elegant-Women-s-Dusty-Pink-Summer-Floral-Embroidery-Dress-With-Pockets-Tea-Party-Wedding-Guest-Graduation-Prom-Birthday-Ceremony-Date-Dress-p-470716162.html?mallCode=1&pageListType=4&detailBusinessFrom=0-1_470716162%7C0-2,https://img.ltwebstatic.com/v4/j/pi/2026/05/27/6f/177985048539f8c502a6a75e8030f839ba65ef0e9d_thumbnail_600x.webp,2026-05-31T14:21:59+08:00,,,,,
459954818,"SHEIN EZwear 3pcs Women's Summer V-Neck Tight T-Shirts, Punk Subculture Anime Solid Color Basic V-Neck Short Sleeve Slim Fit T-Shirts,Summer Top",S$14.99,https://sg.shein.com/SHEIN-EZwear-3pcs-Women-s-Summer-V-Neck-Tight-T-Shirts-Punk-Subculture-Anime-Solid-Color-Basic-V-Neck-Short-Sleeve-Slim-Fit-T-Shirts-Summer-Top-p-459954818.html?mallCode=1&pageListType=4&detailBusinessFrom=0-1_459954818%7C0-2,https://img.ltwebstatic.com/v4/j/pi/2026/04/27/8d/177725495464e3a2e6dd53792e58df71881e0294f9_thumbnail_600x.webp,2026-05-31T14:21:59+08:00,,,,,
478078823,"K-Vae Plaid Pleated Mini Skirt A Versatile, Preppy Y2k, And Leg-Lengthening Mini Skirt Back-To-School School Pink And White Summer",S$13.49,https://sg.shein.com/K-Vae-Plaid-Pleated-Mini-Skirt-A-Versatile-Preppy-Y2k-And-Leg-Lengthening-Mini-Skirt-Back-To-School-School-Pink-And-White-Summer-p-478078823.html?mallCode=1&pageListType=4&detailBusinessFrom=0-1_478078823%7C0-2,https://img.ltwebstatic.com/v4/j/pi/2026/05/22/d6/17794179958b906059ff68e2a17ea4d5e79fa4868f_thumbnail_600x.webp,2026-05-31T14:21:59+08:00,,,,,NEW
71767630,SHEIN 2pcs Women Set Casual Loose Fit Heart-Shape Embroidered Short Sleeve Top And Shorts,S$16.49,https://sg.shein.com/SHEIN-2pcs-Women-Set-Casual-Loose-Fit-Heart-Shape-Embroidered-Short-Sleeve-Top-And-Shorts-p-71767630.html?mallCode=1&pageListType=4&detailBusinessFrom=0-1_71767630%7C0-2,https://img.ltwebstatic.com/v4/j/pi/2025/06/16/f3/175003858795b64b5fb4aebe55521615a18343421b_thumbnail_600x.webp,2026-05-31T14:21:59+08:00,,,,,
425558535,SHEIN Women's Fitted Raglan Short Sleeve Crew Neck T-Shirt With White Printed Graphic,S$6.49,https://sg.shein.com/SHEIN-Women-s-Fitted-Raglan-Short-Sleeve-Crew-Neck-T-Shirt-With-White-Printed-Graphic-p-425558535.html?mallCode=1&pageListType=4&detailBusinessFrom=0-1_425558535%7C0-2,https://img.ltwebstatic.com/v4/j/pi/2026/03/19/02/17739062621e1f8f4c70103bc62e4ccbf0b99131b2_thumbnail_600x.webp,2026-05-31T14:21:59+08:00,,,,,70+ sold
27962844,Dazy-Less Solid Color Rib Knit V-Neck Short Sleeve T-Shirt Old Money Style Summer Business Casual Woman Work Clothes,S$0.86,https://sg.shein.com/Dazy-Less-Solid-Color-Rib-Knit-V-Neck-Short-Sleeve-T-Shirt-Old-Money-Style-Summer-Business-Casual-Woman-Work-Clothes-p-27962844.html?mallCode=1&pageListType=4&detailBusinessFrom=0-1_27962844%7C0-2,https://img.ltwebstatic.com/images3_pi/2023/12/20/04/17030442805e0b27ed56332503b9cf50cf9c0844f7_thumbnail_600x.webp,2026-05-31T14:21:59+08:00,,,,,Save S$0.86
432908691,"Women's Elegant Beige Sleeveless Flared Mini Dress - Casual Pleated Fitted Soft & Comfortable Sundress, Suitable For Daily Wear, Vacation, Easter Outfit",S$10.55,https://sg.shein.com/Women-s-Elegant-Beige-Sleeveless-Flared-Mini-Dress-Casual-Pleated-Fitted-Soft-Comfortable-Sundress-Suitable-For-Daily-Wear-Vacation-Easter-Outfit-p-432908691.html?mallCode=1&pageListType=4&detailBusinessFrom=0-1_432908691%7C0-2,https://img.ltwebstatic.com/v4/j/spmp/2026/05/18/60/177907479494da73157700fc351bf3291c64facf65_thumbnail_600x.webp,2026-05-31T14:21:59+08:00,,-44%,,,
29187732,"Dazy Designer Solid Elastic Waist Tiered Hem Skirt,Ladies Casual Ruffle Hem Long Loose Natural White Plain Women Skirts,Spring/Fall,Casual Daily Wear",S$16.49,https://sg.shein.com/Dazy-Designer-Solid-Elastic-Waist-Tiered-Hem-Skirt-Ladies-Casual-Ruffle-Hem-Long-Loose-Natural-White-Plain-Women-Skirts-Spring-Fall-Casual-Daily-Wear-p-29187732.html?mallCode=1&pageListType=4&detailBusinessFrom=0-1_29187732%7C0-2,https://img.ltwebstatic.com/images3_pi/2024/01/16/70/17053680906e89e8b7ea20bbb5896e5d9e99713ce3_thumbnail_600x.webp,2026-05-31T14:21:59+08:00,,,,,200+ sold
355835853,Glimmora Women's Casual Letter & Cartoon Bear Print Round Neck Short Sleeve T-Shirt,S$1.12,https://sg.shein.com/Glimmora-Women-s-Casual-Letter-Cartoon-Bear-Print-Round-Neck-Short-Sleeve-T-Shirt-p-355835853.html?mallCode=1&pageListType=4&detailBusinessFrom=0-1_355835853%7C0-2,https://img.ltwebstatic.com/v4/j/pi/2026/01/06/74/1767687492ad9a941833a23b36d2424400b24cefed_thumbnail_600x.webp,2026-05-31T14:21:59+08:00,,,,,Save S$1.12
409879532,DAZY Women's Summer Square Neck Fitted Ribbed Casual Short Sleeve T-Shirt,S$9.49,https://sg.shein.com/DAZY-Women-s-Summer-Square-Neck-Fitted-Ribbed-Casual-Short-Sleeve-T-Shirt-p-409879532.html?mallCode=1&pageListType=4&detailBusinessFrom=0-1_409879532%7C0-2,https://img.ltwebstatic.com/v4/j/pi/2026/02/03/31/17700850446e7720664d9eb5a884574c3287a36097_thumbnail_600x.webp,2026-05-31T14:21:59+08:00,,,,,100+ sold
189944338,"FRIFUL Women's Solid Khaki Round Neck Long Sleeve Loose Casual Versatile T-Shirt, Autumn",S$5.49,https://sg.shein.com/FRIFUL-Women-s-Solid-Khaki-Round-Neck-Long-Sleeve-Loose-Casual-Versatile-T-Shirt-Autumn-p-189944338.html?mallCode=1&pageListType=4&detailBusinessFrom=0-1_189944338%7C0-2,https://img.ltwebstatic.com/v4/j/pi/2025/09/22/f1/1758531656ef2ec754e0159abaace3bb8f6e09c871_thumbnail_600x.webp,2026-05-31T14:21:59+08:00,,-52%,,,
463770582,"Celisse French Rose Print Square Neck Jumpsuit, Chiffon Cap Sleeve, Cinched Waist Wide Leg Pants, Gentle Vibe Flattering Jumpsuit For Summer Beach Vacation",S$22.99,https://sg.shein.com/Celisse-French-Rose-Print-Square-Neck-Jumpsuit-Chiffon-Cap-Sleeve-Cinched-Waist-Wide-Leg-Pants-Gentle-Vibe-Flattering-Jumpsuit-For-Summer-Beach-Vacation-p-463770582.html?mallCode=1&pageListType=4&detailBusinessFrom=0-1_463770582%7C0-2,https://img.ltwebstatic.com/v4/j/pi/2026/05/21/4a/17793541368915e4af44f4073b10c15ab96ec9213e_thumbnail_600x.webp,2026-05-31T14:21:59+08:00,,,,,
427059098,"SHEIN LUNE 3pcs Set Black & White + Black & White Striped Women Casual Round Neck Drop Shoulder Short T-Shirts, Suitable For Spring & Summer,Summer Top",S$15.99,https://sg.shein.com/SHEIN-LUNE-3pcs-Set-Black-White-Black-White-Striped-Women-Casual-Round-Neck-Drop-Shoulder-Short-T-Shirts-Suitable-For-Spring-Summer-Summer-Top-p-427059098.html?mallCode=1&pageListType=4&detailBusinessFrom=0-1_427059098%7C0-2,https://img.ltwebstatic.com/v4/j/pi/2026/04/08/99/1775625799b7d54754ba412a740ff8e23ca72bbbf1_thumbnail_600x.webp,2026-05-31T14:21:59+08:00,,,,,
428358680,"Franclia Blue And White,Summer,Smart Casual,Everyday Elegant Patchwork Shirts For Ladies' Outdoor Wear,Simple White Tops,Casual Party Festival Outfits",S$11.49,https://sg.shein.com/Franclia-Blue-And-White-Summer-Smart-Casual-Everyday-Elegant-Patchwork-Shirts-For-Ladies-Outdoor-Wear-Simple-White-Tops-Casual-Party-Festival-Outfits-p-428358680.html?mallCode=1&pageListType=4&detailBusinessFrom=0-1_428358680%7C0-2,https://img.ltwebstatic.com/v4/j/pi/2026/04/09/a4/17757252456fb40e9c10056ae1d0a0ba5d11402c38_thumbnail_600x.webp,2026-05-31T14:21:59+08:00,,,,,
478774669,"Comfortcana Women's Casual Polka Dot & Striped Waist Tie Straight Leg Pants, Suitable For Summer, Daily Commute, Dating, Party, Autumn/Winter, Christmas, New Year, Thanksgiving, Party, Wedding, Beach, Graduation, Fashion, Elegant, Casual, Outing, Dating, Reservation, Commute, Shiny, Valentine's Day, Elegant, Vacation, Casual, Y2K, Outing, Graduation And Other Occasions",S$13.99,https://sg.shein.com/Comfortcana-Women-s-Casual-Polka-Dot-Striped-Waist-Tie-Straight-Leg-Pants-Suitable-For-Summer-Daily-Commute-Dating-Party-Autumn-Winter-Christmas-New-Year-Thanksgiving-Party-Wedding-Beach-Graduation-Fashion-Elegant-Casual-Outing-Dating-Reservation-Commute-Shiny-Valentine-s-Day-Elegant-Vacation-Casual-Y2K-Outing-Graduation-And-Other-Occasions-p-478774669.html?mallCode=1&pageListType=4&detailBusinessFrom=0-1_478774669%7C0-2,https://img.ltwebstatic.com/v4/j/pi/2026/05/21/1a/1779373460f2966b0dfec0df475dc35bddb9cb3468_thumbnail_600x.webp,2026-05-31T14:21:59+08:00,,,,,NEW
120661178,Sweetra Women's Casual Solid Color Tank Top For Summer,S$17.99,https://sg.shein.com/Sweetra-Women-s-Casual-Solid-Color-Tank-Top-For-Summer-p-120661178.html?mallCode=1&pageListType=4&detailBusinessFrom=0-1_120661178%7C0-2,https://img.ltwebstatic.com/v4/j/pi/2025/07/08/78/17519634840ba298d7f25af1517af4d15e6df141b9_thumbnail_600x.webp,2026-05-31T14:21:59+08:00,,,,,60+ sold
481177244,Bohemela Women's Casual Solid Color Woven Denim Loose Shorts,S$23.99,https://sg.shein.com/Bohemela-Women-s-Casual-Solid-Color-Woven-Denim-Loose-Shorts-p-481177244.html?mallCode=1&pageListType=4&detailBusinessFrom=0-1_481177244%7C0-2,https://img.ltwebstatic.com/v4/j/pi/2026/05/25/e8/177967601520e75943f3993a74bab0cc2c63fd38b3_thumbnail_600x.webp,2026-05-31T14:21:59+08:00,,,,,NEW
412971142,"Women's Loose Retro V-Neck Letter Print Short Sleeve T-Shirt, Fashionable Street Style For Summer Casual",S$7.99,https://sg.shein.com/Women-s-Loose-Retro-V-Neck-Letter-Print-Short-Sleeve-T-Shirt-Fashionable-Street-Style-For-Summer-Casual-p-412971142.html?mallCode=1&pageListType=4&detailBusinessFrom=0-1_412971142%7C0-2,https://img.ltwebstatic.com/v4/j/spmp/2026/04/09/4c/177573215696c220cce28850e2145372bd0e13c7bb_thumbnail_600x.webp,2026-05-31T14:21:59+08:00,,,,,
19324349,SHEIN Eyelet Embroidery Drop Shoulder Tee Fall Cloth For Women,S$11.51,https://sg.shein.com/SHEIN-Eyelet-Embroidery-Drop-Shoulder-Tee-Fall-Cloth-For-Women-p-19324349.html?mallCode=1&pageListType=4&detailBusinessFrom=0-1_19324349%7C0-2,https://img.ltwebstatic.com/images3_pi/2023/08/04/d9/1691139834508f2f8c9f2cf186f15ad52f45f48e98_thumbnail_600x.webp,2026-05-31T14:21:59+08:00,,-4%,,,
238860947,"Vaiaye Women's Fashion Lingerie Style Top And Spring/Summer Striped Print Round Neck Fitted Casual Vacation Sexy Camisole, Suitable For Beach Vacation & Everyday Casual Wear",S$7.49,https://sg.shein.com/Vaiaye-Women-s-Fashion-Lingerie-Style-Top-And-Spring-Summer-Striped-Print-Round-Neck-Fitted-Casual-Vacation-Sexy-Camisole-Suitable-For-Beach-Vacation-Everyday-Casual-Wear-p-238860947.html?mallCode=1&pageListType=4&detailBusinessFrom=0-1_238860947%7C0-2,https://img.ltwebstatic.com/v4/j/spmp/2026/01/12/ec/1768198653d6ace953541c8492cc174beb2a0e9bcb_thumbnail_600x.webp,2026-05-31T14:21:59+08:00,,,,,200+ sold
475940439,"SHEIN High-Waisted Straight-Leg Suit Pants,Beige,Summer,Elegent,Vacation,Holiday,Double Pleats,Drape Crisp Fabric,Daily Commute Relaxed Chic Almond Trousers",S$14.99,https://sg.shein.com/SHEIN-High-Waisted-Straight-Leg-Suit-Pants-Beige-Summer-Elegent-Vacation-Holiday-Double-Pleats-Drape-Crisp-Fabric-Daily-Commute-Relaxed-Chic-Almond-Trousers-p-475940439.html?mallCode=1&pageListType=4&detailBusinessFrom=0-1_475940439%7C0-2,https://img.ltwebstatic.com/v4/j/pi/2026/05/22/47/177942303704d7281f315c2b970ae45c415210bb26_thumbnail_600x.webp,2026-05-31T14:21:59+08:00,,,,,NEW
39294505,"Livesso Women's Solid Color Round Neck Loose Long Sleeve T-Shirt,Fall Clothes",S$1.36,https://sg.shein.com/Livesso-Women-s-Solid-Color-Round-Neck-Loose-Long-Sleeve-T-Shirt-Fall-Clothes-p-39294505.html?mallCode=1&pageListType=4&detailBusinessFrom=0-1_39294505%7C0-2,https://img.ltwebstatic.com/images3_pi/2024/07/18/d5/17212995771d3612bd5b544db8e71704e3c55b786b_thumbnail_600x.webp,2026-05-31T14:21:59+08:00,,,,,Save S$1.36
317299624,SuriyaCove Women's Floral Print Casual Round Neck Short Sleeve T-Shirt,S$0.97,https://sg.shein.com/SuriyaCove-Women-s-Floral-Print-Casual-Round-Neck-Short-Sleeve-T-Shirt-p-317299624.html?mallCode=1&pageListType=4&detailBusinessFrom=0-1_317299624%7C0-2,https://img.ltwebstatic.com/v4/j/pi/2025/12/04/df/1764845173966406bdbe9f56ad3f5d0cd45e22c84a_thumbnail_600x.webp,2026-05-31T14:21:59+08:00,,,,,Save S$0.97
76791540,"JUTU Washed Ombre Color Double Craft Heart Print Short Sleeve Mid-Length T-Shirt, Summer Top For Women Casual",S$1.65,https://sg.shein.com/JUTU-Washed-Ombre-Color-Double-Craft-Heart-Print-Short-Sleeve-Mid-Length-T-Shirt-Summer-Top-For-Women-Casual-p-76791540.html?mallCode=1&pageListType=4&detailBusinessFrom=0-1_76791540%7C0-2,https://img.ltwebstatic.com/v4/j/spmp/2025/05/14/4f/17472199522498bbcb646c2dd786df8f2de645e069_thumbnail_600x.webp,2026-05-31T14:21:59+08:00,,,,,Save S$1.65
429746668,"Women's Fashion Satin Camisole Top With Tie Neck, Regular Length Casual Blouse White Summer",S$9.99,https://sg.shein.com/Women-s-Fashion-Satin-Camisole-Top-With-Tie-Neck-Regular-Length-Casual-Blouse-White-Summer-p-429746668.html?mallCode=1&pageListType=4&detailBusinessFrom=0-1_429746668%7C0-2,https://img.ltwebstatic.com/v4/j/spmp/2026/04/16/2a/17763176878cfb5a9dca7fb91ec04945bd23a14543_thumbnail_600x.webp,2026-05-31T14:21:59+08:00,,,,,50+ sold
465791420,Denimoi Raw Hem Straight Leg Denim Jeans Fashion Jeans Washed Jeans Fashionable Streetwear,S$32.49,https://sg.shein.com/Denimoi-Raw-Hem-Straight-Leg-Denim-Jeans-Fashion-Jeans-Washed-Jeans-Fashionable-Streetwear-p-465791420.html?mallCode=1&pageListType=4&detailBusinessFrom=0-1_465791420%7C0-2,https://img.ltwebstatic.com/v4/j/pi/2026/05/12/19/1778519800d9974b8b7e6eaf22038322644f0f6e14_thumbnail_600x.webp,2026-05-31T14:21:59+08:00,,,,,NEW
50829060,"Women's Light Blue Straight Leg Jeans, Washed Effect, Non-Stretch Fabric, With Pockets, Zipper And Button Details, Long Casual Style, Non-Stretch, Casual Elegant Style, Summer Wear, Concert Outfit, Holiday Outfit, 90% Cotton",S$22.49,https://sg.shein.com/Women-s-Light-Blue-Straight-Leg-Jeans-Washed-Effect-Non-Stretch-Fabric-With-Pockets-Zipper-And-Button-Details-Long-Casual-Style-Non-Stretch-Casual-Elegant-Style-Summer-Wear-Concert-Outfit-Holiday-Outfit-90-Cotton-p-50829060.html?mallCode=1&pageListType=4&detailBusinessFrom=0-1_50829060%7C0-2,https://img.ltwebstatic.com/v4/j/spmp/2026/05/18/28/17790709120b88259dea4a66fecceaebb47d819755_thumbnail_600x.webp,2026-05-31T14:21:59+08:00,,90%,,,
112988801,Vintage Blue Plaid Polo Collar Short Sleeve Shirt Summer,S$14.49,https://sg.shein.com/Vintage-Blue-Plaid-Polo-Collar-Short-Sleeve-Shirt-Summer-p-112988801.html?mallCode=1&pageListType=4&detailBusinessFrom=0-1_112988801%7C0-2,https://img.ltwebstatic.com/v4/j/ssms/2026/04/29/43/17774435897fb83a0eb4ba29049a03c5ea466102a5_thumbnail_600x.webp,2026-05-31T14:21:59+08:00,,,,,
57183320,"Women's Casual Loose Gray Puppy Printed Round Neck Short Sleeve T-Shirt, Breathable Street Wear For Summer",S$1.05,https://sg.shein.com/Women-s-Casual-Loose-Gray-Puppy-Printed-Round-Neck-Short-Sleeve-T-Shirt-Breathable-Street-Wear-For-Summer-p-57183320.html?mallCode=1&pageListType=4&detailBusinessFrom=0-1_57183320%7C0-2,https://img.ltwebstatic.com/v4/j/spmp/2026/03/12/7c/177329999521df3d9af03291082a6be62c7bb27b98_thumbnail_600x.webp,2026-05-31T14:21:59+08:00,,,,,Save S$1.05
395054189,"Backless Sexy Camisole Top For Women With Padded Bra, Sleeveless Cami Top, Summer Casual Black",S$7.49,https://sg.shein.com/Backless-Sexy-Camisole-Top-For-Women-With-Padded-Bra-Sleeveless-Cami-Top-Summer-Casual-Black-p-395054189.html?mallCode=1&pageListType=4&detailBusinessFrom=0-1_395054189%7C0-2,https://img.ltwebstatic.com/v4/j/spmp/2026/03/02/8b/1772420205bdadc545a9868b6bd7bf47995201a96a_thumbnail_600x.webp,2026-05-31T14:21:59+08:00,,,,,100+ sold
77896426,Airaco Women's Summer Casual Solid Color Loose Shorts,S$10.99,https://sg.shein.com/Airaco-Women-s-Summer-Casual-Solid-Color-Loose-Shorts-p-77896426.html?mallCode=1&pageListType=4&detailBusinessFrom=0-1_77896426%7C0-2,https://img.ltwebstatic.com/v4/j/pi/2025/06/03/52/174894419633537bab99572c87e96112f4b975f919_thumbnail_600x.webp,2026-05-31T14:21:59+08:00,,,,,
473577667,"Sweetra Women's Apricot V-Neck Spaghetti Strap Camisole Top & Comfortable Loose Wide Leg Pants 2-Piece Set, Bohemian Style, Spring/Summer",S$19.99,https://sg.shein.com/Sweetra-Women-s-Apricot-V-Neck-Spaghetti-Strap-Camisole-Top-Comfortable-Loose-Wide-Leg-Pants-2-Piece-Set-Bohemian-Style-Spring-Summer-p-473577667.html?mallCode=1&pageListType=4&detailBusinessFrom=0-1_473577667%7C0-2,https://img.ltwebstatic.com/v4/j/pi/2026/05/18/4b/17790710636df4fee96923f2f368479e0a44983706_thumbnail_600x.webp,2026-05-31T14:21:59+08:00,,,,,
434548548,"Franclia Women's White Ribbed Knit Sleeveless Polo Top,Elegant Slim Fit Button-Down Summer Tank,Casual Office Collared Shirt,Classy Pearl Button Blouse",S$1.23,https://sg.shein.com/Franclia-Women-s-White-Ribbed-Knit-Sleeveless-Polo-Top-Elegant-Slim-Fit-Button-Down-Summer-Tank-Casual-Office-Collared-Shirt-Classy-Pearl-Button-Blouse-p-434548548.html?mallCode=1&pageListType=4&detailBusinessFrom=0-1_434548548%7C0-2,https://img.ltwebstatic.com/v4/j/pi/2026/04/25/7a/1777089636dfc7cd5bf96b821f3ecba5a2507b4784_thumbnail_600x.webp,2026-05-31T14:21:59+08:00,,,,,Save S$1.23
14956331,DAZY Solid Mock Neck Tee,S$9.99,https://sg.shein.com/DAZY-Solid-Mock-Neck-Tee-p-14956331.html?mallCode=1&pageListType=4&detailBusinessFrom=0-1_14956331%7C0-2,https://img.ltwebstatic.com/images3_pi/2024/02/18/2a/1708220456232946410e899959c1faf1f2f1022ddd_thumbnail_600x.webp,2026-05-31T14:21:59+08:00,,,,,
384050504,"Women's Fashion Polyester Spaghetti Strap Criss-Cross Ribbed Knit Camisole Tank Top, Regular Length Casual Summer",S$0.75,https://sg.shein.com/Women-s-Fashion-Polyester-Spaghetti-Strap-Criss-Cross-Ribbed-Knit-Camisole-Tank-Top-Regular-Length-Casual-Summer-p-384050504.html?mallCode=1&pageListType=4&detailBusinessFrom=0-1_384050504%7C0-2,https://img.ltwebstatic.com/v4/j/spmp/2026/01/08/f8/17678577312816404670dc6472ccce05e3a4b72970_thumbnail_600x.webp,2026-05-31T14:21:59+08:00,,,,,Save S$0.75
415539093,Resyla 2pcs Women's Black And White Striped Camisole Set,S$9.49,https://sg.shein.com/Resyla-2pcs-Women-s-Black-And-White-Striped-Camisole-Set-p-415539093.html?mallCode=1&pageListType=4&detailBusinessFrom=0-1_415539093%7C0-2,https://img.ltwebstatic.com/v4/j/pi/2026/04/27/0c/177727704933ee50cfe1d5dc25b5bbf2e864b1ddb5_thumbnail_600x.webp,2026-05-31T14:21:59+08:00,,,,,60+ sold
480655902,MUSERA Women Shorts,S$6.99,https://sg.shein.com/MUSERA-Women-Shorts-p-480655902.html?mallCode=1&pageListType=4&detailBusinessFrom=0-1_480655902%7C0-2,https://img.ltwebstatic.com/v4/j/pi/2026/05/25/63/17796992158d91b186524c5c3d1c07908be1bb2367_thumbnail_600x.webp,2026-05-31T14:21:59+08:00,,,,,NEW
335658339,"Attitoon Women's Casual Retro Car V-Neck Halter Tie-Up Contrast Color Short Sleeve T-Shirt, Suitable For Summer Carnival",S$9.49,https://sg.shein.com/Attitoon-Women-s-Casual-Retro-Car-V-Neck-Halter-Tie-Up-Contrast-Color-Short-Sleeve-T-Shirt-Suitable-For-Summer-Carnival-p-335658339.html?mallCode=1&pageListType=4&detailBusinessFrom=0-1_335658339%7C0-2,https://img.ltwebstatic.com/v4/j/pi/2025/10/29/94/1761703031e01d14dddb0566abafce00db27c65829_thumbnail_600x.webp,2026-05-31T14:21:59+08:00,,,,,90+ sold
227199970,"Women's Solid Color Bowknot Front Design Camisole, Fresh Style For Spring/Summer Casual White",S$15.49,https://sg.shein.com/Women-s-Solid-Color-Bowknot-Front-Design-Camisole-Fresh-Style-For-Spring-Summer-Casual-White-p-227199970.html?mallCode=1&pageListType=4&detailBusinessFrom=0-1_227199970%7C0-2,https://img.ltwebstatic.com/v4/j/spmp/2025/10/09/c3/175997969645a3e57081a18e99d03923bf1dd20821_thumbnail_600x.webp,2026-05-31T14:21:59+08:00,,,,,60+ sold
189008591,"Sundraya V-Neck Minimalist Pullover Short Sleeve T-Shirt, Loose Fit Waist Cinched Women's Tee",S$5.99,https://sg.shein.com/Sundraya-V-Neck-Minimalist-Pullover-Short-Sleeve-T-Shirt-Loose-Fit-Waist-Cinched-Women-s-Tee-p-189008591.html?mallCode=1&pageListType=4&detailBusinessFrom=0-1_189008591%7C0-2,https://img.ltwebstatic.com/v4/j/pi/2025/09/19/14/1758277310b392d97442a6598d1ca70b83a75a8660_thumbnail_600x.webp,2026-05-31T14:21:59+08:00,,,,,
100127532,INAWLY Elegant & Fashionable Color Block V-Neck Cinching Waist A-Line Short Dress For Women,S$10.99,https://sg.shein.com/INAWLY-Elegant-Fashionable-Color-Block-V-Neck-Cinching-Waist-A-Line-Short-Dress-For-Women-p-100127532.html?mallCode=1&pageListType=4&detailBusinessFrom=0-1_100127532%7C0-2,https://img.ltwebstatic.com/v4/j/pi/2025/08/28/76/175638286495e57d622bc147fc051f50cdb70b1bef_thumbnail_600x.webp,2026-05-31T14:21:59+08:00,,,,,
477363472,"SOLERSUN Women's Spring/Summer Elegant Abstract Striped Print Skirt - Street Fashion, Business-Casual Commuting, Versatile Daily Wear, Holiday & Party Attire, Stylish & Comfortable For Outings, Summer-Vibe Women's Skirt",S$8.80,https://sg.shein.com/SOLERSUN-Women-s-Spring-Summer-Elegant-Abstract-Striped-Print-Skirt-Street-Fashion-Business-Casual-Commuting-Versatile-Daily-Wear-Holiday-Party-Attire-Stylish-Comfortable-For-Outings-Summer-Vibe-Women-s-Skirt-p-477363472.html?mallCode=1&pageListType=4&detailBusinessFrom=0-1_477363472%7C0-2,https://img.ltwebstatic.com/v4/j/pi/2026/05/21/45/17793641784f85462a20579e08d55f19fe0b95f7ad_thumbnail_600x.webp,2026-05-31T14:21:59+08:00,,-2%,,,
365987882,"Women's Casual Round Neck Loose Fitting Letter & Heart Print Short Sleeve T-Shirt, Versatile For Spring/Summer White",S$6.49,https://sg.shein.com/Women-s-Casual-Round-Neck-Loose-Fitting-Letter-Heart-Print-Short-Sleeve-T-Shirt-Versatile-For-Spring-Summer-White-p-365987882.html?mallCode=1&pageListType=4&detailBusinessFrom=0-1_365987882%7C0-2,https://img.ltwebstatic.com/v4/j/spmp/2026/02/10/f2/17707005828e07bc915c0f631f5abf3e2830f42deb_thumbnail_600x.webp,2026-05-31T14:21:59+08:00,,,,,
37548052,"SuriyaCove Paris Skyline Women's T-Shirt, Paris Cool Line Art Print Round Neck Short Sleeve Casual Tee Paris Graphic Tees Women Tops",S$0.60,https://sg.shein.com/SuriyaCove-Paris-Skyline-Women-s-T-Shirt-Paris-Cool-Line-Art-Print-Round-Neck-Short-Sleeve-Casual-Tee-Paris-Graphic-Tees-Women-Tops-p-37548052.html?mallCode=1&pageListType=4&detailBusinessFrom=0-1_37548052%7C0-2,https://img.ltwebstatic.com/images3_pi/2024/06/26/85/1719379242d938ec90deb0373b184672253367e608_thumbnail_600x.webp,2026-05-31T14:21:59+08:00,,,,,Save S$0.60
417079915,"Lalippa Brazilian Vertical Stripe Digital Print Casual Oversized Mid-Length Round Neck Drop Shoulder Women T-Shirt, Gift For Friends",S$9.99,https://sg.shein.com/Lalippa-Brazilian-Vertical-Stripe-Digital-Print-Casual-Oversized-Mid-Length-Round-Neck-Drop-Shoulder-Women-T-Shirt-Gift-For-Friends-p-417079915.html?mallCode=1&pageListType=4&detailBusinessFrom=0-1_417079915%7C0-2,https://img.ltwebstatic.com/v4/j/pi/2026/03/10/f2/1773130418a36170a93eba6e9ab183e667cada85c9_thumbnail_600x.webp,2026-05-31T14:21:59+08:00,,,,,100+ sold
71347574,"SHEIN PETITE Petite Ladies Pink And White Casual Home Striped Trousers Suitable For Spring And Summer,Cargo Pants",S$11.49,https://sg.shein.com/SHEIN-PETITE-Petite-Ladies-Pink-And-White-Casual-Home-Striped-Trousers-Suitable-For-Spring-And-Summer-Cargo-Pants-p-71347574.html?mallCode=1&pageListType=4&detailBusinessFrom=0-1_71347574%7C0-2,https://sc.ltwebstatic.com/she_dist/images/bg-grey-solid-color-fc04c1310d.png,2026-05-31T14:21:59+08:00,,,,,100+ sold
483472294,Zestiva Women's Sexy Leopard Print Bikini Set For Summer Beach,S$11.99,https://sg.shein.com/Zestiva-Women-s-Sexy-Leopard-Print-Bikini-Set-For-Summer-Beach-p-483472294.html?mallCode=1&pageListType=4&detailBusinessFrom=0-1_483472294%7C0-2,https://sc.ltwebstatic.com/she_dist/images/bg-grey-solid-color-fc04c1310d.png,2026-05-31T14:21:59+08:00,,,,,NEW
447721643,"Glimmora Lace Trim Slim Fit Camisole, Versatile And Slimming, Summer",S$7.99,https://sg.shein.com/Glimmora-Lace-Trim-Slim-Fit-Camisole-Versatile-And-Slimming-Summer-p-447721643.html?mallCode=1&pageListType=4&detailBusinessFrom=0-1_447721643%7C0-2,https://sc.ltwebstatic.com/she_dist/images/bg-grey-solid-color-fc04c1310d.png,2026-05-31T14:21:59+08:00,,,,,
34063756,EMERY ROSE Women Summer Solid Color Button Decorated Batwing Sleeved Casual Bubble Checkered Hooded T-Shirt,S$10.49,https://sg.shein.com/EMERY-ROSE-Women-Summer-Solid-Color-Button-Decorated-Batwing-Sleeved-Casual-Bubble-Checkered-Hooded-T-Shirt-p-34063756.html?mallCode=1&pageListType=4&detailBusinessFrom=0-1_34063756%7C0-2,https://sc.ltwebstatic.com/she_dist/images/bg-grey-solid-color-fc04c1310d.png,2026-05-31T14:21:59+08:00,,,,,
444977301,Franclia Women's Round Neck Colorblock Striped Print Casual Short Sleeve T-Shirt,S$8.49,https://sg.shein.com/Franclia-Women-s-Round-Neck-Colorblock-Striped-Print-Casual-Short-Sleeve-T-Shirt-p-444977301.html?mallCode=1&pageListType=4&detailBusinessFrom=0-1_444977301%7C0-2,https://sc.ltwebstatic.com/she_dist/images/bg-grey-solid-color-fc04c1310d.png,2026-05-31T14:21:59+08:00,,,,,
354984320,"New Fashionable Elegant Solid Color Casual Versatile Waist Ruched T-Shirt, Suitable For Daily, School, Beach, Vacation, And Home Wear Black Summer",S$6.99,https://sg.shein.com/New-Fashionable-Elegant-Solid-Color-Casual-Versatile-Waist-Ruched-T-Shirt-Suitable-For-Daily-School-Beach-Vacation-And-Home-Wear-Black-Summer-p-354984320.html?mallCode=1&pageListType=4&detailBusinessFrom=0-1_354984320%7C0-2,https://sc.ltwebstatic.com/she_dist/images/bg-grey-solid-color-fc04c1310d.png,2026-05-31T14:21:59+08:00,,,,,100+ sold
484874550,SHEIN Tall Women's Elegant French Vacation Casual Faux Linen White Lined Pocket Long Pants,S$21.49,https://sg.shein.com/SHEIN-Tall-Women-s-Elegant-French-Vacation-Casual-Faux-Linen-White-Lined-Pocket-Long-Pants-p-484874550.html?mallCode=1&pageListType=4&detailBusinessFrom=0-1_484874550%7C0-2,https://sc.ltwebstatic.com/she_dist/images/bg-grey-solid-color-fc04c1310d.png,2026-05-31T14:21:59+08:00,,,,,NEW
209903633,SuriyaCove Retro American Y2K Style Minimalist Women Sweatpants,S$14.99,https://sg.shein.com/SuriyaCove-Retro-American-Y2K-Style-Minimalist-Women-Sweatpants-p-209903633.html?mallCode=1&pageListType=4&detailBusinessFrom=0-1_209903633%7C0-2,https://sc.ltwebstatic.com/she_dist/images/bg-grey-solid-color-fc04c1310d.png,2026-05-31T14:21:59+08:00,,,,,200+ sold
368881222,"Cartoon Pattern Short Sleeve Mid-Length T-Shirt, Fashionable Casual Top For Women Summer",S$0.39,https://sg.shein.com/Cartoon-Pattern-Short-Sleeve-Mid-Length-T-Shirt-Fashionable-Casual-Top-For-Women-Summer-p-368881222.html?mallCode=1&pageListType=4&detailBusinessFrom=0-1_368881222%7C0-2,https://sc.ltwebstatic.com/she_dist/images/bg-grey-solid-color-fc04c1310d.png,2026-05-31T14:21:59+08:00,,,,,Save S$0.39
427479567,Glimmora Women's Striped Asymmetrical Shoulder Short Sleeve Casual T-Shirt,S$0.72,https://sg.shein.com/Glimmora-Women-s-Striped-Asymmetrical-Shoulder-Short-Sleeve-Casual-T-Shirt-p-427479567.html?mallCode=1&pageListType=4&detailBusinessFrom=0-1_427479567%7C0-2,https://sc.ltwebstatic.com/she_dist/images/bg-grey-solid-color-fc04c1310d.png,2026-05-31T14:21:59+08:00,,,,,Save S$0.72
408599997,"Qadelle Women's Elegant Color Block Short Sleeve Blouse, Summer",S$10.49,https://sg.shein.com/Qadelle-Women-s-Elegant-Color-Block-Short-Sleeve-Blouse-Summer-p-408599997.html?mallCode=1&pageListType=4&detailBusinessFrom=0-1_408599997%7C0-2,https://sc.ltwebstatic.com/she_dist/images/bg-grey-solid-color-fc04c1310d.png,2026-05-31T14:21:59+08:00,,,,,50+ sold
418943629,"Attitoon Women's Casual Contrast Color Polo Collar Short Sleeve T-Shirt, Daily Wear,Summer Clothing,Vintage,95% Cotton,Casual,Sport,Graduation,Summer Top",S$1.56,https://sg.shein.com/Attitoon-Women-s-Casual-Contrast-Color-Polo-Collar-Short-Sleeve-T-Shirt-Daily-Wear-Summer-Clothing-Vintage-95-Cotton-Casual-Sport-Graduation-Summer-Top-p-418943629.html?mallCode=1&pageListType=4&detailBusinessFrom=0-1_418943629%7C0-2,https://sc.ltwebstatic.com/she_dist/images/bg-grey-solid-color-fc04c1310d.png,2026-05-31T14:21:59+08:00,,,,,Save S$1.56
465790243,"Denimoi Women's Casual Mini Denim Skirt, Summer",S$21.99,https://sg.shein.com/Denimoi-Women-s-Casual-Mini-Denim-Skirt-Summer-p-465790243.html?mallCode=1&pageListType=4&detailBusinessFrom=0-1_465790243%7C0-2,https://sc.ltwebstatic.com/she_dist/images/bg-grey-solid-color-fc04c1310d.png,2026-05-31T14:21:59+08:00,,,,,NEW
92770788,"Zayélia New Summer Women Sleeveless Loose Fit Collared Discounted Tank Top, Slimming",S$7.99,https://sg.shein.com/Zaye-lia-New-Summer-Women-Sleeveless-Loose-Fit-Collared-Discounted-Tank-Top-Slimming-p-92770788.html?mallCode=1&pageListType=4&detailBusinessFrom=0-1_92770788%7C0-2,https://sc.ltwebstatic.com/she_dist/images/bg-grey-solid-color-fc04c1310d.png,2026-05-31T14:21:59+08:00,,,,,70+ sold
158508192,"Aloruh Women's Dark Brown Seksi Chic Halter Neck Dress,Summmer Ruffled Hem Solid Color Elegant Party Dresses For Women,Bar Party Vacation Outfits,Commuter",S$17.99,https://sg.shein.com/Aloruh-Women-s-Dark-Brown-Seksi-Chic-Halter-Neck-Dress-Summmer-Ruffled-Hem-Solid-Color-Elegant-Party-Dresses-For-Women-Bar-Party-Vacation-Outfits-Commuter-p-158508192.html?mallCode=1&pageListType=4&detailBusinessFrom=0-1_158508192%7C0-2,https://sc.ltwebstatic.com/she_dist/images/bg-grey-solid-color-fc04c1310d.png,2026-05-31T14:21:59+08:00,,,,,200+ sold
445751714,SHEIN Women's Contrast Color Printed V-Neck Fitted Short Sleeve T-Shirt,S$6.99,https://sg.shein.com/SHEIN-Women-s-Contrast-Color-Printed-V-Neck-Fitted-Short-Sleeve-T-Shirt-p-445751714.html?mallCode=1&pageListType=4&detailBusinessFrom=0-1_445751714%7C0-2,https://sc.ltwebstatic.com/she_dist/images/bg-grey-solid-color-fc04c1310d.png,2026-05-31T14:21:59+08:00,,,,,
296853044,"Attitoon Women's Lobster Print Slim Fit T-Shirt,Casual Crew Neck Short Sleeve Graphic Tees,Red White And Blue,Summer,Streetwear,City Break,Vacations",S$9.49,https://sg.shein.com/Attitoon-Women-s-Lobster-Print-Slim-Fit-T-Shirt-Casual-Crew-Neck-Short-Sleeve-Graphic-Tees-Red-White-And-Blue-Summer-Streetwear-City-Break-Vacations-p-296853044.html?mallCode=1&pageListType=4&detailBusinessFrom=0-1_296853044%7C0-2,https://sc.ltwebstatic.com/she_dist/images/bg-grey-solid-color-fc04c1310d.png,2026-05-31T14:21:59+08:00,,,,,
466720481,Bohemela Women's Summer Casual Vintage Denim Patchwork Shorts|Washed|Striped Panel|Festival & Beach,S$23.49,https://sg.shein.com/Bohemela-Women-s-Summer-Casual-Vintage-Denim-Patchwork-Shorts-Washed-Striped-Panel-Festival-Beach-p-466720481.html?mallCode=1&pageListType=4&detailBusinessFrom=0-1_466720481%7C0-2,https://sc.ltwebstatic.com/she_dist/images/bg-grey-solid-color-fc04c1310d.png,2026-05-31T14:21:59+08:00,,,,,NEW
88637994,DAZY Women Loose Casual Denim Capri Shorts For Summer Denim Shorts Jorts,S$2.34,https://sg.shein.com/DAZY-Women-Loose-Casual-Denim-Capri-Shorts-For-Summer-Denim-Shorts-Jorts-p-88637994.html?mallCode=1&pageListType=4&detailBusinessFrom=0-1_88637994%7C0-2,https://sc.ltwebstatic.com/she_dist/images/bg-grey-solid-color-fc04c1310d.png,2026-05-31T14:21:59+08:00,,,,,Save S$2.34
459951368,"FRIFUL Women's Wavy Striped Loose Contrast Trim Short Sleeve T-Shirt, Summer Casual Wear",S$11.99,https://sg.shein.com/FRIFUL-Women-s-Wavy-Striped-Loose-Contrast-Trim-Short-Sleeve-T-Shirt-Summer-Casual-Wear-p-459951368.html?mallCode=1&pageListType=4&detailBusinessFrom=0-1_459951368%7C0-2,https://sc.ltwebstatic.com/she_dist/images/bg-grey-solid-color-fc04c1310d.png,2026-05-31T14:21:59+08:00,,,,,
358779828,"Japanese Style Women's Loose Crew Neck Casual Versatile Letter, Fish & Ocean Print Short Sleeve T-Shirt, Spring/Summer",S$6.99,https://sg.shein.com/Japanese-Style-Women-s-Loose-Crew-Neck-Casual-Versatile-Letter-Fish-Ocean-Print-Short-Sleeve-T-Shirt-Spring-Summer-p-358779828.html?mallCode=1&pageListType=4&detailBusinessFrom=0-1_358779828%7C0-2,https://sc.ltwebstatic.com/she_dist/images/bg-grey-solid-color-fc04c1310d.png,2026-05-31T14:21:59+08:00,,,,,
25361168,"Easowa Women's Casual Loose Fit Round Neck Drop Shoulder Short Sleeve T-Shirt, Comfortable For Summer",S$7.99,https://sg.shein.com/Easowa-Women-s-Casual-Loose-Fit-Round-Neck-Drop-Shoulder-Short-Sleeve-T-Shirt-Comfortable-For-Summer-p-25361168.html?mallCode=1&pageListType=4&detailBusinessFrom=0-1_25361168%7C0-2,https://sc.ltwebstatic.com/she_dist/images/bg-grey-solid-color-fc04c1310d.png,2026-05-31T14:21:59+08:00,,,,,
321826619,"FavEase Women Light Pink V-Neck Long Sleeve Cropped Tight T-Shirt,Highly Elastic Soft Wrap Yoga Fitness Sports Top,Minimalist Summer Casual Brunch Essential",S$7.99,https://sg.shein.com/FavEase-Women-Light-Pink-V-Neck-Long-Sleeve-Cropped-Tight-T-Shirt-Highly-Elastic-Soft-Wrap-Yoga-Fitness-Sports-Top-Minimalist-Summer-Casual-Brunch-Essential-p-321826619.html?mallCode=1&pageListType=4&detailBusinessFrom=0-1_321826619%7C0-2,https://sc.ltwebstatic.com/she_dist/images/bg-grey-solid-color-fc04c1310d.png,2026-05-31T14:21:59+08:00,,,,,100+ sold
461406208,"Women's Casual Loose Mesh Patchwork Short Sleeve Sports T-Shirt, Summer",S$7.41,https://sg.shein.com/Women-s-Casual-Loose-Mesh-Patchwork-Short-Sleeve-Sports-T-Shirt-Summer-p-461406208.html?mallCode=1&pageListType=4&detailBusinessFrom=0-1_461406208%7C0-2,https://sc.ltwebstatic.com/she_dist/images/bg-grey-solid-color-fc04c1310d.png,2026-05-31T14:21:59+08:00,,-13%,,,
61559390,"SHEIN EZwear Women's V-Neck Striped Short Sleeve T-Shirt, Minimalist And Fashionable, Suitable For Summer",S$7.99,https://sg.shein.com/SHEIN-EZwear-Women-s-V-Neck-Striped-Short-Sleeve-T-Shirt-Minimalist-And-Fashionable-Suitable-For-Summer-p-61559390.html?mallCode=1&pageListType=4&detailBusinessFrom=0-1_61559390%7C0-2,https://sc.ltwebstatic.com/she_dist/images/bg-grey-solid-color-fc04c1310d.png,2026-05-31T14:21:59+08:00,,,,,70+ sold
391306229,Franclia Women's Solid Color Halter Casual Versatile Daily Wear Top,S$6.49,https://sg.shein.com/Franclia-Women-s-Solid-Color-Halter-Casual-Versatile-Daily-Wear-Top-p-391306229.html?mallCode=1&pageListType=4&detailBusinessFrom=0-1_391306229%7C0-2,https://sc.ltwebstatic.com/she_dist/images/bg-grey-solid-color-fc04c1310d.png,2026-05-31T14:21:59+08:00,,,,,70+ sold
9653617,Dazy-Less Solid Crew Neck Crop Tee Summer Preppy Tops Business Casual Woman Work Clothes,S$1.10,https://sg.shein.com/Dazy-Less-Solid-Crew-Neck-Crop-Tee-Summer-Preppy-Tops-Business-Casual-Woman-Work-Clothes-p-9653617.html?mallCode=1&pageListType=4&detailBusinessFrom=0-1_9653617%7C0-2,https://sc.ltwebstatic.com/she_dist/images/bg-grey-solid-color-fc04c1310d.png,2026-05-31T14:21:59+08:00,,,,,Save S$1.10
411281185,"FRIFUL Women's Casual Loose Sheer Mesh See-Through Solid Color T-Shirt, Versatile For Spring And Summer",S$7.99,https://sg.shein.com/FRIFUL-Women-s-Casual-Loose-Sheer-Mesh-See-Through-Solid-Color-T-Shirt-Versatile-For-Spring-And-Summer-p-411281185.html?mallCode=1&pageListType=4&detailBusinessFrom=0-1_411281185%7C0-2,https://sc.ltwebstatic.com/she_dist/images/bg-grey-solid-color-fc04c1310d.png,2026-05-31T14:21:59+08:00,,,,,
478165034,Vintamour Vintage Elegant Women Floral Jacquard Textured A-Line Skirt Casual Holiday Party Skirt Summer Dresses For Women Summer Clothes Summer Outfits For Women Festival Outfits For Women Elegant Dresses For Party Elegant Party Dresses For Women Elegant Long Party Skirt Wedding Guest Skirt For Women Wedding Guest Party Skirt Graduation Dresses Prom Skirt Elegant Dresses For Women Vacation Outfits Women Holiday Outfits For Women Yellow Skirt Women's Country Clothing,S$16.99,https://sg.shein.com/Vintamour-Vintage-Elegant-Women-Floral-Jacquard-Textured-A-Line-Skirt-Casual-Holiday-Party-Skirt-Summer-Dresses-For-Women-Summer-Clothes-Summer-Outfits-For-Women-Festival-Outfits-For-Women-Elegant-Dresses-For-Party-Elegant-Party-Dresses-For-Women-Elegant-Long-Party-Skirt-Wedding-Guest-Skirt-For-Women-Wedding-Guest-Party-Skirt-Graduation-Dresses-Prom-Skirt-Elegant-Dresses-For-Women-Vacation-Outfits-Women-Holiday-Outfits-For-Women-Yellow-Skirt-Women-s-Country-Clothing-p-478165034.html?mallCode=1&pageListType=4&detailBusinessFrom=0-1_478165034%7C0-2,https://sc.ltwebstatic.com/she_dist/images/bg-grey-solid-color-fc04c1310d.png,2026-05-31T14:21:59+08:00,,,,,NEW
64656826,"SHEIN VCAY 3pcs Set Women Summer Woven Fashionable Multi-Color Linen Shorts, Summer For Women, Festival For Women",S$17.49,https://sg.shein.com/SHEIN-VCAY-3pcs-Set-Women-Summer-Woven-Fashionable-Multi-Color-Linen-Shorts-Summer-For-Women-Festival-For-Women-p-64656826.html?mallCode=1&pageListType=4&detailBusinessFrom=0-1_64656826%7C0-2,https://sc.ltwebstatic.com/she_dist/images/bg-grey-solid-color-fc04c1310d.png,2026-05-31T14:21:59+08:00,,,,,100+ sold
369080564,"Cartoon Headphone Print Short Sleeve Mid-Length T-Shirt, Fashionable Casual Top For Women Summer",S$5.33,https://sg.shein.com/Cartoon-Headphone-Print-Short-Sleeve-Mid-Length-T-Shirt-Fashionable-Casual-Top-For-Women-Summer-p-369080564.html?mallCode=1&pageListType=4&detailBusinessFrom=0-1_369080564%7C0-2,https://sc.ltwebstatic.com/she_dist/images/bg-grey-solid-color-fc04c1310d.png,2026-05-31T14:21:59+08:00,,-3%,,,50+ sold
392026888,"Washed Oversized Black Long Sleeve T-Shirt For Women, Loose Vintage Chic Casual Summer",S$6.78,https://sg.shein.com/Washed-Oversized-Black-Long-Sleeve-T-Shirt-For-Women-Loose-Vintage-Chic-Casual-Summer-p-392026888.html?mallCode=1&pageListType=4&detailBusinessFrom=0-1_392026888%7C0-2,https://sc.ltwebstatic.com/she_dist/images/bg-grey-solid-color-fc04c1310d.png,2026-05-31T14:21:59+08:00,,-3%,,,High Repeat Customers
132708081,Coolane Women's Summer/All-Season Country Concert Going Out Beach Boho Basic Minimalist Washed 100% Cotton Curved Hem Pants,S$16.49,https://sg.shein.com/Coolane-Women-s-Summer-All-Season-Country-Concert-Going-Out-Beach-Boho-Basic-Minimalist-Washed-100-Cotton-Curved-Hem-Pants-p-132708081.html?mallCode=1&pageListType=4&detailBusinessFrom=0-1_132708081%7C0-2,https://sc.ltwebstatic.com/she_dist/images/bg-grey-solid-color-fc04c1310d.png,2026-05-31T14:21:59+08:00,,00%,,,100+ sold
288225924,"Women's Soft Satin V-Neck Asymmetric Lace Trim Hem Fitted Camisole Top, Semi-Sheer Eyelash Lace Design, Suitable For Date Night, Casual Street Style, And Slouchy Atmosphere, Beach Vacation Outfit Black Summer",S$8.49,https://sg.shein.com/Women-s-Soft-Satin-V-Neck-Asymmetric-Lace-Trim-Hem-Fitted-Camisole-Top-Semi-Sheer-Eyelash-Lace-Design-Suitable-For-Date-Night-Casual-Street-Style-And-Slouchy-Atmosphere-Beach-Vacation-Outfit-Black-Summer-p-288225924.html?mallCode=1&pageListType=4&detailBusinessFrom=0-1_288225924%7C0-2,https://sc.ltwebstatic.com/she_dist/images/bg-grey-solid-color-fc04c1310d.png,2026-05-31T14:21:59+08:00,,,,,60+ sold
433327323,"Women's Casual French Romantic Style Round Neck Knit Short Sleeve Top, Summer",S$16.99,https://sg.shein.com/Women-s-Casual-French-Romantic-Style-Round-Neck-Knit-Short-Sleeve-Top-Summer-p-433327323.html?mallCode=1&pageListType=4&detailBusinessFrom=0-1_433327323%7C0-2,https://sc.ltwebstatic.com/she_dist/images/bg-grey-solid-color-fc04c1310d.png,2026-05-31T14:21:59+08:00,,,,,High Repeat Customers
434906086,"Breezaya Women's Elegant V-Neck White With Black Polka Dots Summer Casual Shirt,Loose-Fitting Stylish Top For Holiday,Vacation,Business Office Wear,Holiday",S$9.99,https://sg.shein.com/Breezaya-Women-s-Elegant-V-Neck-White-With-Black-Polka-Dots-Summer-Casual-Shirt-Loose-Fitting-Stylish-Top-For-Holiday-Vacation-Business-Office-Wear-Holiday-p-434906086.html?mallCode=1&pageListType=4&detailBusinessFrom=0-1_434906086%7C0-2,https://sc.ltwebstatic.com/she_dist/images/bg-grey-solid-color-fc04c1310d.png,2026-05-31T14:21:59+08:00,,,,,
68196937,"SHEIN Holidaya Limoncello T-Shirt, Amalfi Coast Italy Lemons T-Shirt",S$7.49,https://sg.shein.com/SHEIN-Holidaya-Limoncello-T-Shirt-Amalfi-Coast-Italy-Lemons-T-Shirt-p-68196937.html?mallCode=1&pageListType=4&detailBusinessFrom=0-1_68196937%7C0-2,https://sc.ltwebstatic.com/she_dist/images/bg-grey-solid-color-fc04c1310d.png,2026-05-31T14:21:59+08:00,,,,,
30669381,Livesso Women's Striped Wide Leg Pants With Drawstring Waist For Casual Wear Summer,S$20.49,https://sg.shein.com/Livesso-Women-s-Striped-Wide-Leg-Pants-With-Drawstring-Waist-For-Casual-Wear-Summer-p-30669381.html?mallCode=1&pageListType=4&detailBusinessFrom=0-1_30669381%7C0-2,https://sc.ltwebstatic.com/she_dist/images/bg-grey-solid-color-fc04c1310d.png,2026-05-31T14:21:59+08:00,,,,,
60639733,Franclia Women's Plain Collar Short Sleeve Casual Pleated T-Shirt,S$7.99,https://sg.shein.com/Franclia-Women-s-Plain-Collar-Short-Sleeve-Casual-Pleated-T-Shirt-p-60639733.html?mallCode=1&pageListType=4&detailBusinessFrom=0-1_60639733%7C0-2,https://sc.ltwebstatic.com/she_dist/images/bg-grey-solid-color-fc04c1310d.png,2026-05-31T14:21:59+08:00,,,,,70+ sold
218804428,Resyla 2pcs Women Letter Print Round Neck Short Sleeve Top And Elastic Waist Pants Casual Set,S$19.49,https://sg.shein.com/Resyla-2pcs-Women-Letter-Print-Round-Neck-Short-Sleeve-Top-And-Elastic-Waist-Pants-Casual-Set-p-218804428.html?mallCode=1&pageListType=4&detailBusinessFrom=0-1_218804428%7C0-2,https://sc.ltwebstatic.com/she_dist/images/bg-grey-solid-color-fc04c1310d.png,2026-05-31T14:21:59+08:00,,,,,
454338858,"Aveloria Modichic Elegant Urban Chic Lapel Collar Metal Buckle Belt Sleeveless Women's Blazer Jacket, Versatile For Commuting",S$24.99,https://sg.shein.com/Aveloria-Modichic-Elegant-Urban-Chic-Lapel-Collar-Metal-Buckle-Belt-Sleeveless-Women-s-Blazer-Jacket-Versatile-For-Commuting-p-454338858.html?mallCode=1&pageListType=4&detailBusinessFrom=0-1_454338858%7C0-2,https://sc.ltwebstatic.com/she_dist/images/bg-grey-solid-color-fc04c1310d.png,2026-05-31T14:21:59+08:00,,,,,
449581590,Vintage Washed Street Style Casual Short Sleeve New York City Graphic Print T-Shirt Black Summer,S$0.97,https://sg.shein.com/Vintage-Washed-Street-Style-Casual-Short-Sleeve-New-York-City-Graphic-Print-T-Shirt-Black-Summer-p-449581590.html?mallCode=1&pageListType=4&detailBusinessFrom=0-1_449581590%7C0-2,https://sc.ltwebstatic.com/she_dist/images/bg-grey-solid-color-fc04c1310d.png,2026-05-31T14:21:59+08:00,,,,,Save S$0.97
19188252,DAZY Split Hem Skort,S$14.49,https://sg.shein.com/DAZY-Split-Hem-Skort-p-19188252.html?mallCode=1&pageListType=4&detailBusinessFrom=0-1_19188252%7C0-2,https://sc.ltwebstatic.com/she_dist/images/bg-grey-solid-color-fc04c1310d.png,2026-05-31T14:21:59+08:00,,,,,60+ sold
151312447,Jeta Ari Ribbed Crew Neck Button Through Short Sleeve T-Shirt Spring Summer Cute Casual Sunday Best Airport Holiday Fall Back To School Autumn Winter,S$12.49,https://sg.shein.com/Jeta-Ari-Ribbed-Crew-Neck-Button-Through-Short-Sleeve-T-Shirt-Spring-Summer-Cute-Casual-Sunday-Best-Airport-Holiday-Fall-Back-To-School-Autumn-Winter-p-151312447.html?mallCode=1&pageListType=4&detailBusinessFrom=0-1_151312447%7C0-2,https://sc.ltwebstatic.com/she_dist/images/bg-grey-solid-color-fc04c1310d.png,2026-05-31T14:21:59+08:00,,,,,
408224845,"FRIFUL Women's Solid Color Metal Button Decor Loose Casual Versatile Jacket, Spring/Summer",S$20.49,https://sg.shein.com/FRIFUL-Women-s-Solid-Color-Metal-Button-Decor-Loose-Casual-Versatile-Jacket-Spring-Summer-p-408224845.html?mallCode=1&pageListType=4&detailBusinessFrom=0-1_408224845%7C0-2,https://sc.ltwebstatic.com/she_dist/images/bg-grey-solid-color-fc04c1310d.png,2026-05-31T14:21:59+08:00,,,,,
484457127,Aloruh Women's Summer New Elegant Sexy Beachwear Floral Art Halter Neck Tie Strap Beaded Seaside Vacation Outfit Fashion Swimsuit Set,S$11.49,https://sg.shein.com/Aloruh-Women-s-Summer-New-Elegant-Sexy-Beachwear-Floral-Art-Halter-Neck-Tie-Strap-Beaded-Seaside-Vacation-Outfit-Fashion-Swimsuit-Set-p-484457127.html?mallCode=1&pageListType=4&detailBusinessFrom=0-1_484457127%7C0-2,https://sc.ltwebstatic.com/she_dist/images/bg-grey-solid-color-fc04c1310d.png,2026-05-31T14:21:59+08:00,,,,,NEW
420106476,"Vintage Y2K #18 Soccer Jersey - White & Blue Mesh Loose Fit Top For Match Day, Women's #18 Soccer Jersey - White & Blue Mesh V-Neck Vintage Loose Fit Top For Streetwear Casual Summer",S$5.49,https://sg.shein.com/Vintage-Y2K-18-Soccer-Jersey-White-Blue-Mesh-Loose-Fit-Top-For-Match-Day-Women-s-18-Soccer-Jersey-White-Blue-Mesh-V-Neck-Vintage-Loose-Fit-Top-For-Streetwear-Casual-Summer-p-420106476.html?mallCode=1&pageListType=4&detailBusinessFrom=0-1_420106476%7C0-2,https://img.ltwebstatic.com/v4/j/spmp/2026/05/27/e3/1779878814b67ee16f61e2d019fb38a53fcd51f1ba_thumbnail_600x.webp,2026-05-31T14:23:46+08:00,,,,,90+ sold
477162358,SHEIN ICON Women's Solid Color Cutout Design Casual Bodysuit,S$12.49,https://sg.shein.com/SHEIN-ICON-Women-s-Solid-Color-Cutout-Design-Casual-Bodysuit-p-477162358.html?mallCode=1&pageListType=4&detailBusinessFrom=0-1_477162358%7C0-2,https://img.ltwebstatic.com/v4/j/pi/2026/05/20/9a/17792835682bc07f1a2e8b277ada65017cc78a5ac3_thumbnail_600x.webp,2026-05-31T14:23:46+08:00,,,,,NEW
96874959,"Easowa Women's Textured Fabric Round Neck Short Sleeve Beige T-Shirt, Summer Knit Top Women Knitted Tops Cream Sweater Teacher Shirts",S$9.49,https://sg.shein.com/Easowa-Women-s-Textured-Fabric-Round-Neck-Short-Sleeve-Beige-T-Shirt-Summer-Knit-Top-Women-Knitted-Tops-Cream-Sweater-Teacher-Shirts-p-96874959.html?mallCode=1&pageListType=4&detailBusinessFrom=0-1_96874959%7C0-2,https://img.ltwebstatic.com/v4/j/pi/2025/07/11/ea/1752215974c049c220f88825e88cdff030ae523f82_thumbnail_600x.webp,2026-05-31T14:23:46+08:00,,,,,
45123519,INAWLY Lace Trim Splice Camisole Top For Women,S$0.33,https://sg.shein.com/INAWLY-Lace-Trim-Splice-Camisole-Top-For-Women-p-45123519.html?mallCode=1&pageListType=4&detailBusinessFrom=0-1_45123519%7C0-2,https://img.ltwebstatic.com/v4/j/pi/2025/06/06/a4/17492016867f4e932c9f4a20b9805a4e201ed90cc2_thumbnail_600x.webp,2026-05-31T14:23:46+08:00,,,,,Save S$0.33
339921098,"Cartoon Print Short Sleeve Mid-Length T-Shirt, Fashionable Casual Top For Women Black Summer",S$5.33,https://sg.shein.com/Cartoon-Print-Short-Sleeve-Mid-Length-T-Shirt-Fashionable-Casual-Top-For-Women-Black-Summer-p-339921098.html?mallCode=1&pageListType=4&detailBusinessFrom=0-1_339921098%7C0-2,https://img.ltwebstatic.com/v4/p/spmp/2025/12/14/45/17657061154f6690bd88595a9b22d241fc19439825_thumbnail_600x.webp,2026-05-31T14:23:46+08:00,,-3%,,,High Repeat Customers
477199028,SHEIN PETITE Women's Ditsy Floral Elegant Summer Versatile Skirt,S$8.99,https://sg.shein.com/SHEIN-PETITE-Women-s-Ditsy-Floral-Elegant-Summer-Versatile-Skirt-p-477199028.html?mallCode=1&pageListType=4&detailBusinessFrom=0-1_477199028%7C0-2,https://img.ltwebstatic.com/v4/j/pi/2026/05/20/08/17792604396d090c157a2a976a28502c9399d61f12_thumbnail_600x.webp,2026-05-31T14:23:46+08:00,,,,,NEW
363162294,"Cartoon Puppy Print Short Sleeve Mid-Length T-Shirt, Fashionable Casual Top For Women Summer",S$0.40,https://sg.shein.com/Cartoon-Puppy-Print-Short-Sleeve-Mid-Length-T-Shirt-Fashionable-Casual-Top-For-Women-Summer-p-363162294.html?mallCode=1&pageListType=4&detailBusinessFrom=0-1_363162294%7C0-2,https://img.ltwebstatic.com/v4/p/spmp/2026/01/01/4e/17672811481567eec83c1827f7bc58d3f20b7aa04d_thumbnail_600x.webp,2026-05-31T14:23:46+08:00,,,,,Save S$0.40
388876396,"Resyla Women's Casual Patchwork Knight Print Round Neck T-Shirt, Summer",S$0.91,https://sg.shein.com/Resyla-Women-s-Casual-Patchwork-Knight-Print-Round-Neck-T-Shirt-Summer-p-388876396.html?mallCode=1&pageListType=4&detailBusinessFrom=0-1_388876396%7C0-2,https://img.ltwebstatic.com/v4/j/pi/2026/01/28/f2/17695687083e002611b106cb35f589a84a1de2ea1e_thumbnail_600x.webp,2026-05-31T14:23:46+08:00,,,,,Save S$0.91
447979970,SHEIN PETITE Women's Solid Color Tie Waist Wide Leg Loose Casual Versatile Pants,S$10.99,https://sg.shein.com/SHEIN-PETITE-Women-s-Solid-Color-Tie-Waist-Wide-Leg-Loose-Casual-Versatile-Pants-p-447979970.html?mallCode=1&pageListType=4&detailBusinessFrom=0-1_447979970%7C0-2,https://img.ltwebstatic.com/v4/j/pi/2026/04/20/c9/17766501777ab294259b787e12b2c6d450913c11f3_thumbnail_600x.webp,2026-05-31T14:23:46+08:00,,,,,80+ sold
476608409,BABYPHAT Polka Dot Flare Leggings With Pink Lace Trim Waistband And Back Logo Script Print,S$21.68,https://sg.shein.com/BABYPHAT-Polka-Dot-Flare-Leggings-With-Pink-Lace-Trim-Waistband-And-Back-Logo-Script-Print-p-476608409.html?mallCode=1&pageListType=4&detailBusinessFrom=0-1_476608409%7C0-2,https://img.ltwebstatic.com/v4/j/pi/2026/05/22/5d/177941295945ad07746f18a8de512e3a5a040a2322_thumbnail_600x.webp,2026-05-31T14:23:46+08:00,,,,,NEW
66541622,"DAZY Women'S Loose Solid-Colored Lantern Pants, Casual Cropped Pants For Summer",S$15.99,https://sg.shein.com/DAZY-Women-S-Loose-Solid-Colored-Lantern-Pants-Casual-Cropped-Pants-For-Summer-p-66541622.html?mallCode=1&pageListType=4&detailBusinessFrom=0-1_66541622%7C0-2,https://img.ltwebstatic.com/v4/j/pi/2025/04/11/e6/174435851924b4422316c1907a0449d20f85c50035_thumbnail_600x.webp,2026-05-31T14:23:46+08:00,,,,,
442176245,"Resyla Women's Minimalist Versatile Padded Square Neck Tight Fit T-Shirt, Summer",S$1.65,https://sg.shein.com/Resyla-Women-s-Minimalist-Versatile-Padded-Square-Neck-Tight-Fit-T-Shirt-Summer-p-442176245.html?mallCode=1&pageListType=4&detailBusinessFrom=0-1_442176245%7C0-2,https://img.ltwebstatic.com/v4/j/pi/2026/04/13/f6/177604780655f3c5bc025b14ebaa73da60987b70d5_thumbnail_600x.webp,2026-05-31T14:23:46+08:00,,,,,Save S$1.65
61467635,"Women's Hooded Sun Protection Shirt, Lightweight Breathable Loose Blouse, Suitable For Outings, Vacations, Beaches, Streets, Daily Wear, Work, And Parties In Summer Black",S$14.49,https://sg.shein.com/Women-s-Hooded-Sun-Protection-Shirt-Lightweight-Breathable-Loose-Blouse-Suitable-For-Outings-Vacations-Beaches-Streets-Daily-Wear-Work-And-Parties-In-Summer-Black-p-61467635.html?mallCode=1&pageListType=4&detailBusinessFrom=0-1_61467635%7C0-2,https://img.ltwebstatic.com/v4/j/spmp/2025/03/24/21/1742816545cd18d4d2e33ba0188dc3550599dc0243_thumbnail_600x.webp,2026-05-31T14:23:46+08:00,,,,,
449054672,"AIJ Women's Formal Halter Sleeveless Jumpsuit, Black Knitted With Cut Out Accents And Long Wide Legs, Medium Stretch Fabric",S$13.37,https://sg.shein.com/AIJ-Women-s-Formal-Halter-Sleeveless-Jumpsuit-Black-Knitted-With-Cut-Out-Accents-And-Long-Wide-Legs-Medium-Stretch-Fabric-p-449054672.html?mallCode=1&pageListType=4&detailBusinessFrom=0-1_449054672%7C0-2,https://img.ltwebstatic.com/v4/j/spmp/2026/05/08/eb/1778212143c10c9dc978253b70f185c2caf1b01df6_thumbnail_600x.webp,2026-05-31T14:23:46+08:00,,-30%,,,
414456811,"EMERY ROSE Women's Elegant Boho Beige Summer Vacation Shirt,Black & White Floral Silhouette Print 3/4 Sleeve Casual Retro Spring Beach Resort Outfit",S$1.14,https://sg.shein.com/EMERY-ROSE-Women-s-Elegant-Boho-Beige-Summer-Vacation-Shirt-Black-White-Floral-Silhouette-Print-3-4-Sleeve-Casual-Retro-Spring-Beach-Resort-Outfit-p-414456811.html?mallCode=1&pageListType=4&detailBusinessFrom=0-1_414456811%7C0-2,https://img.ltwebstatic.com/v4/j/pi/2026/01/13/40/17682826718c1aa3136b8d616109806803acae405a_thumbnail_600x.webp,2026-05-31T14:23:46+08:00,,,,,Save S$1.14
360289262,"Joudiya Women's Fashionable Brown Slim Fit Cropped Spaghetti Strap Backless Camisole Tank Top, Suitable For Summer & Spring Y2k",S$0.96,https://sg.shein.com/Joudiya-Women-s-Fashionable-Brown-Slim-Fit-Cropped-Spaghetti-Strap-Backless-Camisole-Tank-Top-Suitable-For-Summer-Spring-Y2k-p-360289262.html?mallCode=1&pageListType=4&detailBusinessFrom=0-1_360289262%7C0-2,https://img.ltwebstatic.com/v4/j/pi/2026/01/12/f6/17682015994a5135bac27294b9d4cd04f3516edbc3_thumbnail_600x.webp,2026-05-31T14:23:46+08:00,,,,,Save S$0.96
46274115,Firerie Women Minimalist Casual Chic Fashion Back-To-School High Waist Textured Wide Leg Pants,S$15.49,https://sg.shein.com/Firerie-Women-Minimalist-Casual-Chic-Fashion-Back-To-School-High-Waist-Textured-Wide-Leg-Pants-p-46274115.html?mallCode=1&pageListType=4&detailBusinessFrom=0-1_46274115%7C0-2,https://img.ltwebstatic.com/images3_pi/2024/11/23/95/1732351775770b6086370bd2e46ebf7857a61a4dcb_thumbnail_600x.webp,2026-05-31T14:23:46+08:00,,,,,100+ sold
476247213,"Soleia Women's Lemon Print Front Tie Bodysuit, Vacation Wear",S$10.99,https://sg.shein.com/Soleia-Women-s-Lemon-Print-Front-Tie-Bodysuit-Vacation-Wear-p-476247213.html?mallCode=1&pageListType=4&detailBusinessFrom=0-1_476247213%7C0-2,https://img.ltwebstatic.com/v4/j/pi/2026/05/20/6c/177927070309af87ba5df54f070398e13dbc362e3d_thumbnail_600x.webp,2026-05-31T14:23:46+08:00,,,,,NEW
10775016,DAZY Lettuce Trim Textured Solid Tee Preppy Tops,S$8.07,https://sg.shein.com/DAZY-Lettuce-Trim-Textured-Solid-Tee-Preppy-Tops-p-10775016.html?mallCode=1&pageListType=4&detailBusinessFrom=0-1_10775016%7C0-2,https://img.ltwebstatic.com/images3_pi/2022/06/08/165466882903b29af37d2382529f2b585b5995fca9_thumbnail_600x.webp,2026-05-31T14:23:46+08:00,,-15%,(1000+),,
30484746,SHEIN MOD Women's Blue & White Striped High Waist Alphabet Embroidery Detail Elastic Waist Shorts,S$7.99,https://sg.shein.com/SHEIN-MOD-Women-s-Blue-White-Striped-High-Waist-Alphabet-Embroidery-Detail-Elastic-Waist-Shorts-p-30484746.html?mallCode=1&pageListType=4&detailBusinessFrom=0-1_30484746%7C0-2,https://img.ltwebstatic.com/images3_pi/2024/02/26/f5/1708918448391b98d3769542fcf845c9cbc98facb4_thumbnail_600x.webp,2026-05-31T14:23:46+08:00,,,,,
351667272,"Cartoon Pattern Short Sleeve Mid-Length T-Shirt, Fashionable Casual Top For Women Summer",S$6.30,https://sg.shein.com/Cartoon-Pattern-Short-Sleeve-Mid-Length-T-Shirt-Fashionable-Casual-Top-For-Women-Summer-p-351667272.html?mallCode=1&pageListType=4&detailBusinessFrom=0-1_351667272%7C0-2,https://img.ltwebstatic.com/v4/p/spmp/2025/12/27/a2/17668455354731ad77575e1fa5b58fbcee4a543ef3_thumbnail_600x.webp,2026-05-31T14:23:46+08:00,,-3%,,,High Repeat Customers
71727131,"Short Sleeve T-Shirt, Cropped Top, Slim Fit Solid Color Base Layer Tee For Women Casual Summer",S$0.30,https://sg.shein.com/Short-Sleeve-T-Shirt-Cropped-Top-Slim-Fit-Solid-Color-Base-Layer-Tee-For-Women-Casual-Summer-p-71727131.html?mallCode=1&pageListType=4&detailBusinessFrom=0-1_71727131%7C0-2,https://img.ltwebstatic.com/v4/p/spmp/2025/06/12/24/1749727959fbed3a0f9ebe64b32dcff6360353069a_thumbnail_600x.webp,2026-05-31T14:23:46+08:00,,,,,Save S$0.30
472514963,"MOTF PREMIUM WOMEN'S PINK TENCEL LINEN EMBROIDERED SHORTS, CASUAL & DATE WEAR, SPRING/SUMMER",S$33.74,https://sg.shein.com/MOTF-PREMIUM-WOMEN-S-PINK-TENCEL-LINEN-EMBROIDERED-SHORTS-CASUAL-DATE-WEAR-SPRING-SUMMER-p-472514963.html?mallCode=1&pageListType=4&detailBusinessFrom=0-1_472514963%7C0-2,https://img.ltwebstatic.com/v4/j/pi/2026/05/18/4d/1779072378ff5c045cf9dfd46106a0dad80b73e7e5_thumbnail_600x.webp,2026-05-31T14:23:46+08:00,,-19%,,,Estimated
450428789,"Resyla Women's New Printed Casual 2 Pieces Set, T-Shirt And Shorts",S$13.49,https://sg.shein.com/Resyla-Women-s-New-Printed-Casual-2-Pieces-Set-T-Shirt-And-Shorts-p-450428789.html?mallCode=1&pageListType=4&detailBusinessFrom=0-1_450428789%7C0-2,https://img.ltwebstatic.com/v4/j/pi/2026/05/22/4b/1779431264e9a0e9dce42fb8883a09467d0f933823_thumbnail_600x.webp,2026-05-31T14:23:46+08:00,,,,,
391323567,"SHEIN Embroidered Fashionable Minimalist V-Neck Short Sleeve T-Shirt, Gift For Friends",S$8.99,https://sg.shein.com/SHEIN-Embroidered-Fashionable-Minimalist-V-Neck-Short-Sleeve-T-Shirt-Gift-For-Friends-p-391323567.html?mallCode=1&pageListType=4&detailBusinessFrom=0-1_391323567%7C0-2,https://img.ltwebstatic.com/v4/j/pi/2026/04/28/57/1777339628515c406491c255db5542551900bccae4_thumbnail_600x.webp,2026-05-31T14:23:46+08:00,,,,,200+ sold
445457469,DAZY Women's Round Neck Spaghetti Strap Geometric Textured Fabric Cinched Waist A-Line Camisole Summer,S$6.37,https://sg.shein.com/DAZY-Women-s-Round-Neck-Spaghetti-Strap-Geometric-Textured-Fabric-Cinched-Waist-A-Line-Camisole-Summer-p-445457469.html?mallCode=1&pageListType=4&detailBusinessFrom=0-1_445457469%7C0-2,https://img.ltwebstatic.com/v4/j/pi/2026/04/22/80/1776823775832b293fa49d5f924d1988faa963edc9_thumbnail_600x.webp,2026-05-31T14:23:46+08:00,,-15%,,,
391966370,Resyla Women's Heart Print Short Sleeve Casual Contrast Color Round Neck T-Shirt,S$0.96,https://sg.shein.com/Resyla-Women-s-Heart-Print-Short-Sleeve-Casual-Contrast-Color-Round-Neck-T-Shirt-p-391966370.html?mallCode=1&pageListType=4&detailBusinessFrom=0-1_391966370%7C0-2,https://img.ltwebstatic.com/v4/j/pi/2026/04/30/3c/1777539190a1e6694e42e69cb60324c089a7282bcd_thumbnail_600x.webp,2026-05-31T14:23:46+08:00,,,,,Save S$0.96
460825183,"Soleia Striped Casual Jumpsuit For Women, Suitable For Valentine's Day, Vacation, Date, Beach",S$12.49,https://sg.shein.com/Soleia-Striped-Casual-Jumpsuit-For-Women-Suitable-For-Valentine-s-Day-Vacation-Date-Beach-p-460825183.html?mallCode=1&pageListType=4&detailBusinessFrom=0-1_460825183%7C0-2,https://img.ltwebstatic.com/v4/j/pi/2026/05/19/be/177920402824a78aaf43b074cf1acdc990002cbebd_thumbnail_600x.webp,2026-05-31T14:23:46+08:00,,,,,NEW
313150558,"Glimmora 3pcs/Set Women's Summer T-Shirts, White, Navy, Striped, Floral Print, Striped Print, Cherry Fruit Print, Back To School, Casual Wear",S$16.99,https://sg.shein.com/Glimmora-3pcs-Set-Women-s-Summer-T-Shirts-White-Navy-Striped-Floral-Print-Striped-Print-Cherry-Fruit-Print-Back-To-School-Casual-Wear-p-313150558.html?mallCode=1&pageListType=4&detailBusinessFrom=0-1_313150558%7C0-2,https://img.ltwebstatic.com/v4/j/pi/2025/12/01/1e/17645801365cc1cba3b64055c959b7948647d07819_thumbnail_600x.webp,2026-05-31T14:23:46+08:00,,,,,
9222757,DAZY Letter Graphic Drop Shoulder Tee Summer Oversized T-Shirt,S$1.49,https://sg.shein.com/DAZY-Letter-Graphic-Drop-Shoulder-Tee-Summer-Oversized-T-Shirt-p-9222757.html?mallCode=1&pageListType=4&detailBusinessFrom=0-1_9222757%7C0-2,https://img.ltwebstatic.com/images3_pi/2025/02/20/70/1740010774acfb1b5c1ff265a6781c014aa45fc2a0_thumbnail_600x.webp,2026-05-31T14:23:46+08:00,,,,,Save S$1.49
352553753,"Elamini Women's Navy Blue Polka Dot Twist Front V-Neck Short Sleeve T-Shirt, Versatile New Style, Spring/Autumn",S$8.99,https://sg.shein.com/Elamini-Women-s-Navy-Blue-Polka-Dot-Twist-Front-V-Neck-Short-Sleeve-T-Shirt-Versatile-New-Style-Spring-Autumn-p-352553753.html?mallCode=1&pageListType=4&detailBusinessFrom=0-1_352553753%7C0-2,https://img.ltwebstatic.com/v4/j/pi/2026/01/05/88/17675986127d13de708cafc51f61af273b30abb76d_thumbnail_600x.webp,2026-05-31T14:23:46+08:00,,,,,100+ sold
441207441,Polka Dot All-Over Print Elegant Casual Waist Tie Formal Evening Dress Pink,S$21.56,https://sg.shein.com/Polka-Dot-All-Over-Print-Elegant-Casual-Waist-Tie-Formal-Evening-Dress-Pink-p-441207441.html?mallCode=1&pageListType=4&detailBusinessFrom=0-1_441207441%7C0-2,https://img.ltwebstatic.com/v4/j/spmp/2026/03/29/18/1774769409ca173c28566cb59be758aadbac610325_thumbnail_600x.webp,2026-05-31T14:23:46+08:00,,-19%,,,
92116230,"Dazy-Less Loose Fit Simple Solid Color Short Sleeve T-Shirt, Business Casual Office Commute Wear For Women, Summer",S$1.88,https://sg.shein.com/Dazy-Less-Loose-Fit-Simple-Solid-Color-Short-Sleeve-T-Shirt-Business-Casual-Office-Commute-Wear-For-Women-Summer-p-92116230.html?mallCode=1&pageListType=4&detailBusinessFrom=0-1_92116230%7C0-2,https://img.ltwebstatic.com/v4/j/pi/2025/06/04/04/1749032742a8492220f310a01e841b7cc37cb778ed_thumbnail_600x.webp,2026-05-31T14:23:46+08:00,,,,,Save S$1.88
434591804,Franclia Hollow Out Back Padded Short Sleeve T-Shirt,S$1.23,https://sg.shein.com/Franclia-Hollow-Out-Back-Padded-Short-Sleeve-T-Shirt-p-434591804.html?mallCode=1&pageListType=4&detailBusinessFrom=0-1_434591804%7C0-2,https://img.ltwebstatic.com/v4/j/pi/2026/04/09/8d/177571119188a61d5d4fded93b40745505db3987f8_thumbnail_600x.webp,2026-05-31T14:23:46+08:00,,,,,Save S$1.23
393593578,FRIFUL Women's Casual Denim Set With Knotted Design Blouse And Wide Leg Pants,S$32.48,https://sg.shein.com/FRIFUL-Women-s-Casual-Denim-Set-With-Knotted-Design-Blouse-And-Wide-Leg-Pants-p-393593578.html?mallCode=1&pageListType=4&detailBusinessFrom=0-1_393593578%7C0-2,https://img.ltwebstatic.com/v4/j/pi/2026/02/03/7f/17700815714964edd4f90f30f851e57f6117f5bca9_thumbnail_600x.webp,2026-05-31T14:23:46+08:00,,-29%,,,
456418934,"Mistrie 3pcs Women's Sexy Vintage Elegant Romantic Resort Beachwear Set: Bikini Top, Bikini Bottom, Skirt For Summer Beach Vacation",S$16.99,https://sg.shein.com/Mistrie-3pcs-Women-s-Sexy-Vintage-Elegant-Romantic-Resort-Beachwear-Set-Bikini-Top-Bikini-Bottom-Skirt-For-Summer-Beach-Vacation-p-456418934.html?mallCode=1&pageListType=4&detailBusinessFrom=0-1_456418934%7C0-2,https://img.ltwebstatic.com/v4/j/pi/2026/05/09/63/177833172662136fac6338987de24292f9969f63de_thumbnail_600x.webp,2026-05-31T14:23:46+08:00,,,,,NEW
11538607,SHEIN EZwear Colorblock Drop Shoulder Letter Patched Corduroy Coat In Fall/Winter,S$19.99,https://sg.shein.com/SHEIN-EZwear-Colorblock-Drop-Shoulder-Letter-Patched-Corduroy-Coat-In-Fall-Winter-p-11538607.html?mallCode=1&pageListType=4&detailBusinessFrom=0-1_11538607%7C0-2,https://img.ltwebstatic.com/images3_pi/2022/09/26/166416109451b9f8f863b81e5d4ce6b638f0233f62_thumbnail_600x.webp,2026-05-31T14:23:46+08:00,,,,,
47885106,"DAZY Women's Solid Color Off Shoulder Fitted Black Short Sleeve T-Shirt, Spring/Summer",S$7.49,https://sg.shein.com/DAZY-Women-s-Solid-Color-Off-Shoulder-Fitted-Black-Short-Sleeve-T-Shirt-Spring-Summer-p-47885106.html?mallCode=1&pageListType=4&detailBusinessFrom=0-1_47885106%7C0-2,https://img.ltwebstatic.com/images3_pi/2024/11/16/c7/173174021947b6fc4c9364e991c5d10170a370f1f3_thumbnail_600x.webp,2026-05-31T14:23:46+08:00,,,,,100+ sold
472658460,"AUGUST VACATION Summer Elegant Fashion Women Beaded Colorful Striped Print Sexy Bikini Swimwear, Random Print Beach Holiday Swimwear, Summer",S$10.30,https://sg.shein.com/AUGUST-VACATION-Summer-Elegant-Fashion-Women-Beaded-Colorful-Striped-Print-Sexy-Bikini-Swimwear-Random-Print-Beach-Holiday-Swimwear-Summer-p-472658460.html?mallCode=1&pageListType=4&detailBusinessFrom=0-1_472658460%7C0-2,https://img.ltwebstatic.com/v4/j/spmp/2026/05/27/a3/17798766262bb4248f21c282e67298a76bf329139d_thumbnail_600x.webp,2026-05-31T14:23:46+08:00,,-2%,,,
379024606,Women's Loose Fit Pocketed Wide Leg Casual Jeans Spring,S$25.99,https://sg.shein.com/Women-s-Loose-Fit-Pocketed-Wide-Leg-Casual-Jeans-Spring-p-379024606.html?mallCode=1&pageListType=4&detailBusinessFrom=0-1_379024606%7C0-2,https://img.ltwebstatic.com/v4/j/spmp/2026/03/21/cf/1774080840380e4620e2a34b166854b8d9af141a9f_thumbnail_600x.webp,2026-05-31T14:23:46+08:00,,,,,
36774366,Solid Hollow Out Sweater Vest Casual Summer,S$10.49,https://sg.shein.com/Solid-Hollow-Out-Sweater-Vest-Casual-Summer-p-36774366.html?mallCode=1&pageListType=4&detailBusinessFrom=0-1_36774366%7C0-2,https://img.ltwebstatic.com/images3_pi/2024/06/09/71/17178626978815a6f02f0015bda6d0853fc878df27_thumbnail_600x.webp,2026-05-31T14:23:46+08:00,,,,,70+ sold
441624386,"SHEIN Franclia Women's Black And White Plaid Cami Top,Cute Summer Everyday Coquette Aesthetic Ruched Peplum Hem Sleeveless Blouse,Y2K Ruffle Trim Slim Fit Tank Top",S$1.65,https://sg.shein.com/SHEIN-Franclia-Women-s-Black-And-White-Plaid-Cami-Top-Cute-Summer-Everyday-Coquette-Aesthetic-Ruched-Peplum-Hem-Sleeveless-Blouse-Y2K-Ruffle-Trim-Slim-Fit-Tank-Top-p-441624386.html?mallCode=1&pageListType=4&detailBusinessFrom=0-1_441624386%7C0-2,https://img.ltwebstatic.com/v4/j/pi/2026/04/13/39/177605336556c37aad32d69799e53741505b01b864_thumbnail_600x.webp,2026-05-31T14:23:46+08:00,,,,,Save S$1.65
38896910,Franclia Women's Solid Color Minimalist Casual Long Sleeve Blazer,S$18.99,https://sg.shein.com/Franclia-Women-s-Solid-Color-Minimalist-Casual-Long-Sleeve-Blazer-p-38896910.html?mallCode=1&pageListType=4&detailBusinessFrom=0-1_38896910%7C0-2,https://img.ltwebstatic.com/images3_pi/2024/07/17/43/1721210060c63fb69ff119e67e7b5cd84ef65fd744_thumbnail_600x.webp,2026-05-31T14:23:46+08:00,,,(1000+),,80+ sold
47977641,ROMWE Grunge Punk Spring/Summer Casual Baech Black Y2K Subculture Leopard Print Hem Slit Design Women Tube Top,S$1.44,https://sg.shein.com/ROMWE-Grunge-Punk-Spring-Summer-Casual-Baech-Black-Y2K-Subculture-Leopard-Print-Hem-Slit-Design-Women-Tube-Top-p-47977641.html?mallCode=1&pageListType=4&detailBusinessFrom=0-1_47977641%7C0-2,https://img.ltwebstatic.com/images3_pi/2024/11/16/0c/1731738189cdb774db43a863215138869af4452745_thumbnail_600x.webp,2026-05-31T14:23:46+08:00,,,,,Save S$1.44
474524722,DAZY Women's Versatile Tie-Up Ruched Draped Frill Trim Maxi Skirt,S$11.65,https://sg.shein.com/DAZY-Women-s-Versatile-Tie-Up-Ruched-Draped-Frill-Trim-Maxi-Skirt-p-474524722.html?mallCode=1&pageListType=4&detailBusinessFrom=0-1_474524722%7C0-2,https://img.ltwebstatic.com/v4/j/pi/2026/05/18/3f/177908445435c37081dc126975eb382212ecb02280_thumbnail_600x.webp,2026-05-31T14:23:46+08:00,,-20%,,,
454648194,Glimmora Women's Fitted Raglan Short Sleeve Crew Neck T-Shirt With White Printed Graphic,S$6.99,https://sg.shein.com/Glimmora-Women-s-Fitted-Raglan-Short-Sleeve-Crew-Neck-T-Shirt-With-White-Printed-Graphic-p-454648194.html?mallCode=1&pageListType=4&detailBusinessFrom=0-1_454648194%7C0-2,https://img.ltwebstatic.com/v4/j/pi/2026/04/25/bc/1777087194812945d06843f615fbf6862273db924a_thumbnail_600x.webp,2026-05-31T14:23:46+08:00,,,,,
222863060,Women's Casual Versatile Solid Color Zipper Waist Belt Skort Summer,S$15.83,https://sg.shein.com/Women-s-Casual-Versatile-Solid-Color-Zipper-Waist-Belt-Skort-Summer-p-222863060.html?mallCode=1&pageListType=4&detailBusinessFrom=0-1_222863060%7C0-2,https://img.ltwebstatic.com/v4/j/spmp/2025/10/31/b1/176190018594b051b3d8bd5ece73597c09e0751df0_thumbnail_600x.webp,2026-05-31T14:23:46+08:00,,-4%,,,
87083326,SHEIN ICON Women Casual Minimalist Halter Deep V-Neck Polka Dot Top Wrap Back Top,S$11.49,https://sg.shein.com/SHEIN-ICON-Women-Casual-Minimalist-Halter-Deep-V-Neck-Polka-Dot-Top-Wrap-Back-Top-p-87083326.html?mallCode=1&pageListType=4&detailBusinessFrom=0-1_87083326%7C0-2,https://img.ltwebstatic.com/v4/j/pi/2025/05/26/3b/1748266001fba2c0d58cb1b81fa7eeec6557e66ac9_thumbnail_600x.webp,2026-05-31T14:23:46+08:00,,,,,100+ sold
411470187,"SHEIN EZwear Casual Minimalist Round Neck Short Sleeve Loose Women T-Shirt With Number 23 Print,Summer Top",S$0.91,https://sg.shein.com/SHEIN-EZwear-Casual-Minimalist-Round-Neck-Short-Sleeve-Loose-Women-T-Shirt-With-Number-23-Print-Summer-Top-p-411470187.html?mallCode=1&pageListType=4&detailBusinessFrom=0-1_411470187%7C0-2,https://img.ltwebstatic.com/v4/j/pi/2026/03/02/f7/17724177402c7bde183abdf638eb5570b2b6e24053_thumbnail_600x.webp,2026-05-31T14:23:46+08:00,,,,,Save S$0.91
462897746,Resyla Women's Bohemian Sexy Hibiscus Print One Piece Swimsuit For Summer Beach Vacation Festival,S$12.49,https://sg.shein.com/Resyla-Women-s-Bohemian-Sexy-Hibiscus-Print-One-Piece-Swimsuit-For-Summer-Beach-Vacation-Festival-p-462897746.html?mallCode=1&pageListType=4&detailBusinessFrom=0-1_462897746%7C0-2,https://img.ltwebstatic.com/v4/j/pi/2026/05/20/3b/1779258686de58891ed7a930ac6b2892255e5344c7_thumbnail_600x.webp,2026-05-31T14:23:46+08:00,,,,,NEW
60282920,"DAZY Women Crew Neck Casual Loose Open Front T-Shirt, Minimalist And Fashionable, Suitable For Summer,Fall Clothes Long Sleeve Women Tops",S$1.20,https://sg.shein.com/DAZY-Women-Crew-Neck-Casual-Loose-Open-Front-T-Shirt-Minimalist-And-Fashionable-Suitable-For-Summer-Fall-Clothes-Long-Sleeve-Women-Tops-p-60282920.html?mallCode=1&pageListType=4&detailBusinessFrom=0-1_60282920%7C0-2,https://img.ltwebstatic.com/v4/j/pi/2025/09/05/77/1757045164c093566c97be4c1ecb55af1638b03b6a_thumbnail_600x.webp,2026-05-31T14:23:46+08:00,,,,,Save S$1.20
91580917,"DAZY Women's A-Line Denim Shorts, Casual & Sexy Street Style, Summer Jorts",S$17.49,https://sg.shein.com/DAZY-Women-s-A-Line-Denim-Shorts-Casual-Sexy-Street-Style-Summer-Jorts-p-91580917.html?mallCode=1&pageListType=4&detailBusinessFrom=0-1_91580917%7C0-2,https://sc.ltwebstatic.com/she_dist/images/bg-grey-solid-color-fc04c1310d.png,2026-05-31T14:23:46+08:00,,,,,200+ sold
61180961,Franclia Women's Casual Solid Color Asymmetrical Hem T-Shirt,S$6.49,https://sg.shein.com/Franclia-Women-s-Casual-Solid-Color-Asymmetrical-Hem-T-Shirt-p-61180961.html?mallCode=1&pageListType=4&detailBusinessFrom=0-1_61180961%7C0-2,https://sc.ltwebstatic.com/she_dist/images/bg-grey-solid-color-fc04c1310d.png,2026-05-31T14:23:46+08:00,,,,,
484689954,"Nöista Burgundy Striped Long-Sleeve Fitted Top With A Contrast Light-Blue Collar And Chinese-Style Knotted Buttons, Combining Retro Elegance With Modern Femininity. Cropped Silhouette With A Structured Fit, Perfect For Spring Outfits, Romantic Date Looks, And Chic Spring Layering With High-Waisted Trousers Or Skirts.",S$34.49,https://sg.shein.com/N-ista-Burgundy-Striped-Long-Sleeve-Fitted-Top-With-A-Contrast-Light-Blue-Collar-And-Chinese-Style-Knotted-Buttons-Combining-Retro-Elegance-With-Modern-Femininity-Cropped-Silhouette-With-A-Structured-Fit-Perfect-For-Spring-Outfits-Romantic-Date-Looks-And-Chic-Spring-Layering-With-High-Waisted-Trousers-Or-Skirts-p-484689954.html?mallCode=1&pageListType=4&detailBusinessFrom=0-1_484689954%7C0-2,https://sc.ltwebstatic.com/she_dist/images/bg-grey-solid-color-fc04c1310d.png,2026-05-31T14:23:46+08:00,,,,,NEW
480444087,"Divinelle Women's Casual Minimalist Round Neck Fitted Short Sleeve T-Shirt, Suitable For Spring/Summer",S$5.49,https://sg.shein.com/Divinelle-Women-s-Casual-Minimalist-Round-Neck-Fitted-Short-Sleeve-T-Shirt-Suitable-For-Spring-Summer-p-480444087.html?mallCode=1&pageListType=4&detailBusinessFrom=0-1_480444087%7C0-2,https://sc.ltwebstatic.com/she_dist/images/bg-grey-solid-color-fc04c1310d.png,2026-05-31T14:23:46+08:00,,,,,NEW
312682201,SHEIN Women's Casual Street Style Hooded Sweatshirt,S$20.49,https://sg.shein.com/SHEIN-Women-s-Casual-Street-Style-Hooded-Sweatshirt-p-312682201.html?mallCode=1&pageListType=4&detailBusinessFrom=0-1_312682201%7C0-2,https://sc.ltwebstatic.com/she_dist/images/bg-grey-solid-color-fc04c1310d.png,2026-05-31T14:23:46+08:00,,,,,70+ sold
133951927,SHEIN Women's Casual Solid Color Slim Fit Waist T-Shirt,S$7.49,https://sg.shein.com/SHEIN-Women-s-Casual-Solid-Color-Slim-Fit-Waist-T-Shirt-p-133951927.html?mallCode=1&pageListType=4&detailBusinessFrom=0-1_133951927%7C0-2,https://sc.ltwebstatic.com/she_dist/images/bg-grey-solid-color-fc04c1310d.png,2026-05-31T14:23:46+08:00,,,(1000+),,100+ sold
457055792,"SHEIN MOD Women's Asymmetric Shoulder Lace Layered Ruffle Hem Dress, Valentine's Day Dress, Date, Afternoon Tea,Dresses For Women Summer",S$19.49,https://sg.shein.com/SHEIN-MOD-Women-s-Asymmetric-Shoulder-Lace-Layered-Ruffle-Hem-Dress-Valentine-s-Day-Dress-Date-Afternoon-Tea-Dresses-For-Women-Summer-p-457055792.html?mallCode=1&pageListType=4&detailBusinessFrom=0-1_457055792%7C0-2,https://sc.ltwebstatic.com/she_dist/images/bg-grey-solid-color-fc04c1310d.png,2026-05-31T14:23:46+08:00,,,,,
29243495,DAZY Women's Casual Collared Letter Printed T-Shirt Summer,S$14.02,https://sg.shein.com/DAZY-Women-s-Casual-Collared-Letter-Printed-T-Shirt-Summer-p-29243495.html?mallCode=1&pageListType=4&detailBusinessFrom=0-1_29243495%7C0-2,https://sc.ltwebstatic.com/she_dist/images/bg-grey-solid-color-fc04c1310d.png,2026-05-31T14:23:46+08:00,,-15%,,,
46049537,"SHEIN EZwear 3pcs Square Neck Short Sleeve Cropped Casual Solid Color Versatile Fitted Women T-Shirt, All-Match Style, Suitable For Summer Suitable For Going Out",S$1.32,https://sg.shein.com/SHEIN-EZwear-3pcs-Square-Neck-Short-Sleeve-Cropped-Casual-Solid-Color-Versatile-Fitted-Women-T-Shirt-All-Match-Style-Suitable-For-Summer-Suitable-For-Going-Out-p-46049537.html?mallCode=1&pageListType=4&detailBusinessFrom=0-1_46049537%7C0-2,https://sc.ltwebstatic.com/she_dist/images/bg-grey-solid-color-fc04c1310d.png,2026-05-31T14:23:46+08:00,,,,,Save S$1.32
107743715,SHEIN VCAY 2pcs/Set Women's Vacation Solid Color Asymmetrical Neck Blouse And Floral Print Pants Casual Suit,S$14.24,https://sg.shein.com/SHEIN-VCAY-2pcs-Set-Women-s-Vacation-Solid-Color-Asymmetrical-Neck-Blouse-And-Floral-Print-Pants-Casual-Suit-p-107743715.html?mallCode=1&pageListType=4&detailBusinessFrom=0-1_107743715%7C0-2,https://sc.ltwebstatic.com/she_dist/images/bg-grey-solid-color-fc04c1310d.png,2026-05-31T14:23:46+08:00,,-5%,,,
455173327,"Women's Y2K Style White Short Sleeve T-Shirt, Side Ruched Waist Cropped Top, Fitted Slim Flattering Tee Casual Summer",S$0.80,https://sg.shein.com/Women-s-Y2K-Style-White-Short-Sleeve-T-Shirt-Side-Ruched-Waist-Cropped-Top-Fitted-Slim-Flattering-Tee-Casual-Summer-p-455173327.html?mallCode=1&pageListType=4&detailBusinessFrom=0-1_455173327%7C0-2,https://sc.ltwebstatic.com/she_dist/images/bg-grey-solid-color-fc04c1310d.png,2026-05-31T14:23:46+08:00,,,,,Save S$0.80
430722334,"Women's Round Neck Short Sleeve T-Shirt, Summer New Letter Print, Fashion Casual Versatile Loose Top",S$6.49,https://sg.shein.com/Women-s-Round-Neck-Short-Sleeve-T-Shirt-Summer-New-Letter-Print-Fashion-Casual-Versatile-Loose-Top-p-430722334.html?mallCode=1&pageListType=4&detailBusinessFrom=0-1_430722334%7C0-2,https://sc.ltwebstatic.com/she_dist/images/bg-grey-solid-color-fc04c1310d.png,2026-05-31T14:23:46+08:00,,,,,
439128454,"Backless Sexy Camisole Top For Women With Padded Bra, Sleeveless Vest, Summer Casual White",S$7.99,https://sg.shein.com/Backless-Sexy-Camisole-Top-For-Women-With-Padded-Bra-Sleeveless-Vest-Summer-Casual-White-p-439128454.html?mallCode=1&pageListType=4&detailBusinessFrom=0-1_439128454%7C0-2,https://sc.ltwebstatic.com/she_dist/images/bg-grey-solid-color-fc04c1310d.png,2026-05-31T14:23:46+08:00,,,,,80+ sold
420329361,"SHEIN Striped Minimalist Women's Camisole, Gift For Friends",S$0.54,https://sg.shein.com/SHEIN-Striped-Minimalist-Women-s-Camisole-Gift-For-Friends-p-420329361.html?mallCode=1&pageListType=4&detailBusinessFrom=0-1_420329361%7C0-2,https://sc.ltwebstatic.com/she_dist/images/bg-grey-solid-color-fc04c1310d.png,2026-05-31T14:23:46+08:00,,,,,Save S$0.54
77249437,DAZY Women's Slim Fit Short Sleeve Solid Color Collared Blouse,S$13.49,https://sg.shein.com/DAZY-Women-s-Slim-Fit-Short-Sleeve-Solid-Color-Collared-Blouse-p-77249437.html?mallCode=1&pageListType=4&detailBusinessFrom=0-1_77249437%7C0-2,https://sc.ltwebstatic.com/she_dist/images/bg-grey-solid-color-fc04c1310d.png,2026-05-31T14:23:46+08:00,,,(1000+),,300+ sold
63310135,FRIFUL Women's Casual Navy Blue Cropped Jumpsuit With Strap Neckline And Pockets Lounge Sets For Women,S$3.60,https://sg.shein.com/FRIFUL-Women-s-Casual-Navy-Blue-Cropped-Jumpsuit-With-Strap-Neckline-And-Pockets-Lounge-Sets-For-Women-p-63310135.html?mallCode=1&pageListType=4&detailBusinessFrom=0-1_63310135%7C0-2,https://sc.ltwebstatic.com/she_dist/images/bg-grey-solid-color-fc04c1310d.png,2026-05-31T14:23:46+08:00,,,,,Save S$3.60
469081916,"SHEIN Elenzya Women's Elegant Blue And White Stripe Wide-Leg Pants With Belt,Summer Loose Casual Fashion Trousers For Brunch,Office,Daily,Vacation,Commuting",S$15.49,https://sg.shein.com/SHEIN-Elenzya-Women-s-Elegant-Blue-And-White-Stripe-Wide-Leg-Pants-With-Belt-Summer-Loose-Casual-Fashion-Trousers-For-Brunch-Office-Daily-Vacation-Commuting-p-469081916.html?mallCode=1&pageListType=4&detailBusinessFrom=0-1_469081916%7C0-2,https://sc.ltwebstatic.com/she_dist/images/bg-grey-solid-color-fc04c1310d.png,2026-05-31T14:23:46+08:00,,,,,
32139424,DAZY Solid Color Asymmetrical Waist Tight Long Leggings For Women Summer,S$9.99,https://sg.shein.com/DAZY-Solid-Color-Asymmetrical-Waist-Tight-Long-Leggings-For-Women-Summer-p-32139424.html?mallCode=1&pageListType=4&detailBusinessFrom=0-1_32139424%7C0-2,https://sc.ltwebstatic.com/she_dist/images/bg-grey-solid-color-fc04c1310d.png,2026-05-31T14:23:46+08:00,,,,,
35098388,"Dazy-Less Women's Solid Color V-Neck Short Sleeve T-Shirt, Summer Old Money Style Business Casual Woman Work Clothes",S$8.49,https://sg.shein.com/Dazy-Less-Women-s-Solid-Color-V-Neck-Short-Sleeve-T-Shirt-Summer-Old-Money-Style-Business-Casual-Woman-Work-Clothes-p-35098388.html?mallCode=1&pageListType=4&detailBusinessFrom=0-1_35098388%7C0-2,https://sc.ltwebstatic.com/she_dist/images/bg-grey-solid-color-fc04c1310d.png,2026-05-31T14:23:46+08:00,,,,,100+ sold
28911482,"SHEIN EZwear Casual Solid Color Cropped Camisole, Fitted Women's Tank Top Suitable For Summer",S$3.99,https://sg.shein.com/SHEIN-EZwear-Casual-Solid-Color-Cropped-Camisole-Fitted-Women-s-Tank-Top-Suitable-For-Summer-p-28911482.html?mallCode=1&pageListType=4&detailBusinessFrom=0-1_28911482%7C0-2,https://sc.ltwebstatic.com/she_dist/images/bg-grey-solid-color-fc04c1310d.png,2026-05-31T14:23:46+08:00,,,(1000+),,100+ sold
107028154,"Franclia Women's Casual Striped Print V-Neck Short Sleeve T-Shirt, Summer",S$8.99,https://sg.shein.com/Franclia-Women-s-Casual-Striped-Print-V-Neck-Short-Sleeve-T-Shirt-Summer-p-107028154.html?mallCode=1&pageListType=4&detailBusinessFrom=0-1_107028154%7C0-2,https://sc.ltwebstatic.com/she_dist/images/bg-grey-solid-color-fc04c1310d.png,2026-05-31T14:23:46+08:00,,,,,
455121494,"MOTF PREMIUM LINEN BLAZER, CASUAL URBAN WEAR FOR SPRING & SUMMER",S$25.62,https://sg.shein.com/MOTF-PREMIUM-LINEN-BLAZER-CASUAL-URBAN-WEAR-FOR-SPRING-SUMMER-p-455121494.html?mallCode=1&pageListType=4&detailBusinessFrom=0-1_455121494%7C0-2,https://sc.ltwebstatic.com/she_dist/images/bg-grey-solid-color-fc04c1310d.png,2026-05-31T14:23:46+08:00,,,,,Save S$25.62
196820608,"Sundraya Women's LOVE Letter Print Short Sleeve T-Shirt,Loose Fit Round Neck Casual Summer Top,Artist Collaboration Black N White Design For Vacation Outings",S$0.91,https://sg.shein.com/Sundraya-Women-s-LOVE-Letter-Print-Short-Sleeve-T-Shirt-Loose-Fit-Round-Neck-Casual-Summer-Top-Artist-Collaboration-Black-N-White-Design-For-Vacation-Outings-p-196820608.html?mallCode=1&pageListType=4&detailBusinessFrom=0-1_196820608%7C0-2,https://sc.ltwebstatic.com/she_dist/images/bg-grey-solid-color-fc04c1310d.png,2026-05-31T14:23:46+08:00,,,,,Save S$0.91
419277574,"Retro American Loose Black & White Striped Off-Shoulder Short Sleeve T-Shirt, Backless Sexy Versatile Summer Top For Women",S$12.49,https://sg.shein.com/Retro-American-Loose-Black-White-Striped-Off-Shoulder-Short-Sleeve-T-Shirt-Backless-Sexy-Versatile-Summer-Top-For-Women-p-419277574.html?mallCode=1&pageListType=4&detailBusinessFrom=0-1_419277574%7C0-2,https://sc.ltwebstatic.com/she_dist/images/bg-grey-solid-color-fc04c1310d.png,2026-05-31T14:23:46+08:00,,,,,
23684667,"DAZY Contrast Collar Puff Sleeve Tee,Crop Tops Women",S$11.99,https://sg.shein.com/DAZY-Contrast-Collar-Puff-Sleeve-Tee-Crop-Tops-Women-p-23684667.html?mallCode=1&pageListType=4&detailBusinessFrom=0-1_23684667%7C0-2,https://sc.ltwebstatic.com/she_dist/images/bg-grey-solid-color-fc04c1310d.png,2026-05-31T14:23:46+08:00,,,,,
90110877,"Sexy Women's Casual Elastic Skinny Slim Fit Capri Pants, Slimming Black Versatile Commuter Capri Pants, Y2K Style, Capri Pants, Spring & Summer",S$19.49,https://sg.shein.com/Sexy-Women-s-Casual-Elastic-Skinny-Slim-Fit-Capri-Pants-Slimming-Black-Versatile-Commuter-Capri-Pants-Y2K-Style-Capri-Pants-Spring-Summer-p-90110877.html?mallCode=1&pageListType=4&detailBusinessFrom=0-1_90110877%7C0-2,https://sc.ltwebstatic.com/she_dist/images/bg-grey-solid-color-fc04c1310d.png,2026-05-31T14:23:46+08:00,,,,,
474873816,LanaWest Elastic Waist Side Button Apricot Printed Fabric A-Line Skirt For Women,S$14.99,https://sg.shein.com/LanaWest-Elastic-Waist-Side-Button-Apricot-Printed-Fabric-A-Line-Skirt-For-Women-p-474873816.html?mallCode=1&pageListType=4&detailBusinessFrom=0-1_474873816%7C0-2,https://sc.ltwebstatic.com/she_dist/images/bg-grey-solid-color-fc04c1310d.png,2026-05-31T14:23:46+08:00,,,,,NEW
444711200,"Lalippa Leopard Print Graphic Minimalist Round Neck T-Shirt, Gift For Friends",S$8.49,https://sg.shein.com/Lalippa-Leopard-Print-Graphic-Minimalist-Round-Neck-T-Shirt-Gift-For-Friends-p-444711200.html?mallCode=1&pageListType=4&detailBusinessFrom=0-1_444711200%7C0-2,https://sc.ltwebstatic.com/she_dist/images/bg-grey-solid-color-fc04c1310d.png,2026-05-31T14:23:46+08:00,,,,,
249811174,"Women's Casual Loose Fit Frayed Waist Wide Leg Jeans, Fashionable & Slimming, Suitable For Spring & Autumn",S$22.55,https://sg.shein.com/Women-s-Casual-Loose-Fit-Frayed-Waist-Wide-Leg-Jeans-Fashionable-Slimming-Suitable-For-Spring-Autumn-p-249811174.html?mallCode=1&pageListType=4&detailBusinessFrom=0-1_249811174%7C0-2,https://sc.ltwebstatic.com/she_dist/images/bg-grey-solid-color-fc04c1310d.png,2026-05-31T14:23:46+08:00,,-4%,,,
62136730,"DAZY Women's Round Neck Slim-Fit Short Sleeve Elegant T-Shirt, Grey, Spring/Summer,Business Casual Women",S$1.20,https://sg.shein.com/DAZY-Women-s-Round-Neck-Slim-Fit-Short-Sleeve-Elegant-T-Shirt-Grey-Spring-Summer-Business-Casual-Women-p-62136730.html?mallCode=1&pageListType=4&detailBusinessFrom=0-1_62136730%7C0-2,https://sc.ltwebstatic.com/she_dist/images/bg-grey-solid-color-fc04c1310d.png,2026-05-31T14:23:46+08:00,,,,,Save S$1.20
442938166,"Korean Street Style Drawstring Lightweight Slim Fit Plaid Short Sleeve Shirt, Summer",S$14.49,https://sg.shein.com/Korean-Street-Style-Drawstring-Lightweight-Slim-Fit-Plaid-Short-Sleeve-Shirt-Summer-p-442938166.html?mallCode=1&pageListType=4&detailBusinessFrom=0-1_442938166%7C0-2,https://sc.ltwebstatic.com/she_dist/images/bg-grey-solid-color-fc04c1310d.png,2026-05-31T14:23:46+08:00,,,,,
470837777,"Vivid Eden Women's Wave Pattern V-Neck Short Sleeve Fitted Dress,Pink And Green,Summer,Tropical,Holiday,Tea Party,Vacation,Holiday,Beach,Bohemian,BOHO,Coquette",S$16.99,https://sg.shein.com/Vivid-Eden-Women-s-Wave-Pattern-V-Neck-Short-Sleeve-Fitted-Dress-Pink-And-Green-Summer-Tropical-Holiday-Tea-Party-Vacation-Holiday-Beach-Bohemian-BOHO-Coquette-p-470837777.html?mallCode=1&pageListType=4&detailBusinessFrom=0-1_470837777%7C0-2,https://sc.ltwebstatic.com/she_dist/images/bg-grey-solid-color-fc04c1310d.png,2026-05-31T14:23:46+08:00,,,,,
435322389,"Franclia Women's Black And White Elegant Ribbed Knit Camisole,Summer French Chic Contrast Color Halter Sleeveless Top,Business Casual Fitted Tops For Dates",S$7.99,https://sg.shein.com/Franclia-Women-s-Black-And-White-Elegant-Ribbed-Knit-Camisole-Summer-French-Chic-Contrast-Color-Halter-Sleeveless-Top-Business-Casual-Fitted-Tops-For-Dates-p-435322389.html?mallCode=1&pageListType=4&detailBusinessFrom=0-1_435322389%7C0-2,https://sc.ltwebstatic.com/she_dist/images/bg-grey-solid-color-fc04c1310d.png,2026-05-31T14:23:46+08:00,,,,,
30267556,Dazy-Less Solid Color V-Neck Short Sleeve Casual T-Shirt Old Money Style Summer Business Casual Woman Work Clothes,S$1.53,https://sg.shein.com/Dazy-Less-Solid-Color-V-Neck-Short-Sleeve-Casual-T-Shirt-Old-Money-Style-Summer-Business-Casual-Woman-Work-Clothes-p-30267556.html?mallCode=1&pageListType=4&detailBusinessFrom=0-1_30267556%7C0-2,https://sc.ltwebstatic.com/she_dist/images/bg-grey-solid-color-fc04c1310d.png,2026-05-31T14:23:46+08:00,,,,,Save S$1.53
432030360,EMERY ROSE Women's Linen-Like Loose Patchwork Long Casual Dress,S$20.99,https://sg.shein.com/EMERY-ROSE-Women-s-Linen-Like-Loose-Patchwork-Long-Casual-Dress-p-432030360.html?mallCode=1&pageListType=4&detailBusinessFrom=0-1_432030360%7C0-2,https://sc.ltwebstatic.com/she_dist/images/bg-grey-solid-color-fc04c1310d.png,2026-05-31T14:23:46+08:00,,,,,
420438467,"Pariaura Women's Solid Color Minimalist White Summer Casual Tennis Pleated Skirt,Back-To-School High Waisted Skort Plain Pantskirt Shorts",S$16.49,https://sg.shein.com/Pariaura-Women-s-Solid-Color-Minimalist-White-Summer-Casual-Tennis-Pleated-Skirt-Back-To-School-High-Waisted-Skort-Plain-Pantskirt-Shorts-p-420438467.html?mallCode=1&pageListType=4&detailBusinessFrom=0-1_420438467%7C0-2,https://sc.ltwebstatic.com/she_dist/images/bg-grey-solid-color-fc04c1310d.png,2026-05-31T14:23:46+08:00,,,,,
397618517,"Y2K Retro American Style Girl's Cropped Sleeveless Knit Tank Top, Color Block, Letter Graphic, Casual Sweet Streetwear, Suitable For Daily, Date, Weekend, Back To School, Outdoor, Beach Summer",S$8.49,https://sg.shein.com/Y2K-Retro-American-Style-Girl-s-Cropped-Sleeveless-Knit-Tank-Top-Color-Block-Letter-Graphic-Casual-Sweet-Streetwear-Suitable-For-Daily-Date-Weekend-Back-To-School-Outdoor-Beach-Summer-p-397618517.html?mallCode=1&pageListType=4&detailBusinessFrom=0-1_397618517%7C0-2,https://sc.ltwebstatic.com/she_dist/images/bg-grey-solid-color-fc04c1310d.png,2026-05-31T14:23:46+08:00,,,,,
485212848,Aralina Women Sweaters,S$14.49,https://sg.shein.com/Aralina-Women-Sweaters-p-485212848.html?mallCode=1&pageListType=4&detailBusinessFrom=0-1_485212848%7C0-2,https://sc.ltwebstatic.com/she_dist/images/bg-grey-solid-color-fc04c1310d.png,2026-05-31T14:23:46+08:00,,,,,NEW
427264770,"Aloruh Women's Solid Color Lace Patchwork Camisole, Summer With Padded Bra, Top, White Tops For Tank",S$7.99,https://sg.shein.com/Aloruh-Women-s-Solid-Color-Lace-Patchwork-Camisole-Summer-With-Padded-Bra-Top-White-Tops-For-Tank-p-427264770.html?mallCode=1&pageListType=4&detailBusinessFrom=0-1_427264770%7C0-2,https://img.ltwebstatic.com/v4/j/pi/2026/04/28/4a/1777373948f81262f05cbcbd7f492ff6363b90b877_thumbnail_600x.webp,2026-05-31T14:25:36+08:00,,,,,100+ sold
350722676,"FRIFUL Women's Solid Color Deep V-Neck Mesh Patchwork Straight Loose Casual Jumpsuit, Versatile Spring Outfit Jumpsuits For Women Lounge Sets For Women",S$2.73,https://sg.shein.com/FRIFUL-Women-s-Solid-Color-Deep-V-Neck-Mesh-Patchwork-Straight-Loose-Casual-Jumpsuit-Versatile-Spring-Outfit-Jumpsuits-For-Women-Lounge-Sets-For-Women-p-350722676.html?mallCode=1&pageListType=4&detailBusinessFrom=0-1_350722676%7C0-2,https://img.ltwebstatic.com/v4/j/pi/2026/01/04/86/176749065965be4f1c1d5f3f6f14706e9b64512efe_thumbnail_600x.webp,2026-05-31T14:25:36+08:00,,,,,Save S$2.73
443638291,SHEIN Women's Casual Polka Dot Print Crew Neck Bodycon Camisole For Summer,S$0.97,https://sg.shein.com/SHEIN-Women-s-Casual-Polka-Dot-Print-Crew-Neck-Bodycon-Camisole-For-Summer-p-443638291.html?mallCode=1&pageListType=4&detailBusinessFrom=0-1_443638291%7C0-2,https://img.ltwebstatic.com/v4/j/pi/2026/04/15/8c/17762220819959bdfe800d8b847c599b5316a9a628_thumbnail_600x.webp,2026-05-31T14:25:36+08:00,,,,,Save S$0.97
425305107,DAZY Women's Solid Color Cold-Shoulder Ruched Asymmetric Neck Short Sleeve T-Shirt Summer,S$1.10,https://sg.shein.com/DAZY-Women-s-Solid-Color-Cold-Shoulder-Ruched-Asymmetric-Neck-Short-Sleeve-T-Shirt-Summer-p-425305107.html?mallCode=1&pageListType=4&detailBusinessFrom=0-1_425305107%7C0-2,https://img.ltwebstatic.com/v4/j/pi/2026/03/23/6c/1774253522b1762a813fd42ccb6958a61e290db3de_thumbnail_600x.webp,2026-05-31T14:25:36+08:00,,,,,Save S$1.10
83347706,DAZY Korean Style Women's Polka Dot Sleeveless Bowknot Blouse Top Going Out Tops,S$1.02,https://sg.shein.com/DAZY-Korean-Style-Women-s-Polka-Dot-Sleeveless-Bowknot-Blouse-Top-Going-Out-Tops-p-83347706.html?mallCode=1&pageListType=4&detailBusinessFrom=0-1_83347706%7C0-2,https://img.ltwebstatic.com/v4/j/pi/2025/05/22/a9/17478811780bb35d6437adde63e7d23bd2e38e9955_thumbnail_600x.webp,2026-05-31T14:25:36+08:00,,,,,Save S$1.02
434093947,Bonvoyette Women's Elegant Sexy Halter Tie Ruched Asymmetric Hem Short Dress,S$12.49,https://sg.shein.com/Bonvoyette-Women-s-Elegant-Sexy-Halter-Tie-Ruched-Asymmetric-Hem-Short-Dress-p-434093947.html?mallCode=1&pageListType=4&detailBusinessFrom=0-1_434093947%7C0-2,https://img.ltwebstatic.com/v4/j/pi/2026/05/09/c1/177832410165e6c739d4ccc3fe041e2e169736feb2_thumbnail_600x.webp,2026-05-31T14:25:36+08:00,,,,,NEW
389876027,"SHEIN Fashionable Minimalist Off-Shoulder Long Sleeve T-Shirt, Gift For Friends",S$6.99,https://sg.shein.com/SHEIN-Fashionable-Minimalist-Off-Shoulder-Long-Sleeve-T-Shirt-Gift-For-Friends-p-389876027.html?mallCode=1&pageListType=4&detailBusinessFrom=0-1_389876027%7C0-2,https://img.ltwebstatic.com/v4/j/pi/2026/03/29/b3/17747861483f8aa0a10491e2fff332fd19f6368748_thumbnail_600x.webp,2026-05-31T14:25:36+08:00,,,,,200+ sold
103651778,DAZY Women Striped Print Button Front Loose Casual Long Sleeve Shirt Fall,S$2.46,https://sg.shein.com/DAZY-Women-Striped-Print-Button-Front-Loose-Casual-Long-Sleeve-Shirt-Fall-p-103651778.html?mallCode=1&pageListType=4&detailBusinessFrom=0-1_103651778%7C0-2,https://img.ltwebstatic.com/v4/j/pi/2025/07/15/f5/1752545481d17b5556e5f64040bcdefc01e36b5369_thumbnail_600x.webp,2026-05-31T14:25:36+08:00,,,,,Save S$2.46
419418218,"Aloruh Petite Sexy Style 95% Cotton Lace Patchwork Short Sleeve T-Shirt, Backless Crop Top, Suitable For Spring/Summer, Party, Beach,Summer Top",S$0.78,https://sg.shein.com/Aloruh-Petite-Sexy-Style-95-Cotton-Lace-Patchwork-Short-Sleeve-T-Shirt-Backless-Crop-Top-Suitable-For-Spring-Summer-Party-Beach-Summer-Top-p-419418218.html?mallCode=1&pageListType=4&detailBusinessFrom=0-1_419418218%7C0-2,https://img.ltwebstatic.com/v4/j/pi/2026/03/12/e2/1773279939fe893f5463d8e7b506d1812e068d012c_thumbnail_600x.webp,2026-05-31T14:25:36+08:00,,,,,Save S$0.78
467288277,"Ontre 2026SS New Summer Women's Linen Color High Slit Hem Skirt, Elegant Dress For Spring, Vacation, Beach, Music Festival",S$22.99,https://sg.shein.com/Ontre-2026SS-New-Summer-Women-s-Linen-Color-High-Slit-Hem-Skirt-Elegant-Dress-For-Spring-Vacation-Beach-Music-Festival-p-467288277.html?mallCode=1&pageListType=4&detailBusinessFrom=0-1_467288277%7C0-2,https://img.ltwebstatic.com/v4/j/pi/2026/05/18/d4/1779094293acd8d493e7584cd041482d9f63e47612_thumbnail_600x.webp,2026-05-31T14:25:36+08:00,,,,,NEW
64712952,"DAZY Women Patchwork 2 In 1 Fitted Short Sleeve T-Shirt, White, Spring/Summer",S$1.56,https://sg.shein.com/DAZY-Women-Patchwork-2-In-1-Fitted-Short-Sleeve-T-Shirt-White-Spring-Summer-p-64712952.html?mallCode=1&pageListType=4&detailBusinessFrom=0-1_64712952%7C0-2,https://img.ltwebstatic.com/images3_pi/2025/04/03/af/17436723245347ede47f0b1ce7b0180cfa6df07d56_thumbnail_600x.webp,2026-05-31T14:25:36+08:00,,,,,Save S$1.56
112753935,Sleeveless White Top With French Soft Tie Strap Casual Summer,S$19.99,https://sg.shein.com/Sleeveless-White-Top-With-French-Soft-Tie-Strap-Casual-Summer-p-112753935.html?mallCode=1&pageListType=4&detailBusinessFrom=0-1_112753935%7C0-2,https://img.ltwebstatic.com/v4/j/ssms/2026/04/29/85/177744565224751aee69dc870b3a8638912e89a750_thumbnail_600x.webp,2026-05-31T14:25:36+08:00,,,,,70+ sold
13275367,SHEIN BASICS Solid Cami Top Simple Fashion Daily Casual Tops For Women Black Tops,S$6.99,https://sg.shein.com/SHEIN-BASICS-Solid-Cami-Top-Simple-Fashion-Daily-Casual-Tops-For-Women-Black-Tops-p-13275367.html?mallCode=1&pageListType=4&detailBusinessFrom=0-1_13275367%7C0-2,https://img.ltwebstatic.com/images3_pi/2025/01/15/dc/1736925381580f1d8798b21ed8a64b41dc699a2f22_thumbnail_600x.webp,2026-05-31T14:25:36+08:00,,,(1000+),,100+ sold
69005086,"DAZY Women Solid Color Off-Shoulder Short Sleeve T-Shirt, Spring/Summer,Off Shoulder Top Going Out Tops Women",S$8.99,https://sg.shein.com/DAZY-Women-Solid-Color-Off-Shoulder-Short-Sleeve-T-Shirt-Spring-Summer-Off-Shoulder-Top-Going-Out-Tops-Women-p-69005086.html?mallCode=1&pageListType=4&detailBusinessFrom=0-1_69005086%7C0-2,https://img.ltwebstatic.com/v4/j/pi/2025/04/22/62/174530124250ae0cd0d821e0cd0653a97af0f382df_thumbnail_600x.webp,2026-05-31T14:25:36+08:00,,,,,80+ sold
438723021,"EMERY ROSE Fashionable Minimalist Off Shoulder T-Shirt, Gift For Friends",S$0.90,https://sg.shein.com/EMERY-ROSE-Fashionable-Minimalist-Off-Shoulder-T-Shirt-Gift-For-Friends-p-438723021.html?mallCode=1&pageListType=4&detailBusinessFrom=0-1_438723021%7C0-2,https://img.ltwebstatic.com/v4/j/pi/2026/04/08/b7/1775616335372d3539067e966dbc5631ff14cb710b_thumbnail_600x.webp,2026-05-31T14:25:36+08:00,,,,,Save S$0.90
77983385,"1pc Ultra-Thin Breathable Tights, Shark Skin Tight Leggings, High Waist Super Thin Sun Protection Pantyhose, Women Seamless Tight Sports Leggings Summer",S$5.49,https://sg.shein.com/1pc-Ultra-Thin-Breathable-Tights-Shark-Skin-Tight-Leggings-High-Waist-Super-Thin-Sun-Protection-Pantyhose-Women-Seamless-Tight-Sports-Leggings-Summer-p-77983385.html?mallCode=1&pageListType=4&detailBusinessFrom=0-1_77983385%7C0-2,https://img.ltwebstatic.com/v4/j/spmp/2025/05/19/2a/1747627506923155ff61a636c8b91e6aca97303def_thumbnail_600x.webp,2026-05-31T14:25:36+08:00,,,,,80+ sold
103913963,EMERY ROSE Women's Heart Pattern Printed Round Neck Short Sleeve Casual T-Shirt For Summer For New Year Clothes Graphic Tees Women Tops,S$6.99,https://sg.shein.com/EMERY-ROSE-Women-s-Heart-Pattern-Printed-Round-Neck-Short-Sleeve-Casual-T-Shirt-For-Summer-For-New-Year-Clothes-Graphic-Tees-Women-Tops-p-103913963.html?mallCode=1&pageListType=4&detailBusinessFrom=0-1_103913963%7C0-2,https://img.ltwebstatic.com/v4/j/pi/2025/11/06/50/1762415500d0fd1deac675f5255dcad010972274fc_thumbnail_600x.webp,2026-05-31T14:25:36+08:00,,,,,
474541651,Sunnyshic Women's Pale Yellow Summer Tropical Holiday Vacation V-Neck Spaghetti Strap Backless Tie-Up Cotton Beach Island Resort Style Mini Crop Dress,S$18.99,https://sg.shein.com/Sunnyshic-Women-s-Pale-Yellow-Summer-Tropical-Holiday-Vacation-V-Neck-Spaghetti-Strap-Backless-Tie-Up-Cotton-Beach-Island-Resort-Style-Mini-Crop-Dress-p-474541651.html?mallCode=1&pageListType=4&detailBusinessFrom=0-1_474541651%7C0-2,https://img.ltwebstatic.com/v4/j/pi/2026/05/18/a0/1779103936b183f6580e952bb9481f3e3906f93986_thumbnail_600x.webp,2026-05-31T14:25:36+08:00,,,,,NEW
57511873,"Leopard And Star Print Summer Women's Casual Fashion 100% Cotton Short Sleeve Top, Graphic Tee, Cotton Apparel, Outdoor Top, Printed Pattern, Summer T-Shirt, Summer Top, Vacation Outfit, Beach Style, Minimalist Resort Wear White",S$1.53,https://sg.shein.com/Leopard-And-Star-Print-Summer-Women-s-Casual-Fashion-100-Cotton-Short-Sleeve-Top-Graphic-Tee-Cotton-Apparel-Outdoor-Top-Printed-Pattern-Summer-T-Shirt-Summer-Top-Vacation-Outfit-Beach-Style-Minimalist-Resort-Wear-White-p-57511873.html?mallCode=1&pageListType=4&detailBusinessFrom=0-1_57511873%7C0-2,https://img.ltwebstatic.com/v4/j/spmp/2026/04/24/0d/1777028220a24e17a7d0ab059ea7e100167d6bd19b_thumbnail_600x.webp,2026-05-31T14:25:36+08:00,,,,,Save S$1.53
340081353,"Off Shoulder Design T-Shirt For Women, Minimalist Short Sleeve Top For Summer Casual Black",S$9.99,https://sg.shein.com/Off-Shoulder-Design-T-Shirt-For-Women-Minimalist-Short-Sleeve-Top-For-Summer-Casual-Black-p-340081353.html?mallCode=1&pageListType=4&detailBusinessFrom=0-1_340081353%7C0-2,https://img.ltwebstatic.com/v4/j/spmp/2025/12/24/6a/176656597456cd21e7e15e41e9dc1b7286eaa4e7c1_thumbnail_600x.webp,2026-05-31T14:25:36+08:00,,,,,
443595559,DAZY Women's Summer Collared Short Sleeve Padded Cropped Elegant Fitted T-Shirt Cute Tops,S$5.99,https://sg.shein.com/DAZY-Women-s-Summer-Collared-Short-Sleeve-Padded-Cropped-Elegant-Fitted-T-Shirt-Cute-Tops-p-443595559.html?mallCode=1&pageListType=4&detailBusinessFrom=0-1_443595559%7C0-2,https://img.ltwebstatic.com/v4/j/pi/2026/04/22/08/177684639755ddade8782e4a4b4fca8476d4782657_thumbnail_600x.webp,2026-05-31T14:25:36+08:00,,-40%,,,
36237524,INAWLY Women's Summer Solid Color Round Neck Short Sleeve Casual T-Shirt,S$6.71,https://sg.shein.com/INAWLY-Women-s-Summer-Solid-Color-Round-Neck-Short-Sleeve-Casual-T-Shirt-p-36237524.html?mallCode=1&pageListType=4&detailBusinessFrom=0-1_36237524%7C0-2,https://img.ltwebstatic.com/images3_pi/2024/06/04/13/17174913041308fe6f24bef561222de87b09b6cf1e_thumbnail_600x.webp,2026-05-31T14:25:36+08:00,,-4%,(1000+),,500+ sold
411758894,"SUNSTORY Women's Summer Fashion Casual Beach Vacation Versatile V-Neck Open Front Long Sleeve Semi-Sheer See-Through Ruffle Design Long Cover-Up Outerwear Dress, Suitable For Graduation Ceremony, Party, Holiday, Wedding Guest, Garden, Beach Vacation",S$11.37,https://sg.shein.com/SUNSTORY-Women-s-Summer-Fashion-Casual-Beach-Vacation-Versatile-V-Neck-Open-Front-Long-Sleeve-Semi-Sheer-See-Through-Ruffle-Design-Long-Cover-Up-Outerwear-Dress-Suitable-For-Graduation-Ceremony-Party-Holiday-Wedding-Guest-Garden-Beach-Vacation-p-411758894.html?mallCode=1&pageListType=4&detailBusinessFrom=0-1_411758894%7C0-2,https://img.ltwebstatic.com/v4/j/spmp/2026/05/27/7d/1779884129935c59325686353919cfb81be5e4ac02_thumbnail_600x.webp,2026-05-31T14:25:36+08:00,,-67%,,,
37023283,"INAWLY Vintage Christian Short Sleeve Shirt With Bible Verses, Casual Shirt, Retro Faith Cross Print Tee, Pray Mom Round Neck Tee Graphic Tees Women Tops",S$0.78,https://sg.shein.com/INAWLY-Vintage-Christian-Short-Sleeve-Shirt-With-Bible-Verses-Casual-Shirt-Retro-Faith-Cross-Print-Tee-Pray-Mom-Round-Neck-Tee-Graphic-Tees-Women-Tops-p-37023283.html?mallCode=1&pageListType=4&detailBusinessFrom=0-1_37023283%7C0-2,https://img.ltwebstatic.com/images3_pi/2024/06/18/69/1718688312b11a55ee995ffe93c672b8cae7ce73c6_thumbnail_600x.webp,2026-05-31T14:25:36+08:00,,,,,Save S$0.78
88581998,"FRIFUL Women's Elegant Black V-Neck Textured Fabric Loose Fit Sleeveless Vest,Summer Dinner Birthday Gown Short Dresses & Jacket Coats Clothes",S$1.44,https://sg.shein.com/FRIFUL-Women-s-Elegant-Black-V-Neck-Textured-Fabric-Loose-Fit-Sleeveless-Vest-Summer-Dinner-Birthday-Gown-Short-Dresses-Jacket-Coats-Clothes-p-88581998.html?mallCode=1&pageListType=4&detailBusinessFrom=0-1_88581998%7C0-2,https://img.ltwebstatic.com/v4/j/pi/2025/05/29/97/1748483446622f45fc5ee973b1b550180ae17ccabe_thumbnail_600x.webp,2026-05-31T14:25:36+08:00,,,,,Save S$1.44
60997884,"Strévra Women Solid Color Fitted Bandeau Black Tube Top, Suitable For Vacation",S$8.49,https://sg.shein.com/Str-vra-Women-Solid-Color-Fitted-Bandeau-Black-Tube-Top-Suitable-For-Vacation-p-60997884.html?mallCode=1&pageListType=4&detailBusinessFrom=0-1_60997884%7C0-2,https://img.ltwebstatic.com/images3_pi/2025/03/14/ab/174191939154f0697320278ebeaff2256a177a760e_thumbnail_600x.webp,2026-05-31T14:25:36+08:00,,,,,70+ sold
159399832,SHEIN ICON Women's Halter Deep V-Neck Ruched A-Line Backless Polka Dot Camisole,S$11.49,https://sg.shein.com/SHEIN-ICON-Women-s-Halter-Deep-V-Neck-Ruched-A-Line-Backless-Polka-Dot-Camisole-p-159399832.html?mallCode=1&pageListType=4&detailBusinessFrom=0-1_159399832%7C0-2,https://img.ltwebstatic.com/v4/j/pi/2025/08/22/5c/17558402967ad508b141b7e4d098288f40461804c1_thumbnail_600x.webp,2026-05-31T14:25:36+08:00,,,(100+),,200+ sold
390520356,"Elenzga Women's Polka Dot Halter Neck Tie Waist Bodycon Mini Dress, Elegant Casual Vacation Romantic White Bubble Dress",S$15.49,https://sg.shein.com/Elenzga-Women-s-Polka-Dot-Halter-Neck-Tie-Waist-Bodycon-Mini-Dress-Elegant-Casual-Vacation-Romantic-White-Bubble-Dress-p-390520356.html?mallCode=1&pageListType=4&detailBusinessFrom=0-1_390520356%7C0-2,https://img.ltwebstatic.com/v4/j/pi/2026/01/29/2e/176966496097770b5ee3d6c190f924dbe9a15c51e8_thumbnail_600x.webp,2026-05-31T14:25:36+08:00,,,,,NEW
368820636,"Letter Graphic Short Sleeve Midi T-Shirt, Stylish Casual Top For Women Summer",S$0.55,https://sg.shein.com/Letter-Graphic-Short-Sleeve-Midi-T-Shirt-Stylish-Casual-Top-For-Women-Summer-p-368820636.html?mallCode=1&pageListType=4&detailBusinessFrom=0-1_368820636%7C0-2,https://img.ltwebstatic.com/v4/p/spmp/2025/12/22/6b/176641603124bcb41c959828dca86eac8af755778f_thumbnail_600x.webp,2026-05-31T14:25:36+08:00,,,,,Save S$0.55
419834786,"Resyla Authentic Embroidered, Fashionable Denim Effect Round Neck Women T-Shirt, Suitable For Daily And Formal Occasions",S$1.10,https://sg.shein.com/Resyla-Authentic-Embroidered-Fashionable-Denim-Effect-Round-Neck-Women-T-Shirt-Suitable-For-Daily-And-Formal-Occasions-p-419834786.html?mallCode=1&pageListType=4&detailBusinessFrom=0-1_419834786%7C0-2,https://img.ltwebstatic.com/v4/j/pi/2026/04/20/38/177664992803568aa4524b350499ba7f51437ab6f6_thumbnail_600x.webp,2026-05-31T14:25:36+08:00,,,,,Save S$1.10
67481772,DAZY Women's V-Neck Hollow Knitted Floral Short Sleeve Cardigan,S$1.32,https://sg.shein.com/DAZY-Women-s-V-Neck-Hollow-Knitted-Floral-Short-Sleeve-Cardigan-p-67481772.html?mallCode=1&pageListType=4&detailBusinessFrom=0-1_67481772%7C0-2,https://img.ltwebstatic.com/v4/j/pi/2025/04/17/6b/1744889093585ec65876b89e3cc26e5cc935969393_thumbnail_600x.webp,2026-05-31T14:25:36+08:00,,,,,Save S$1.32
435284910,Women's Elegant Casual Charming Sexy Minimalist Fresh Daily Commute Versatile Fitted Pleated Bandeau Top White Summer,S$7.49,https://sg.shein.com/Women-s-Elegant-Casual-Charming-Sexy-Minimalist-Fresh-Daily-Commute-Versatile-Fitted-Pleated-Bandeau-Top-White-Summer-p-435284910.html?mallCode=1&pageListType=4&detailBusinessFrom=0-1_435284910%7C0-2,https://img.ltwebstatic.com/v4/j/spmp/2026/04/29/e6/177746507711771181e11e331937b2f6ffe7ad44ff_thumbnail_600x.webp,2026-05-31T14:25:36+08:00,,,,,
457004280,"SHEIN Holidaya Women's Apricot Straight Leg Pants, Suitable For Summer Casual Outfits, Elegant, Beach Vacation, With Red Floral Trim, Commuting And Leisure Wear",S$15.99,https://sg.shein.com/SHEIN-Holidaya-Women-s-Apricot-Straight-Leg-Pants-Suitable-For-Summer-Casual-Outfits-Elegant-Beach-Vacation-With-Red-Floral-Trim-Commuting-And-Leisure-Wear-p-457004280.html?mallCode=1&pageListType=4&detailBusinessFrom=0-1_457004280%7C0-2,https://img.ltwebstatic.com/v4/j/pi/2026/04/29/71/1777427929413c23a8267506f9bde5697efb2b1ba7_thumbnail_600x.webp,2026-05-31T14:25:36+08:00,,,,,
462825470,FRIFUL Women's Polka Dot Print Skirt,S$7.91,https://sg.shein.com/FRIFUL-Women-s-Polka-Dot-Print-Skirt-p-462825470.html?mallCode=1&pageListType=4&detailBusinessFrom=0-1_462825470%7C0-2,https://img.ltwebstatic.com/v4/j/pi/2026/05/19/4f/1779170111d16122457980c48f8ffbfcc9975fffee_thumbnail_600x.webp,2026-05-31T14:25:36+08:00,,-28%,,,
29439485,DAZY Women's Solid Color High Waist Straight Shorts With Slanted Pockets And Pleats Summer,S$16.99,https://sg.shein.com/DAZY-Women-s-Solid-Color-High-Waist-Straight-Shorts-With-Slanted-Pockets-And-Pleats-Summer-p-29439485.html?mallCode=1&pageListType=4&detailBusinessFrom=0-1_29439485%7C0-2,https://img.ltwebstatic.com/images3_pi/2024/01/22/a1/1705891538abf777816656c04caae3a31b8f6cb3de_thumbnail_600x.webp,2026-05-31T14:25:36+08:00,,,,,
16802591,Breezaya Paperbag Waist Ruffle Hem Skort,S$11.99,https://sg.shein.com/Breezaya-Paperbag-Waist-Ruffle-Hem-Skort-p-16802591.html?mallCode=1&pageListType=4&detailBusinessFrom=0-1_16802591%7C0-2,https://img.ltwebstatic.com/images3_pi/2023/05/27/1685171633e60f886bb81e7c556b4c62b23e788d03_thumbnail_600x.webp,2026-05-31T14:25:36+08:00,,,,,
28493099,DAZY Women's Hollow Out Knit Drop Shoulder Cover Up Summer Sheer Vacation,S$16.55,https://sg.shein.com/DAZY-Women-s-Hollow-Out-Knit-Drop-Shoulder-Cover-Up-Summer-Sheer-Vacation-p-28493099.html?mallCode=1&pageListType=4&detailBusinessFrom=0-1_28493099%7C0-2,https://img.ltwebstatic.com/images3_pi/2025/02/19/70/1739948178abc4e8295ee31d89ff6214c0afc54325_thumbnail_600x.webp,2026-05-31T14:25:36+08:00,,-8%,,,90+ sold
469070009,"Écloséra French Retro Waist Drawstring Elastic Waist Loose Casual Black Mid-Length Pants For Women, Summer",S$13.99,https://sg.shein.com/-clos-ra-French-Retro-Waist-Drawstring-Elastic-Waist-Loose-Casual-Black-Mid-Length-Pants-For-Women-Summer-p-469070009.html?mallCode=1&pageListType=4&detailBusinessFrom=0-1_469070009%7C0-2,https://img.ltwebstatic.com/v4/j/pi/2026/05/15/9a/1778810032edd38f03d728de79d882c7a79ce32f0d_thumbnail_600x.webp,2026-05-31T14:25:36+08:00,,,,,
21514455,Women's V-Neck Bubble Short Sleeve Summer Blouse Black,S$13.99,https://sg.shein.com/Women-s-V-Neck-Bubble-Short-Sleeve-Summer-Blouse-Black-p-21514455.html?mallCode=1&pageListType=4&detailBusinessFrom=0-1_21514455%7C0-2,https://img.ltwebstatic.com/images3_pi/2023/08/14/d2/1692020782e18664fc2879cb7895425c589108b6e0_thumbnail_600x.webp,2026-05-31T14:25:36+08:00,,,,,
425501996,"DAZY Women's Black And White Striped Fabric Contrast Webbing Splice Backless Camisole And Shorts,Summer Jamican Holiday Vacation Holiday Beach Swimwear",S$12.01,https://sg.shein.com/DAZY-Women-s-Black-And-White-Striped-Fabric-Contrast-Webbing-Splice-Backless-Camisole-And-Shorts-Summer-Jamican-Holiday-Vacation-Holiday-Beach-Swimwear-p-425501996.html?mallCode=1&pageListType=4&detailBusinessFrom=0-1_425501996%7C0-2,https://img.ltwebstatic.com/v4/j/pi/2026/03/19/47/1773890841f25cc0eaf01a4db567aad79e14dc67bf_thumbnail_600x.webp,2026-05-31T14:25:36+08:00,,-11%,,,
212592410,Casual Washed Loose Wide-Leg Jeans Spring,S$28.00,https://sg.shein.com/Casual-Washed-Loose-Wide-Leg-Jeans-Spring-p-212592410.html?mallCode=1&pageListType=4&detailBusinessFrom=0-1_212592410%7C0-2,https://img.ltwebstatic.com/v4/j/spmp/2026/05/12/44/177855377712aecc8d8e35e52189d17ba0b9456c8e_thumbnail_600x.webp,2026-05-31T14:25:36+08:00,,-3%,,,
459211533,"Women's High-Waisted Slim Fit Wide Leg Pants, Bohemian Street Style, Suitable For Spring/Summer Daily Wear, Work Commute, Vacation, Fashion & Elegant (Belt Not Included)",S$19.49,https://sg.shein.com/Women-s-High-Waisted-Slim-Fit-Wide-Leg-Pants-Bohemian-Street-Style-Suitable-For-Spring-Summer-Daily-Wear-Work-Commute-Vacation-Fashion-Elegant-Belt-Not-Included-p-459211533.html?mallCode=1&pageListType=4&detailBusinessFrom=0-1_459211533%7C0-2,https://img.ltwebstatic.com/v4/j/spmp/2026/05/12/e0/1778579601109ade0a1cc2dfd15a2633a7edf3f90d_thumbnail_600x.webp,2026-05-31T14:25:36+08:00,,,,,NEW
484417769,Aralina Fall / Winter Halter Neck Tie Up Polka Dot Y2K Maxi Dress With Ruffle Detail For Going Out And Night Out Dress Perfect For Homecoming,S$27.49,https://sg.shein.com/Aralina-Fall-Winter-Halter-Neck-Tie-Up-Polka-Dot-Y2K-Maxi-Dress-With-Ruffle-Detail-For-Going-Out-And-Night-Out-Dress-Perfect-For-Homecoming-p-484417769.html?mallCode=1&pageListType=4&detailBusinessFrom=0-1_484417769%7C0-2,https://img.ltwebstatic.com/v4/j/pi/2026/05/28/10/1779965732656d8af12bd30ec0feb612777c29b60e_thumbnail_600x.webp,2026-05-31T14:25:36+08:00,,,,,NEW
422442451,"Women's Casual Polka Dot Loose Pants, Suitable For Outdoor, Streetwear, Y2K Style, Spring/Summer White",S$2.64,https://sg.shein.com/Women-s-Casual-Polka-Dot-Loose-Pants-Suitable-For-Outdoor-Streetwear-Y2K-Style-Spring-Summer-White-p-422442451.html?mallCode=1&pageListType=4&detailBusinessFrom=0-1_422442451%7C0-2,https://img.ltwebstatic.com/v4/j/spmp/2026/04/21/40/1776766942fadf45d103f51b8bd16bff2c2580446c_thumbnail_600x.webp,2026-05-31T14:25:36+08:00,,,,,Save S$2.64
31173201,DAZY Ladies' Solid Drawstring Waist Utility Shorts,S$2.08,https://sg.shein.com/DAZY-Ladies-Solid-Drawstring-Waist-Utility-Shorts-p-31173201.html?mallCode=1&pageListType=4&detailBusinessFrom=0-1_31173201%7C0-2,https://img.ltwebstatic.com/images3_pi/2024/03/08/4b/170988042526b8a5c6e929936654a4240e45b4f402_thumbnail_600x.webp,2026-05-31T14:25:36+08:00,,,,,Save S$2.08
443079464,Sweetra Streetwear Women's Half-Open Eyelet Lace Trim Solid Color Short Sleeve T-Shirt,S$10.49,https://sg.shein.com/Sweetra-Streetwear-Women-s-Half-Open-Eyelet-Lace-Trim-Solid-Color-Short-Sleeve-T-Shirt-p-443079464.html?mallCode=1&pageListType=4&detailBusinessFrom=0-1_443079464%7C0-2,https://img.ltwebstatic.com/v4/j/pi/2026/04/14/4c/17761568020d8404f023aec32d18f40218267b32ee_thumbnail_600x.webp,2026-05-31T14:25:36+08:00,,,,,
58741779,ROMWE Grunge Punk Spring/Summer Casual Red Y2K Subculture Women's Leopard Print Cropped Camisole Top With Slit Hem,S$7.49,https://sg.shein.com/ROMWE-Grunge-Punk-Spring-Summer-Casual-Red-Y2K-Subculture-Women-s-Leopard-Print-Cropped-Camisole-Top-With-Slit-Hem-p-58741779.html?mallCode=1&pageListType=4&detailBusinessFrom=0-1_58741779%7C0-2,https://img.ltwebstatic.com/images3_pi/2025/02/27/01/17406206506a05d5e7b0023277837cd6da1370471a_thumbnail_600x.webp,2026-05-31T14:25:36+08:00,,,,,
453917593,"ATUI Studio Women's Grey Wool Blend Knit Top – Button Front Cardigan Style, Elegant Chic Everyday Basic For Summer Beach, Party & Vacation",S$15.99,https://sg.shein.com/ATUI-Studio-Women-s-Grey-Wool-Blend-Knit-Top-Button-Front-Cardigan-Style-Elegant-Chic-Everyday-Basic-For-Summer-Beach-Party-Vacation-p-453917593.html?mallCode=1&pageListType=4&detailBusinessFrom=0-1_453917593%7C0-2,https://sc.ltwebstatic.com/she_dist/images/bg-grey-solid-color-fc04c1310d.png,2026-05-31T14:25:36+08:00,,,,,
50648302,"DAZY Women's Crew Neck Solid Color Basic Short Sleeve T-Shirt, White, Spring/Summer,Business Casual Women",S$8.99,https://sg.shein.com/DAZY-Women-s-Crew-Neck-Solid-Color-Basic-Short-Sleeve-T-Shirt-White-Spring-Summer-Business-Casual-Women-p-50648302.html?mallCode=1&pageListType=4&detailBusinessFrom=0-1_50648302%7C0-2,https://sc.ltwebstatic.com/she_dist/images/bg-grey-solid-color-fc04c1310d.png,2026-05-31T14:25:36+08:00,,,(1000+),,300+ sold
24435314,SHEIN EZwear Summer Outfits Striped Print Button Front Halter Top,S$10.99,https://sg.shein.com/SHEIN-EZwear-Summer-Outfits-Striped-Print-Button-Front-Halter-Top-p-24435314.html?mallCode=1&pageListType=4&detailBusinessFrom=0-1_24435314%7C0-2,https://sc.ltwebstatic.com/she_dist/images/bg-grey-solid-color-fc04c1310d.png,2026-05-31T14:25:36+08:00,,,,,
445895584,Franclia Women's Mid-Length Digital Print Denim Effect Crew Neck Dress,S$1.57,https://sg.shein.com/Franclia-Women-s-Mid-Length-Digital-Print-Denim-Effect-Crew-Neck-Dress-p-445895584.html?mallCode=1&pageListType=4&detailBusinessFrom=0-1_445895584%7C0-2,https://sc.ltwebstatic.com/she_dist/images/bg-grey-solid-color-fc04c1310d.png,2026-05-31T14:25:36+08:00,,,,,Save S$1.57
451443389,"2026 Summer New Pure Desire White Lace Camisole Top, Girlish Chic Fitted Ribbed Knit Cami Layering Piece, Back To School Music Festival Sweater Set, Sweet Sexy Vibe Outfit, Valentine's Day Date Look",S$23.87,https://sg.shein.com/2026-Summer-New-Pure-Desire-White-Lace-Camisole-Top-Girlish-Chic-Fitted-Ribbed-Knit-Cami-Layering-Piece-Back-To-School-Music-Festival-Sweater-Set-Sweet-Sexy-Vibe-Outfit-Valentine-s-Day-Date-Look-p-451443389.html?mallCode=1&pageListType=4&detailBusinessFrom=0-1_451443389%7C0-2,https://sc.ltwebstatic.com/she_dist/images/bg-grey-solid-color-fc04c1310d.png,2026-05-31T14:25:36+08:00,,-18%,,,
427349856,Women's Spring/Summer New Lace Patchwork Floral Trim Soft Knit Cardigan Lightweight Jacket,S$12.49,https://sg.shein.com/Women-s-Spring-Summer-New-Lace-Patchwork-Floral-Trim-Soft-Knit-Cardigan-Lightweight-Jacket-p-427349856.html?mallCode=1&pageListType=4&detailBusinessFrom=0-1_427349856%7C0-2,https://sc.ltwebstatic.com/she_dist/images/bg-grey-solid-color-fc04c1310d.png,2026-05-31T14:25:36+08:00,,,,,
91412828,Glimmora Women Casual Versatile Solid Color Cardigan Fall Winter Cloth For Women,S$9.02,https://sg.shein.com/Glimmora-Women-Casual-Versatile-Solid-Color-Cardigan-Fall-Winter-Cloth-For-Women-p-91412828.html?mallCode=1&pageListType=4&detailBusinessFrom=0-1_91412828%7C0-2,https://sc.ltwebstatic.com/she_dist/images/bg-grey-solid-color-fc04c1310d.png,2026-05-31T14:25:36+08:00,,-5%,,,100+ sold
340660896,SHEIN Women's Slogan & Cartoon Character Print Round Neck Short Sleeve Casual T-Shirt,S$0.84,https://sg.shein.com/SHEIN-Women-s-Slogan-Cartoon-Character-Print-Round-Neck-Short-Sleeve-Casual-T-Shirt-p-340660896.html?mallCode=1&pageListType=4&detailBusinessFrom=0-1_340660896%7C0-2,https://sc.ltwebstatic.com/she_dist/images/bg-grey-solid-color-fc04c1310d.png,2026-05-31T14:25:36+08:00,,,,,Save S$0.84
3716936,Easowa Contrast Leopard Side Seam Leggings,S$7.99,https://sg.shein.com/Easowa-Contrast-Leopard-Side-Seam-Leggings-p-3716936.html?mallCode=1&pageListType=4&detailBusinessFrom=0-1_3716936%7C0-2,https://sc.ltwebstatic.com/she_dist/images/bg-grey-solid-color-fc04c1310d.png,2026-05-31T14:25:36+08:00,,,,,
78981025,"DAZY Women's High Waist Street Casual Slim Fit Long Leggings,Back To School Clothes Fall Tights",S$9.49,https://sg.shein.com/DAZY-Women-s-High-Waist-Street-Casual-Slim-Fit-Long-Leggings-Back-To-School-Clothes-Fall-Tights-p-78981025.html?mallCode=1&pageListType=4&detailBusinessFrom=0-1_78981025%7C0-2,https://sc.ltwebstatic.com/she_dist/images/bg-grey-solid-color-fc04c1310d.png,2026-05-31T14:25:36+08:00,,,,,
469121542,SHEIN PETITE Summer Outfits For Women 2pcs Contrast Trim Camisole Top & Solid Color Pants Set Two Pieces Comfy Casual Linen Beige Comfortable,S$19.99,https://sg.shein.com/SHEIN-PETITE-Summer-Outfits-For-Women-2pcs-Contrast-Trim-Camisole-Top-Solid-Color-Pants-Set-Two-Pieces-Comfy-Casual-Linen-Beige-Comfortable-p-469121542.html?mallCode=1&pageListType=4&detailBusinessFrom=0-1_469121542%7C0-2,https://sc.ltwebstatic.com/she_dist/images/bg-grey-solid-color-fc04c1310d.png,2026-05-31T14:25:36+08:00,,,,,NEW
389506356,"DAZY Women's Solid Color Off-Shoulder Pleated Fitted Short Sleeve T-Shirt, Spring/Summer",S$6.49,https://sg.shein.com/DAZY-Women-s-Solid-Color-Off-Shoulder-Pleated-Fitted-Short-Sleeve-T-Shirt-Spring-Summer-p-389506356.html?mallCode=1&pageListType=4&detailBusinessFrom=0-1_389506356%7C0-2,https://sc.ltwebstatic.com/she_dist/images/bg-grey-solid-color-fc04c1310d.png,2026-05-31T14:25:36+08:00,,,,,
77895055,"Lace Fitted Halter Neck Sleeveless Top, Slimming White Summer",S$17.49,https://sg.shein.com/Lace-Fitted-Halter-Neck-Sleeveless-Top-Slimming-White-Summer-p-77895055.html?mallCode=1&pageListType=4&detailBusinessFrom=0-1_77895055%7C0-2,https://sc.ltwebstatic.com/she_dist/images/bg-grey-solid-color-fc04c1310d.png,2026-05-31T14:25:36+08:00,,,,,80+ sold
224985301,Women's Casual Everyday Office Commute Minimalist Solid Color Buckle Belted Skort Black Summer,S$15.83,https://sg.shein.com/Women-s-Casual-Everyday-Office-Commute-Minimalist-Solid-Color-Buckle-Belted-Skort-Black-Summer-p-224985301.html?mallCode=1&pageListType=4&detailBusinessFrom=0-1_224985301%7C0-2,https://sc.ltwebstatic.com/she_dist/images/bg-grey-solid-color-fc04c1310d.png,2026-05-31T14:25:36+08:00,,-4%,,,100+ sold
221761496,"Women's Straight Leg Casual Loose Fit Sweatpants, Autumn Spring",S$23.49,https://sg.shein.com/Women-s-Straight-Leg-Casual-Loose-Fit-Sweatpants-Autumn-Spring-p-221761496.html?mallCode=1&pageListType=4&detailBusinessFrom=0-1_221761496%7C0-2,https://sc.ltwebstatic.com/she_dist/images/bg-grey-solid-color-fc04c1310d.png,2026-05-31T14:25:36+08:00,,,,,
53962281,Summer New Women Loose Leisure Versatile Letter & Floral Pattern Splice Design T-Shirt Top Casual White,S$10.49,https://sg.shein.com/Summer-New-Women-Loose-Leisure-Versatile-Letter-Floral-Pattern-Splice-Design-T-Shirt-Top-Casual-White-p-53962281.html?mallCode=1&pageListType=4&detailBusinessFrom=0-1_53962281%7C0-2,https://sc.ltwebstatic.com/she_dist/images/bg-grey-solid-color-fc04c1310d.png,2026-05-31T14:25:36+08:00,,,,,
476642599,Anewsta Summer Sexy Heavy Lace Embroidery Design Random Color Ruched Waist Slip Dress For Women,S$50.13,https://sg.shein.com/Anewsta-Summer-Sexy-Heavy-Lace-Embroidery-Design-Random-Color-Ruched-Waist-Slip-Dress-For-Women-p-476642599.html?mallCode=1&pageListType=4&detailBusinessFrom=0-1_476642599%7C0-2,https://sc.ltwebstatic.com/she_dist/images/bg-grey-solid-color-fc04c1310d.png,2026-05-31T14:25:36+08:00,,-30%,,,Estimated
61618075,"Soleia 2pcs Women Black And White Striped Knit Asymmetrical Neck Crop Top And Bodycon Shorts Set,Summer Casual Holiday Vacation Outfit For Party,Beach",S$11.49,https://sg.shein.com/Soleia-2pcs-Women-Black-And-White-Striped-Knit-Asymmetrical-Neck-Crop-Top-And-Bodycon-Shorts-Set-Summer-Casual-Holiday-Vacation-Outfit-For-Party-Beach-p-61618075.html?mallCode=1&pageListType=4&detailBusinessFrom=0-1_61618075%7C0-2,https://sc.ltwebstatic.com/she_dist/images/bg-grey-solid-color-fc04c1310d.png,2026-05-31T14:25:36+08:00,,,,,
57290443,"Korean Fashion Butterfly Embroidery V-Neck Slim Fit Short Sleeve T-Shirt Top For Women, Summer Casual White",S$11.99,https://sg.shein.com/Korean-Fashion-Butterfly-Embroidery-V-Neck-Slim-Fit-Short-Sleeve-T-Shirt-Top-For-Women-Summer-Casual-White-p-57290443.html?mallCode=1&pageListType=4&detailBusinessFrom=0-1_57290443%7C0-2,https://sc.ltwebstatic.com/she_dist/images/bg-grey-solid-color-fc04c1310d.png,2026-05-31T14:25:36+08:00,,,,,
441470603,Korean Style Striped U-Neck Regular Shoulder Fitted Slimming Waist-Defining Cropped Top,S$10.99,https://sg.shein.com/Korean-Style-Striped-U-Neck-Regular-Shoulder-Fitted-Slimming-Waist-Defining-Cropped-Top-p-441470603.html?mallCode=1&pageListType=4&detailBusinessFrom=0-1_441470603%7C0-2,https://sc.ltwebstatic.com/she_dist/images/bg-grey-solid-color-fc04c1310d.png,2026-05-31T14:25:36+08:00,,,,,
34091384,"EMERY ROSE Linen Bermuda Shorts, Linen Solid Color Knee-Length Shorts With Side Pockets, High Waist And Loose Fit, Fashion Basics",S$12.99,https://sg.shein.com/EMERY-ROSE-Linen-Bermuda-Shorts-Linen-Solid-Color-Knee-Length-Shorts-With-Side-Pockets-High-Waist-And-Loose-Fit-Fashion-Basics-p-34091384.html?mallCode=1&pageListType=4&detailBusinessFrom=0-1_34091384%7C0-2,https://sc.ltwebstatic.com/she_dist/images/bg-grey-solid-color-fc04c1310d.png,2026-05-31T14:25:36+08:00,,,,,
453850295,Perirose Women's Beige Sexy Sleeveless High Neck Cutout Side Lace Up Bodycon Mini Dress Fall Night Out Wear For Homecoming Cocktail Birthday Party,S$11.99,https://sg.shein.com/Perirose-Women-s-Beige-Sexy-Sleeveless-High-Neck-Cutout-Side-Lace-Up-Bodycon-Mini-Dress-Fall-Night-Out-Wear-For-Homecoming-Cocktail-Birthday-Party-p-453850295.html?mallCode=1&pageListType=4&detailBusinessFrom=0-1_453850295%7C0-2,https://sc.ltwebstatic.com/she_dist/images/bg-grey-solid-color-fc04c1310d.png,2026-05-31T14:25:36+08:00,,-56%,,,
66551218,"DAZY Women's Loose Solid Color Lantern Leg Cropped Pants Casual Holiday Trousers, Summer",S$15.49,https://sg.shein.com/DAZY-Women-s-Loose-Solid-Color-Lantern-Leg-Cropped-Pants-Casual-Holiday-Trousers-Summer-p-66551218.html?mallCode=1&pageListType=4&detailBusinessFrom=0-1_66551218%7C0-2,https://sc.ltwebstatic.com/she_dist/images/bg-grey-solid-color-fc04c1310d.png,2026-05-31T14:25:36+08:00,,,,,
71675975,"Women's Blue Lace Trim V-Neck Cover Up, Cute Back To School Summer Shawl Lightweight Outerwear White Spring",S$15.49,https://sg.shein.com/Women-s-Blue-Lace-Trim-V-Neck-Cover-Up-Cute-Back-To-School-Summer-Shawl-Lightweight-Outerwear-White-Spring-p-71675975.html?mallCode=1&pageListType=4&detailBusinessFrom=0-1_71675975%7C0-2,https://sc.ltwebstatic.com/she_dist/images/bg-grey-solid-color-fc04c1310d.png,2026-05-31T14:25:36+08:00,,,,,80+ sold
467465472,"DONICY Women's High Waist Wide Leg Pants With Polka Dots, Vintage Style Full Length Trousers With Pockets, Suitable For Spring And Summer Daily Wear",S$21.43,https://sg.shein.com/DONICY-Women-s-High-Waist-Wide-Leg-Pants-With-Polka-Dots-Vintage-Style-Full-Length-Trousers-With-Pockets-Suitable-For-Spring-And-Summer-Daily-Wear-p-467465472.html?mallCode=1&pageListType=4&detailBusinessFrom=0-1_467465472%7C0-2,https://sc.ltwebstatic.com/she_dist/images/bg-grey-solid-color-fc04c1310d.png,2026-05-31T14:25:36+08:00,,-60%,,,
445078190,SHEIN Lace Patchwork Fitted Camisole Top For Women,S$8.99,https://sg.shein.com/SHEIN-Lace-Patchwork-Fitted-Camisole-Top-For-Women-p-445078190.html?mallCode=1&pageListType=4&detailBusinessFrom=0-1_445078190%7C0-2,https://sc.ltwebstatic.com/she_dist/images/bg-grey-solid-color-fc04c1310d.png,2026-05-31T14:25:36+08:00,,,,,
452888924,"Women's White High Waist Pleated Skirt, Elegant A-Line Long Skirt, Solid Color, Elegant Casual, Polyester, Pleated, Suitable For Holiday, Office, Daily, Date, Travel, All Seasons",S$2.73,https://sg.shein.com/Women-s-White-High-Waist-Pleated-Skirt-Elegant-A-Line-Long-Skirt-Solid-Color-Elegant-Casual-Polyester-Pleated-Suitable-For-Holiday-Office-Daily-Date-Travel-All-Seasons-p-452888924.html?mallCode=1&pageListType=4&detailBusinessFrom=0-1_452888924%7C0-2,https://sc.ltwebstatic.com/she_dist/images/bg-grey-solid-color-fc04c1310d.png,2026-05-31T14:25:36+08:00,,,,,Save S$2.73
34461079,"Breezaya Bohemian Style Shorts With Asymmetrical Hem, Allover Print With Twisted Knot Design",S$9.49,https://sg.shein.com/Breezaya-Bohemian-Style-Shorts-With-Asymmetrical-Hem-Allover-Print-With-Twisted-Knot-Design-p-34461079.html?mallCode=1&pageListType=4&detailBusinessFrom=0-1_34461079%7C0-2,https://sc.ltwebstatic.com/she_dist/images/bg-grey-solid-color-fc04c1310d.png,2026-05-31T14:25:36+08:00,,,,,
38965902,"DAZY Women Casual Side Slit Oversized T-Shirt, Spring Summer,Fall Clothes Long Sleeve Women Tops Cover Ups For Swimwear",S$1.08,https://sg.shein.com/DAZY-Women-Casual-Side-Slit-Oversized-T-Shirt-Spring-Summer-Fall-Clothes-Long-Sleeve-Women-Tops-Cover-Ups-For-Swimwear-p-38965902.html?mallCode=1&pageListType=4&detailBusinessFrom=0-1_38965902%7C0-2,https://sc.ltwebstatic.com/she_dist/images/bg-grey-solid-color-fc04c1310d.png,2026-05-31T14:25:36+08:00,,,,,Save S$1.08
386570604,"2026 Spring/Autumn New Fashionable Elegant Contrast Lace Long Sleeve Top, Versatile Luxurious T-Shirt For Women Summer Casual",S$11.03,https://sg.shein.com/2026-Spring-Autumn-New-Fashionable-Elegant-Contrast-Lace-Long-Sleeve-Top-Versatile-Luxurious-T-Shirt-For-Women-Summer-Casual-p-386570604.html?mallCode=1&pageListType=4&detailBusinessFrom=0-1_386570604%7C0-2,https://sc.ltwebstatic.com/she_dist/images/bg-grey-solid-color-fc04c1310d.png,2026-05-31T14:25:36+08:00,,-4%,,,
18088870,Washed Ripped Wide Leg Jeans Casual Spring,S$30.49,https://sg.shein.com/Washed-Ripped-Wide-Leg-Jeans-Casual-Spring-p-18088870.html?mallCode=1&pageListType=4&detailBusinessFrom=0-1_18088870%7C0-2,https://sc.ltwebstatic.com/she_dist/images/bg-grey-solid-color-fc04c1310d.png,2026-05-31T14:25:36+08:00,,,,,
342000631,"SHEIN MOD Women's Black White Polka Dot 2 Pieces Set,Cute Sleeveless Top And Shorts,Summer Vacation,Holiday Outfit,Valentine's Day,Date,Beach,90s Tea Party",S$17.99,https://sg.shein.com/SHEIN-MOD-Women-s-Black-White-Polka-Dot-2-Pieces-Set-Cute-Sleeveless-Top-And-Shorts-Summer-Vacation-Holiday-Outfit-Valentine-s-Day-Date-Beach-90s-Tea-Party-p-342000631.html?mallCode=1&pageListType=4&detailBusinessFrom=0-1_342000631%7C0-2,https://sc.ltwebstatic.com/she_dist/images/bg-grey-solid-color-fc04c1310d.png,2026-05-31T14:25:36+08:00,,,,,60+ sold
468417347,"SHEIN Lady Women's Casual Loose Cloak Style Wool Blend Coat, Minimalist & Business Autumn Winter Clothes For Women Red Top For Women Cape Blouse Red Red Elegant Top",S$21.99,https://sg.shein.com/SHEIN-Lady-Women-s-Casual-Loose-Cloak-Style-Wool-Blend-Coat-Minimalist-Business-Autumn-Winter-Clothes-For-Women-Red-Top-For-Women-Cape-Blouse-Red-Red-Elegant-Top-p-468417347.html?mallCode=1&pageListType=4&detailBusinessFrom=0-1_468417347%7C0-2,https://sc.ltwebstatic.com/she_dist/images/bg-grey-solid-color-fc04c1310d.png,2026-05-31T14:25:36+08:00,,,,,NEW
398284243,"2026 New Knitted Face Mask Short Sleeve Undershirt, Women's Summer Thin Round Neck White T-Shirt Casual",S$5.99,https://sg.shein.com/2026-New-Knitted-Face-Mask-Short-Sleeve-Undershirt-Women-s-Summer-Thin-Round-Neck-White-T-Shirt-Casual-p-398284243.html?mallCode=1&pageListType=4&detailBusinessFrom=0-1_398284243%7C0-2,https://sc.ltwebstatic.com/she_dist/images/bg-grey-solid-color-fc04c1310d.png,2026-05-31T14:25:36+08:00,,,,,
18144392,DAZY Solid Cami Top Tank Tops,S$7.99,https://sg.shein.com/DAZY-Solid-Cami-Top-Tank-Tops-p-18144392.html?mallCode=1&pageListType=4&detailBusinessFrom=0-1_18144392%7C0-2,https://sc.ltwebstatic.com/she_dist/images/bg-grey-solid-color-fc04c1310d.png,2026-05-31T14:25:36+08:00,,,(1000+),,100+ sold
381836039,"Siren Gaze Elegent White With Black Polka Dots Peplum Top,Summer Retro Sleeveless Fitted Waist A-Line Blouse For Women,Cute Tea Party Cream-Colored Top",S$1.92,https://sg.shein.com/Siren-Gaze-Elegent-White-With-Black-Polka-Dots-Peplum-Top-Summer-Retro-Sleeveless-Fitted-Waist-A-Line-Blouse-For-Women-Cute-Tea-Party-Cream-Colored-Top-p-381836039.html?mallCode=1&pageListType=4&detailBusinessFrom=0-1_381836039%7C0-2,https://sc.ltwebstatic.com/she_dist/images/bg-grey-solid-color-fc04c1310d.png,2026-05-31T14:25:36+08:00,,,,,Save S$1.92
331350462,"Travachic Women's Sun Embroidery Wrap Skort,Boho Navy Blue And White Casual Tropical Tie Loose Culottes,Mexican Style Elegant Summer Beach Vacation Holiday",S$16.99,https://sg.shein.com/Travachic-Women-s-Sun-Embroidery-Wrap-Skort-Boho-Navy-Blue-And-White-Casual-Tropical-Tie-Loose-Culottes-Mexican-Style-Elegant-Summer-Beach-Vacation-Holiday-p-331350462.html?mallCode=1&pageListType=4&detailBusinessFrom=0-1_331350462%7C0-2,https://sc.ltwebstatic.com/she_dist/images/bg-grey-solid-color-fc04c1310d.png,2026-05-31T14:25:36+08:00,,,,,
477675942,CAJUNI Women's Vacation Embroidered Hollow-Out Side Slit Slip Dress,S$18.99,https://sg.shein.com/CAJUNI-Women-s-Vacation-Embroidered-Hollow-Out-Side-Slit-Slip-Dress-p-477675942.html?mallCode=1&pageListType=4&detailBusinessFrom=0-1_477675942%7C0-2,https://sc.ltwebstatic.com/she_dist/images/bg-grey-solid-color-fc04c1310d.png,2026-05-31T14:25:36+08:00,,,,,NEW
43652830,"Women's Vintage Loose Straight Leg Jeans, Oversized American Wide Leg Drop-Hem Pants, Autumn/Winter Casual Spring",S$26.49,https://sg.shein.com/Women-s-Vintage-Loose-Straight-Leg-Jeans-Oversized-American-Wide-Leg-Drop-Hem-Pants-Autumn-Winter-Casual-Spring-p-43652830.html?mallCode=1&pageListType=4&detailBusinessFrom=0-1_43652830%7C0-2,https://sc.ltwebstatic.com/she_dist/images/bg-grey-solid-color-fc04c1310d.png,2026-05-31T14:25:36+08:00,,,,,
116710397,Jeanoix Women's Casual Loose Flare Leg Low Waist Jeans Y2k,S$33.99,https://sg.shein.com/Jeanoix-Women-s-Casual-Loose-Flare-Leg-Low-Waist-Jeans-Y2k-p-116710397.html?mallCode=1&pageListType=4&detailBusinessFrom=0-1_116710397%7C0-2,https://sc.ltwebstatic.com/she_dist/images/bg-grey-solid-color-fc04c1310d.png,2026-05-31T14:25:36+08:00,,,,,
444529000,Elamini Women's Casual Minimalist Polo Collar Horse Embroidered Fitted T-Shirt + Mini Low-Waist Skirt Pants Set,S$20.49,https://sg.shein.com/Elamini-Women-s-Casual-Minimalist-Polo-Collar-Horse-Embroidered-Fitted-T-Shirt-Mini-Low-Waist-Skirt-Pants-Set-p-444529000.html?mallCode=1&pageListType=4&detailBusinessFrom=0-1_444529000%7C0-2,https://sc.ltwebstatic.com/she_dist/images/bg-grey-solid-color-fc04c1310d.png,2026-05-31T14:25:36+08:00,,,,,
90841259,ROMWE Anime Spring/Summer Carnival Party Luxury Sequin Cute & Sexy 2D Cartoon Print Camisole Top For Women,S$0.60,https://sg.shein.com/ROMWE-Anime-Spring-Summer-Carnival-Party-Luxury-Sequin-Cute-Sexy-2D-Cartoon-Print-Camisole-Top-For-Women-p-90841259.html?mallCode=1&pageListType=4&detailBusinessFrom=0-1_90841259%7C0-2,https://sc.ltwebstatic.com/she_dist/images/bg-grey-solid-color-fc04c1310d.png,2026-05-31T14:25:36+08:00,,,,,Save S$0.60
462979080,"Rusticease Women's Casual Lace Patchwork Cotton100% Midi Dress,Elegant Summer Holiday White Tea Party Outfits,Minimalist Daily Wear Graduation Dresses",S$17.99,https://sg.shein.com/Rusticease-Women-s-Casual-Lace-Patchwork-Cotton100-Midi-Dress-Elegant-Summer-Holiday-White-Tea-Party-Outfits-Minimalist-Daily-Wear-Graduation-Dresses-p-462979080.html?mallCode=1&pageListType=4&detailBusinessFrom=0-1_462979080%7C0-2,https://sc.ltwebstatic.com/she_dist/images/bg-grey-solid-color-fc04c1310d.png,2026-05-31T14:25:36+08:00,,00%,,,
424609709,"2026 European And American Sexy Women Bikini Set, Cute Swimsuit Ladies Beach Holiday Swimwear 2pcs",S$17.31,https://sg.shein.com/2026-European-And-American-Sexy-Women-Bikini-Set-Cute-Swimsuit-Ladies-Beach-Holiday-Swimwear-2pcs-p-424609709.html?mallCode=1&pageListType=4&detailBusinessFrom=0-1_424609709%7C0-2,https://sc.ltwebstatic.com/she_dist/images/bg-grey-solid-color-fc04c1310d.png,2026-05-31T14:25:36+08:00,,-40%,,,
440718276,"Aloruh Women's Casual Blue & White Plaid Shorts, Summer",S$9.49,https://sg.shein.com/Aloruh-Women-s-Casual-Blue-White-Plaid-Shorts-Summer-p-440718276.html?mallCode=1&pageListType=4&detailBusinessFrom=0-1_440718276%7C0-2,https://sc.ltwebstatic.com/she_dist/images/bg-grey-solid-color-fc04c1310d.png,2026-05-31T14:25:36+08:00,,,,,
45095554,"INAWLY 1pc Women Lace Trim Camisole Top, Basic Fitted Elegant Solid Color Tank",S$5.75,https://sg.shein.com/INAWLY-1pc-Women-Lace-Trim-Camisole-Top-Basic-Fitted-Elegant-Solid-Color-Tank-p-45095554.html?mallCode=1&pageListType=4&detailBusinessFrom=0-1_45095554%7C0-2,https://sc.ltwebstatic.com/she_dist/images/bg-grey-solid-color-fc04c1310d.png,2026-05-31T14:25:36+08:00,,-4%,,,200+ sold
419417539,"Women's Solid Color Minimalist V-Neck Short Sleeve T-Shirt, Everyday Wear Casual Black Summer",S$11.99,https://sg.shein.com/Women-s-Solid-Color-Minimalist-V-Neck-Short-Sleeve-T-Shirt-Everyday-Wear-Casual-Black-Summer-p-419417539.html?mallCode=1&pageListType=4&detailBusinessFrom=0-1_419417539%7C0-2,https://sc.ltwebstatic.com/she_dist/images/bg-grey-solid-color-fc04c1310d.png,2026-05-31T14:25:36+08:00,,,,,
57237853,"American Style Short Sleeve Crew Neck Fitted T-Shirt For Women, Spring/Summer, New White Casual Top",S$8.49,https://sg.shein.com/American-Style-Short-Sleeve-Crew-Neck-Fitted-T-Shirt-For-Women-Spring-Summer-New-White-Casual-Top-p-57237853.html?mallCode=1&pageListType=4&detailBusinessFrom=0-1_57237853%7C0-2,https://sc.ltwebstatic.com/she_dist/images/bg-grey-solid-color-fc04c1310d.png,2026-05-31T14:25:36+08:00,,,,,
121921069,"INAWLY Women Letter Print Casual Loose Fit Round Neck Short Sleeve T-Shirt, Summer",S$7.49,https://sg.shein.com/INAWLY-Women-Letter-Print-Casual-Loose-Fit-Round-Neck-Short-Sleeve-T-Shirt-Summer-p-121921069.html?mallCode=1&pageListType=4&detailBusinessFrom=0-1_121921069%7C0-2,https://sc.ltwebstatic.com/she_dist/images/bg-grey-solid-color-fc04c1310d.png,2026-05-31T14:25:36+08:00,,,,,
424641002,"FRIFUL Women's Casual Polka Dot Print Lace Trim Tie Front T-Shirt, Summer Graphic Tees Women",S$1.23,https://sg.shein.com/FRIFUL-Women-s-Casual-Polka-Dot-Print-Lace-Trim-Tie-Front-T-Shirt-Summer-Graphic-Tees-Women-p-424641002.html?mallCode=1&pageListType=4&detailBusinessFrom=0-1_424641002%7C0-2,https://sc.ltwebstatic.com/she_dist/images/bg-grey-solid-color-fc04c1310d.png,2026-05-31T14:25:36+08:00,,,,,Save S$1.23
443023405,"2pcs/Set Spring/Summer New Black + White Short Sleeve T-Shirts, Women Solid Color Slim Fit Undershirts Casual",S$11.49,https://sg.shein.com/2pcs-Set-Spring-Summer-New-Black-White-Short-Sleeve-T-Shirts-Women-Solid-Color-Slim-Fit-Undershirts-Casual-p-443023405.html?mallCode=1&pageListType=4&detailBusinessFrom=0-1_443023405%7C0-2,https://sc.ltwebstatic.com/she_dist/images/bg-grey-solid-color-fc04c1310d.png,2026-05-31T14:25:36+08:00,,,,,High Repeat Customers
475144215,"Glamine Light Sky Blue All-Over Sequin Crisscross Backless Soft-Lined Stretch Knit Bodycon Maxi Party Dress Light Blue Sequin Dress, All-Over Sequin Maxi Dress, Crisscross Backless Soft-Lined Sequin Dress, Stretch Knit Sequin Dress, Bodycon Party Dress, Backless Evening Gown, Sparkly Club Dress, Y2K Festival Outfit, Form-Fitting Sequin Dress, Glitter Cocktail Dress, Floor-Length Party Dress Music Festival, Wedding Guest, Cocktail Event, Formal Gala, Bachelorette Party,Early Summer Autumn. All Year Round",S$35.49,https://sg.shein.com/Glamine-Light-Sky-Blue-All-Over-Sequin-Crisscross-Backless-Soft-Lined-Stretch-Knit-Bodycon-Maxi-Party-Dress-Light-Blue-Sequin-Dress-All-Over-Sequin-Maxi-Dress-Crisscross-Backless-Soft-Lined-Sequin-Dress-Stretch-Knit-Sequin-Dress-Bodycon-Party-Dress-Backless-Evening-Gown-Sparkly-Club-Dress-Y2K-Festival-Outfit-Form-Fitting-Sequin-Dress-Glitter-Cocktail-Dress-Floor-Length-Party-Dress-Music-Festival-Wedding-Guest-Cocktail-Event-Formal-Gala-Bachelorette-Party-Early-Summer-Autumn-All-Year-Round-p-475144215.html?mallCode=1&pageListType=4&detailBusinessFrom=0-1_475144215%7C0-2,https://sc.ltwebstatic.com/she_dist/images/bg-grey-solid-color-fc04c1310d.png,2026-05-31T14:25:36+08:00,,,,,
32700845,Women's Fashionable Black Multi-Layer Ruffle Detail Shorts Casual Summer,S$15.99,https://sg.shein.com/Women-s-Fashionable-Black-Multi-Layer-Ruffle-Detail-Shorts-Casual-Summer-p-32700845.html?mallCode=1&pageListType=4&detailBusinessFrom=0-1_32700845%7C0-2,https://img.ltwebstatic.com/v4/j/spmp/2025/06/19/55/1750312213855d20f1a5745a4855fb02c7fca86d14_thumbnail_600x.webp,2026-05-31T14:27:28+08:00,,,,,
467260000,Sweetra Summer Casual Patchwork Print Denim Bib Pants,S$30.49,https://sg.shein.com/Sweetra-Summer-Casual-Patchwork-Print-Denim-Bib-Pants-p-467260000.html?mallCode=1&pageListType=4&detailBusinessFrom=0-1_467260000%7C0-2,https://img.ltwebstatic.com/v4/j/pi/2026/05/13/80/17786528704fb83c5c82f92e006e7304967004d4d8_thumbnail_600x.webp,2026-05-31T14:27:28+08:00,,,,,NEW
126496566,"Lace Trim Camisole Top With Built-In Padded Bra, Slim Fit Layering Top For Women Casual White Summer",S$7.99,https://sg.shein.com/Lace-Trim-Camisole-Top-With-Built-In-Padded-Bra-Slim-Fit-Layering-Top-For-Women-Casual-White-Summer-p-126496566.html?mallCode=1&pageListType=4&detailBusinessFrom=0-1_126496566%7C0-2,https://img.ltwebstatic.com/v4/j/spmp/2025/07/05/6f/1751679068d127167ecda6cda873a4b6a6c9244871_thumbnail_600x.webp,2026-05-31T14:27:28+08:00,,,,,
393593772,"FRIFUL Women's Polka Dot Ruffle Pleated Casual Jumpsuit, Suitable For Daily, Vacation And Travel Jumpsuits For Women Summer",S$3.05,https://sg.shein.com/FRIFUL-Women-s-Polka-Dot-Ruffle-Pleated-Casual-Jumpsuit-Suitable-For-Daily-Vacation-And-Travel-Jumpsuits-For-Women-Summer-p-393593772.html?mallCode=1&pageListType=4&detailBusinessFrom=0-1_393593772%7C0-2,https://img.ltwebstatic.com/v4/j/pi/2026/02/03/2f/1770081570ba6e219944cca46ccd4efd798c9756ec_thumbnail_600x.webp,2026-05-31T14:27:28+08:00,,,,,Save S$3.05
460768446,"Flora Isola Flora Isola Elegant Black And White Checkered Summer Vacation Skorts,Asymmetric Striped Tie-Up A-Line Short Skorts,Fashionable Urban Office Skorts For Outings",S$10.99,https://sg.shein.com/Flora-Isola-Flora-Isola-Elegant-Black-And-White-Checkered-Summer-Vacation-Skorts-Asymmetric-Striped-Tie-Up-A-Line-Short-Skorts-Fashionable-Urban-Office-Skorts-For-Outings-p-460768446.html?mallCode=1&pageListType=4&detailBusinessFrom=0-1_460768446%7C0-2,https://img.ltwebstatic.com/v4/j/pi/2026/05/18/7f/1779082234188b07974b3d8954946da373f3c28427_thumbnail_600x.webp,2026-05-31T14:27:28+08:00,,,,,
74951459,"Maija Women's Vintage Beach Resort Black & White Striped Crochet Shorts, Resort Style For Summer Beach Vacation",S$1.12,https://sg.shein.com/Maija-Women-s-Vintage-Beach-Resort-Black-White-Striped-Crochet-Shorts-Resort-Style-For-Summer-Beach-Vacation-p-74951459.html?mallCode=1&pageListType=4&detailBusinessFrom=0-1_74951459%7C0-2,https://img.ltwebstatic.com/v4/j/pi/2025/05/09/06/174678479434101533dc2c87fce77fe6515adb7ac1_thumbnail_600x.webp,2026-05-31T14:27:28+08:00,,,,,Save S$1.12
469746754,Sweetra Y2K Casual Vacation Versatile Collegiate Textured Wide Leg Pants,S$21.49,https://sg.shein.com/Sweetra-Y2K-Casual-Vacation-Versatile-Collegiate-Textured-Wide-Leg-Pants-p-469746754.html?mallCode=1&pageListType=4&detailBusinessFrom=0-1_469746754%7C0-2,https://img.ltwebstatic.com/v4/j/pi/2026/05/14/8a/1778757953a3df94ce3dc69d352f961053f85e819d_thumbnail_600x.webp,2026-05-31T14:27:28+08:00,,,,,NEW
474655933,SHEIN ChicEase Women's Striped Contrast Color Cropped Long Sleeve Cardigan,S$14.99,https://sg.shein.com/SHEIN-ChicEase-Women-s-Striped-Contrast-Color-Cropped-Long-Sleeve-Cardigan-p-474655933.html?mallCode=1&pageListType=4&detailBusinessFrom=0-1_474655933%7C0-2,https://img.ltwebstatic.com/v4/j/pi/2026/05/19/0c/17791200816ae1b06a56cb41e77f49e813d53b5de8_thumbnail_600x.webp,2026-05-31T14:27:28+08:00,,,,,NEW
469405473,"Jeanoix Solid Color Straight Loose Casual Pants With Belt Loops, Versatile",S$26.49,https://sg.shein.com/Jeanoix-Solid-Color-Straight-Loose-Casual-Pants-With-Belt-Loops-Versatile-p-469405473.html?mallCode=1&pageListType=4&detailBusinessFrom=0-1_469405473%7C0-2,https://img.ltwebstatic.com/v4/j/pi/2026/05/14/da/1778728137696192a6ce959b7d70b8f7aa2189578e_thumbnail_600x.webp,2026-05-31T14:27:28+08:00,,,,,NEW
480234012,"Elyressa Women Summer Black White Patchwork Bustier Waist Bodycon A-Line Mini Dress,Autumn Elegent Dining Party Birthday,Boho Beach Vacation Club Outfit",S$13.49,https://sg.shein.com/Elyressa-Women-Summer-Black-White-Patchwork-Bustier-Waist-Bodycon-A-Line-Mini-Dress-Autumn-Elegent-Dining-Party-Birthday-Boho-Beach-Vacation-Club-Outfit-p-480234012.html?mallCode=1&pageListType=4&detailBusinessFrom=0-1_480234012%7C0-2,https://img.ltwebstatic.com/v4/j/pi/2026/05/25/a5/17796740204625637d28f4eae9d3c3137c968bcbe0_thumbnail_600x.webp,2026-05-31T14:27:28+08:00,,,,,NEW
127301836,"INAWLY 2pcs Women's Casual Heart Embroidery T-Shirt And Striped Pants Set, Summer",S$2.10,https://sg.shein.com/INAWLY-2pcs-Women-s-Casual-Heart-Embroidery-T-Shirt-And-Striped-Pants-Set-Summer-p-127301836.html?mallCode=1&pageListType=4&detailBusinessFrom=0-1_127301836%7C0-2,https://img.ltwebstatic.com/v4/j/pi/2025/08/01/2e/1754039493fa28be69c0b5d2b75b3ecdd5d0426045_thumbnail_600x.webp,2026-05-31T14:27:28+08:00,,,,,Save S$2.10
50787763,"DAZY Women's Solid Color Round Neck Long Sleeve Casual Cover Up Top, Suitable For Vacation, For Summer Beach Sheer",S$14.99,https://sg.shein.com/DAZY-Women-s-Solid-Color-Round-Neck-Long-Sleeve-Casual-Cover-Up-Top-Suitable-For-Vacation-For-Summer-Beach-Sheer-p-50787763.html?mallCode=1&pageListType=4&detailBusinessFrom=0-1_50787763%7C0-2,https://img.ltwebstatic.com/images3_pi/2024/12/18/e5/1734510115269ca1e3bf9c1386c1889c14b7d86d2b_thumbnail_600x.webp,2026-05-31T14:27:28+08:00,,,,,90+ sold
11673771,SHEIN EZwear Ruched Front Button Up Shirt,S$2.66,https://sg.shein.com/SHEIN-EZwear-Ruched-Front-Button-Up-Shirt-p-11673771.html?mallCode=1&pageListType=4&detailBusinessFrom=0-1_11673771%7C0-2,https://img.ltwebstatic.com/images3_pi/2022/10/11/1665452883eb1083fbfcfc4a33dbf29966e03dd227_thumbnail_600x.webp,2026-05-31T14:27:28+08:00,,,,,Save S$2.66
440085004,"EARO Women's Casual Long Polka Dot Print Skirt, Elastic Waist Design, Flowy Multi-Layer Style, Non-Stretch Vacation Summer",S$16.97,https://sg.shein.com/EARO-Women-s-Casual-Long-Polka-Dot-Print-Skirt-Elastic-Waist-Design-Flowy-Multi-Layer-Style-Non-Stretch-Vacation-Summer-p-440085004.html?mallCode=1&pageListType=4&detailBusinessFrom=0-1_440085004%7C0-2,https://img.ltwebstatic.com/v4/j/spmp/2026/05/15/d2/17788263338283d324fb70a0cdb32cce6e02409539_thumbnail_600x.webp,2026-05-31T14:27:28+08:00,,-6%,,,
47929989,"Slaydiva 3pcs/Set Tie-Dye Casual Knit Leggings For Women, Long Style Suitable For Summer Suitable For Going Out Fall Clothes Women's Sportswear",S$15.49,https://sg.shein.com/Slaydiva-3pcs-Set-Tie-Dye-Casual-Knit-Leggings-For-Women-Long-Style-Suitable-For-Summer-Suitable-For-Going-Out-Fall-Clothes-Women-s-Sportswear-p-47929989.html?mallCode=1&pageListType=4&detailBusinessFrom=0-1_47929989%7C0-2,https://img.ltwebstatic.com/images3_pi/2024/11/18/25/1731904716d29450042c6598ae9bfe7f37b97ad5e2_thumbnail_600x.webp,2026-05-31T14:27:28+08:00,,,,,
434107352,"SHEIN X Care Bears Women's Cartoon Print Elastic Waist Leggings,",S$3.59,https://sg.shein.com/SHEIN-X-Care-Bears-Women-s-Cartoon-Print-Elastic-Waist-Leggings-p-434107352.html?mallCode=1&pageListType=4&detailBusinessFrom=0-1_434107352%7C0-2,https://img.ltwebstatic.com/v4/j/pi/2026/04/01/ae/17750116701c2e76a0896db47149619486aa281870_thumbnail_600x.webp,2026-05-31T14:27:28+08:00,,,,,Save S$3.59
439091549,"Red Letter Print Short Sleeve T-Shirt For Women, Summer Sexy Slim Fit Cropped Design Top Casual",S$7.99,https://sg.shein.com/Red-Letter-Print-Short-Sleeve-T-Shirt-For-Women-Summer-Sexy-Slim-Fit-Cropped-Design-Top-Casual-p-439091549.html?mallCode=1&pageListType=4&detailBusinessFrom=0-1_439091549%7C0-2,https://img.ltwebstatic.com/v4/j/spmp/2026/04/06/20/1775457724640e9fe77e3d84ce8221062593fd1ff5_thumbnail_600x.webp,2026-05-31T14:27:28+08:00,,,,,High Repeat Customers
483645121,Aralina Women's Single-Breasted Casual Versatile Daily Denim Jacket,S$34.49,https://sg.shein.com/Aralina-Women-s-Single-Breasted-Casual-Versatile-Daily-Denim-Jacket-p-483645121.html?mallCode=1&pageListType=4&detailBusinessFrom=0-1_483645121%7C0-2,https://img.ltwebstatic.com/v4/j/pi/2026/05/28/3f/1779945955049848a46cf6ca16cefb767c56cd4cd7_thumbnail_600x.webp,2026-05-31T14:27:28+08:00,,,,,NEW
482909831,Jeanoix Women's Pocket Button Casual Versatile Daily Outing Washed Denim Jeans,S$37.99,https://sg.shein.com/Jeanoix-Women-s-Pocket-Button-Casual-Versatile-Daily-Outing-Washed-Denim-Jeans-p-482909831.html?mallCode=1&pageListType=4&detailBusinessFrom=0-1_482909831%7C0-2,https://img.ltwebstatic.com/v4/j/pi/2026/05/26/a7/17797867504dbf8af3d161b85f6c74f0745c3b6ae6_thumbnail_600x.webp,2026-05-31T14:27:28+08:00,,,,,NEW
476700033,"SOLERSUN Women's Elegant,Deep-V Fitted-Waist Bodycon Dress,Cream Tropical Lily Print Slit Flowy Summer Holiday Vacation Holiday,Beach Island Resort Parties",S$16.99,https://sg.shein.com/SOLERSUN-Women-s-Elegant-Deep-V-Fitted-Waist-Bodycon-Dress-Cream-Tropical-Lily-Print-Slit-Flowy-Summer-Holiday-Vacation-Holiday-Beach-Island-Resort-Parties-p-476700033.html?mallCode=1&pageListType=4&detailBusinessFrom=0-1_476700033%7C0-2,https://img.ltwebstatic.com/v4/j/pi/2026/05/21/f4/1779345442f37427af5df21e52b9d157fd4313c93f_thumbnail_600x.webp,2026-05-31T14:27:28+08:00,,,,,NEW
69255897,"Sheer Tie-Waist Long Sleeve Loose Cover Up, Flattering Figure Spring Casual",S$10.49,https://sg.shein.com/Sheer-Tie-Waist-Long-Sleeve-Loose-Cover-Up-Flattering-Figure-Spring-Casual-p-69255897.html?mallCode=1&pageListType=4&detailBusinessFrom=0-1_69255897%7C0-2,https://img.ltwebstatic.com/v4/j/spmp/2025/06/05/93/17491088382bc5835cc41872dc7ef9cdb1cc0b4b05_thumbnail_600x.webp,2026-05-31T14:27:28+08:00,,,,,
327838457,"Korean Style Cute Polka Dot Ruffle Hem Cropped Camisole, Can Be Worn As Layering Or Outerwear Casual White Summer",S$6.99,https://sg.shein.com/Korean-Style-Cute-Polka-Dot-Ruffle-Hem-Cropped-Camisole-Can-Be-Worn-As-Layering-Or-Outerwear-Casual-White-Summer-p-327838457.html?mallCode=1&pageListType=4&detailBusinessFrom=0-1_327838457%7C0-2,https://img.ltwebstatic.com/v4/j/ssms/2026/04/29/57/177744567260ea7c10cfa8279a00b500417e7c51bf_thumbnail_600x.webp,2026-05-31T14:27:28+08:00,,,,,
343784542,"Glimmora Y2K Women's Angel Rhinestone Shiny Shorts, Women's Casual Short Bottoms, Suitable For Summer Outings, Parties And Daily Wear",S$0.97,https://sg.shein.com/Glimmora-Y2K-Women-s-Angel-Rhinestone-Shiny-Shorts-Women-s-Casual-Short-Bottoms-Suitable-For-Summer-Outings-Parties-And-Daily-Wear-p-343784542.html?mallCode=1&pageListType=4&detailBusinessFrom=0-1_343784542%7C0-2,https://img.ltwebstatic.com/v4/j/pi/2025/12/30/1e/17670625564a1036613eba6a85f1071f577cb31742_thumbnail_600x.webp,2026-05-31T14:27:28+08:00,,,,,Save S$0.97
439260380,Women's Retro Casual Loose Straight Leg Jeans,S$25.99,https://sg.shein.com/Women-s-Retro-Casual-Loose-Straight-Leg-Jeans-p-439260380.html?mallCode=1&pageListType=4&detailBusinessFrom=0-1_439260380%7C0-2,https://img.ltwebstatic.com/v4/j/spmp/2026/04/10/eb/17758059236e0680adc407cbf0fc71b2ca5f2db047_thumbnail_600x.webp,2026-05-31T14:27:28+08:00,,,,,NEW
451164291,"Elegant Fashionable Versatile Satin & Lace Patchwork Asymmetric Hem Mini Skirt, Spring/Summer New Arrival Black",S$10.72,https://sg.shein.com/Elegant-Fashionable-Versatile-Satin-Lace-Patchwork-Asymmetric-Hem-Mini-Skirt-Spring-Summer-New-Arrival-Black-p-451164291.html?mallCode=1&pageListType=4&detailBusinessFrom=0-1_451164291%7C0-2,https://img.ltwebstatic.com/v4/j/spmp/2026/05/18/30/17790857921c18e45794ecec6e11840e74ef84ce64_thumbnail_600x.webp,2026-05-31T14:27:28+08:00,,-11%,,,
169418360,DAZY Women's High Waist Elastic Fitted Grey Shorts Fall,S$1.38,https://sg.shein.com/DAZY-Women-s-High-Waist-Elastic-Fitted-Grey-Shorts-Fall-p-169418360.html?mallCode=1&pageListType=4&detailBusinessFrom=0-1_169418360%7C0-2,https://img.ltwebstatic.com/v4/j/pi/2025/09/02/cc/17567986249423749538edf68288c1a511e23a52ce_thumbnail_600x.webp,2026-05-31T14:27:28+08:00,,,,,Save S$1.38
482724209,"Women's Casual Striped Knit 2 Pieces Set, Lapel Button-Up Top And Shorts, Loose Summer Outfit",S$34.30,https://sg.shein.com/Women-s-Casual-Striped-Knit-2-Pieces-Set-Lapel-Button-Up-Top-And-Shorts-Loose-Summer-Outfit-p-482724209.html?mallCode=1&pageListType=4&detailBusinessFrom=0-1_482724209%7C0-2,https://img.ltwebstatic.com/v4/j/spmp/2026/05/25/0f/17796841257d3254c0940e3b3d9d282a910c8c1fe5_thumbnail_600x.webp,2026-05-31T14:27:28+08:00,,-46%,,,
87153023,"U-Neck Slim Fit Short Sleeve T-Shirt, Stretchy, Minimalist Solid Color Basic Tee Casual White Summer",S$10.49,https://sg.shein.com/U-Neck-Slim-Fit-Short-Sleeve-T-Shirt-Stretchy-Minimalist-Solid-Color-Basic-Tee-Casual-White-Summer-p-87153023.html?mallCode=1&pageListType=4&detailBusinessFrom=0-1_87153023%7C0-2,https://img.ltwebstatic.com/v4/j/ssms/2026/04/30/fe/17775196802409c772e27613aff47973f97deafd61_thumbnail_600x.webp,2026-05-31T14:27:28+08:00,,,,,
434807581,"Rivet Crew Neck Knit Top, Versatile Fitted Petite Short Sleeve Slim Fit Top, Spring/Summer For Women Casual Black",S$9.99,https://sg.shein.com/Rivet-Crew-Neck-Knit-Top-Versatile-Fitted-Petite-Short-Sleeve-Slim-Fit-Top-Spring-Summer-For-Women-Casual-Black-p-434807581.html?mallCode=1&pageListType=4&detailBusinessFrom=0-1_434807581%7C0-2,https://img.ltwebstatic.com/v4/p/spmp/2026/04/12/9a/17759846535ac7c228a8bc69adeac47fd4bbb51cac_thumbnail_600x.webp,2026-05-31T14:27:28+08:00,,,,,
48692681,Aloruh Women's Sexy Retro Pattern PU Leather Super Short Mini Shorts,S$13.99,https://sg.shein.com/Aloruh-Women-s-Sexy-Retro-Pattern-PU-Leather-Super-Short-Mini-Shorts-p-48692681.html?mallCode=1&pageListType=4&detailBusinessFrom=0-1_48692681%7C0-2,https://img.ltwebstatic.com/images3_pi/2024/11/26/0c/1732590419ce3d376c0d2c4c50e98b786b7e77bd5f_thumbnail_600x.webp,2026-05-31T14:27:28+08:00,,,,,
460413764,"New Burgundy Women's Personalized Blazer Jacket. This Fashionable And Sunny Classic Notched Lapel Blazer Jacket Can Also Be Worn In Autumn. Suitable For Dates, Parties, Weddings And Other Formal Occasions.",S$32.99,https://sg.shein.com/New-Burgundy-Women-s-Personalized-Blazer-Jacket-This-Fashionable-And-Sunny-Classic-Notched-Lapel-Blazer-Jacket-Can-Also-Be-Worn-In-Autumn-Suitable-For-Dates-Parties-Weddings-And-Other-Formal-Occasions-p-460413764.html?mallCode=1&pageListType=4&detailBusinessFrom=0-1_460413764%7C0-2,https://img.ltwebstatic.com/v4/j/spmp/2026/05/06/63/17780566255bfbf5d05802f2e7239ae9fadcff6ac9_thumbnail_600x.webp,2026-05-31T14:27:28+08:00,,,,,NEW
417015107,Dazy Tall Women's Drawstring Waist Casual Everyday Wear Sweatpants Summer,S$2.60,https://sg.shein.com/Dazy-Tall-Women-s-Drawstring-Waist-Casual-Everyday-Wear-Sweatpants-Summer-p-417015107.html?mallCode=1&pageListType=4&detailBusinessFrom=0-1_417015107%7C0-2,https://img.ltwebstatic.com/v4/j/pi/2026/03/10/fe/17731144266163a72ffe20ac76ee50875f4bd84d6f_thumbnail_600x.webp,2026-05-31T14:27:28+08:00,,,,,Save S$2.60
65670688,"Customized Personalized Printed T-Shirt For Women & Men, Custom Text Logo Photo, Fashionable Hip-Hop Casual Minimalist Chic, Capsule Wardrobe Streetwear, Ideal Gift For Him Boyfriend Family, Birthday Holiday School Sports Autumn Wedding, Gift Ideas",S$1.32,https://sg.shein.com/Customized-Personalized-Printed-T-Shirt-For-Women-Men-Custom-Text-Logo-Photo-Fashionable-Hip-Hop-Casual-Minimalist-Chic-Capsule-Wardrobe-Streetwear-Ideal-Gift-For-Him-Boyfriend-Family-Birthday-Holiday-School-Sports-Autumn-Wedding-Gift-Ideas-p-65670688.html?mallCode=1&pageListType=4&detailBusinessFrom=0-1_65670688%7C0-2,https://img.ltwebstatic.com/v4/j/spmp/2025/03/27/62/17430623150981aa38ad278ea14b3cc0d711fdeeb0_thumbnail_600x.webp,2026-05-31T14:27:28+08:00,,,,,Save S$1.32
390827321,"Swim Mod Women's 2-Piece Mesh Trim Halter Polka Dot Bikini Set,White With Black Polka Dots, Tie Side Bathing Suit,Summer,Cute,Holiday,Pool Party,Holid Ay",S$12.87,https://sg.shein.com/Swim-Mod-Women-s-2-Piece-Mesh-Trim-Halter-Polka-Dot-Bikini-Set-White-With-Black-Polka-Dots-Tie-Side-Bathing-Suit-Summer-Cute-Holiday-Pool-Party-Holid-Ay-p-390827321.html?mallCode=1&pageListType=4&detailBusinessFrom=0-1_390827321%7C0-2,https://img.ltwebstatic.com/v4/j/pi/2026/01/29/eb/1769675419cfcb23c2f4265065fd847ad529466d42_thumbnail_600x.webp,2026-05-31T14:27:28+08:00,,-5%,,,
475477480,Soleia Women's Button Front Short Sleeve Casual Jumpsuit With Detachable Skirt 2 Pieces Set,S$25.99,https://sg.shein.com/Soleia-Women-s-Button-Front-Short-Sleeve-Casual-Jumpsuit-With-Detachable-Skirt-2-Pieces-Set-p-475477480.html?mallCode=1&pageListType=4&detailBusinessFrom=0-1_475477480%7C0-2,https://img.ltwebstatic.com/v4/j/pi/2026/05/20/5b/17792707430a3d9b35942fa2e8965d3d7fb64a9db0_thumbnail_600x.webp,2026-05-31T14:27:28+08:00,,,,,NEW
77979713,"Multi-Color Snap Button Sleeveless Shell Tank Top, Versatile U-Neck Undershirt To Wear Out Casual Summer",S$11.99,https://sg.shein.com/Multi-Color-Snap-Button-Sleeveless-Shell-Tank-Top-Versatile-U-Neck-Undershirt-To-Wear-Out-Casual-Summer-p-77979713.html?mallCode=1&pageListType=4&detailBusinessFrom=0-1_77979713%7C0-2,https://img.ltwebstatic.com/v4/j/spmp/2025/05/16/2f/17473759647ce87576074aedc336c8c7876a82be1f_thumbnail_600x.webp,2026-05-31T14:27:28+08:00,,,,,High Repeat Customers
34115155,"DAZY Women's Sexy Halter Tie Strap Ruched Sheer Beach Cover Up Swimsuit Wrap, Summer Y2k Long Sleeve Women Tops",S$11.49,https://sg.shein.com/DAZY-Women-s-Sexy-Halter-Tie-Strap-Ruched-Sheer-Beach-Cover-Up-Swimsuit-Wrap-Summer-Y2k-Long-Sleeve-Women-Tops-p-34115155.html?mallCode=1&pageListType=4&detailBusinessFrom=0-1_34115155%7C0-2,https://img.ltwebstatic.com/images3_pi/2024/04/26/0e/17141102222df38a9fd557a857cf3f55b702e7557a_thumbnail_600x.webp,2026-05-31T14:27:28+08:00,,,(1000+),,100+ sold
425601154,"DAZY Women's Elegant Solid Color Asymmetric Collar T-Shirt, Summer",S$1.80,https://sg.shein.com/DAZY-Women-s-Elegant-Solid-Color-Asymmetric-Collar-T-Shirt-Summer-p-425601154.html?mallCode=1&pageListType=4&detailBusinessFrom=0-1_425601154%7C0-2,https://img.ltwebstatic.com/v4/j/pi/2026/03/20/6c/1773985156ffcf48e50b7b88d7d8105d4a3e40fbb0_thumbnail_600x.webp,2026-05-31T14:27:28+08:00,,,,,Save S$1.80
62263350,"Customized Women Short Sleeve, Personalized Gift, Upload Your Photos, Valentine's Day Gift, Gift For Her, Anniversary Gift, Holiday Gift, Team Uniform, Summer Top, Graphic Print, Pink Girls, Family, Friends, Chic & Elegant",S$0.88,https://sg.shein.com/Customized-Women-Short-Sleeve-Personalized-Gift-Upload-Your-Photos-Valentine-s-Day-Gift-Gift-For-Her-Anniversary-Gift-Holiday-Gift-Team-Uniform-Summer-Top-Graphic-Print-Pink-Girls-Family-Friends-Chic-Elegant-p-62263350.html?mallCode=1&pageListType=4&detailBusinessFrom=0-1_62263350%7C0-2,https://img.ltwebstatic.com/images3_spmp/2025/03/13/7e/1741874475bc3a1a16c6db6408199fc41596406d5a_thumbnail_600x.webp,2026-05-31T14:27:28+08:00,,,,,Save S$0.88
468057012,FRIFUL Women's Summer Solid Color Front Tie Camisole Top And Pleated Ruffle Trim Cami Tank Top 2 Piece Set,S$10.79,https://sg.shein.com/FRIFUL-Women-s-Summer-Solid-Color-Front-Tie-Camisole-Top-And-Pleated-Ruffle-Trim-Cami-Tank-Top-2-Piece-Set-p-468057012.html?mallCode=1&pageListType=4&detailBusinessFrom=0-1_468057012%7C0-2,https://img.ltwebstatic.com/v4/j/pi/2026/05/14/9e/17787234218308460be6f5326adc3be234111a857f_thumbnail_600x.webp,2026-05-31T14:27:28+08:00,,-28%,,,
446335275,Avenya Asymmetric Shoulder Metal Buckle Ruched Hem A-Line Dress,S$17.99,https://sg.shein.com/Avenya-Asymmetric-Shoulder-Metal-Buckle-Ruched-Hem-A-Line-Dress-p-446335275.html?mallCode=1&pageListType=4&detailBusinessFrom=0-1_446335275%7C0-2,https://img.ltwebstatic.com/v4/j/pi/2026/04/18/2d/17764848667f3e35d72686f00c3434643097b09ef2_thumbnail_600x.webp,2026-05-31T14:27:28+08:00,,,,,NEW
439894531,"Women's Contrast Color Short Sleeve Casual T-Shirt, Versatile Commuter Top White Summer",S$10.49,https://sg.shein.com/Women-s-Contrast-Color-Short-Sleeve-Casual-T-Shirt-Versatile-Commuter-Top-White-Summer-p-439894531.html?mallCode=1&pageListType=4&detailBusinessFrom=0-1_439894531%7C0-2,https://img.ltwebstatic.com/v4/j/spmp/2026/04/17/7b/17763942837d11595f2edba4e165b756b49660103d_thumbnail_600x.webp,2026-05-31T14:27:28+08:00,,,,,
88655751,"Women's Lace Camisole With Removable Pads, Cute & Sexy Solid Color Undershirt, Suitable For Back To School Season, Winter, Christmas, Spring Festival Casual Black Summer",S$6.49,https://sg.shein.com/Women-s-Lace-Camisole-With-Removable-Pads-Cute-Sexy-Solid-Color-Undershirt-Suitable-For-Back-To-School-Season-Winter-Christmas-Spring-Festival-Casual-Black-Summer-p-88655751.html?mallCode=1&pageListType=4&detailBusinessFrom=0-1_88655751%7C0-2,https://img.ltwebstatic.com/v4/j/ssms/2025/12/12/29/176552266675944800fda58341f28c58160cca4285_thumbnail_600x.webp,2026-05-31T14:27:28+08:00,,,,,
428447375,"SHEIN Holidaya Women's Elegant Beige Summer Casual Blouse,V-Neck Batwing Sleeve Striped Print Linen-Inspired Top For Vacation,Holiday,Beachwear & Business Office",S$11.49,https://sg.shein.com/SHEIN-Holidaya-Women-s-Elegant-Beige-Summer-Casual-Blouse-V-Neck-Batwing-Sleeve-Striped-Print-Linen-Inspired-Top-For-Vacation-Holiday-Beachwear-Business-Office-p-428447375.html?mallCode=1&pageListType=4&detailBusinessFrom=0-1_428447375%7C0-2,https://img.ltwebstatic.com/v4/j/pi/2026/04/24/01/1777027108fdb9118932916ba89e4c42681b59c11a_thumbnail_600x.webp,2026-05-31T14:27:28+08:00,,,,,
74933073,SHEIN EZwear Women's Summer Sports Letter Print T-Shirt And Cargo Pants 2 Pieces Set,S$3.18,https://sg.shein.com/SHEIN-EZwear-Women-s-Summer-Sports-Letter-Print-T-Shirt-And-Cargo-Pants-2-Pieces-Set-p-74933073.html?mallCode=1&pageListType=4&detailBusinessFrom=0-1_74933073%7C0-2,https://img.ltwebstatic.com/v4/j/pi/2025/10/28/72/176166121848ec5d1802a376603b32524bf887a8ba_thumbnail_600x.webp,2026-05-31T14:27:28+08:00,,,,,Save S$3.18
38226696,SHEIN Essnce Women's Summer Brush Print Stand Collar Short Sleeve Casual Loose Shirt,S$7.49,https://sg.shein.com/SHEIN-Essnce-Women-s-Summer-Brush-Print-Stand-Collar-Short-Sleeve-Casual-Loose-Shirt-p-38226696.html?mallCode=1&pageListType=4&detailBusinessFrom=0-1_38226696%7C0-2,https://img.ltwebstatic.com/v4/j/pi/2026/01/04/5f/17675124599b8c904eb5ff6570b0abcf6c61802442_thumbnail_600x.webp,2026-05-31T14:27:28+08:00,,,,,
432420176,"Customized T-Shirt. Customized Women's Top. Personalize With Text And Photos. Upload Your Photos (Patterns/Logos/Couple Photos/Family Photos/Selfies/Cute Pet Photos, Etc.), Then Add Text, Choose Your Favorite Colors And Fonts, And Design A One-Of-A-Kind T-Shirt. This Is The Perfect Choice For Anniversaries, Birthday Celebrations, Holiday Gatherings, And Various Special Occasions. Customized T-Shirt | Women's Top | Personalized Printed T-Shirt | Women's Short Sleeve T-Shirt Sports",S$1.49,https://sg.shein.com/Customized-T-Shirt-Customized-Women-s-Top-Personalize-With-Text-And-Photos-Upload-Your-Photos-Patterns-Logos-Couple-Photos-Family-Photos-Selfies-Cute-Pet-Photos-Etc-Then-Add-Text-Choose-Your-Favorite-Colors-And-Fonts-And-Design-A-One-Of-A-Kind-T-Shirt-This-Is-The-Perfect-Choice-For-Anniversaries-Birthday-Celebrations-Holiday-Gatherings-And-Various-Special-Occasions-Customized-T-Shirt-Women-s-Top-Personalized-Printed-T-Shirt-Women-s-Short-Sleeve-T-Shirt-Sports-p-432420176.html?mallCode=1&pageListType=4&detailBusinessFrom=0-1_432420176%7C0-2,https://img.ltwebstatic.com/v4/j/spmp/2026/03/24/29/177434350386ecdddd06c359b9b15e16b27741db63_thumbnail_600x.webp,2026-05-31T14:27:28+08:00,,,,,Save S$1.49
33165304,EMERY ROSE Gradient V-Neck Short Sleeve T-Shirt For Summer,S$8.49,https://sg.shein.com/EMERY-ROSE-Gradient-V-Neck-Short-Sleeve-T-Shirt-For-Summer-p-33165304.html?mallCode=1&pageListType=4&detailBusinessFrom=0-1_33165304%7C0-2,https://img.ltwebstatic.com/images3_pi/2024/04/12/3a/1712889276a136a33dda04c49933d4a8a01b886cf7_thumbnail_600x.webp,2026-05-31T14:27:28+08:00,,,,,
82684826,"Customized Women's Loose T-Shirt, Upload Photo And Personalized Text, Casual Oversized Short Sleeve Tee, Creative Matching Gift For Friends",S$1.10,https://sg.shein.com/Customized-Women-s-Loose-T-Shirt-Upload-Photo-And-Personalized-Text-Casual-Oversized-Short-Sleeve-Tee-Creative-Matching-Gift-For-Friends-p-82684826.html?mallCode=1&pageListType=4&detailBusinessFrom=0-1_82684826%7C0-2,https://img.ltwebstatic.com/v4/j/spmp/2025/05/05/a7/174641309266edf7e0f17a934b5061d40621a9069b_thumbnail_600x.webp,2026-05-31T14:27:28+08:00,,,,,Save S$1.10
434818001,"Qadelle Women's Elegant Solid Color Ruched Side Slit Hem Bandeau Top Strapless Peplum Tube Top,Apricot Summer Party Night S3433 Clothes",S$0.90,https://sg.shein.com/Qadelle-Women-s-Elegant-Solid-Color-Ruched-Side-Slit-Hem-Bandeau-Top-Strapless-Peplum-Tube-Top-Apricot-Summer-Party-Night-S3433-Clothes-p-434818001.html?mallCode=1&pageListType=4&detailBusinessFrom=0-1_434818001%7C0-2,https://img.ltwebstatic.com/v4/j/pi/2026/04/02/79/1775118646754a1db73d650ce4b6bc886b447feb84_thumbnail_600x.webp,2026-05-31T14:27:28+08:00,,,,,Save S$0.90
434105285,Swim SXY Women's Solid Color Halter Tie Fashionable Date Party Mini Dress,S$14.99,https://sg.shein.com/Swim-SXY-Women-s-Solid-Color-Halter-Tie-Fashionable-Date-Party-Mini-Dress-p-434105285.html?mallCode=1&pageListType=4&detailBusinessFrom=0-1_434105285%7C0-2,https://img.ltwebstatic.com/v4/j/pi/2026/03/23/91/17742306706678086f2141fb48551028afff3cab23_thumbnail_600x.webp,2026-05-31T14:27:28+08:00,,,,,NEW
66063156,"SHEIN Clasi V-Neck Button Red Polka Dot Waist Cinched Women Dress,Spring Clothes,Valentine Day Dress Summer Dresses For Women,Sun Dresses For Women",S$12.99,https://sg.shein.com/SHEIN-Clasi-V-Neck-Button-Red-Polka-Dot-Waist-Cinched-Women-Dress-Spring-Clothes-Valentine-Day-Dress-Summer-Dresses-For-Women-Sun-Dresses-For-Women-p-66063156.html?mallCode=1&pageListType=4&detailBusinessFrom=0-1_66063156%7C0-2,https://img.ltwebstatic.com/v4/j/pi/2026/04/22/ab/1776849240232b35eeb875c48901f71d0dde1b7a88_thumbnail_600x.webp,2026-05-31T14:27:28+08:00,,,,,
418744648,"Franclia Women's Off-White Chiffon Embroidered Slit Belted Wide-Leg Trousers,Elegant Summer Beach Wear For Picnic,Floral Casual Vacation & Office Long Pants",S$4.50,https://sg.shein.com/Franclia-Women-s-Off-White-Chiffon-Embroidered-Slit-Belted-Wide-Leg-Trousers-Elegant-Summer-Beach-Wear-For-Picnic-Floral-Casual-Vacation-Office-Long-Pants-p-418744648.html?mallCode=1&pageListType=4&detailBusinessFrom=0-1_418744648%7C0-2,https://img.ltwebstatic.com/v4/j/pi/2026/03/29/3c/1774774827857bc5255c8aa5c824669785b984fa61_thumbnail_600x.webp,2026-05-31T14:27:28+08:00,,,,,Save S$4.50
423670232,"Comfortable Casual High Waist Elastic Linen Drape Pants, Suitable For Autumn & Summer Spring",S$1.76,https://sg.shein.com/Comfortable-Casual-High-Waist-Elastic-Linen-Drape-Pants-Suitable-For-Autumn-Summer-Spring-p-423670232.html?mallCode=1&pageListType=4&detailBusinessFrom=0-1_423670232%7C0-2,https://img.ltwebstatic.com/v4/j/spmp/2026/01/26/8a/17693969655d9ed9e8a7ffd3f5c7e6f945800464ce_thumbnail_600x.webp,2026-05-31T14:27:28+08:00,,,,,Save S$1.76
282347122,"SuriyaCove Women's Casual Contrast Trim Knight Print Round Neck Short Sleeve T-Shirt, Summer",S$6.17,https://sg.shein.com/SuriyaCove-Women-s-Casual-Contrast-Trim-Knight-Print-Round-Neck-Short-Sleeve-T-Shirt-Summer-p-282347122.html?mallCode=1&pageListType=4&detailBusinessFrom=0-1_282347122%7C0-2,https://img.ltwebstatic.com/v4/j/pi/2025/10/21/fe/176102618215daa235515ee0ff61ef1947351d16eb_thumbnail_600x.webp,2026-05-31T14:27:28+08:00,,-5%,,,100+ sold
187774152,"Franclia Women's Casual Solid Color Turndown Collar Short Sleeve Shirt, Summer",S$11.49,https://sg.shein.com/Franclia-Women-s-Casual-Solid-Color-Turndown-Collar-Short-Sleeve-Shirt-Summer-p-187774152.html?mallCode=1&pageListType=4&detailBusinessFrom=0-1_187774152%7C0-2,https://img.ltwebstatic.com/v4/j/pi/2025/09/18/2a/175815886322707ed1e11e5fb8dca8636ed89032df_thumbnail_600x.webp,2026-05-31T14:27:28+08:00,,,,,
450339928,"Women's Lightweight Solid Color Spaghetti Strap Mini Dress, Elegant Waist-Cinched Party Dress; Delicate Jacquard Daisy Floral Dress With Bow Shoulder Decor, Suitable For Daily, Date, Afternoon Tea And Gathering",S$13.43,https://sg.shein.com/Women-s-Lightweight-Solid-Color-Spaghetti-Strap-Mini-Dress-Elegant-Waist-Cinched-Party-Dress-Delicate-Jacquard-Daisy-Floral-Dress-With-Bow-Shoulder-Decor-Suitable-For-Daily-Date-Afternoon-Tea-And-Gathering-p-450339928.html?mallCode=1&pageListType=4&detailBusinessFrom=0-1_450339928%7C0-2,https://img.ltwebstatic.com/v4/j/spmp/2026/05/27/f0/1779889706d546fa0c401d0a1fd26c6e50e3e75b03_thumbnail_600x.webp,2026-05-31T14:27:28+08:00,,-29%,,,
71757526,Franclia French Romantic Embroidered V-Neck Short Sleeve Blouse For Women,S$15.49,https://sg.shein.com/Franclia-French-Romantic-Embroidered-V-Neck-Short-Sleeve-Blouse-For-Women-p-71757526.html?mallCode=1&pageListType=4&detailBusinessFrom=0-1_71757526%7C0-2,https://img.ltwebstatic.com/v4/j/pi/2025/07/23/bb/1753261268819a9a87bd5afe57b70382fb36e063be_thumbnail_600x.webp,2026-05-31T14:27:28+08:00,,,,,80+ sold
346603945,"Franclia Women's Navy And White Striped Shirt And Navy Shorts Set,Summer Casual Elegant Office Style,Spring/Autumn 2 Piece Outfit For Daily Work,Versatile",S$20.99,https://sg.shein.com/Franclia-Women-s-Navy-And-White-Striped-Shirt-And-Navy-Shorts-Set-Summer-Casual-Elegant-Office-Style-Spring-Autumn-2-Piece-Outfit-For-Daily-Work-Versatile-p-346603945.html?mallCode=1&pageListType=4&detailBusinessFrom=0-1_346603945%7C0-2,https://img.ltwebstatic.com/v4/j/pi/2026/05/12/28/1778590904454a15e93eee2fbc00f3c48fc462b869_thumbnail_600x.webp,2026-05-31T14:27:28+08:00,,,,,
37551588,CovetEZ Summer Casual Pants Women Holidays For Vacations Home Comfortable Everyday Wear,S$1.32,https://sg.shein.com/CovetEZ-Summer-Casual-Pants-Women-Holidays-For-Vacations-Home-Comfortable-Everyday-Wear-p-37551588.html?mallCode=1&pageListType=4&detailBusinessFrom=0-1_37551588%7C0-2,https://img.ltwebstatic.com/v4/j/pi/2026/03/31/87/177496038878970c3ade1f1a3a6804e8b6eedf019b_thumbnail_600x.webp,2026-05-31T14:27:28+08:00,,,,,Save S$1.32
130540930,"White Cropped Top, Sexy Style, New Summer Collection, Cropped, Short Sleeve T-Shirt, Summer Fitted Slim Round Neck Crop Top Casual",S$4.36,https://sg.shein.com/White-Cropped-Top-Sexy-Style-New-Summer-Collection-Cropped-Short-Sleeve-T-Shirt-Summer-Fitted-Slim-Round-Neck-Crop-Top-Casual-p-130540930.html?mallCode=1&pageListType=4&detailBusinessFrom=0-1_130540930%7C0-2,https://sc.ltwebstatic.com/she_dist/images/bg-grey-solid-color-fc04c1310d.png,2026-05-31T14:27:28+08:00,,-3%,,,70+ sold
354199412,"EMERY ROSE Women's Elegant Casual Pocket Midi Dress, Summer Carnival,Casual",S$11.49,https://sg.shein.com/EMERY-ROSE-Women-s-Elegant-Casual-Pocket-Midi-Dress-Summer-Carnival-Casual-p-354199412.html?mallCode=1&pageListType=4&detailBusinessFrom=0-1_354199412%7C0-2,https://sc.ltwebstatic.com/she_dist/images/bg-grey-solid-color-fc04c1310d.png,2026-05-31T14:27:28+08:00,,,,,
100306051,"White Short Sleeve Mid-Length T-Shirt With English Print, Women Casual Top Summer",S$5.39,https://sg.shein.com/White-Short-Sleeve-Mid-Length-T-Shirt-With-English-Print-Women-Casual-Top-Summer-p-100306051.html?mallCode=1&pageListType=4&detailBusinessFrom=0-1_100306051%7C0-2,https://sc.ltwebstatic.com/she_dist/images/bg-grey-solid-color-fc04c1310d.png,2026-05-31T14:27:28+08:00,,-10%,,,High Repeat Customers
57887548,Resyla Women'sCartoon Owl Print Pleated Round Neck Short Sleeve Casual T-Shirt,S$6.99,https://sg.shein.com/Resyla-Women-sCartoon-Owl-Print-Pleated-Round-Neck-Short-Sleeve-Casual-T-Shirt-p-57887548.html?mallCode=1&pageListType=4&detailBusinessFrom=0-1_57887548%7C0-2,https://sc.ltwebstatic.com/she_dist/images/bg-grey-solid-color-fc04c1310d.png,2026-05-31T14:27:28+08:00,,,,,
31062346,"Sylviya Elastic Waist Tie Rolled Hem Slant Pocket Casual Shorts Summer Green Shorts Cotton Women Shorts,Vacation",S$1.54,https://sg.shein.com/Sylviya-Elastic-Waist-Tie-Rolled-Hem-Slant-Pocket-Casual-Shorts-Summer-Green-Shorts-Cotton-Women-Shorts-Vacation-p-31062346.html?mallCode=1&pageListType=4&detailBusinessFrom=0-1_31062346%7C0-2,https://sc.ltwebstatic.com/she_dist/images/bg-grey-solid-color-fc04c1310d.png,2026-05-31T14:27:28+08:00,,,,,Save S$1.54
71665437,NostaNoir 3pcs Women's Black & White Plaid Casual/Business Shorts Set (Without Belt),S$4.26,https://sg.shein.com/NostaNoir-3pcs-Women-s-Black-White-Plaid-Casual-Business-Shorts-Set-Without-Belt-p-71665437.html?mallCode=1&pageListType=4&detailBusinessFrom=0-1_71665437%7C0-2,https://sc.ltwebstatic.com/she_dist/images/bg-grey-solid-color-fc04c1310d.png,2026-05-31T14:27:28+08:00,,,,,Save S$4.26
85227956,Sweet Girl Puff Sleeve Lace Trim Tie Waist Slim Fit White Blouse Summer,S$16.99,https://sg.shein.com/Sweet-Girl-Puff-Sleeve-Lace-Trim-Tie-Waist-Slim-Fit-White-Blouse-Summer-p-85227956.html?mallCode=1&pageListType=4&detailBusinessFrom=0-1_85227956%7C0-2,https://sc.ltwebstatic.com/she_dist/images/bg-grey-solid-color-fc04c1310d.png,2026-05-31T14:27:28+08:00,,,,,90+ sold
432810666,New Spring/Summer Women Casual Korean Style Ruffled Hem Blouse Top,S$12.49,https://sg.shein.com/New-Spring-Summer-Women-Casual-Korean-Style-Ruffled-Hem-Blouse-Top-p-432810666.html?mallCode=1&pageListType=4&detailBusinessFrom=0-1_432810666%7C0-2,https://sc.ltwebstatic.com/she_dist/images/bg-grey-solid-color-fc04c1310d.png,2026-05-31T14:27:28+08:00,,,,,
139142269,"BizChic Burgundy Autumn Elegant Office Polo Collar Diamond Knit Sweater,90s Retro Urban Commute Chic Daily Wear,Versatile Minimalist For Christmas&Party,Date",S$15.49,https://sg.shein.com/BizChic-Burgundy-Autumn-Elegant-Office-Polo-Collar-Diamond-Knit-Sweater-90s-Retro-Urban-Commute-Chic-Daily-Wear-Versatile-Minimalist-For-Christmas-Party-Date-p-139142269.html?mallCode=1&pageListType=4&detailBusinessFrom=0-1_139142269%7C0-2,https://sc.ltwebstatic.com/she_dist/images/bg-grey-solid-color-fc04c1310d.png,2026-05-31T14:27:28+08:00,,,,,100+ sold
382432405,"Loose High Waist Striped Wide Leg Pants, Drawstring Waist, Versatile (Stripe Pattern Random) Spring",S$13.49,https://sg.shein.com/Loose-High-Waist-Striped-Wide-Leg-Pants-Drawstring-Waist-Versatile-Stripe-Pattern-Random-Spring-p-382432405.html?mallCode=1&pageListType=4&detailBusinessFrom=0-1_382432405%7C0-2,https://sc.ltwebstatic.com/she_dist/images/bg-grey-solid-color-fc04c1310d.png,2026-05-31T14:27:28+08:00,,,,,
179401507,"Rusticease Women's Solid Color V-Neck Cuffed Sleeve Shirt And Wide Leg Pants Casual Suit,Cozy Fall And Winter Clothes For Women",S$24.49,https://sg.shein.com/Rusticease-Women-s-Solid-Color-V-Neck-Cuffed-Sleeve-Shirt-And-Wide-Leg-Pants-Casual-Suit-Cozy-Fall-And-Winter-Clothes-For-Women-p-179401507.html?mallCode=1&pageListType=4&detailBusinessFrom=0-1_179401507%7C0-2,https://sc.ltwebstatic.com/she_dist/images/bg-grey-solid-color-fc04c1310d.png,2026-05-31T14:27:28+08:00,,,,,
158288378,"SHEIN Embroidered Collar Fitted Short Sleeve T-Shirt For Women, Christmas",S$7.49,https://sg.shein.com/SHEIN-Embroidered-Collar-Fitted-Short-Sleeve-T-Shirt-For-Women-Christmas-p-158288378.html?mallCode=1&pageListType=4&detailBusinessFrom=0-1_158288378%7C0-2,https://sc.ltwebstatic.com/she_dist/images/bg-grey-solid-color-fc04c1310d.png,2026-05-31T14:27:28+08:00,,,,,
477125118,CAJUNI Women Tropical Vacation Midi Skirt - Winter Look,S$11.49,https://sg.shein.com/CAJUNI-Women-Tropical-Vacation-Midi-Skirt-Winter-Look-p-477125118.html?mallCode=1&pageListType=4&detailBusinessFrom=0-1_477125118%7C0-2,https://sc.ltwebstatic.com/she_dist/images/bg-grey-solid-color-fc04c1310d.png,2026-05-31T14:27:28+08:00,,,,,NEW
416420002,"Y2K Brazil Football Jersey - Green & Yellow Striped Loose V-Neck T-Shirt, Streetwear Style Women's Brazil #00 Loose Football Jersey - Green & Yellow Striped V-Neck T-Shirt With National Flag Casual Summer",S$0.60,https://sg.shein.com/Y2K-Brazil-Football-Jersey-Green-Yellow-Striped-Loose-V-Neck-T-Shirt-Streetwear-Style-Women-s-Brazil-00-Loose-Football-Jersey-Green-Yellow-Striped-V-Neck-T-Shirt-With-National-Flag-Casual-Summer-p-416420002.html?mallCode=1&pageListType=4&detailBusinessFrom=0-1_416420002%7C0-2,https://sc.ltwebstatic.com/she_dist/images/bg-grey-solid-color-fc04c1310d.png,2026-05-31T14:27:28+08:00,,,,,Save S$0.60
29599306,"Women's Chiffon Batwing Blouse Shirt, Versatile Lightweight Sun Protection Casual Black Summer",S$12.99,https://sg.shein.com/Women-s-Chiffon-Batwing-Blouse-Shirt-Versatile-Lightweight-Sun-Protection-Casual-Black-Summer-p-29599306.html?mallCode=1&pageListType=4&detailBusinessFrom=0-1_29599306%7C0-2,https://sc.ltwebstatic.com/she_dist/images/bg-grey-solid-color-fc04c1310d.png,2026-05-31T14:27:28+08:00,,,,,
100283610,INAWLY 2pcs Casual Commuter Set: Loose Open Front Shirt + Elastic Waist Straight Leg Pants,S$19.49,https://sg.shein.com/INAWLY-2pcs-Casual-Commuter-Set-Loose-Open-Front-Shirt-Elastic-Waist-Straight-Leg-Pants-p-100283610.html?mallCode=1&pageListType=4&detailBusinessFrom=0-1_100283610%7C0-2,https://sc.ltwebstatic.com/she_dist/images/bg-grey-solid-color-fc04c1310d.png,2026-05-31T14:27:28+08:00,,,,,
357045903,"EMERY ROSE Brown Striped Pattern Half Sleeve Casual Minimalist Style Blouse For Women, Suitable For Spring/Summer Spring",S$9.49,https://sg.shein.com/EMERY-ROSE-Brown-Striped-Pattern-Half-Sleeve-Casual-Minimalist-Style-Blouse-For-Women-Suitable-For-Spring-Summer-Spring-p-357045903.html?mallCode=1&pageListType=4&detailBusinessFrom=0-1_357045903%7C0-2,https://sc.ltwebstatic.com/she_dist/images/bg-grey-solid-color-fc04c1310d.png,2026-05-31T14:27:28+08:00,,,,,
437908926,Trelyra Button Down Pleated Striped Blouse For Women Women's Striped Short Sleeve Top Casual Women's Blouse Zanzea Blouses For Women Women's Fashion Top,S$12.49,https://sg.shein.com/Trelyra-Button-Down-Pleated-Striped-Blouse-For-Women-Women-s-Striped-Short-Sleeve-Top-Casual-Women-s-Blouse-Zanzea-Blouses-For-Women-Women-s-Fashion-Top-p-437908926.html?mallCode=1&pageListType=4&detailBusinessFrom=0-1_437908926%7C0-2,https://sc.ltwebstatic.com/she_dist/images/bg-grey-solid-color-fc04c1310d.png,2026-05-31T14:27:28+08:00,,,,,
333261645,Women's Off-Shoulder Lace Patchwork Hollow Out Sexy Party Long Sleeve Jumpsuit Black,S$6.99,https://sg.shein.com/Women-s-Off-Shoulder-Lace-Patchwork-Hollow-Out-Sexy-Party-Long-Sleeve-Jumpsuit-Black-p-333261645.html?mallCode=1&pageListType=4&detailBusinessFrom=0-1_333261645%7C0-2,https://sc.ltwebstatic.com/she_dist/images/bg-grey-solid-color-fc04c1310d.png,2026-05-31T14:27:28+08:00,,,,,NEW
339545746,"Comfortcana Women's Black White Polka Dot Elegant Satin Pajama Sets With Padded Bra,Lace Trim Camisole Top&Shorts For Summmer Sleep,Vacation&Beach Outfits",S$16.49,https://sg.shein.com/Comfortcana-Women-s-Black-White-Polka-Dot-Elegant-Satin-Pajama-Sets-With-Padded-Bra-Lace-Trim-Camisole-Top-Shorts-For-Summmer-Sleep-Vacation-Beach-Outfits-p-339545746.html?mallCode=1&pageListType=4&detailBusinessFrom=0-1_339545746%7C0-2,https://sc.ltwebstatic.com/she_dist/images/bg-grey-solid-color-fc04c1310d.png,2026-05-31T14:27:28+08:00,,,,,
37062666,SHEIN Essnce Women's Casual Fashion Old Money Style White Solid Open Front Crop Three-Quarter Sleeves Jacket Work Women Teacher Outfits Fall Clothes Business,S$11.99,https://sg.shein.com/SHEIN-Essnce-Women-s-Casual-Fashion-Old-Money-Style-White-Solid-Open-Front-Crop-Three-Quarter-Sleeves-Jacket-Work-Women-Teacher-Outfits-Fall-Clothes-Business-p-37062666.html?mallCode=1&pageListType=4&detailBusinessFrom=0-1_37062666%7C0-2,https://sc.ltwebstatic.com/she_dist/images/bg-grey-solid-color-fc04c1310d.png,2026-05-31T14:27:28+08:00,,,,,
57090548,"Women's Short Sleeve Fitted Contrast Color Knit Top, Summer",S$12.49,https://sg.shein.com/Women-s-Short-Sleeve-Fitted-Contrast-Color-Knit-Top-Summer-p-57090548.html?mallCode=1&pageListType=4&detailBusinessFrom=0-1_57090548%7C0-2,https://sc.ltwebstatic.com/she_dist/images/bg-grey-solid-color-fc04c1310d.png,2026-05-31T14:27:28+08:00,,,,,
30094021,"Livesso Women's Distressed & Faded Wide Leg Casual Jeans,Baggy Jeans",S$4.16,https://sg.shein.com/Livesso-Women-s-Distressed-Faded-Wide-Leg-Casual-Jeans-Baggy-Jeans-p-30094021.html?mallCode=1&pageListType=4&detailBusinessFrom=0-1_30094021%7C0-2,https://sc.ltwebstatic.com/she_dist/images/bg-grey-solid-color-fc04c1310d.png,2026-05-31T14:27:28+08:00,,,,,Save S$4.16
123127096,"Striped Drawstring Waist Pants With Pockets, Suitable For Office, Business, Vacation, Casual, Daily Wear, School, Travel, New Arrival",S$12.99,https://sg.shein.com/Striped-Drawstring-Waist-Pants-With-Pockets-Suitable-For-Office-Business-Vacation-Casual-Daily-Wear-School-Travel-New-Arrival-p-123127096.html?mallCode=1&pageListType=4&detailBusinessFrom=0-1_123127096%7C0-2,https://sc.ltwebstatic.com/she_dist/images/bg-grey-solid-color-fc04c1310d.png,2026-05-31T14:27:28+08:00,,,,,
435605839,"Da Jade Fresh Light Blue Maxi Skirt, High Waist With Draped Twist Hem, Chic & Comfortable",S$16.01,https://sg.shein.com/Da-Jade-Fresh-Light-Blue-Maxi-Skirt-High-Waist-With-Draped-Twist-Hem-Chic-Comfortable-p-435605839.html?mallCode=1&pageListType=4&detailBusinessFrom=0-1_435605839%7C0-2,https://sc.ltwebstatic.com/she_dist/images/bg-grey-solid-color-fc04c1310d.png,2026-05-31T14:27:28+08:00,,-50%,,,
431003944,Franclia Women's Round Neck Short Flutter Sleeve Brazil Letter Print Graphic Top T-Shirt Tee,S$1.05,https://sg.shein.com/Franclia-Women-s-Round-Neck-Short-Flutter-Sleeve-Brazil-Letter-Print-Graphic-Top-T-Shirt-Tee-p-431003944.html?mallCode=1&pageListType=4&detailBusinessFrom=0-1_431003944%7C0-2,https://sc.ltwebstatic.com/she_dist/images/bg-grey-solid-color-fc04c1310d.png,2026-05-31T14:27:28+08:00,,,,,Save S$1.05
31902279,Breezaya Women's White Summer Lace-Trimmed Embroidered Knot Beach Wrap Skort,S$14.49,https://sg.shein.com/Breezaya-Women-s-White-Summer-Lace-Trimmed-Embroidered-Knot-Beach-Wrap-Skort-p-31902279.html?mallCode=1&pageListType=4&detailBusinessFrom=0-1_31902279%7C0-2,https://sc.ltwebstatic.com/she_dist/images/bg-grey-solid-color-fc04c1310d.png,2026-05-31T14:27:28+08:00,,,(1000+),,
351536570,"Korean Streetwear Drawstring Waist Plaid Short Sleeve Shirt, Summer Black",S$13.99,https://sg.shein.com/Korean-Streetwear-Drawstring-Waist-Plaid-Short-Sleeve-Shirt-Summer-Black-p-351536570.html?mallCode=1&pageListType=4&detailBusinessFrom=0-1_351536570%7C0-2,https://sc.ltwebstatic.com/she_dist/images/bg-grey-solid-color-fc04c1310d.png,2026-05-31T14:27:28+08:00,,,,,
30141855,DAZY Women's Solid Color Asymmetrical Neckline Cropped T-Shirt,S$1.62,https://sg.shein.com/DAZY-Women-s-Solid-Color-Asymmetrical-Neckline-Cropped-T-Shirt-p-30141855.html?mallCode=1&pageListType=4&detailBusinessFrom=0-1_30141855%7C0-2,https://sc.ltwebstatic.com/she_dist/images/bg-grey-solid-color-fc04c1310d.png,2026-05-31T14:27:28+08:00,,,,,Save S$1.62
58320598,DAZY Women Pocketed Glittery Casual Loose Wide Leg Denim Jeans Sequin,S$31.99,https://sg.shein.com/DAZY-Women-Pocketed-Glittery-Casual-Loose-Wide-Leg-Denim-Jeans-Sequin-p-58320598.html?mallCode=1&pageListType=4&detailBusinessFrom=0-1_58320598%7C0-2,https://sc.ltwebstatic.com/she_dist/images/bg-grey-solid-color-fc04c1310d.png,2026-05-31T14:27:28+08:00,,,,,
477604896,CAJUNI Women One Shoulder Printed Midi Dress,S$12.49,https://sg.shein.com/CAJUNI-Women-One-Shoulder-Printed-Midi-Dress-p-477604896.html?mallCode=1&pageListType=4&detailBusinessFrom=0-1_477604896%7C0-2,https://sc.ltwebstatic.com/she_dist/images/bg-grey-solid-color-fc04c1310d.png,2026-05-31T14:27:28+08:00,,,,,NEW
53050772,"FRIFUL Women Oversize Black Long Dress With Ruffle Hem & Heart Embroidery, Casual Summer Outfit Sundress",S$14.49,https://sg.shein.com/FRIFUL-Women-Oversize-Black-Long-Dress-With-Ruffle-Hem-Heart-Embroidery-Casual-Summer-Outfit-Sundress-p-53050772.html?mallCode=1&pageListType=4&detailBusinessFrom=0-1_53050772%7C0-2,https://sc.ltwebstatic.com/she_dist/images/bg-grey-solid-color-fc04c1310d.png,2026-05-31T14:27:28+08:00,,,,,
53331250,"DAZY Women Round Neck Asymmetrical Twist Solid Color Sleeveless Knit Top, Apricot, Spring/Summer",S$2.14,https://sg.shein.com/DAZY-Women-Round-Neck-Asymmetrical-Twist-Solid-Color-Sleeveless-Knit-Top-Apricot-Spring-Summer-p-53331250.html?mallCode=1&pageListType=4&detailBusinessFrom=0-1_53331250%7C0-2,https://sc.ltwebstatic.com/she_dist/images/bg-grey-solid-color-fc04c1310d.png,2026-05-31T14:27:28+08:00,,,,,Save S$2.14
44188611,Franclia 1pc Ladies High Waist Rhinestone Satin Elastic Waist Drawstring Loose Straight Leg Pants Fall Cloth For Women,S$18.52,https://sg.shein.com/Franclia-1pc-Ladies-High-Waist-Rhinestone-Satin-Elastic-Waist-Drawstring-Loose-Straight-Leg-Pants-Fall-Cloth-For-Women-p-44188611.html?mallCode=1&pageListType=4&detailBusinessFrom=0-1_44188611%7C0-2,https://sc.ltwebstatic.com/she_dist/images/bg-grey-solid-color-fc04c1310d.png,2026-05-31T14:27:28+08:00,,-5%,,,
425008793,Franclia Women's Summer Fashion Embroidered Logo Ruched Waist Casual Short Sleeve Polo Shirt + Side Pocket Long Pants,S$2.85,https://sg.shein.com/Franclia-Women-s-Summer-Fashion-Embroidered-Logo-Ruched-Waist-Casual-Short-Sleeve-Polo-Shirt-Side-Pocket-Long-Pants-p-425008793.html?mallCode=1&pageListType=4&detailBusinessFrom=0-1_425008793%7C0-2,https://sc.ltwebstatic.com/she_dist/images/bg-grey-solid-color-fc04c1310d.png,2026-05-31T14:27:28+08:00,,,,,Save S$2.85
468447933,Swim Lushoire Mature Sexy Striped Special Fabric Long Pants Swimwear Top And High-Waisted Bikini Bottom 2 Pieces Set,S$19.49,https://sg.shein.com/Swim-Lushoire-Mature-Sexy-Striped-Special-Fabric-Long-Pants-Swimwear-Top-And-High-Waisted-Bikini-Bottom-2-Pieces-Set-p-468447933.html?mallCode=1&pageListType=4&detailBusinessFrom=0-1_468447933%7C0-2,https://sc.ltwebstatic.com/she_dist/images/bg-grey-solid-color-fc04c1310d.png,2026-05-31T14:27:28+08:00,,,,,NEW
475161833,"SHEIN Clasi Women's Shirt With Tie Bow And Loose Straight Leg Pants 2 Pieces Set, Women's Summer Clothing, Women's Pants Suit",S$15.49,https://sg.shein.com/SHEIN-Clasi-Women-s-Shirt-With-Tie-Bow-And-Loose-Straight-Leg-Pants-2-Pieces-Set-Women-s-Summer-Clothing-Women-s-Pants-Suit-p-475161833.html?mallCode=1&pageListType=4&detailBusinessFrom=0-1_475161833%7C0-2,https://sc.ltwebstatic.com/she_dist/images/bg-grey-solid-color-fc04c1310d.png,2026-05-31T14:27:28+08:00,,,,,NEW
173917611,"Resyla Heart Embroidery Graphic Casual 2-Piece Outfit, T-Shirt And Shorts Set, Fashionable For Summer",S$19.49,https://sg.shein.com/Resyla-Heart-Embroidery-Graphic-Casual-2-Piece-Outfit-T-Shirt-And-Shorts-Set-Fashionable-For-Summer-p-173917611.html?mallCode=1&pageListType=4&detailBusinessFrom=0-1_173917611%7C0-2,https://sc.ltwebstatic.com/she_dist/images/bg-grey-solid-color-fc04c1310d.png,2026-05-31T14:27:28+08:00,,,,,
467413972,"LOTSLUV Women's Spring/Summer Vacation Faux Linen Textured Fabric, Mustard Yellow Harem Pants,Women's Pants,Summer Pants Women,Linen Trousers,Joggers, Vacation Casual",S$12.49,https://sg.shein.com/LOTSLUV-Women-s-Spring-Summer-Vacation-Faux-Linen-Textured-Fabric-Mustard-Yellow-Harem-Pants-Women-s-Pants-Summer-Pants-Women-Linen-Trousers-Joggers-Vacation-Casual-p-467413972.html?mallCode=1&pageListType=4&detailBusinessFrom=0-1_467413972%7C0-2,https://sc.ltwebstatic.com/she_dist/images/bg-grey-solid-color-fc04c1310d.png,2026-05-31T14:27:28+08:00,,,,,
86744643,"DAZY 3pcs Textured Blue Fabric Swimwear Set - Swimwear Top, Skirt And Bottoms Vacation Outfits Women",S$13.99,https://sg.shein.com/DAZY-3pcs-Textured-Blue-Fabric-Swimwear-Set-Swimwear-Top-Skirt-And-Bottoms-Vacation-Outfits-Women-p-86744643.html?mallCode=1&pageListType=4&detailBusinessFrom=0-1_86744643%7C0-2,https://sc.ltwebstatic.com/she_dist/images/bg-grey-solid-color-fc04c1310d.png,2026-05-31T14:27:28+08:00,,,,,
462148521,FRIFUL Women's Square Neck Cap Sleeve Polka Dot Fabric Asymmetrical Hem Ruffle Hem Blouse Summer,S$18.12,https://sg.shein.com/FRIFUL-Women-s-Square-Neck-Cap-Sleeve-Polka-Dot-Fabric-Asymmetrical-Hem-Ruffle-Hem-Blouse-Summer-p-462148521.html?mallCode=1&pageListType=4&detailBusinessFrom=0-1_462148521%7C0-2,https://sc.ltwebstatic.com/she_dist/images/bg-grey-solid-color-fc04c1310d.png,2026-05-31T14:27:28+08:00,,-26%,,,
87167110,Coolane Women's Summer Vintage Back To School Casual Hippie Street Oversized Black Cargo Pants,S$9.99,https://sg.shein.com/Coolane-Women-s-Summer-Vintage-Back-To-School-Casual-Hippie-Street-Oversized-Black-Cargo-Pants-p-87167110.html?mallCode=1&pageListType=4&detailBusinessFrom=0-1_87167110%7C0-2,https://sc.ltwebstatic.com/she_dist/images/bg-grey-solid-color-fc04c1310d.png,2026-05-31T14:27:28+08:00,,,(1000+),,200+ sold
442981903,"DEEKA Spring/Autumn New Oversized Loose European And American Fashion Minimalist Versatile Litchi Texture Leather Jacket, High-End Outerwear",S$44.99,https://sg.shein.com/DEEKA-Spring-Autumn-New-Oversized-Loose-European-And-American-Fashion-Minimalist-Versatile-Litchi-Texture-Leather-Jacket-High-End-Outerwear-p-442981903.html?mallCode=1&pageListType=4&detailBusinessFrom=0-1_442981903%7C0-2,https://sc.ltwebstatic.com/she_dist/images/bg-grey-solid-color-fc04c1310d.png,2026-05-31T14:27:28+08:00,,,,,NEW
384787142,"New Elegant Casual Knit Cardigan, Solid Color Round Neck Long Sleeve Single Button Sheer Design, Fashion Minimalist Commuting Delicate Thin Knit Cardigan, Sun Protection Thin Knit Slouchy Cardigan, Outerwear For Outing And Vacation, Women Street Fashion Summer",S$17.99,https://sg.shein.com/New-Elegant-Casual-Knit-Cardigan-Solid-Color-Round-Neck-Long-Sleeve-Single-Button-Sheer-Design-Fashion-Minimalist-Commuting-Delicate-Thin-Knit-Cardigan-Sun-Protection-Thin-Knit-Slouchy-Cardigan-Outerwear-For-Outing-And-Vacation-Women-Street-Fashion-Summer-p-384787142.html?mallCode=1&pageListType=4&detailBusinessFrom=0-1_384787142%7C0-2,https://sc.ltwebstatic.com/she_dist/images/bg-grey-solid-color-fc04c1310d.png,2026-05-31T14:27:28+08:00,,,,,50+ sold
27131964,Swim Basics Summer Beach Women's Hollow Out Bottoms Music Festival,S$5.78,https://sg.shein.com/Swim-Basics-Summer-Beach-Women-s-Hollow-Out-Bottoms-Music-Festival-p-27131964.html?mallCode=1&pageListType=4&detailBusinessFrom=0-1_27131964%7C0-2,https://sc.ltwebstatic.com/she_dist/images/bg-grey-solid-color-fc04c1310d.png,2026-05-31T14:27:28+08:00,,-11%,,,
