product_id,source_page,appear_count,appear_pages,title,price,product_url,image_url,crawl_time,original_price,discount,rating,review_count,sales_tag,product_url_original,product_url_clean,url_query_removed,removed_query_keys,has_risk_marker,risk_marker_keywords,url_product_id,product_id_match
231997084,1,1,1,"Vela Rue Minimalist Design Pants With Hook & Zipper Closure, Lightweight Semi-Sheer Solid Color Wide Leg Pants, Apricot Color, Fashionable Wide Leg Trousers For All Seasons Spring",S$13.91,https://sg.shein.com/Vela-Rue-Minimalist-Design-Pants-With-Hook-Zipper-Closure-Lightweight-Semi-Sheer-Solid-Color-Wide-Leg-Pants-Apricot-Color-Fashionable-Wide-Leg-Trousers-For-All-Seasons-Spring-p-231997084.html,https://img.ltwebstatic.com/v4/j/spmp/2026/01/14/16/1768402951de087a2dfaf8685c2e60e72112308334_thumbnail_600x.webp,2026-06-02T16:19:31+08:00,,-4%,(1000+),,90k+ sold,https://sg.shein.com/Vela-Rue-Minimalist-Design-Pants-With-Hook-Zipper-Closure-Lightweight-Semi-Sheer-Solid-Color-Wide-Leg-Pants-Apricot-Color-Fashionable-Wide-Leg-Trousers-For-All-Seasons-Spring-p-231997084.html?mallCode=1&pageListType=4&detailBusinessFrom=0-1_231997084%7C0-2,https://sg.shein.com/Vela-Rue-Minimalist-Design-Pants-With-Hook-Zipper-Closure-Lightweight-Semi-Sheer-Solid-Color-Wide-Leg-Pants-Apricot-Color-Fashionable-Wide-Leg-Trousers-For-All-Seasons-Spring-p-231997084.html,True,"mallCode,pageListType,detailBusinessFrom",False,,231997084,True
451721010,1,1,1,"2000s Style Fitted Women Short Sleeve T-Shirt, Square Neck High Elasticity Cropped Tight Top With Midriff Exposed Design Casual White",S$1.41,https://sg.shein.com/2000s-Style-Fitted-Women-Short-Sleeve-T-Shirt-Square-Neck-High-Elasticity-Cropped-Tight-Top-With-Midriff-Exposed-Design-Casual-White-p-451721010.html,https://img.ltwebstatic.com/v4/j/spmp/2026/05/04/a0/1777892787b1005d815b7d8d286a8a0eee353b400d_thumbnail_600x.webp,2026-06-02T16:19:31+08:00,,,,,SAVE S$1.41,https://sg.shein.com/2000s-Style-Fitted-Women-Short-Sleeve-T-Shirt-Square-Neck-High-Elasticity-Cropped-Tight-Top-With-Midriff-Exposed-Design-Casual-White-p-451721010.html?mallCode=1&pageListType=4&detailBusinessFrom=0-1_451721010%7C0-2,https://sg.shein.com/2000s-Style-Fitted-Women-Short-Sleeve-T-Shirt-Square-Neck-High-Elasticity-Cropped-Tight-Top-With-Midriff-Exposed-Design-Casual-White-p-451721010.html,True,"mallCode,pageListType,detailBusinessFrom",False,,451721010,True
26262330,1,1,1,EMERY ROSE 3pcs Women's Crop Tank Tops With Hem Stripe Design,S$11.99,https://sg.shein.com/EMERY-ROSE-3pcs-Women-s-Crop-Tank-Tops-With-Hem-Stripe-Design-p-26262330.html,https://img.ltwebstatic.com/images3_pi/2023/11/10/4a/16996008317237c76a5411056bc5633e204e73c897_thumbnail_600x.webp,2026-06-02T16:19:31+08:00,,,,,3.6k+ sold,https://sg.shein.com/EMERY-ROSE-3pcs-Women-s-Crop-Tank-Tops-With-Hem-Stripe-Design-p-26262330.html?mallCode=1&pageListType=4&detailBusinessFrom=0-1_26262330%7C0-2,https://sg.shein.com/EMERY-ROSE-3pcs-Women-s-Crop-Tank-Tops-With-Hem-Stripe-Design-p-26262330.html,True,"mallCode,pageListType,detailBusinessFrom",False,,26262330,True
59191488,1,1,1,"Sweetra Women's Casual Versatile Tank Top, Summer Graphic Cheetah Print Tees Women Tops",S$17.99,https://sg.shein.com/Sweetra-Women-s-Casual-Versatile-Tank-Top-Summer-Graphic-Cheetah-Print-Tees-Women-Tops-p-59191488.html,https://img.ltwebstatic.com/images3_pi/2025/02/25/04/1740468893ebef5d899b760b8c17eafe5af388fa39_thumbnail_600x.webp,2026-06-02T16:19:31+08:00,,,,,17.5k+ sold,https://sg.shein.com/Sweetra-Women-s-Casual-Versatile-Tank-Top-Summer-Graphic-Cheetah-Print-Tees-Women-Tops-p-59191488.html?mallCode=1&pageListType=4&detailBusinessFrom=0-1_59191488%7C0-2,https://sg.shein.com/Sweetra-Women-s-Casual-Versatile-Tank-Top-Summer-Graphic-Cheetah-Print-Tees-Women-Tops-p-59191488.html,True,"mallCode,pageListType,detailBusinessFrom",False,,59191488,True
451605206,1,1,1,"Ins Blogger Same Style ""Mama"" Print Short Sleeve T-Shirt, Minimalist White Text On Black Background, Casual European And American Style, Relaxed Fit Sweet & Spicy Mom Vibe Summer",S$1.64,https://sg.shein.com/Ins-Blogger-Same-Style-Mama-Print-Short-Sleeve-T-Shirt-Minimalist-White-Text-On-Black-Background-Casual-European-And-American-Style-Relaxed-Fit-Sweet-Spicy-Mom-Vibe-Summer-p-451605206.html,https://img.ltwebstatic.com/v4/j/spmp/2026/05/15/2c/177884222596dd71594637f4af2bc86f75b03ec0e8_thumbnail_600x.webp,2026-06-02T16:19:31+08:00,,,,,SAVE S$1.64,https://sg.shein.com/Ins-Blogger-Same-Style-Mama-Print-Short-Sleeve-T-Shirt-Minimalist-White-Text-On-Black-Background-Casual-European-And-American-Style-Relaxed-Fit-Sweet-Spicy-Mom-Vibe-Summer-p-451605206.html?mallCode=1&pageListType=4&detailBusinessFrom=0-1_451605206%7C0-2,https://sg.shein.com/Ins-Blogger-Same-Style-Mama-Print-Short-Sleeve-T-Shirt-Minimalist-White-Text-On-Black-Background-Casual-European-And-American-Style-Relaxed-Fit-Sweet-Spicy-Mom-Vibe-Summer-p-451605206.html,True,"mallCode,pageListType,detailBusinessFrom",False,,451605206,True
422583105,1,1,1,"SHEIN White And Blue Flowers Patten Graphic Tee,Summer Casual Outfit For Women,Women's Beach Top,Y2k Holiday Vacation T-Shirt,Gift For Sister,Holiday",S$6.49,https://sg.shein.com/SHEIN-White-And-Blue-Flowers-Patten-Graphic-Tee-Summer-Casual-Outfit-For-Women-Women-s-Beach-Top-Y2k-Holiday-Vacation-T-Shirt-Gift-For-Sister-Holiday-p-422583105.html,https://img.ltwebstatic.com/v4/j/pi/2026/03/16/b8/177362339983af29f55c926afab28ce79fd02dedbd_thumbnail_600x.webp,2026-06-02T16:19:31+08:00,,,,,19.1k+ sold,https://sg.shein.com/SHEIN-White-And-Blue-Flowers-Patten-Graphic-Tee-Summer-Casual-Outfit-For-Women-Women-s-Beach-Top-Y2k-Holiday-Vacation-T-Shirt-Gift-For-Sister-Holiday-p-422583105.html?mallCode=1&pageListType=4&detailBusinessFrom=0-1_422583105%7C0-2,https://sg.shein.com/SHEIN-White-And-Blue-Flowers-Patten-Graphic-Tee-Summer-Casual-Outfit-For-Women-Women-s-Beach-Top-Y2k-Holiday-Vacation-T-Shirt-Gift-For-Sister-Holiday-p-422583105.html,True,"mallCode,pageListType,detailBusinessFrom",False,,422583105,True
450499685,1,1,1,"Y2K Style Pink Hibiscus Graphic Women's Retro Surfing Casual T-Shirt, Enjoy Every Moment Of Summer Ladies Vintage Beach Holiday Loose Top",S$3.05,https://sg.shein.com/Y2K-Style-Pink-Hibiscus-Graphic-Women-s-Retro-Surfing-Casual-T-Shirt-Enjoy-Every-Moment-Of-Summer-Ladies-Vintage-Beach-Holiday-Loose-Top-p-450499685.html,https://img.ltwebstatic.com/v4/j/spmp/2026/05/04/dc/17778938210904ccc958e96b5f0abff0be8eb4f6ff_thumbnail_600x.webp,2026-06-02T16:19:31+08:00,,,,,SAVE S$3.05,https://sg.shein.com/Y2K-Style-Pink-Hibiscus-Graphic-Women-s-Retro-Surfing-Casual-T-Shirt-Enjoy-Every-Moment-Of-Summer-Ladies-Vintage-Beach-Holiday-Loose-Top-p-450499685.html?mallCode=1&pageListType=4&detailBusinessFrom=0-1_450499685%7C0-2,https://sg.shein.com/Y2K-Style-Pink-Hibiscus-Graphic-Women-s-Retro-Surfing-Casual-T-Shirt-Enjoy-Every-Moment-Of-Summer-Ladies-Vintage-Beach-Holiday-Loose-Top-p-450499685.html,True,"mallCode,pageListType,detailBusinessFrom",False,,450499685,True
49943528,1,1,1,"Sweetra Vintage Elegant Jacquard Pleated Wide-Leg Pants For Women, Autumn/Winter Fall Cloth For Women",S$15.19,https://sg.shein.com/Sweetra-Vintage-Elegant-Jacquard-Pleated-Wide-Leg-Pants-For-Women-Autumn-Winter-Fall-Cloth-For-Women-p-49943528.html,https://img.ltwebstatic.com/images3_pi/2024/12/09/5f/17337410338e67b16a460fce2c4d880ccc0a2dd73c_thumbnail_600x.webp,2026-06-02T16:19:31+08:00,,-5%,(1000+),,21.4k+ sold,https://sg.shein.com/Sweetra-Vintage-Elegant-Jacquard-Pleated-Wide-Leg-Pants-For-Women-Autumn-Winter-Fall-Cloth-For-Women-p-49943528.html?mallCode=1&pageListType=4&detailBusinessFrom=0-1_49943528%7C0-2,https://sg.shein.com/Sweetra-Vintage-Elegant-Jacquard-Pleated-Wide-Leg-Pants-For-Women-Autumn-Winter-Fall-Cloth-For-Women-p-49943528.html,True,"mallCode,pageListType,detailBusinessFrom",False,,49943528,True
66675402,1,1,1,Sweetra 3pcs/Set Sexy Cut-Out Back Breathable Moisture Wicking Fitted Short Sleeve Women Top/Tee Set,S$12.99,https://sg.shein.com/Sweetra-3pcs-Set-Sexy-Cut-Out-Back-Breathable-Moisture-Wicking-Fitted-Short-Sleeve-Women-Top-Tee-Set-p-66675402.html,https://img.ltwebstatic.com/v4/j/pi/2025/04/13/74/17444736160775968808ffe630e1cf44c3d76d8749_thumbnail_600x.webp,2026-06-02T16:19:31+08:00,,,(1000+),,32.9k+ sold,https://sg.shein.com/Sweetra-3pcs-Set-Sexy-Cut-Out-Back-Breathable-Moisture-Wicking-Fitted-Short-Sleeve-Women-Top-Tee-Set-p-66675402.html?mallCode=1&pageListType=4&detailBusinessFrom=0-1_66675402%7C0-2,https://sg.shein.com/Sweetra-3pcs-Set-Sexy-Cut-Out-Back-Breathable-Moisture-Wicking-Fitted-Short-Sleeve-Women-Top-Tee-Set-p-66675402.html,True,"mallCode,pageListType,detailBusinessFrom",False,,66675402,True
44276847,1,1,1,"Draped Simple Design Suit Pants, European & American Latest Straight Leg Casual Trousers, All Season Fashionable Wide-Leg Pants Spring Black",S$17.27,https://sg.shein.com/Draped-Simple-Design-Suit-Pants-European-American-Latest-Straight-Leg-Casual-Trousers-All-Season-Fashionable-Wide-Leg-Pants-Spring-Black-p-44276847.html,https://img.ltwebstatic.com/images3_spmp/2024/09/28/e7/17274977670b2e6ef82cab55f8eaf5edb4c423fc9d_thumbnail_600x.webp,2026-06-02T16:19:31+08:00,,-4%,,,22.2k+ sold,https://sg.shein.com/Draped-Simple-Design-Suit-Pants-European-American-Latest-Straight-Leg-Casual-Trousers-All-Season-Fashionable-Wide-Leg-Pants-Spring-Black-p-44276847.html?mallCode=1&pageListType=4&detailBusinessFrom=0-1_44276847%7C0-2,https://sg.shein.com/Draped-Simple-Design-Suit-Pants-European-American-Latest-Straight-Leg-Casual-Trousers-All-Season-Fashionable-Wide-Leg-Pants-Spring-Black-p-44276847.html,True,"mallCode,pageListType,detailBusinessFrom",False,,44276847,True
455060662,1,1,1,"2026 New Fashion Black Floral ""MAMA"" Print Round Neck Short Sleeve T-Shirt Casual Summer",S$2.58,https://sg.shein.com/2026-New-Fashion-Black-Floral-MAMA-Print-Round-Neck-Short-Sleeve-T-Shirt-Casual-Summer-p-455060662.html,https://img.ltwebstatic.com/v4/j/spmp/2026/05/05/0b/1777990619abd3f0f7acc0ffc90f9ed8dd2d2a5857_thumbnail_600x.webp,2026-06-02T16:19:31+08:00,,,,,SAVE S$2.58,https://sg.shein.com/2026-New-Fashion-Black-Floral-MAMA-Print-Round-Neck-Short-Sleeve-T-Shirt-Casual-Summer-p-455060662.html?mallCode=1&pageListType=4&detailBusinessFrom=0-1_455060662%7C0-2,https://sg.shein.com/2026-New-Fashion-Black-Floral-MAMA-Print-Round-Neck-Short-Sleeve-T-Shirt-Casual-Summer-p-455060662.html,True,"mallCode,pageListType,detailBusinessFrom",False,,455060662,True
456490497,1,1,1,"Women's Casual Solid Color Wide Leg Shorts, Suitable For Summer Daily Wear White",S$12.49,https://sg.shein.com/Women-s-Casual-Solid-Color-Wide-Leg-Shorts-Suitable-For-Summer-Daily-Wear-White-p-456490497.html,https://img.ltwebstatic.com/v4/j/spmp/2026/05/06/62/1778042090f955c9e4fcd3f78722b29c6c1cf9dfa6_thumbnail_600x.webp,2026-06-02T16:19:31+08:00,,,,,NEW,https://sg.shein.com/Women-s-Casual-Solid-Color-Wide-Leg-Shorts-Suitable-For-Summer-Daily-Wear-White-p-456490497.html?mallCode=1&pageListType=4&detailBusinessFrom=0-1_456490497%7C0-2,https://sg.shein.com/Women-s-Casual-Solid-Color-Wide-Leg-Shorts-Suitable-For-Summer-Daily-Wear-White-p-456490497.html,True,"mallCode,pageListType,detailBusinessFrom",False,,456490497,True
454835176,1,1,1,Amalfi Coast Pattern Casual Loose Short Sleeve T-Shirt White Summer,S$2.93,https://sg.shein.com/Amalfi-Coast-Pattern-Casual-Loose-Short-Sleeve-T-Shirt-White-Summer-p-454835176.html,https://img.ltwebstatic.com/v4/j/spmp/2026/05/17/89/177901397597b261de6e13c778b2ed4e09b465c0b0_thumbnail_600x.webp,2026-06-02T16:19:31+08:00,,-2%,,,113 sold,https://sg.shein.com/Amalfi-Coast-Pattern-Casual-Loose-Short-Sleeve-T-Shirt-White-Summer-p-454835176.html?mallCode=1&pageListType=4&detailBusinessFrom=0-1_454835176%7C0-2,https://sg.shein.com/Amalfi-Coast-Pattern-Casual-Loose-Short-Sleeve-T-Shirt-White-Summer-p-454835176.html,True,"mallCode,pageListType,detailBusinessFrom",False,,454835176,True
453022997,1,1,1,"Summer New Japanese Chic Gray Asymmetrical Shoulder T-Shirt Women, Side Cinched Waist Slim Fit Asymmetrical Shoulder Short Sleeve Top Casual",S$0.75,https://sg.shein.com/Summer-New-Japanese-Chic-Gray-Asymmetrical-Shoulder-T-Shirt-Women-Side-Cinched-Waist-Slim-Fit-Asymmetrical-Shoulder-Short-Sleeve-Top-Casual-p-453022997.html,https://img.ltwebstatic.com/v4/j/spmp/2026/04/12/39/17760083953d27458d847210ce18828576150cd7d7_thumbnail_600x.webp,2026-06-02T16:19:31+08:00,,,,,SAVE S$0.75,https://sg.shein.com/Summer-New-Japanese-Chic-Gray-Asymmetrical-Shoulder-T-Shirt-Women-Side-Cinched-Waist-Slim-Fit-Asymmetrical-Shoulder-Short-Sleeve-Top-Casual-p-453022997.html?mallCode=1&pageListType=4&detailBusinessFrom=0-1_453022997%7C0-2,https://sg.shein.com/Summer-New-Japanese-Chic-Gray-Asymmetrical-Shoulder-T-Shirt-Women-Side-Cinched-Waist-Slim-Fit-Asymmetrical-Shoulder-Short-Sleeve-Top-Casual-p-453022997.html,True,"mallCode,pageListType,detailBusinessFrom",False,,453022997,True
423613815,1,1,1,"Resyla Women's Casual White And Red Heart Embroidery Short Sleeve T-Shirt,Summer Elegant School Outdoor Tops,Burgundy Herringbone Chic Sweet Style Outfit",S$3.99,https://sg.shein.com/Resyla-Women-s-Casual-White-And-Red-Heart-Embroidery-Short-Sleeve-T-Shirt-Summer-Elegant-School-Outdoor-Tops-Burgundy-Herringbone-Chic-Sweet-Style-Outfit-p-423613815.html,https://img.ltwebstatic.com/v4/j/pi/2026/03/18/87/17738123405d55046a91c3537bb564b27ecdb0757c_thumbnail_600x.webp,2026-06-02T16:19:31+08:00,,-47%,,,614 sold,https://sg.shein.com/Resyla-Women-s-Casual-White-And-Red-Heart-Embroidery-Short-Sleeve-T-Shirt-Summer-Elegant-School-Outdoor-Tops-Burgundy-Herringbone-Chic-Sweet-Style-Outfit-p-423613815.html?mallCode=1&pageListType=4&detailBusinessFrom=0-1_423613815%7C0-2,https://sg.shein.com/Resyla-Women-s-Casual-White-And-Red-Heart-Embroidery-Short-Sleeve-T-Shirt-Summer-Elegant-School-Outdoor-Tops-Burgundy-Herringbone-Chic-Sweet-Style-Outfit-p-423613815.html,True,"mallCode,pageListType,detailBusinessFrom",False,,423613815,True
451627861,1,1,1,"Women's Loose Fit Italian Southern Resort Lemon Print T-Shirt, Limoncello Theme Short Sleeve, Amalfi Coast Relaxing Holiday Vibe Casual Summer",S$2.35,https://sg.shein.com/Women-s-Loose-Fit-Italian-Southern-Resort-Lemon-Print-T-Shirt-Limoncello-Theme-Short-Sleeve-Amalfi-Coast-Relaxing-Holiday-Vibe-Casual-Summer-p-451627861.html,https://img.ltwebstatic.com/v4/j/spmp/2026/05/05/30/1777982971b39a8fcdbec8f7a0bee9debf8314b98c_thumbnail_600x.webp,2026-06-02T16:19:31+08:00,,,,,SAVE S$2.35,https://sg.shein.com/Women-s-Loose-Fit-Italian-Southern-Resort-Lemon-Print-T-Shirt-Limoncello-Theme-Short-Sleeve-Amalfi-Coast-Relaxing-Holiday-Vibe-Casual-Summer-p-451627861.html?mallCode=1&pageListType=4&detailBusinessFrom=0-1_451627861%7C0-2,https://sg.shein.com/Women-s-Loose-Fit-Italian-Southern-Resort-Lemon-Print-T-Shirt-Limoncello-Theme-Short-Sleeve-Amalfi-Coast-Relaxing-Holiday-Vibe-Casual-Summer-p-451627861.html,True,"mallCode,pageListType,detailBusinessFrom",False,,451627861,True
450141195,1,1,1,"Cartoon Graphic T-Shirt, Retro Anime Print T-Shirt, 90s Vintage Style Casual Short Sleeve, Retro Streetwear Top Pink Summer",S$0.67,https://sg.shein.com/Cartoon-Graphic-T-Shirt-Retro-Anime-Print-T-Shirt-90s-Vintage-Style-Casual-Short-Sleeve-Retro-Streetwear-Top-Pink-Summer-p-450141195.html,https://img.ltwebstatic.com/v4/j/spmp/2026/05/02/e7/1777710542ff9470a04dd3ee448d15e7a2ce040224_thumbnail_600x.webp,2026-06-02T16:19:31+08:00,,,,,SAVE S$0.67,https://sg.shein.com/Cartoon-Graphic-T-Shirt-Retro-Anime-Print-T-Shirt-90s-Vintage-Style-Casual-Short-Sleeve-Retro-Streetwear-Top-Pink-Summer-p-450141195.html?mallCode=1&pageListType=4&detailBusinessFrom=0-1_450141195%7C0-2,https://sg.shein.com/Cartoon-Graphic-T-Shirt-Retro-Anime-Print-T-Shirt-90s-Vintage-Style-Casual-Short-Sleeve-Retro-Streetwear-Top-Pink-Summer-p-450141195.html,True,"mallCode,pageListType,detailBusinessFrom",False,,450141195,True
368168826,1,1,1,"Women's Fashionable Elegant Casual Minimalist Versatile Commuter Classic Contrast Color Satin & Sheer Lace Patchwork Asymmetric Side Slit Skirt, Office Formal Commuter Wear, Elegant Party Skirt",S$12.99,https://sg.shein.com/Women-s-Fashionable-Elegant-Casual-Minimalist-Versatile-Commuter-Classic-Contrast-Color-Satin-Sheer-Lace-Patchwork-Asymmetric-Side-Slit-Skirt-Office-Formal-Commuter-Wear-Elegant-Party-Skirt-p-368168826.html,https://img.ltwebstatic.com/v4/j/spmp/2025/12/27/25/176682906459e304c47185d46cd566f9186de2a543_thumbnail_600x.webp,2026-06-02T16:19:31+08:00,,,,,NEW,https://sg.shein.com/Women-s-Fashionable-Elegant-Casual-Minimalist-Versatile-Commuter-Classic-Contrast-Color-Satin-Sheer-Lace-Patchwork-Asymmetric-Side-Slit-Skirt-Office-Formal-Commuter-Wear-Elegant-Party-Skirt-p-368168826.html?mallCode=1&pageListType=4&detailBusinessFrom=0-1_368168826%7C0-2,https://sg.shein.com/Women-s-Fashionable-Elegant-Casual-Minimalist-Versatile-Commuter-Classic-Contrast-Color-Satin-Sheer-Lace-Patchwork-Asymmetric-Side-Slit-Skirt-Office-Formal-Commuter-Wear-Elegant-Party-Skirt-p-368168826.html,True,"mallCode,pageListType,detailBusinessFrom",False,,368168826,True
72336010,1,1,1,"INAWLY Simple Solid Color Pleated Loose Straight Leg Pants, Suitable For Daily Wear Fall Cloth For Women",S$1.08,https://sg.shein.com/INAWLY-Simple-Solid-Color-Pleated-Loose-Straight-Leg-Pants-Suitable-For-Daily-Wear-Fall-Cloth-For-Women-p-72336010.html,https://img.ltwebstatic.com/v4/j/pi/2025/09/17/9e/1758086582e4399e17f322141639782c3ebfabaced_thumbnail_600x.webp,2026-06-02T16:19:31+08:00,,,,,SAVE S$1.08,https://sg.shein.com/INAWLY-Simple-Solid-Color-Pleated-Loose-Straight-Leg-Pants-Suitable-For-Daily-Wear-Fall-Cloth-For-Women-p-72336010.html?mallCode=1&pageListType=4&detailBusinessFrom=0-1_72336010%7C0-2,https://sg.shein.com/INAWLY-Simple-Solid-Color-Pleated-Loose-Straight-Leg-Pants-Suitable-For-Daily-Wear-Fall-Cloth-For-Women-p-72336010.html,True,"mallCode,pageListType,detailBusinessFrom",False,,72336010,True
427390013,1,1,1,"1pc Women's Summer Round Neck Short Sleeve T-Shirt, Blue With English Letter Print, Casual Loose Fit, Comfortable For Summer Wear, Suitable For Beach, Street, Daily Activities, Work, Office, Parties And More",S$1.20,https://sg.shein.com/1pc-Women-s-Summer-Round-Neck-Short-Sleeve-T-Shirt-Blue-With-English-Letter-Print-Casual-Loose-Fit-Comfortable-For-Summer-Wear-Suitable-For-Beach-Street-Daily-Activities-Work-Office-Parties-And-More-p-427390013.html,https://img.ltwebstatic.com/v4/j/spmp/2026/05/10/67/1778414486403d1d1328ae714cbd5e840746aeace6_thumbnail_600x.webp,2026-06-02T16:19:31+08:00,,,,,SAVE S$1.20,https://sg.shein.com/1pc-Women-s-Summer-Round-Neck-Short-Sleeve-T-Shirt-Blue-With-English-Letter-Print-Casual-Loose-Fit-Comfortable-For-Summer-Wear-Suitable-For-Beach-Street-Daily-Activities-Work-Office-Parties-And-More-p-427390013.html?mallCode=1&pageListType=4&detailBusinessFrom=0-1_427390013%7C0-2,https://sg.shein.com/1pc-Women-s-Summer-Round-Neck-Short-Sleeve-T-Shirt-Blue-With-English-Letter-Print-Casual-Loose-Fit-Comfortable-For-Summer-Wear-Suitable-For-Beach-Street-Daily-Activities-Work-Office-Parties-And-More-p-427390013.html,True,"mallCode,pageListType,detailBusinessFrom",False,,427390013,True
464143942,1,1,1,"Large Size Cheese Cube Stress Ball, Shapeable Squeeze Toy, Non-Bounce Fidget ASMR Sensory Anti-Stress Christmas Gift, Slow-Rebound Squishable Squeeze Ball Sensory Fidget Relieves Stress For Adults Desk, Mild Cheese Scent",S$3.59,https://sg.shein.com/Large-Size-Cheese-Cube-Stress-Ball-Shapeable-Squeeze-Toy-Non-Bounce-Fidget-ASMR-Sensory-Anti-Stress-Christmas-Gift-Slow-Rebound-Squishable-Squeeze-Ball-Sensory-Fidget-Relieves-Stress-For-Adults-Desk-Mild-Cheese-Scent-p-464143942.html,https://img.ltwebstatic.com/v4/j/spmp/2026/04/28/1d/17773696573ba35dc5253e644c2aef2bc11be384e9_thumbnail_600x.webp,2026-06-02T16:19:31+08:00,,-5%,,,4k+ sold,https://sg.shein.com/Large-Size-Cheese-Cube-Stress-Ball-Shapeable-Squeeze-Toy-Non-Bounce-Fidget-ASMR-Sensory-Anti-Stress-Christmas-Gift-Slow-Rebound-Squishable-Squeeze-Ball-Sensory-Fidget-Relieves-Stress-For-Adults-Desk-Mild-Cheese-Scent-p-464143942.html?src_module=RealClassFilteredRecommend&src_identifier=on=PRODUCT_RECOMMEND_COMPONENT`cn=PRODUCT_RECOMMEND_COMPONENT_1`hz=0`ps=1_0`jc=null_0&src_tab_page_id=page_risk_crawler_block1780388376590&mallCode=1&detailBusinessFrom=0-2,https://sg.shein.com/Large-Size-Cheese-Cube-Stress-Ball-Shapeable-Squeeze-Toy-Non-Bounce-Fidget-ASMR-Sensory-Anti-Stress-Christmas-Gift-Slow-Rebound-Squishable-Squeeze-Ball-Sensory-Fidget-Relieves-Stress-For-Adults-Desk-Mild-Cheese-Scent-p-464143942.html,True,"src_module,src_identifier,src_tab_page_id,mallCode,detailBusinessFrom",True,"page_risk,crawler,risk,PRODUCT_RECOMMEND,RealClassFilteredRecommend,src_module,src_identifier,src_tab_page_id",464143942,True
73969433,1,1,1,"2pcs Set Simple & Comfortable Wireless Sports Bras For Women, Solid Color Sag Proof Brassiere",S$9.29,https://sg.shein.com/2pcs-Set-Simple-Comfortable-Wireless-Sports-Bras-For-Women-Solid-Color-Sag-Proof-Brassiere-p-73969433.html,https://img.ltwebstatic.com/v4/p/spmp/2025/04/24/da/1745481101b4cf2257d720b8ee8735cebbcdf8dc8c_thumbnail_600x.webp,2026-06-02T16:19:31+08:00,,-7%,,,69.9k+ sold,https://sg.shein.com/2pcs-Set-Simple-Comfortable-Wireless-Sports-Bras-For-Women-Solid-Color-Sag-Proof-Brassiere-p-73969433.html?src_module=RealClassFilteredRecommend&src_identifier=on=PRODUCT_RECOMMEND_COMPONENT`cn=PRODUCT_RECOMMEND_COMPONENT_1`hz=0`ps=1_0`jc=null_0&src_tab_page_id=page_risk_crawler_block1780388376590&mallCode=1&detailBusinessFrom=0-2,https://sg.shein.com/2pcs-Set-Simple-Comfortable-Wireless-Sports-Bras-For-Women-Solid-Color-Sag-Proof-Brassiere-p-73969433.html,True,"src_module,src_identifier,src_tab_page_id,mallCode,detailBusinessFrom",True,"page_risk,crawler,risk,PRODUCT_RECOMMEND,RealClassFilteredRecommend,src_module,src_identifier,src_tab_page_id",73969433,True
46274115,1,1,1,Firerie Women Minimalist Casual Chic Fashion Back-To-School High Waist Textured Wide Leg Pants,S$15.49,https://sg.shein.com/Firerie-Women-Minimalist-Casual-Chic-Fashion-Back-To-School-High-Waist-Textured-Wide-Leg-Pants-p-46274115.html,https://img.ltwebstatic.com/images3_pi/2024/11/23/95/1732351775770b6086370bd2e46ebf7857a61a4dcb_thumbnail_600x.webp,2026-06-02T16:19:31+08:00,,,(1000+),,9.1k+ sold,https://sg.shein.com/Firerie-Women-Minimalist-Casual-Chic-Fashion-Back-To-School-High-Waist-Textured-Wide-Leg-Pants-p-46274115.html?src_module=RealClassFilteredRecommend&src_identifier=on=PRODUCT_RECOMMEND_COMPONENT`cn=PRODUCT_RECOMMEND_COMPONENT_1`hz=0`ps=1_0`jc=null_0&src_tab_page_id=page_risk_crawler_block1780388376590&mallCode=1&detailBusinessFrom=0-2,https://sg.shein.com/Firerie-Women-Minimalist-Casual-Chic-Fashion-Back-To-School-High-Waist-Textured-Wide-Leg-Pants-p-46274115.html,True,"src_module,src_identifier,src_tab_page_id,mallCode,detailBusinessFrom",True,"page_risk,crawler,risk,PRODUCT_RECOMMEND,RealClassFilteredRecommend,src_module,src_identifier,src_tab_page_id",46274115,True
439435136,1,2,"1,2","Lalippa Letter & Numeral Print V-Neck T-Shirt, Fashionable & Minimalist, Gift For Friends",S$9.11,https://sg.shein.com/Lalippa-Letter-Numeral-Print-V-Neck-T-Shirt-Fashionable-Minimalist-Gift-For-Friends-p-439435136.html,https://img.ltwebstatic.com/v4/j/pi/2026/04/11/fd/177589675732808e24bf7502b3f46aec9cbfbf4d2e_thumbnail_600x.webp,2026-06-02T16:19:31+08:00,,-4%,,,2.1k+ sold,https://sg.shein.com/Lalippa-Letter-Numeral-Print-V-Neck-T-Shirt-Fashionable-Minimalist-Gift-For-Friends-p-439435136.html?src_module=RealClassFilteredRecommend&src_identifier=on=PRODUCT_RECOMMEND_COMPONENT`cn=PRODUCT_RECOMMEND_COMPONENT_1`hz=0`ps=1_0`jc=null_0&src_tab_page_id=page_risk_crawler_block1780388376590&mallCode=1&detailBusinessFrom=0-2,https://sg.shein.com/Lalippa-Letter-Numeral-Print-V-Neck-T-Shirt-Fashionable-Minimalist-Gift-For-Friends-p-439435136.html,True,"src_module,src_identifier,src_tab_page_id,mallCode,detailBusinessFrom",True,"page_risk,crawler,risk,PRODUCT_RECOMMEND,RealClassFilteredRecommend,src_module,src_identifier,src_tab_page_id",439435136,True
310602079,1,1,1,"1pc Women's Slim Fit Straight Leg High Waist Elastic Waist Wide Leg Pants, Loose Fit For Running, Fitness, Yoga, Cycling, Streetwear, Casual Style, Machine Washable, Elegant Fashion Trousers, Versatile Daily Wear Black Spring Sports",S$10.99,https://sg.shein.com/1pc-Women-s-Slim-Fit-Straight-Leg-High-Waist-Elastic-Waist-Wide-Leg-Pants-Loose-Fit-For-Running-Fitness-Yoga-Cycling-Streetwear-Casual-Style-Machine-Washable-Elegant-Fashion-Trousers-Versatile-Daily-Wear-Black-Spring-Sports-p-310602079.html,https://img.ltwebstatic.com/v4/j/spmp/2025/12/17/a8/17659631644e5f7ed96eae6f1be9c56a74ac9f6cad_thumbnail_600x.webp,2026-06-02T16:19:31+08:00,,,,,5.4k+ sold,https://sg.shein.com/1pc-Women-s-Slim-Fit-Straight-Leg-High-Waist-Elastic-Waist-Wide-Leg-Pants-Loose-Fit-For-Running-Fitness-Yoga-Cycling-Streetwear-Casual-Style-Machine-Washable-Elegant-Fashion-Trousers-Versatile-Daily-Wear-Black-Spring-Sports-p-310602079.html?src_module=RealClassFilteredRecommend&src_identifier=on=PRODUCT_RECOMMEND_COMPONENT`cn=PRODUCT_RECOMMEND_COMPONENT_1`hz=0`ps=1_0`jc=null_0&src_tab_page_id=page_risk_crawler_block1780388376590&mallCode=1&detailBusinessFrom=0-2,https://sg.shein.com/1pc-Women-s-Slim-Fit-Straight-Leg-High-Waist-Elastic-Waist-Wide-Leg-Pants-Loose-Fit-For-Running-Fitness-Yoga-Cycling-Streetwear-Casual-Style-Machine-Washable-Elegant-Fashion-Trousers-Versatile-Daily-Wear-Black-Spring-Sports-p-310602079.html,True,"src_module,src_identifier,src_tab_page_id,mallCode,detailBusinessFrom",True,"page_risk,crawler,risk,PRODUCT_RECOMMEND,RealClassFilteredRecommend,src_module,src_identifier,src_tab_page_id",310602079,True
47307085,1,2,"1,2","1pc Women's Retro Solid Color PU Leather Shoulder Bag With Multiple Pockets, Large Capacity, Comes With A Detachable Accessory Charm (Accessory Charm May Vary Slightly), Vintage Bag For Women",S$2.78,https://sg.shein.com/1pc-Women-s-Retro-Solid-Color-PU-Leather-Shoulder-Bag-With-Multiple-Pockets-Large-Capacity-Comes-With-A-Detachable-Accessory-Charm-Accessory-Charm-May-Vary-Slightly-Vintage-Bag-For-Women-p-47307085.html,https://sc.ltwebstatic.com/she_dist/images/bg-grey-solid-color-fc04c1310d.png,2026-06-02T16:19:31+08:00,,,,,3.1k+ sold,https://sg.shein.com/1pc-Women-s-Retro-Solid-Color-PU-Leather-Shoulder-Bag-With-Multiple-Pockets-Large-Capacity-Comes-With-A-Detachable-Accessory-Charm-Accessory-Charm-May-Vary-Slightly-Vintage-Bag-For-Women-p-47307085.html?src_module=RealClassFilteredRecommend&src_identifier=on=PRODUCT_RECOMMEND_COMPONENT`cn=PRODUCT_RECOMMEND_COMPONENT_1`hz=0`ps=1_0`jc=null_0&src_tab_page_id=page_risk_crawler_block1780388376590&mallCode=1&detailBusinessFrom=0-2,https://sg.shein.com/1pc-Women-s-Retro-Solid-Color-PU-Leather-Shoulder-Bag-With-Multiple-Pockets-Large-Capacity-Comes-With-A-Detachable-Accessory-Charm-Accessory-Charm-May-Vary-Slightly-Vintage-Bag-For-Women-p-47307085.html,True,"src_module,src_identifier,src_tab_page_id,mallCode,detailBusinessFrom",True,"page_risk,crawler,risk,PRODUCT_RECOMMEND,RealClassFilteredRecommend,src_module,src_identifier,src_tab_page_id",47307085,True
430289507,1,1,1,"Japanese Style Moldable Steamed Bun Squeezing Toy - 6cm (2.36 Inch) And 10cm (3.94 Inch) Soft TPR Slow Rebound Stress Relief Ball, Cute Bread Themed Fidget Toy For Pressure Relief, Sensory Toy For Adults And Teens, Fun Desktop Decor",S$4.68,https://sg.shein.com/Japanese-Style-Moldable-Steamed-Bun-Squeezing-Toy-6cm-2-36-Inch-And-10cm-3-94-Inch-Soft-TPR-Slow-Rebound-Stress-Relief-Ball-Cute-Bread-Themed-Fidget-Toy-For-Pressure-Relief-Sensory-Toy-For-Adults-And-Teens-Fun-Desktop-Decor-p-430289507.html,https://sc.ltwebstatic.com/she_dist/images/bg-grey-solid-color-fc04c1310d.png,2026-06-02T16:19:31+08:00,,-4%,,,6.8k+ sold,https://sg.shein.com/Japanese-Style-Moldable-Steamed-Bun-Squeezing-Toy-6cm-2-36-Inch-And-10cm-3-94-Inch-Soft-TPR-Slow-Rebound-Stress-Relief-Ball-Cute-Bread-Themed-Fidget-Toy-For-Pressure-Relief-Sensory-Toy-For-Adults-And-Teens-Fun-Desktop-Decor-p-430289507.html?src_module=RealClassFilteredRecommend&src_identifier=on=PRODUCT_RECOMMEND_COMPONENT`cn=PRODUCT_RECOMMEND_COMPONENT_1`hz=0`ps=1_0`jc=null_0&src_tab_page_id=page_risk_crawler_block1780388376590&mallCode=1&detailBusinessFrom=0-2,https://sg.shein.com/Japanese-Style-Moldable-Steamed-Bun-Squeezing-Toy-6cm-2-36-Inch-And-10cm-3-94-Inch-Soft-TPR-Slow-Rebound-Stress-Relief-Ball-Cute-Bread-Themed-Fidget-Toy-For-Pressure-Relief-Sensory-Toy-For-Adults-And-Teens-Fun-Desktop-Decor-p-430289507.html,True,"src_module,src_identifier,src_tab_page_id,mallCode,detailBusinessFrom",True,"page_risk,crawler,risk,PRODUCT_RECOMMEND,RealClassFilteredRecommend,src_module,src_identifier,src_tab_page_id",430289507,True
75117141,1,2,"1,2",High-End Flowing Straight Leg Casual Maxi Pants For Women Spring,S$2.32,https://sg.shein.com/High-End-Flowing-Straight-Leg-Casual-Maxi-Pants-For-Women-Spring-p-75117141.html,https://sc.ltwebstatic.com/she_dist/images/bg-grey-solid-color-fc04c1310d.png,2026-06-02T16:19:31+08:00,,,,,SAVE S$2.32,https://sg.shein.com/High-End-Flowing-Straight-Leg-Casual-Maxi-Pants-For-Women-Spring-p-75117141.html?src_module=RealClassFilteredRecommend&src_identifier=on=PRODUCT_RECOMMEND_COMPONENT`cn=PRODUCT_RECOMMEND_COMPONENT_1`hz=0`ps=1_0`jc=null_0&src_tab_page_id=page_risk_crawler_block1780388376590&mallCode=1&detailBusinessFrom=0-2,https://sg.shein.com/High-End-Flowing-Straight-Leg-Casual-Maxi-Pants-For-Women-Spring-p-75117141.html,True,"src_module,src_identifier,src_tab_page_id,mallCode,detailBusinessFrom",True,"page_risk,crawler,risk,PRODUCT_RECOMMEND,RealClassFilteredRecommend,src_module,src_identifier,src_tab_page_id",75117141,True
209903633,1,3,"1,2",SuriyaCove Retro American Y2K Style Minimalist Women Sweatpants,S$14.99,https://sg.shein.com/SuriyaCove-Retro-American-Y2K-Style-Minimalist-Women-Sweatpants-p-209903633.html,https://sc.ltwebstatic.com/she_dist/images/bg-grey-solid-color-fc04c1310d.png,2026-06-02T16:19:31+08:00,,,,,29.1k+ sold,https://sg.shein.com/SuriyaCove-Retro-American-Y2K-Style-Minimalist-Women-Sweatpants-p-209903633.html?src_module=RealClassFilteredRecommend&src_identifier=on=PRODUCT_RECOMMEND_COMPONENT`cn=PRODUCT_RECOMMEND_COMPONENT_1`hz=0`ps=1_0`jc=null_0&src_tab_page_id=page_risk_crawler_block1780388376590&mallCode=1&detailBusinessFrom=0-2,https://sg.shein.com/SuriyaCove-Retro-American-Y2K-Style-Minimalist-Women-Sweatpants-p-209903633.html,True,"src_module,src_identifier,src_tab_page_id,mallCode,detailBusinessFrom",True,"page_risk,crawler,risk,PRODUCT_RECOMMEND,RealClassFilteredRecommend,src_module,src_identifier,src_tab_page_id",209903633,True
227199970,2,1,2,"Women's Solid Color Bowknot Front Design Camisole, Fresh Style For Spring/Summer Casual White",S$15.49,https://sg.shein.com/Women-s-Solid-Color-Bowknot-Front-Design-Camisole-Fresh-Style-For-Spring-Summer-Casual-White-p-227199970.html,https://img.ltwebstatic.com/v4/j/spmp/2025/10/09/c3/175997969645a3e57081a18e99d03923bf1dd20821_thumbnail_600x.webp,2026-06-02T16:21:16+08:00,,,,,1.6k+ sold,https://sg.shein.com/Women-s-Solid-Color-Bowknot-Front-Design-Camisole-Fresh-Style-For-Spring-Summer-Casual-White-p-227199970.html?mallCode=1&pageListType=4&detailBusinessFrom=0-1_227199970%7C0-2,https://sg.shein.com/Women-s-Solid-Color-Bowknot-Front-Design-Camisole-Fresh-Style-For-Spring-Summer-Casual-White-p-227199970.html,True,"mallCode,pageListType,detailBusinessFrom",False,,227199970,True
394926946,2,1,2,"DAZY Women's Casual Everyday Commute Minimalist Solid Color Ribbed Knit Fitted Tank Top, Summer",S$0.96,https://sg.shein.com/DAZY-Women-s-Casual-Everyday-Commute-Minimalist-Solid-Color-Ribbed-Knit-Fitted-Tank-Top-Summer-p-394926946.html,https://img.ltwebstatic.com/v4/j/pi/2026/03/18/4e/177381196371dfbe16e9edd68d07b9d15dfadcc169_thumbnail_600x.webp,2026-06-02T16:21:16+08:00,,,,,SAVE S$0.96,https://sg.shein.com/DAZY-Women-s-Casual-Everyday-Commute-Minimalist-Solid-Color-Ribbed-Knit-Fitted-Tank-Top-Summer-p-394926946.html?mallCode=1&pageListType=4&detailBusinessFrom=0-1_394926946%7C0-2,https://sg.shein.com/DAZY-Women-s-Casual-Everyday-Commute-Minimalist-Solid-Color-Ribbed-Knit-Fitted-Tank-Top-Summer-p-394926946.html,True,"mallCode,pageListType,detailBusinessFrom",False,,394926946,True
416712811,2,1,2,DAZY Women's Solid Color Fitted Casual Vacation Summer Tank Top,S$1.41,https://sg.shein.com/DAZY-Women-s-Solid-Color-Fitted-Casual-Vacation-Summer-Tank-Top-p-416712811.html,https://img.ltwebstatic.com/v4/j/pi/2026/03/09/9c/1773051247bb6ab30ea7b9af685babb64afcf45225_thumbnail_600x.webp,2026-06-02T16:21:16+08:00,,,,,SAVE S$1.41,https://sg.shein.com/DAZY-Women-s-Solid-Color-Fitted-Casual-Vacation-Summer-Tank-Top-p-416712811.html?mallCode=1&pageListType=4&detailBusinessFrom=0-1_416712811%7C0-2,https://sg.shein.com/DAZY-Women-s-Solid-Color-Fitted-Casual-Vacation-Summer-Tank-Top-p-416712811.html,True,"mallCode,pageListType,detailBusinessFrom",False,,416712811,True
12262603,2,2,"2,3",Firerie Solid High Waist Wide Leg Pants Bootcut Wide Leg Pants Dress Pants,S$11.49,https://sg.shein.com/Firerie-Solid-High-Waist-Wide-Leg-Pants-Bootcut-Wide-Leg-Pants-Dress-Pants-p-12262603.html,https://img.ltwebstatic.com/images3_pi/2022/11/26/166941971836bae33fd4f7413b5d42a4719c333616_thumbnail_600x.webp,2026-06-02T16:21:16+08:00,,,,,12.5k+ sold,https://sg.shein.com/Firerie-Solid-High-Waist-Wide-Leg-Pants-Bootcut-Wide-Leg-Pants-Dress-Pants-p-12262603.html?mallCode=1&pageListType=4&detailBusinessFrom=0-1_12262603%7C0-2,https://sg.shein.com/Firerie-Solid-High-Waist-Wide-Leg-Pants-Bootcut-Wide-Leg-Pants-Dress-Pants-p-12262603.html,True,"mallCode,pageListType,detailBusinessFrom",False,,12262603,True
157210594,2,2,"2,5","Sweetra Women's Casual Pleated Scoop Neck Tank Top, Summer",S$16.49,https://sg.shein.com/Sweetra-Women-s-Casual-Pleated-Scoop-Neck-Tank-Top-Summer-p-157210594.html,https://img.ltwebstatic.com/v4/j/pi/2025/08/19/84/17555944286daefafa115d0bd103c1555c59ce4f21_thumbnail_600x.webp,2026-06-02T16:21:16+08:00,,,,,2.1k+ sold,https://sg.shein.com/Sweetra-Women-s-Casual-Pleated-Scoop-Neck-Tank-Top-Summer-p-157210594.html?mallCode=1&pageListType=4&detailBusinessFrom=0-1_157210594%7C0-2,https://sg.shein.com/Sweetra-Women-s-Casual-Pleated-Scoop-Neck-Tank-Top-Summer-p-157210594.html,True,"mallCode,pageListType,detailBusinessFrom",False,,157210594,True
464649969,2,2,"2,7","Ontre Women's Brown Summer Casual City Break Single-Breasted Belted A-Line Skirt,100% Cotton Woven Fabric,Minimalist Elegant Urban Chic Design Pleats,Office",S$19.49,https://sg.shein.com/Ontre-Women-s-Brown-Summer-Casual-City-Break-Single-Breasted-Belted-A-Line-Skirt-100-Cotton-Woven-Fabric-Minimalist-Elegant-Urban-Chic-Design-Pleats-Office-p-464649969.html,https://img.ltwebstatic.com/v4/j/pi/2026/05/18/a0/17790909463343a7fcba0a4ca1140d6c27933a2bd5_thumbnail_600x.webp,2026-06-02T16:21:16+08:00,,00%,,,NEW,https://sg.shein.com/Ontre-Women-s-Brown-Summer-Casual-City-Break-Single-Breasted-Belted-A-Line-Skirt-100-Cotton-Woven-Fabric-Minimalist-Elegant-Urban-Chic-Design-Pleats-Office-p-464649969.html?mallCode=1&pageListType=4&detailBusinessFrom=0-1_464649969%7C0-2,https://sg.shein.com/Ontre-Women-s-Brown-Summer-Casual-City-Break-Single-Breasted-Belted-A-Line-Skirt-100-Cotton-Woven-Fabric-Minimalist-Elegant-Urban-Chic-Design-Pleats-Office-p-464649969.html,True,"mallCode,pageListType,detailBusinessFrom",False,,464649969,True
33424508,2,1,2,SHEIN Unity Women Summer Solid Color Square Neck Pleated Slim Fit Tank Top,S$5.99,https://sg.shein.com/SHEIN-Unity-Women-Summer-Solid-Color-Square-Neck-Pleated-Slim-Fit-Tank-Top-p-33424508.html,https://img.ltwebstatic.com/images3_pi/2024/04/13/db/1713017542eae0b91bcbd6db82188bf2697d5c8a61_thumbnail_600x.webp,2026-06-02T16:21:16+08:00,,,(1000+),,49.6k+ sold,https://sg.shein.com/SHEIN-Unity-Women-Summer-Solid-Color-Square-Neck-Pleated-Slim-Fit-Tank-Top-p-33424508.html?mallCode=1&pageListType=4&detailBusinessFrom=0-1_33424508%7C0-2,https://sg.shein.com/SHEIN-Unity-Women-Summer-Solid-Color-Square-Neck-Pleated-Slim-Fit-Tank-Top-p-33424508.html,True,"mallCode,pageListType,detailBusinessFrom",False,,33424508,True
31296889,2,1,2,"SHEIN EZwear 3pcs Casual Camisole Set, Versatile Slim Fit Tank Top For Women, Suitable For Summer",S$10.49,https://sg.shein.com/SHEIN-EZwear-3pcs-Casual-Camisole-Set-Versatile-Slim-Fit-Tank-Top-For-Women-Suitable-For-Summer-p-31296889.html,https://img.ltwebstatic.com/v4/j/pi/2025/08/07/cf/175454956602fae171394732bf745736a0b486ad4c_thumbnail_600x.webp,2026-06-02T16:21:16+08:00,,,,,31.8k+ sold,https://sg.shein.com/SHEIN-EZwear-3pcs-Casual-Camisole-Set-Versatile-Slim-Fit-Tank-Top-For-Women-Suitable-For-Summer-p-31296889.html?mallCode=1&pageListType=4&detailBusinessFrom=0-1_31296889%7C0-2,https://sg.shein.com/SHEIN-EZwear-3pcs-Casual-Camisole-Set-Versatile-Slim-Fit-Tank-Top-For-Women-Suitable-For-Summer-p-31296889.html,True,"mallCode,pageListType,detailBusinessFrom",False,,31296889,True
454464776,2,2,"2,3","Street Style Skateboard & Letter Print Loose Fit Round Neck Short Sleeve T-Shirt, Casual Graffiti Pattern Summer Streetwear Pink",S$5.00,https://sg.shein.com/Street-Style-Skateboard-Letter-Print-Loose-Fit-Round-Neck-Short-Sleeve-T-Shirt-Casual-Graffiti-Pattern-Summer-Streetwear-Pink-p-454464776.html,https://img.ltwebstatic.com/v4/j/spmp/2026/05/17/4c/177903121722103d86842a8b2e6a30763f89bfbf5f_thumbnail_600x.webp,2026-06-02T16:21:16+08:00,,-9%,,,62 sold,https://sg.shein.com/Street-Style-Skateboard-Letter-Print-Loose-Fit-Round-Neck-Short-Sleeve-T-Shirt-Casual-Graffiti-Pattern-Summer-Streetwear-Pink-p-454464776.html?mallCode=1&pageListType=4&detailBusinessFrom=0-1_454464776%7C0-2,https://sg.shein.com/Street-Style-Skateboard-Letter-Print-Loose-Fit-Round-Neck-Short-Sleeve-T-Shirt-Casual-Graffiti-Pattern-Summer-Streetwear-Pink-p-454464776.html,True,"mallCode,pageListType,detailBusinessFrom",False,,454464776,True
422670632,2,1,2,"Women's Casual Short Top, Solid Gray Color, Side Ruched Design, Stretchy Fabric, Round Neck Short Sleeve T-Shirt, Minimalist Style, Suitable For Daily Casual Wear, Hanging Out With Friends, Spring/Summer Matching, Shopping And Traveling",S$0.58,https://sg.shein.com/Women-s-Casual-Short-Top-Solid-Gray-Color-Side-Ruched-Design-Stretchy-Fabric-Round-Neck-Short-Sleeve-T-Shirt-Minimalist-Style-Suitable-For-Daily-Casual-Wear-Hanging-Out-With-Friends-Spring-Summer-Matching-Shopping-And-Traveling-p-422670632.html,https://img.ltwebstatic.com/v4/j/spmp/2026/03/22/3d/177417725419a301dda90aaf300c8d58c79926aa0d_thumbnail_600x.webp,2026-06-02T16:21:16+08:00,,,,,SAVE S$0.58,https://sg.shein.com/Women-s-Casual-Short-Top-Solid-Gray-Color-Side-Ruched-Design-Stretchy-Fabric-Round-Neck-Short-Sleeve-T-Shirt-Minimalist-Style-Suitable-For-Daily-Casual-Wear-Hanging-Out-With-Friends-Spring-Summer-Matching-Shopping-And-Traveling-p-422670632.html?mallCode=1&pageListType=4&detailBusinessFrom=0-1_422670632%7C0-2,https://sg.shein.com/Women-s-Casual-Short-Top-Solid-Gray-Color-Side-Ruched-Design-Stretchy-Fabric-Round-Neck-Short-Sleeve-T-Shirt-Minimalist-Style-Suitable-For-Daily-Casual-Wear-Hanging-Out-With-Friends-Spring-Summer-Matching-Shopping-And-Traveling-p-422670632.html,True,"mallCode,pageListType,detailBusinessFrom",False,,422670632,True
462693188,2,1,2,"ROMWE Kawaii Women's Ruffled Lace Trim Palazzo Pants, Suitable For Southern France Vacation",S$19.54,https://sg.shein.com/ROMWE-Kawaii-Women-s-Ruffled-Lace-Trim-Palazzo-Pants-Suitable-For-Southern-France-Vacation-p-462693188.html,https://img.ltwebstatic.com/v4/j/pi/2026/05/08/ed/1778233838488cd173b39fa8b4ea76a9c51f23c0d2_thumbnail_600x.webp,2026-06-02T16:21:16+08:00,,-15%,,,Estimated,https://sg.shein.com/ROMWE-Kawaii-Women-s-Ruffled-Lace-Trim-Palazzo-Pants-Suitable-For-Southern-France-Vacation-p-462693188.html?mallCode=1&pageListType=4&detailBusinessFrom=0-1_462693188%7C0-2,https://sg.shein.com/ROMWE-Kawaii-Women-s-Ruffled-Lace-Trim-Palazzo-Pants-Suitable-For-Southern-France-Vacation-p-462693188.html,True,"mallCode,pageListType,detailBusinessFrom",False,,462693188,True
63288137,2,1,2,"Women's Versatile Minimalist Wide Leg Pants, High Waist, Slimming, Straight Leg, Suitable For All Seasons Spring",S$2.14,https://sg.shein.com/Women-s-Versatile-Minimalist-Wide-Leg-Pants-High-Waist-Slimming-Straight-Leg-Suitable-For-All-Seasons-Spring-p-63288137.html,https://img.ltwebstatic.com/images3_spmp/2025/03/19/57/174238675662500c3a3b235a288ece4e826c5c38f5_thumbnail_600x.webp,2026-06-02T16:21:16+08:00,,,,,SAVE S$2.14,https://sg.shein.com/Women-s-Versatile-Minimalist-Wide-Leg-Pants-High-Waist-Slimming-Straight-Leg-Suitable-For-All-Seasons-Spring-p-63288137.html?mallCode=1&pageListType=4&detailBusinessFrom=0-1_63288137%7C0-2,https://sg.shein.com/Women-s-Versatile-Minimalist-Wide-Leg-Pants-High-Waist-Slimming-Straight-Leg-Suitable-For-All-Seasons-Spring-p-63288137.html,True,"mallCode,pageListType,detailBusinessFrom",False,,63288137,True
133160373,2,1,2,"Casual Sexy Versatile Ribbed Camisole, Spring/Summer Black",S$5.00,https://sg.shein.com/Casual-Sexy-Versatile-Ribbed-Camisole-Spring-Summer-Black-p-133160373.html,https://img.ltwebstatic.com/v4/j/spmp/2025/11/24/c9/1763949995c3c101c274f321789312fbb22e9ea4a5_thumbnail_600x.webp,2026-06-02T16:21:16+08:00,,-9%,,,90k+ sold,https://sg.shein.com/Casual-Sexy-Versatile-Ribbed-Camisole-Spring-Summer-Black-p-133160373.html?mallCode=1&pageListType=4&detailBusinessFrom=0-1_133160373%7C0-2,https://sg.shein.com/Casual-Sexy-Versatile-Ribbed-Camisole-Spring-Summer-Black-p-133160373.html,True,"mallCode,pageListType,detailBusinessFrom",False,,133160373,True
426222457,2,2,"2,3","1pc Women's Summer Round Neck Short Sleeve T-Shirt, Blue With English Letter Print, Casual Loose Fit, Comfortable For Summer Wear, Suitable For Beach, Street, Daily Activities, Work, Office, Parties And Other Occasions",S$1.27,https://sg.shein.com/1pc-Women-s-Summer-Round-Neck-Short-Sleeve-T-Shirt-Blue-With-English-Letter-Print-Casual-Loose-Fit-Comfortable-For-Summer-Wear-Suitable-For-Beach-Street-Daily-Activities-Work-Office-Parties-And-Other-Occasions-p-426222457.html,https://img.ltwebstatic.com/v4/j/spmp/2026/05/10/4e/17784144414979c097351d260018d68bc69e295937_thumbnail_600x.webp,2026-06-02T16:21:16+08:00,,,,,SAVE S$1.27,https://sg.shein.com/1pc-Women-s-Summer-Round-Neck-Short-Sleeve-T-Shirt-Blue-With-English-Letter-Print-Casual-Loose-Fit-Comfortable-For-Summer-Wear-Suitable-For-Beach-Street-Daily-Activities-Work-Office-Parties-And-Other-Occasions-p-426222457.html?mallCode=1&pageListType=4&detailBusinessFrom=0-1_426222457%7C0-2,https://sg.shein.com/1pc-Women-s-Summer-Round-Neck-Short-Sleeve-T-Shirt-Blue-With-English-Letter-Print-Casual-Loose-Fit-Comfortable-For-Summer-Wear-Suitable-For-Beach-Street-Daily-Activities-Work-Office-Parties-And-Other-Occasions-p-426222457.html,True,"mallCode,pageListType,detailBusinessFrom",False,,426222457,True
41005997,2,1,2,Franclia Petite Women's Button Waist Band Straight Loose Casual Dress Pants,S$2.22,https://sg.shein.com/Franclia-Petite-Women-s-Button-Waist-Band-Straight-Loose-Casual-Dress-Pants-p-41005997.html,https://img.ltwebstatic.com/v4/j/pi/2026/01/21/e3/176898603423d71f051feec7594cf9784186b412fd_thumbnail_600x.webp,2026-06-02T16:21:16+08:00,,,,,SAVE S$2.22,https://sg.shein.com/Franclia-Petite-Women-s-Button-Waist-Band-Straight-Loose-Casual-Dress-Pants-p-41005997.html?mallCode=1&pageListType=4&detailBusinessFrom=0-1_41005997%7C0-2,https://sg.shein.com/Franclia-Petite-Women-s-Button-Waist-Band-Straight-Loose-Casual-Dress-Pants-p-41005997.html,True,"mallCode,pageListType,detailBusinessFrom",False,,41005997,True
29328841,2,2,"2,6",Women's Summer Casual Versatile Tank Top White,S$8.99,https://sg.shein.com/Women-s-Summer-Casual-Versatile-Tank-Top-White-p-29328841.html,https://img.ltwebstatic.com/v4/p/ssms/2026/04/29/7c/1777443041a4189a7cb259f8ac8b0b95da8bda1446_thumbnail_600x.webp,2026-06-02T16:21:16+08:00,,,,,20.8k+ sold,https://sg.shein.com/Women-s-Summer-Casual-Versatile-Tank-Top-White-p-29328841.html?mallCode=1&pageListType=4&detailBusinessFrom=0-1_29328841%7C0-2,https://sg.shein.com/Women-s-Summer-Casual-Versatile-Tank-Top-White-p-29328841.html,True,"mallCode,pageListType,detailBusinessFrom",False,,29328841,True
476358644,2,1,2,COSMINA Women's Solid Color Twist Waist Wide Leg Loose Lantern Pants,S$24.49,https://sg.shein.com/COSMINA-Women-s-Solid-Color-Twist-Waist-Wide-Leg-Loose-Lantern-Pants-p-476358644.html,https://img.ltwebstatic.com/v4/j/pi/2026/05/21/03/17793538364f30e6fb4e5fca4837bce70bc7286be7_thumbnail_600x.webp,2026-06-02T16:21:16+08:00,,,,,NEW,https://sg.shein.com/COSMINA-Women-s-Solid-Color-Twist-Waist-Wide-Leg-Loose-Lantern-Pants-p-476358644.html?mallCode=1&pageListType=4&detailBusinessFrom=0-1_476358644%7C0-2,https://sg.shein.com/COSMINA-Women-s-Solid-Color-Twist-Waist-Wide-Leg-Loose-Lantern-Pants-p-476358644.html,True,"mallCode,pageListType,detailBusinessFrom",False,,476358644,True
27812164,2,1,2,SHEIN EZwear Two-Piece Set Women's Round Neck Sleeveless Top,S$1.49,https://sg.shein.com/SHEIN-EZwear-Two-Piece-Set-Women-s-Round-Neck-Sleeveless-Top-p-27812164.html,https://img.ltwebstatic.com/images3_pi/2023/12/18/29/1702881251eb359138d5e0c7e70f1c482a39914c9f_thumbnail_600x.webp,2026-06-02T16:21:16+08:00,,,,,SAVE S$1.49,https://sg.shein.com/SHEIN-EZwear-Two-Piece-Set-Women-s-Round-Neck-Sleeveless-Top-p-27812164.html?mallCode=1&pageListType=4&detailBusinessFrom=0-1_27812164%7C0-2,https://sg.shein.com/SHEIN-EZwear-Two-Piece-Set-Women-s-Round-Neck-Sleeveless-Top-p-27812164.html,True,"mallCode,pageListType,detailBusinessFrom",False,,27812164,True
391306229,2,1,2,Franclia Women's Solid Color Halter Casual Versatile Daily Wear Top,S$6.49,https://sg.shein.com/Franclia-Women-s-Solid-Color-Halter-Casual-Versatile-Daily-Wear-Top-p-391306229.html,https://img.ltwebstatic.com/v4/j/pi/2026/01/29/f8/1769685937169e21b96edfd706d0653a6e2437c948_thumbnail_600x.webp,2026-06-02T16:21:16+08:00,,,,,10.6k+ sold,https://sg.shein.com/Franclia-Women-s-Solid-Color-Halter-Casual-Versatile-Daily-Wear-Top-p-391306229.html?mallCode=1&pageListType=4&detailBusinessFrom=0-1_391306229%7C0-2,https://sg.shein.com/Franclia-Women-s-Solid-Color-Halter-Casual-Versatile-Daily-Wear-Top-p-391306229.html,True,"mallCode,pageListType,detailBusinessFrom",False,,391306229,True
443370873,2,1,2,"Women's New Summer Casual Short Sleeve Round Neck Top, Printed With ""My Cup Overflows With Blessings"" Bible Verse, Soft, Loose And Comfortable, High-End Street & Resort Style Relaxed Versatile Short Sleeve Blouse Pink",S$0.90,https://sg.shein.com/Women-s-New-Summer-Casual-Short-Sleeve-Round-Neck-Top-Printed-With-My-Cup-Overflows-With-Blessings-Bible-Verse-Soft-Loose-And-Comfortable-High-End-Street-Resort-Style-Relaxed-Versatile-Short-Sleeve-Blouse-Pink-p-443370873.html,https://img.ltwebstatic.com/v4/j/spmp/2026/04/17/d2/1776407484cf95982f6aaec82f188611480f9bffd1_thumbnail_600x.webp,2026-06-02T16:21:16+08:00,,,,,SAVE S$0.90,https://sg.shein.com/Women-s-New-Summer-Casual-Short-Sleeve-Round-Neck-Top-Printed-With-My-Cup-Overflows-With-Blessings-Bible-Verse-Soft-Loose-And-Comfortable-High-End-Street-Resort-Style-Relaxed-Versatile-Short-Sleeve-Blouse-Pink-p-443370873.html?mallCode=1&pageListType=4&detailBusinessFrom=0-1_443370873%7C0-2,https://sg.shein.com/Women-s-New-Summer-Casual-Short-Sleeve-Round-Neck-Top-Printed-With-My-Cup-Overflows-With-Blessings-Bible-Verse-Soft-Loose-And-Comfortable-High-End-Street-Resort-Style-Relaxed-Versatile-Short-Sleeve-Blouse-Pink-p-443370873.html,True,"mallCode,pageListType,detailBusinessFrom",False,,443370873,True
26262134,2,1,2,DAZY Women's Side Striped Drawstring Waist Long Pants Y2k,S$17.49,https://sg.shein.com/DAZY-Women-s-Side-Striped-Drawstring-Waist-Long-Pants-Y2k-p-26262134.html,https://img.ltwebstatic.com/images3_pi/2023/11/10/f2/1699601110c7683bb839cef6e4ed34889649b7482e_thumbnail_600x.webp,2026-06-02T16:21:16+08:00,,,,,21.9k+ sold,https://sg.shein.com/DAZY-Women-s-Side-Striped-Drawstring-Waist-Long-Pants-Y2k-p-26262134.html?mallCode=1&pageListType=4&detailBusinessFrom=0-1_26262134%7C0-2,https://sg.shein.com/DAZY-Women-s-Side-Striped-Drawstring-Waist-Long-Pants-Y2k-p-26262134.html,True,"mallCode,pageListType,detailBusinessFrom",False,,26262134,True
484035365,2,1,2,Aloruh Women's Plaid Asymmetrical Hem Skirt,S$13.49,https://sg.shein.com/Aloruh-Women-s-Plaid-Asymmetrical-Hem-Skirt-p-484035365.html,https://img.ltwebstatic.com/v4/j/pi/2026/05/28/ae/17799331440dc69a5c293d934f683e55e05cfb1ff1_thumbnail_600x.webp,2026-06-02T16:21:16+08:00,,,,,NEW,https://sg.shein.com/Aloruh-Women-s-Plaid-Asymmetrical-Hem-Skirt-p-484035365.html?mallCode=1&pageListType=4&detailBusinessFrom=0-1_484035365%7C0-2,https://sg.shein.com/Aloruh-Women-s-Plaid-Asymmetrical-Hem-Skirt-p-484035365.html,True,"mallCode,pageListType,detailBusinessFrom",False,,484035365,True
445209541,2,3,"2,7,8","Women's Casual Short Sleeve Round Neck T-Shirt - Printed Pattern, Soft & Comfortable Fabric, Machine Washable, Summer Tops",S$5.99,https://sg.shein.com/Women-s-Casual-Short-Sleeve-Round-Neck-T-Shirt-Printed-Pattern-Soft-Comfortable-Fabric-Machine-Washable-Summer-Tops-p-445209541.html,https://img.ltwebstatic.com/v4/j/spmp/2026/04/15/76/17762313483a0aea05264ae95e1a2dd35b0b980c64_thumbnail_600x.webp,2026-06-02T16:21:16+08:00,,,,,8.7k+ sold,https://sg.shein.com/Women-s-Casual-Short-Sleeve-Round-Neck-T-Shirt-Printed-Pattern-Soft-Comfortable-Fabric-Machine-Washable-Summer-Tops-p-445209541.html?mallCode=1&pageListType=4&detailBusinessFrom=0-1_445209541%7C0-2,https://sg.shein.com/Women-s-Casual-Short-Sleeve-Round-Neck-T-Shirt-Printed-Pattern-Soft-Comfortable-Fabric-Machine-Washable-Summer-Tops-p-445209541.html,True,"mallCode,pageListType,detailBusinessFrom",False,,445209541,True
57883154,2,3,"2,7,8","2025 Autumn/Winter Women Wide Leg High Waist Casual Loose Trousers, Versatile Suit Pants Black Summer",S$12.49,https://sg.shein.com/2025-Autumn-Winter-Women-Wide-Leg-High-Waist-Casual-Loose-Trousers-Versatile-Suit-Pants-Black-Summer-p-57883154.html,https://img.ltwebstatic.com/images3_spmp/2025/02/09/d7/173906777379bbafc6aaf11861c7c2c10880439e89_thumbnail_600x.webp,2026-06-02T16:21:16+08:00,,,,,34.1k+ sold,https://sg.shein.com/2025-Autumn-Winter-Women-Wide-Leg-High-Waist-Casual-Loose-Trousers-Versatile-Suit-Pants-Black-Summer-p-57883154.html?mallCode=1&pageListType=4&detailBusinessFrom=0-1_57883154%7C0-2,https://sg.shein.com/2025-Autumn-Winter-Women-Wide-Leg-High-Waist-Casual-Loose-Trousers-Versatile-Suit-Pants-Black-Summer-p-57883154.html,True,"mallCode,pageListType,detailBusinessFrom",False,,57883154,True
417079915,2,1,2,"Lalippa Brazilian Vertical Stripe Digital Print Casual Oversized Mid-Length Round Neck Drop Shoulder Women T-Shirt, Gift For Friends",S$9.99,https://sg.shein.com/Lalippa-Brazilian-Vertical-Stripe-Digital-Print-Casual-Oversized-Mid-Length-Round-Neck-Drop-Shoulder-Women-T-Shirt-Gift-For-Friends-p-417079915.html,https://img.ltwebstatic.com/v4/j/pi/2026/03/10/f2/1773130418a36170a93eba6e9ab183e667cada85c9_thumbnail_600x.webp,2026-06-02T16:21:16+08:00,,,,,7.3k+ sold,https://sg.shein.com/Lalippa-Brazilian-Vertical-Stripe-Digital-Print-Casual-Oversized-Mid-Length-Round-Neck-Drop-Shoulder-Women-T-Shirt-Gift-For-Friends-p-417079915.html?mallCode=1&pageListType=4&detailBusinessFrom=0-1_417079915%7C0-2,https://sg.shein.com/Lalippa-Brazilian-Vertical-Stripe-Digital-Print-Casual-Oversized-Mid-Length-Round-Neck-Drop-Shoulder-Women-T-Shirt-Gift-For-Friends-p-417079915.html,True,"mallCode,pageListType,detailBusinessFrom",False,,417079915,True
470417430,2,1,2,"Cartoon Pattern T-Shirt, Retro 90s Anime Printed T-Shirt, Casual Streetwear Short Sleeve Top, Nostalgic Style Shirt White",S$4.73,https://sg.shein.com/Cartoon-Pattern-T-Shirt-Retro-90s-Anime-Printed-T-Shirt-Casual-Streetwear-Short-Sleeve-Top-Nostalgic-Style-Shirt-White-p-470417430.html,https://img.ltwebstatic.com/v4/j/spmp/2026/05/18/6a/1779098257a83793707fe742f68f26cf522bc9f28e_thumbnail_600x.webp,2026-06-02T16:21:16+08:00,,-14%,,,,https://sg.shein.com/Cartoon-Pattern-T-Shirt-Retro-90s-Anime-Printed-T-Shirt-Casual-Streetwear-Short-Sleeve-Top-Nostalgic-Style-Shirt-White-p-470417430.html?mallCode=1&pageListType=4&detailBusinessFrom=0-1_470417430%7C0-2,https://sg.shein.com/Cartoon-Pattern-T-Shirt-Retro-90s-Anime-Printed-T-Shirt-Casual-Streetwear-Short-Sleeve-Top-Nostalgic-Style-Shirt-White-p-470417430.html,True,"mallCode,pageListType,detailBusinessFrom",False,,470417430,True
223242725,2,1,2,"Tseoso 2pcs Women's Casual Crew Neck Ruched Waist Fitted Tank Top Set,95% Cotton Black And White,Summer,Casual,Everyday Softgirl Vintage Cute Fall Clothes",S$11.49,https://sg.shein.com/Tseoso-2pcs-Women-s-Casual-Crew-Neck-Ruched-Waist-Fitted-Tank-Top-Set-95-Cotton-Black-And-White-Summer-Casual-Everyday-Softgirl-Vintage-Cute-Fall-Clothes-p-223242725.html,https://img.ltwebstatic.com/v4/j/pi/2025/10/16/b5/1760584224e651af40ae4a6861e1cd6892627405f1_thumbnail_600x.webp,2026-06-02T16:21:16+08:00,,95%,,,4.7k+ sold,https://sg.shein.com/Tseoso-2pcs-Women-s-Casual-Crew-Neck-Ruched-Waist-Fitted-Tank-Top-Set-95-Cotton-Black-And-White-Summer-Casual-Everyday-Softgirl-Vintage-Cute-Fall-Clothes-p-223242725.html?mallCode=1&pageListType=4&detailBusinessFrom=0-1_223242725%7C0-2,https://sg.shein.com/Tseoso-2pcs-Women-s-Casual-Crew-Neck-Ruched-Waist-Fitted-Tank-Top-Set-95-Cotton-Black-And-White-Summer-Casual-Everyday-Softgirl-Vintage-Cute-Fall-Clothes-p-223242725.html,True,"mallCode,pageListType,detailBusinessFrom",False,,223242725,True
482943382,2,1,2,EMERY ROSE Women's Solid Color Pleated Casual Versatile Dating Travel Skirt,S$12.49,https://sg.shein.com/EMERY-ROSE-Women-s-Solid-Color-Pleated-Casual-Versatile-Dating-Travel-Skirt-p-482943382.html,https://img.ltwebstatic.com/v4/j/pi/2026/05/26/8f/1779795682e5f01f9b39b460a446c230324f042b9b_thumbnail_600x.webp,2026-06-02T16:21:16+08:00,,,,,NEW,https://sg.shein.com/EMERY-ROSE-Women-s-Solid-Color-Pleated-Casual-Versatile-Dating-Travel-Skirt-p-482943382.html?mallCode=1&pageListType=4&detailBusinessFrom=0-1_482943382%7C0-2,https://sg.shein.com/EMERY-ROSE-Women-s-Solid-Color-Pleated-Casual-Versatile-Dating-Travel-Skirt-p-482943382.html,True,"mallCode,pageListType,detailBusinessFrom",False,,482943382,True
448690823,2,1,2,"Cute Dachshund Pattern Retro Pet Print Short Sleeve T-Shirt, Vintage Pet Lover Casual Top, Retro Street Style Summer",S$0.67,https://sg.shein.com/Cute-Dachshund-Pattern-Retro-Pet-Print-Short-Sleeve-T-Shirt-Vintage-Pet-Lover-Casual-Top-Retro-Street-Style-Summer-p-448690823.html,https://img.ltwebstatic.com/v4/j/spmp/2026/05/27/7d/1779860456508a69688483aba5a90d81739a4888ab_thumbnail_600x.webp,2026-06-02T16:21:16+08:00,,,,,SAVE S$0.67,https://sg.shein.com/Cute-Dachshund-Pattern-Retro-Pet-Print-Short-Sleeve-T-Shirt-Vintage-Pet-Lover-Casual-Top-Retro-Street-Style-Summer-p-448690823.html?mallCode=1&pageListType=4&detailBusinessFrom=0-1_448690823%7C0-2,https://sg.shein.com/Cute-Dachshund-Pattern-Retro-Pet-Print-Short-Sleeve-T-Shirt-Vintage-Pet-Lover-Casual-Top-Retro-Street-Style-Summer-p-448690823.html,True,"mallCode,pageListType,detailBusinessFrom",False,,448690823,True
48032870,2,1,2,SHEIN PETITE Casual All-Match White Cami Top With Deep U-Neck And Racerback,S$5.99,https://sg.shein.com/SHEIN-PETITE-Casual-All-Match-White-Cami-Top-With-Deep-U-Neck-And-Racerback-p-48032870.html,https://img.ltwebstatic.com/images3_pi/2024/11/19/29/1731996785a9b11bca538f9e4bebc8aac62b88189b_thumbnail_600x.webp,2026-06-02T16:21:16+08:00,,,,,6k+ sold,https://sg.shein.com/SHEIN-PETITE-Casual-All-Match-White-Cami-Top-With-Deep-U-Neck-And-Racerback-p-48032870.html?mallCode=1&pageListType=4&detailBusinessFrom=0-1_48032870%7C0-2,https://sg.shein.com/SHEIN-PETITE-Casual-All-Match-White-Cami-Top-With-Deep-U-Neck-And-Racerback-p-48032870.html,True,"mallCode,pageListType,detailBusinessFrom",False,,48032870,True
440608961,2,3,"2,7,9","1pc Women's Summer Loose Crew Neck Short Sleeve T-Shirt, Matcha Coffee Latte Themed Print, Suitable For Vacation, Office, Outing, Daily, Date, Party, Gathering, Street, Carnival, Music Festival, Valentine's Day, Party Occasions Casual",S$6.49,https://sg.shein.com/1pc-Women-s-Summer-Loose-Crew-Neck-Short-Sleeve-T-Shirt-Matcha-Coffee-Latte-Themed-Print-Suitable-For-Vacation-Office-Outing-Daily-Date-Party-Gathering-Street-Carnival-Music-Festival-Valentine-s-Day-Party-Occasions-Casual-p-440608961.html,https://img.ltwebstatic.com/v4/j/spmp/2026/04/10/52/177583254588512a46f4ad24d39d953c5eb1d446a9_thumbnail_600x.webp,2026-06-02T16:21:16+08:00,,,,,2.7k+ sold,https://sg.shein.com/1pc-Women-s-Summer-Loose-Crew-Neck-Short-Sleeve-T-Shirt-Matcha-Coffee-Latte-Themed-Print-Suitable-For-Vacation-Office-Outing-Daily-Date-Party-Gathering-Street-Carnival-Music-Festival-Valentine-s-Day-Party-Occasions-Casual-p-440608961.html?mallCode=1&pageListType=4&detailBusinessFrom=0-1_440608961%7C0-2,https://sg.shein.com/1pc-Women-s-Summer-Loose-Crew-Neck-Short-Sleeve-T-Shirt-Matcha-Coffee-Latte-Themed-Print-Suitable-For-Vacation-Office-Outing-Daily-Date-Party-Gathering-Street-Carnival-Music-Festival-Valentine-s-Day-Party-Occasions-Casual-p-440608961.html,True,"mallCode,pageListType,detailBusinessFrom",False,,440608961,True
43187429,2,1,2,"Sweetra 1pc Versatile Padded Pleated Camisole Top, Solid Color, Built-In Bra",S$7.49,https://sg.shein.com/Sweetra-1pc-Versatile-Padded-Pleated-Camisole-Top-Solid-Color-Built-In-Bra-p-43187429.html,https://img.ltwebstatic.com/images3_pi/2024/09/20/84/1726798424e11fa3f0cc8a9909b35f0b08eae1d0f9_thumbnail_600x.webp,2026-06-02T16:21:16+08:00,,,,,9.1k+ sold,https://sg.shein.com/Sweetra-1pc-Versatile-Padded-Pleated-Camisole-Top-Solid-Color-Built-In-Bra-p-43187429.html?mallCode=1&pageListType=4&detailBusinessFrom=0-1_43187429%7C0-2,https://sg.shein.com/Sweetra-1pc-Versatile-Padded-Pleated-Camisole-Top-Solid-Color-Built-In-Bra-p-43187429.html,True,"mallCode,pageListType,detailBusinessFrom",False,,43187429,True
29676567,2,1,2,SHEIN EZwear Multicolor Knitted Solid Color Tight Tank Tops,S$15.49,https://sg.shein.com/SHEIN-EZwear-Multicolor-Knitted-Solid-Color-Tight-Tank-Tops-p-29676567.html,https://img.ltwebstatic.com/images3_pi/2024/01/29/62/17064950979639545651216b403fe2f5a51fae5c94_thumbnail_600x.webp,2026-06-02T16:21:16+08:00,,,,,3.1k+ sold,https://sg.shein.com/SHEIN-EZwear-Multicolor-Knitted-Solid-Color-Tight-Tank-Tops-p-29676567.html?mallCode=1&pageListType=4&detailBusinessFrom=0-1_29676567%7C0-2,https://sg.shein.com/SHEIN-EZwear-Multicolor-Knitted-Solid-Color-Tight-Tank-Tops-p-29676567.html,True,"mallCode,pageListType,detailBusinessFrom",False,,29676567,True
461917334,2,1,2,Coolane Women's Summer Sexy Elegant Going Out Lace Stretchy Turn-Down Trousers Black Bustier Flare Pants,S$12.99,https://sg.shein.com/Coolane-Women-s-Summer-Sexy-Elegant-Going-Out-Lace-Stretchy-Turn-Down-Trousers-Black-Bustier-Flare-Pants-p-461917334.html,https://img.ltwebstatic.com/v4/j/pi/2026/05/08/79/1778205774fbadcd66bdda1d55dfeefacb68a88f49_thumbnail_600x.webp,2026-06-02T16:21:16+08:00,,,,,NEW,https://sg.shein.com/Coolane-Women-s-Summer-Sexy-Elegant-Going-Out-Lace-Stretchy-Turn-Down-Trousers-Black-Bustier-Flare-Pants-p-461917334.html?mallCode=1&pageListType=4&detailBusinessFrom=0-1_461917334%7C0-2,https://sg.shein.com/Coolane-Women-s-Summer-Sexy-Elegant-Going-Out-Lace-Stretchy-Turn-Down-Trousers-Black-Bustier-Flare-Pants-p-461917334.html,True,"mallCode,pageListType,detailBusinessFrom",False,,461917334,True
405983524,2,2,"2,8","Resyla Women's Cinched Waist T-Shirt, Classic Striped Print Pattern Design, Elegant, Suitable For Daily Wear, Casual, Shopping, Office",S$7.49,https://sg.shein.com/Resyla-Women-s-Cinched-Waist-T-Shirt-Classic-Striped-Print-Pattern-Design-Elegant-Suitable-For-Daily-Wear-Casual-Shopping-Office-p-405983524.html,https://img.ltwebstatic.com/v4/j/pi/2026/02/27/1b/17721885205f98c11aa382e3f11425b39a8573ca0a_thumbnail_600x.webp,2026-06-02T16:21:16+08:00,,,,,11.2k+ sold,https://sg.shein.com/Resyla-Women-s-Cinched-Waist-T-Shirt-Classic-Striped-Print-Pattern-Design-Elegant-Suitable-For-Daily-Wear-Casual-Shopping-Office-p-405983524.html?mallCode=1&pageListType=4&detailBusinessFrom=0-1_405983524%7C0-2,https://sg.shein.com/Resyla-Women-s-Cinched-Waist-T-Shirt-Classic-Striped-Print-Pattern-Design-Elegant-Suitable-For-Daily-Wear-Casual-Shopping-Office-p-405983524.html,True,"mallCode,pageListType,detailBusinessFrom",False,,405983524,True
420937384,2,2,"2,3",Sunnyshic Women's Textured Striped Off Shoulder Asymmetric Design Slimming Waist Sexy Asymmetrical Shoulder Sweet Vacation Style T-Shirt,S$7.49,https://sg.shein.com/Sunnyshic-Women-s-Textured-Striped-Off-Shoulder-Asymmetric-Design-Slimming-Waist-Sexy-Asymmetrical-Shoulder-Sweet-Vacation-Style-T-Shirt-p-420937384.html,https://img.ltwebstatic.com/v4/j/pi/2026/05/13/ca/1778649722b333e67548002203ef9c963b1c21d669_thumbnail_600x.webp,2026-06-02T16:21:16+08:00,,,,,25.2k+ sold,https://sg.shein.com/Sunnyshic-Women-s-Textured-Striped-Off-Shoulder-Asymmetric-Design-Slimming-Waist-Sexy-Asymmetrical-Shoulder-Sweet-Vacation-Style-T-Shirt-p-420937384.html?mallCode=1&pageListType=4&detailBusinessFrom=0-1_420937384%7C0-2,https://sg.shein.com/Sunnyshic-Women-s-Textured-Striped-Off-Shoulder-Asymmetric-Design-Slimming-Waist-Sexy-Asymmetrical-Shoulder-Sweet-Vacation-Style-T-Shirt-p-420937384.html,True,"mallCode,pageListType,detailBusinessFrom",False,,420937384,True
441162412,2,2,"2,10","Women's Summer Camisole, Women's Plaid Camisole Top For Vacation, Graduation, Wedding, Back To School, Retro Vibe, Party, Lunch, Cute Casual Summer, Sweet Romantic Country Style, Textured, Loose Comfortable, Loose Hem Camisole",S$10.99,https://sg.shein.com/Women-s-Summer-Camisole-Women-s-Plaid-Camisole-Top-For-Vacation-Graduation-Wedding-Back-To-School-Retro-Vibe-Party-Lunch-Cute-Casual-Summer-Sweet-Romantic-Country-Style-Textured-Loose-Comfortable-Loose-Hem-Camisole-p-441162412.html,https://img.ltwebstatic.com/v4/j/spmp/2026/05/17/c7/1779027522e6ff5d483d068f5106bb449066e4709a_thumbnail_600x.webp,2026-06-02T16:21:16+08:00,,,,,5.1k+ sold,https://sg.shein.com/Women-s-Summer-Camisole-Women-s-Plaid-Camisole-Top-For-Vacation-Graduation-Wedding-Back-To-School-Retro-Vibe-Party-Lunch-Cute-Casual-Summer-Sweet-Romantic-Country-Style-Textured-Loose-Comfortable-Loose-Hem-Camisole-p-441162412.html?mallCode=1&pageListType=4&detailBusinessFrom=0-1_441162412%7C0-2,https://sg.shein.com/Women-s-Summer-Camisole-Women-s-Plaid-Camisole-Top-For-Vacation-Graduation-Wedding-Back-To-School-Retro-Vibe-Party-Lunch-Cute-Casual-Summer-Sweet-Romantic-Country-Style-Textured-Loose-Comfortable-Loose-Hem-Camisole-p-441162412.html,True,"mallCode,pageListType,detailBusinessFrom",False,,441162412,True
436236893,2,2,"2,5","Comfortcana 3pcs 100% Cotton Women's Casual Short-Length Shorts Pack,White And Black,Summer,Home Comfortable Woven Fabric Everyday Shorts For Sports,Gym & Street",S$20.49,https://sg.shein.com/Comfortcana-3pcs-100-Cotton-Women-s-Casual-Short-Length-Shorts-Pack-White-And-Black-Summer-Home-Comfortable-Woven-Fabric-Everyday-Shorts-For-Sports-Gym-Street-p-436236893.html,https://img.ltwebstatic.com/v4/j/pi/2026/05/18/53/1779089747e6fabe01222ee4da28008f06599722b1_thumbnail_600x.webp,2026-06-02T16:21:16+08:00,,00%,,,13.8k+ sold,https://sg.shein.com/Comfortcana-3pcs-100-Cotton-Women-s-Casual-Short-Length-Shorts-Pack-White-And-Black-Summer-Home-Comfortable-Woven-Fabric-Everyday-Shorts-For-Sports-Gym-Street-p-436236893.html?mallCode=1&pageListType=4&detailBusinessFrom=0-1_436236893%7C0-2,https://sg.shein.com/Comfortcana-3pcs-100-Cotton-Women-s-Casual-Short-Length-Shorts-Pack-White-And-Black-Summer-Home-Comfortable-Woven-Fabric-Everyday-Shorts-For-Sports-Gym-Street-p-436236893.html,True,"mallCode,pageListType,detailBusinessFrom",False,,436236893,True
456325049,2,2,"2,5","SHEIN Franclia French Elegant V-Neck Black & White Contrast Ruffle Trim Short Sleeve Chiffon Blouse, Slim Fit Commuting Wear, Summer New",S$5.99,https://sg.shein.com/SHEIN-Franclia-French-Elegant-V-Neck-Black-White-Contrast-Ruffle-Trim-Short-Sleeve-Chiffon-Blouse-Slim-Fit-Commuting-Wear-Summer-New-p-456325049.html,https://img.ltwebstatic.com/v4/j/pi/2026/04/28/cf/1777378006f68c2b5163d0a9e09812f87dc4e99e1d_thumbnail_600x.webp,2026-06-02T16:21:16+08:00,,,,,2.1k+ sold,https://sg.shein.com/SHEIN-Franclia-French-Elegant-V-Neck-Black-White-Contrast-Ruffle-Trim-Short-Sleeve-Chiffon-Blouse-Slim-Fit-Commuting-Wear-Summer-New-p-456325049.html?mallCode=1&pageListType=4&detailBusinessFrom=0-1_456325049%7C0-2,https://sg.shein.com/SHEIN-Franclia-French-Elegant-V-Neck-Black-White-Contrast-Ruffle-Trim-Short-Sleeve-Chiffon-Blouse-Slim-Fit-Commuting-Wear-Summer-New-p-456325049.html,True,"mallCode,pageListType,detailBusinessFrom",False,,456325049,True
472447853,2,1,2,Women's Drawstring Waist Floral Print Casual Versatile Daily Wear Pants,S$11.99,https://sg.shein.com/Women-s-Drawstring-Waist-Floral-Print-Casual-Versatile-Daily-Wear-Pants-p-472447853.html,https://img.ltwebstatic.com/v4/j/pi/2026/05/13/c7/17786546456e42bccd96885b1bb5e41aab37aa0665_thumbnail_600x.webp,2026-06-02T16:21:16+08:00,,,,,NEW,https://sg.shein.com/Women-s-Drawstring-Waist-Floral-Print-Casual-Versatile-Daily-Wear-Pants-p-472447853.html?mallCode=1&pageListType=4&detailBusinessFrom=0-1_472447853%7C0-2,https://sg.shein.com/Women-s-Drawstring-Waist-Floral-Print-Casual-Versatile-Daily-Wear-Pants-p-472447853.html,True,"mallCode,pageListType,detailBusinessFrom",False,,472447853,True
182894868,2,2,"2,5","StreetHx Women's Summer V-Neck Tight T-Shirt, Punk Subculture Anime Solid Color Basic V-Neck Short Sleeve Fitted T-Shirt",S$1.80,https://sg.shein.com/StreetHx-Women-s-Summer-V-Neck-Tight-T-Shirt-Punk-Subculture-Anime-Solid-Color-Basic-V-Neck-Short-Sleeve-Fitted-T-Shirt-p-182894868.html,https://img.ltwebstatic.com/v4/j/pi/2025/09/15/85/175790295096bde78b6c2237988d640bc71baa98a6_thumbnail_600x.webp,2026-06-02T16:21:16+08:00,,,,,SAVE S$1.80,https://sg.shein.com/StreetHx-Women-s-Summer-V-Neck-Tight-T-Shirt-Punk-Subculture-Anime-Solid-Color-Basic-V-Neck-Short-Sleeve-Fitted-T-Shirt-p-182894868.html?mallCode=1&pageListType=4&detailBusinessFrom=0-1_182894868%7C0-2,https://sg.shein.com/StreetHx-Women-s-Summer-V-Neck-Tight-T-Shirt-Punk-Subculture-Anime-Solid-Color-Basic-V-Neck-Short-Sleeve-Fitted-T-Shirt-p-182894868.html,True,"mallCode,pageListType,detailBusinessFrom",False,,182894868,True
152376312,2,2,"2,3",Retro American Casual Pear-Shaped Wide Leg Pants Spring Black,S$1.82,https://sg.shein.com/Retro-American-Casual-Pear-Shaped-Wide-Leg-Pants-Spring-Black-p-152376312.html,https://img.ltwebstatic.com/v4/j/spmp/2026/05/29/3c/178001977499ec7fbffd248a8ddb378f695a76018a_thumbnail_600x.webp,2026-06-02T16:21:16+08:00,,,,,SAVE S$1.82,https://sg.shein.com/Retro-American-Casual-Pear-Shaped-Wide-Leg-Pants-Spring-Black-p-152376312.html?mallCode=1&pageListType=4&detailBusinessFrom=0-1_152376312%7C0-2,https://sg.shein.com/Retro-American-Casual-Pear-Shaped-Wide-Leg-Pants-Spring-Black-p-152376312.html,True,"mallCode,pageListType,detailBusinessFrom",False,,152376312,True
370904117,2,1,2,"Women's Summer New Letter & Star Print Casual Loose Versatile Round Neck Dark Grey Short Sleeve T-Shirt, Fashionable Everyday Top Suitable For Daily Wear",S$0.67,https://sg.shein.com/Women-s-Summer-New-Letter-Star-Print-Casual-Loose-Versatile-Round-Neck-Dark-Grey-Short-Sleeve-T-Shirt-Fashionable-Everyday-Top-Suitable-For-Daily-Wear-p-370904117.html,https://img.ltwebstatic.com/v4/p/spmp/2026/05/12/96/17785617610c2ba761a7cef4acf97c68eeae28e724_thumbnail_600x.webp,2026-06-02T16:21:16+08:00,,,,,SAVE S$0.67,https://sg.shein.com/Women-s-Summer-New-Letter-Star-Print-Casual-Loose-Versatile-Round-Neck-Dark-Grey-Short-Sleeve-T-Shirt-Fashionable-Everyday-Top-Suitable-For-Daily-Wear-p-370904117.html?mallCode=1&pageListType=4&detailBusinessFrom=0-1_370904117%7C0-2,https://sg.shein.com/Women-s-Summer-New-Letter-Star-Print-Casual-Loose-Versatile-Round-Neck-Dark-Grey-Short-Sleeve-T-Shirt-Fashionable-Everyday-Top-Suitable-For-Daily-Wear-p-370904117.html,True,"mallCode,pageListType,detailBusinessFrom",False,,370904117,True
409683162,2,1,2,Franclia Women's Casual Elegant Knitted Collared Striped Tank Top,S$1.20,https://sg.shein.com/Franclia-Women-s-Casual-Elegant-Knitted-Collared-Striped-Tank-Top-p-409683162.html,https://img.ltwebstatic.com/v4/j/pi/2026/05/28/32/1779946449f9bd5d995957f964e4463d996f6f07cf_thumbnail_600x.webp,2026-06-02T16:21:16+08:00,,,,,SAVE S$1.20,https://sg.shein.com/Franclia-Women-s-Casual-Elegant-Knitted-Collared-Striped-Tank-Top-p-409683162.html?mallCode=1&pageListType=4&detailBusinessFrom=0-1_409683162%7C0-2,https://sg.shein.com/Franclia-Women-s-Casual-Elegant-Knitted-Collared-Striped-Tank-Top-p-409683162.html,True,"mallCode,pageListType,detailBusinessFrom",False,,409683162,True
451252389,2,2,"2,5","2026 Retro Bride Club Bride Print Short Sleeve T-Shirt, Sweet & Spicy Vintage Style Top For Women Wedding Party Casual Black",S$3.57,https://sg.shein.com/2026-Retro-Bride-Club-Bride-Print-Short-Sleeve-T-Shirt-Sweet-Spicy-Vintage-Style-Top-For-Women-Wedding-Party-Casual-Black-p-451252389.html,https://img.ltwebstatic.com/v4/j/spmp/2026/05/24/4d/17796178562d8552d45c32d00a37d10a2040ab417f_thumbnail_600x.webp,2026-06-02T16:21:16+08:00,,-35%,,,,https://sg.shein.com/2026-Retro-Bride-Club-Bride-Print-Short-Sleeve-T-Shirt-Sweet-Spicy-Vintage-Style-Top-For-Women-Wedding-Party-Casual-Black-p-451252389.html?mallCode=1&pageListType=4&detailBusinessFrom=0-1_451252389%7C0-2,https://sg.shein.com/2026-Retro-Bride-Club-Bride-Print-Short-Sleeve-T-Shirt-Sweet-Spicy-Vintage-Style-Top-For-Women-Wedding-Party-Casual-Black-p-451252389.html,True,"mallCode,pageListType,detailBusinessFrom",False,,451252389,True
475320288,2,1,2,"Aloruh Women's Spring/Summer New Asymmetric Hem Plaid Midi Skirt, Retro Y2K Streetwear",S$17.99,https://sg.shein.com/Aloruh-Women-s-Spring-Summer-New-Asymmetric-Hem-Plaid-Midi-Skirt-Retro-Y2K-Streetwear-p-475320288.html,https://img.ltwebstatic.com/v4/j/pi/2026/05/19/92/1779199235f7491042995e80d3748b55a06d78106d_thumbnail_600x.webp,2026-06-02T16:21:16+08:00,,,,,NEW,https://sg.shein.com/Aloruh-Women-s-Spring-Summer-New-Asymmetric-Hem-Plaid-Midi-Skirt-Retro-Y2K-Streetwear-p-475320288.html?mallCode=1&pageListType=4&detailBusinessFrom=0-1_475320288%7C0-2,https://sg.shein.com/Aloruh-Women-s-Spring-Summer-New-Asymmetric-Hem-Plaid-Midi-Skirt-Retro-Y2K-Streetwear-p-475320288.html,True,"mallCode,pageListType,detailBusinessFrom",False,,475320288,True
41279205,2,1,2,Dazy Designer Women's Solid Color Front Button Straight Leg Casual Pants,S$19.49,https://sg.shein.com/Dazy-Designer-Women-s-Solid-Color-Front-Button-Straight-Leg-Casual-Pants-p-41279205.html,https://img.ltwebstatic.com/images3_pi/2024/08/22/26/17243336678bf3efa5eae36b5b2c6ccc2e6d0b6b02_thumbnail_600x.webp,2026-06-02T16:21:16+08:00,,,,,6k+ sold,https://sg.shein.com/Dazy-Designer-Women-s-Solid-Color-Front-Button-Straight-Leg-Casual-Pants-p-41279205.html?mallCode=1&pageListType=4&detailBusinessFrom=0-1_41279205%7C0-2,https://sg.shein.com/Dazy-Designer-Women-s-Solid-Color-Front-Button-Straight-Leg-Casual-Pants-p-41279205.html,True,"mallCode,pageListType,detailBusinessFrom",False,,41279205,True
327810039,2,2,"2,5","Women's Summer New Simple Letter ""NEWYORK"" City Skyscraper Graphic Print Casual Vacation Loose Versatile Round Neck Beige Short Sleeve T-Shirt, Everyday Top, Suitable For Daily Vacation Wear",S$4.49,https://sg.shein.com/Women-s-Summer-New-Simple-Letter-NEWYORK-City-Skyscraper-Graphic-Print-Casual-Vacation-Loose-Versatile-Round-Neck-Beige-Short-Sleeve-T-Shirt-Everyday-Top-Suitable-For-Daily-Vacation-Wear-p-327810039.html,https://img.ltwebstatic.com/v4/j/spmp/2026/03/26/0f/17744950504111919ac6c54e7371c4eea19a03a4b5_thumbnail_600x.webp,2026-06-02T16:21:16+08:00,,,,,993 sold,https://sg.shein.com/Women-s-Summer-New-Simple-Letter-NEWYORK-City-Skyscraper-Graphic-Print-Casual-Vacation-Loose-Versatile-Round-Neck-Beige-Short-Sleeve-T-Shirt-Everyday-Top-Suitable-For-Daily-Vacation-Wear-p-327810039.html?mallCode=1&pageListType=4&detailBusinessFrom=0-1_327810039%7C0-2,https://sg.shein.com/Women-s-Summer-New-Simple-Letter-NEWYORK-City-Skyscraper-Graphic-Print-Casual-Vacation-Loose-Versatile-Round-Neck-Beige-Short-Sleeve-T-Shirt-Everyday-Top-Suitable-For-Daily-Vacation-Wear-p-327810039.html,True,"mallCode,pageListType,detailBusinessFrom",False,,327810039,True
33691961,2,2,"2,8","XLLAIS Women's Solid Color Square Neck Sleeveless Tank Top, Slim Fit Casual Wear, Black, Spring/Summer",S$9.49,https://sg.shein.com/XLLAIS-Women-s-Solid-Color-Square-Neck-Sleeveless-Tank-Top-Slim-Fit-Casual-Wear-Black-Spring-Summer-p-33691961.html,https://img.ltwebstatic.com/v4/j/spmp/2025/12/04/8e/17648216464befea48b6e5ed4c68cc6f2a5539e420_thumbnail_600x.webp,2026-06-02T16:21:16+08:00,,,,,4.9k+ sold,https://sg.shein.com/XLLAIS-Women-s-Solid-Color-Square-Neck-Sleeveless-Tank-Top-Slim-Fit-Casual-Wear-Black-Spring-Summer-p-33691961.html?mallCode=1&pageListType=4&detailBusinessFrom=0-1_33691961%7C0-2,https://sg.shein.com/XLLAIS-Women-s-Solid-Color-Square-Neck-Sleeveless-Tank-Top-Slim-Fit-Casual-Wear-Black-Spring-Summer-p-33691961.html,True,"mallCode,pageListType,detailBusinessFrom",False,,33691961,True
452170241,2,2,"2,3","1pc Knit Fabric Sleeveless T-Shirt, Casual Street Style For Summer, Fashion Black",S$4.90,https://sg.shein.com/1pc-Knit-Fabric-Sleeveless-T-Shirt-Casual-Street-Style-For-Summer-Fashion-Black-p-452170241.html,https://img.ltwebstatic.com/v4/j/spmp/2026/05/09/13/1778317647d26112d302449d001054d1d767ea1c3b_thumbnail_600x.webp,2026-06-02T16:21:16+08:00,,,,,SAVE S$4.90,https://sg.shein.com/1pc-Knit-Fabric-Sleeveless-T-Shirt-Casual-Street-Style-For-Summer-Fashion-Black-p-452170241.html?mallCode=1&pageListType=4&detailBusinessFrom=0-1_452170241%7C0-2,https://sg.shein.com/1pc-Knit-Fabric-Sleeveless-T-Shirt-Casual-Street-Style-For-Summer-Fashion-Black-p-452170241.html,True,"mallCode,pageListType,detailBusinessFrom",False,,452170241,True
173858553,2,1,2,"INAWLY Women's Casual Short Sleeve T-Shirt, Waist Cinching Slimming Design, Line & Bowknot Print, Letter Graphic, Youthful & Energetic",S$6.49,https://sg.shein.com/INAWLY-Women-s-Casual-Short-Sleeve-T-Shirt-Waist-Cinching-Slimming-Design-Line-Bowknot-Print-Letter-Graphic-Youthful-Energetic-p-173858553.html,https://img.ltwebstatic.com/v4/j/pi/2025/09/06/62/1757123931fb9e9a23796ce7566befc9a186114e9b_thumbnail_600x.webp,2026-06-02T16:21:16+08:00,,,,,3.8k+ sold,https://sg.shein.com/INAWLY-Women-s-Casual-Short-Sleeve-T-Shirt-Waist-Cinching-Slimming-Design-Line-Bowknot-Print-Letter-Graphic-Youthful-Energetic-p-173858553.html?mallCode=1&pageListType=4&detailBusinessFrom=0-1_173858553%7C0-2,https://sg.shein.com/INAWLY-Women-s-Casual-Short-Sleeve-T-Shirt-Waist-Cinching-Slimming-Design-Line-Bowknot-Print-Letter-Graphic-Youthful-Energetic-p-173858553.html,True,"mallCode,pageListType,detailBusinessFrom",False,,173858553,True
477528258,2,1,2,"Easowa Solid Color Casual Straight Loose Pocket Pants, Versatile For Summer Cotton Material Is Comfortable Lace Details",S$20.49,https://sg.shein.com/Easowa-Solid-Color-Casual-Straight-Loose-Pocket-Pants-Versatile-For-Summer-Cotton-Material-Is-Comfortable-Lace-Details-p-477528258.html,https://img.ltwebstatic.com/v4/j/pi/2026/05/26/7f/177977237312dfb46f069152a85dfa491474d493d7_thumbnail_600x.webp,2026-06-02T16:21:16+08:00,,,,,NEW,https://sg.shein.com/Easowa-Solid-Color-Casual-Straight-Loose-Pocket-Pants-Versatile-For-Summer-Cotton-Material-Is-Comfortable-Lace-Details-p-477528258.html?mallCode=1&pageListType=4&detailBusinessFrom=0-1_477528258%7C0-2,https://sg.shein.com/Easowa-Solid-Color-Casual-Straight-Loose-Pocket-Pants-Versatile-For-Summer-Cotton-Material-Is-Comfortable-Lace-Details-p-477528258.html,True,"mallCode,pageListType,detailBusinessFrom",False,,477528258,True
73740419,2,1,2,Sweetra Y2K Sexy Sling Lace Trim Pleated Ruched Clothes Set,S$16.99,https://sg.shein.com/Sweetra-Y2K-Sexy-Sling-Lace-Trim-Pleated-Ruched-Clothes-Set-p-73740419.html,https://img.ltwebstatic.com/v4/j/pi/2025/05/06/10/17465027150d69836963c29b1973366293d2baf747_thumbnail_600x.webp,2026-06-02T16:21:16+08:00,,,,,10.7k+ sold,https://sg.shein.com/Sweetra-Y2K-Sexy-Sling-Lace-Trim-Pleated-Ruched-Clothes-Set-p-73740419.html?mallCode=1&pageListType=4&detailBusinessFrom=0-1_73740419%7C0-2,https://sg.shein.com/Sweetra-Y2K-Sexy-Sling-Lace-Trim-Pleated-Ruched-Clothes-Set-p-73740419.html,True,"mallCode,pageListType,detailBusinessFrom",False,,73740419,True
75793293,2,2,"2,7","SHEIN Women's Short Sleeve Solid Color T-Shirt, Fashionable For Summer",S$0.66,https://sg.shein.com/SHEIN-Women-s-Short-Sleeve-Solid-Color-T-Shirt-Fashionable-For-Summer-p-75793293.html,https://img.ltwebstatic.com/v4/j/pi/2025/05/10/76/1746862899a381f1aeb575595647510574415191b1_thumbnail_600x.webp,2026-06-02T16:21:16+08:00,,,,,SAVE S$0.66,https://sg.shein.com/SHEIN-Women-s-Short-Sleeve-Solid-Color-T-Shirt-Fashionable-For-Summer-p-75793293.html?mallCode=1&pageListType=4&detailBusinessFrom=0-1_75793293%7C0-2,https://sg.shein.com/SHEIN-Women-s-Short-Sleeve-Solid-Color-T-Shirt-Fashionable-For-Summer-p-75793293.html,True,"mallCode,pageListType,detailBusinessFrom",False,,75793293,True
356665321,2,2,"2,3","New Summer Women Simple Letter & Maple Leaf Sunset Print Round Neck Grey Short Sleeve T-Shirt, Fashionable And Versatile, Suitable For Women's Casual Daily Wear",S$5.99,https://sg.shein.com/New-Summer-Women-Simple-Letter-Maple-Leaf-Sunset-Print-Round-Neck-Grey-Short-Sleeve-T-Shirt-Fashionable-And-Versatile-Suitable-For-Women-s-Casual-Daily-Wear-p-356665321.html,https://img.ltwebstatic.com/v4/j/spmp/2026/01/18/92/1768733505b148c672bcb84d13c3e7d97491688d9e_thumbnail_600x.webp,2026-06-02T16:21:16+08:00,,,,,1.9k+ sold,https://sg.shein.com/New-Summer-Women-Simple-Letter-Maple-Leaf-Sunset-Print-Round-Neck-Grey-Short-Sleeve-T-Shirt-Fashionable-And-Versatile-Suitable-For-Women-s-Casual-Daily-Wear-p-356665321.html?mallCode=1&pageListType=4&detailBusinessFrom=0-1_356665321%7C0-2,https://sg.shein.com/New-Summer-Women-Simple-Letter-Maple-Leaf-Sunset-Print-Round-Neck-Grey-Short-Sleeve-T-Shirt-Fashionable-And-Versatile-Suitable-For-Women-s-Casual-Daily-Wear-p-356665321.html,True,"mallCode,pageListType,detailBusinessFrom",False,,356665321,True
8241157,2,2,"2,5",SHEIN EZwear 3pcs Solid Tank Top Summer Clothes,S$18.49,https://sg.shein.com/SHEIN-EZwear-3pcs-Solid-Tank-Top-Summer-Clothes-p-8241157.html,https://img.ltwebstatic.com/images3_pi/2021/12/21/164006462557474247911f6750243fd436b9ac9c07_thumbnail_600x.webp,2026-06-02T16:21:16+08:00,,,,,2k+ sold,https://sg.shein.com/SHEIN-EZwear-3pcs-Solid-Tank-Top-Summer-Clothes-p-8241157.html?mallCode=1&pageListType=4&detailBusinessFrom=0-1_8241157%7C0-2,https://sg.shein.com/SHEIN-EZwear-3pcs-Solid-Tank-Top-Summer-Clothes-p-8241157.html,True,"mallCode,pageListType,detailBusinessFrom",False,,8241157,True
428944382,2,1,2,"Women's Fitted Short Sleeve T-Shirt, Fresh Blue Tone Shell, Starfish, Bow Print, American Vintage Beach Vacation Style, Versatile Short Top Suitable For Beach Trip, Island Travel, Summer Picnic, Beach Date, Casual Wear",S$4.99,https://sg.shein.com/Women-s-Fitted-Short-Sleeve-T-Shirt-Fresh-Blue-Tone-Shell-Starfish-Bow-Print-American-Vintage-Beach-Vacation-Style-Versatile-Short-Top-Suitable-For-Beach-Trip-Island-Travel-Summer-Picnic-Beach-Date-Casual-Wear-p-428944382.html,https://img.ltwebstatic.com/v4/j/spmp/2026/04/26/0f/17771810150a26827d2edcd7d6de3b317ea9765241_thumbnail_600x.webp,2026-06-02T16:21:16+08:00,,,,,2.4k+ sold,https://sg.shein.com/Women-s-Fitted-Short-Sleeve-T-Shirt-Fresh-Blue-Tone-Shell-Starfish-Bow-Print-American-Vintage-Beach-Vacation-Style-Versatile-Short-Top-Suitable-For-Beach-Trip-Island-Travel-Summer-Picnic-Beach-Date-Casual-Wear-p-428944382.html?mallCode=1&pageListType=4&detailBusinessFrom=0-1_428944382%7C0-2,https://sg.shein.com/Women-s-Fitted-Short-Sleeve-T-Shirt-Fresh-Blue-Tone-Shell-Starfish-Bow-Print-American-Vintage-Beach-Vacation-Style-Versatile-Short-Top-Suitable-For-Beach-Trip-Island-Travel-Summer-Picnic-Beach-Date-Casual-Wear-p-428944382.html,True,"mallCode,pageListType,detailBusinessFrom",False,,428944382,True
443795121,2,1,2,DAZY Women's Fashionable Versatile Pantyhose Leggings,S$6.49,https://sg.shein.com/DAZY-Women-s-Fashionable-Versatile-Pantyhose-Leggings-p-443795121.html,https://img.ltwebstatic.com/v4/j/pi/2025/11/05/07/1762305827707552fbb122b51b4fb814e985e20d42_thumbnail_600x.webp,2026-06-02T16:21:16+08:00,,,,,NEW,https://sg.shein.com/DAZY-Women-s-Fashionable-Versatile-Pantyhose-Leggings-p-443795121.html?mallCode=1&pageListType=4&detailBusinessFrom=0-1_443795121%7C0-2,https://sg.shein.com/DAZY-Women-s-Fashionable-Versatile-Pantyhose-Leggings-p-443795121.html,True,"mallCode,pageListType,detailBusinessFrom",False,,443795121,True
426222190,2,2,"2,3","Summer New Fashion English Slogan Print Casual Round Neck Tie-Dye Short Sleeve T-Shirt, Versatile Plum Blossom & Pine Tree Pattern Design Suitable For Women Black",S$0.82,https://sg.shein.com/Summer-New-Fashion-English-Slogan-Print-Casual-Round-Neck-Tie-Dye-Short-Sleeve-T-Shirt-Versatile-Plum-Blossom-Pine-Tree-Pattern-Design-Suitable-For-Women-Black-p-426222190.html,https://img.ltwebstatic.com/v4/p/ssms/2026/03/26/62/1774504884ac3f1b9d5e4809454fb80099acde87a2_thumbnail_600x.webp,2026-06-02T16:21:16+08:00,,,,,SAVE S$0.82,https://sg.shein.com/Summer-New-Fashion-English-Slogan-Print-Casual-Round-Neck-Tie-Dye-Short-Sleeve-T-Shirt-Versatile-Plum-Blossom-Pine-Tree-Pattern-Design-Suitable-For-Women-Black-p-426222190.html?mallCode=1&pageListType=4&detailBusinessFrom=0-1_426222190%7C0-2,https://sg.shein.com/Summer-New-Fashion-English-Slogan-Print-Casual-Round-Neck-Tie-Dye-Short-Sleeve-T-Shirt-Versatile-Plum-Blossom-Pine-Tree-Pattern-Design-Suitable-For-Women-Black-p-426222190.html,True,"mallCode,pageListType,detailBusinessFrom",False,,426222190,True
161924556,2,1,2,"Women's Spring/Summer High-Waisted Draped Pleated Tailored Black Suit Trousers, Suitable For Daily Commute, Office And Casual Wear",S$15.65,https://sg.shein.com/Women-s-Spring-Summer-High-Waisted-Draped-Pleated-Tailored-Black-Suit-Trousers-Suitable-For-Daily-Commute-Office-And-Casual-Wear-p-161924556.html,https://img.ltwebstatic.com/v4/j/ssms/2026/01/19/6c/1768801723024bf3396f8bdcb1b10a5cc20f98ac56_thumbnail_600x.webp,2026-06-02T16:21:16+08:00,,-13%,,,50.7k+ sold,https://sg.shein.com/Women-s-Spring-Summer-High-Waisted-Draped-Pleated-Tailored-Black-Suit-Trousers-Suitable-For-Daily-Commute-Office-And-Casual-Wear-p-161924556.html?mallCode=1&pageListType=4&detailBusinessFrom=0-1_161924556%7C0-2,https://sg.shein.com/Women-s-Spring-Summer-High-Waisted-Draped-Pleated-Tailored-Black-Suit-Trousers-Suitable-For-Daily-Commute-Office-And-Casual-Wear-p-161924556.html,True,"mallCode,pageListType,detailBusinessFrom",False,,161924556,True
193691870,2,1,2,"Livesso Women's Sleeveless Top, Elegant Solid Color, Suitable For Autumn And Winter",S$6.99,https://sg.shein.com/Livesso-Women-s-Sleeveless-Top-Elegant-Solid-Color-Suitable-For-Autumn-And-Winter-p-193691870.html,https://img.ltwebstatic.com/v4/j/pi/2025/09/25/c8/1758764096d75e08716256fec3c4c17187beb35fc6_thumbnail_600x.webp,2026-06-02T16:21:16+08:00,,,,,17.5k+ sold,https://sg.shein.com/Livesso-Women-s-Sleeveless-Top-Elegant-Solid-Color-Suitable-For-Autumn-And-Winter-p-193691870.html?mallCode=1&pageListType=4&detailBusinessFrom=0-1_193691870%7C0-2,https://sg.shein.com/Livesso-Women-s-Sleeveless-Top-Elegant-Solid-Color-Suitable-For-Autumn-And-Winter-p-193691870.html,True,"mallCode,pageListType,detailBusinessFrom",False,,193691870,True
45123519,2,1,2,INAWLY Lace Trim Splice Camisole Top For Women,S$0.33,https://sg.shein.com/INAWLY-Lace-Trim-Splice-Camisole-Top-For-Women-p-45123519.html,https://img.ltwebstatic.com/v4/j/pi/2025/06/06/a4/17492016867f4e932c9f4a20b9805a4e201ed90cc2_thumbnail_600x.webp,2026-06-02T16:21:16+08:00,,,,,SAVE S$0.33,https://sg.shein.com/INAWLY-Lace-Trim-Splice-Camisole-Top-For-Women-p-45123519.html?mallCode=1&pageListType=4&detailBusinessFrom=0-1_45123519%7C0-2,https://sg.shein.com/INAWLY-Lace-Trim-Splice-Camisole-Top-For-Women-p-45123519.html,True,"mallCode,pageListType,detailBusinessFrom",False,,45123519,True
4728642,2,1,2,SHEIN Essnce Solid Zip Up Straight Leg Pants In Fall/Winter,S$15.49,https://sg.shein.com/SHEIN-Essnce-Solid-Zip-Up-Straight-Leg-Pants-In-Fall-Winter-p-4728642.html,https://img.ltwebstatic.com/images3_pi/2021/10/19/1634607178057d99a498f759b0257656af45002f71_thumbnail_600x.webp,2026-06-02T16:21:16+08:00,,,,,373 sold,https://sg.shein.com/SHEIN-Essnce-Solid-Zip-Up-Straight-Leg-Pants-In-Fall-Winter-p-4728642.html?mallCode=1&pageListType=4&detailBusinessFrom=0-1_4728642%7C0-2,https://sg.shein.com/SHEIN-Essnce-Solid-Zip-Up-Straight-Leg-Pants-In-Fall-Winter-p-4728642.html,True,"mallCode,pageListType,detailBusinessFrom",False,,4728642,True
460898712,2,1,2,"SHEIN PETITE Women's Low-Waist Casual Retro Satin Versatile Solid Color Long Skirt, Jacquard Fabric, Suitable For Spring And Summer",S$17.49,https://sg.shein.com/SHEIN-PETITE-Women-s-Low-Waist-Casual-Retro-Satin-Versatile-Solid-Color-Long-Skirt-Jacquard-Fabric-Suitable-For-Spring-And-Summer-p-460898712.html,https://img.ltwebstatic.com/v4/j/pi/2026/05/07/89/1778119118089bbde889fa40f4a5481c2023000cd8_thumbnail_600x.webp,2026-06-02T16:21:16+08:00,,,,,NEW,https://sg.shein.com/SHEIN-PETITE-Women-s-Low-Waist-Casual-Retro-Satin-Versatile-Solid-Color-Long-Skirt-Jacquard-Fabric-Suitable-For-Spring-And-Summer-p-460898712.html?mallCode=1&pageListType=4&detailBusinessFrom=0-1_460898712%7C0-2,https://sg.shein.com/SHEIN-PETITE-Women-s-Low-Waist-Casual-Retro-Satin-Versatile-Solid-Color-Long-Skirt-Jacquard-Fabric-Suitable-For-Spring-And-Summer-p-460898712.html,True,"mallCode,pageListType,detailBusinessFrom",False,,460898712,True
447744667,2,1,2,Women's Round Neck Letter Print Casual Versatile Daily Wear Short Sleeve T-Shirt Summer,S$1.33,https://sg.shein.com/Women-s-Round-Neck-Letter-Print-Casual-Versatile-Daily-Wear-Short-Sleeve-T-Shirt-Summer-p-447744667.html,https://img.ltwebstatic.com/v4/j/spmp/2026/04/01/84/17750268423f9c24e5e3ee6b7aa2a771f82cdd1c68_thumbnail_600x.webp,2026-06-02T16:21:16+08:00,,,,,Save S$1.33,https://sg.shein.com/Women-s-Round-Neck-Letter-Print-Casual-Versatile-Daily-Wear-Short-Sleeve-T-Shirt-Summer-p-447744667.html?mallCode=1&pageListType=4&detailBusinessFrom=0-1_447744667%7C0-2,https://sg.shein.com/Women-s-Round-Neck-Letter-Print-Casual-Versatile-Daily-Wear-Short-Sleeve-T-Shirt-Summer-p-447744667.html,True,"mallCode,pageListType,detailBusinessFrom",False,,447744667,True
415539093,2,1,2,Resyla 2pcs Women's Black And White Striped Camisole Set,S$9.49,https://sg.shein.com/Resyla-2pcs-Women-s-Black-And-White-Striped-Camisole-Set-p-415539093.html,https://img.ltwebstatic.com/v4/j/pi/2026/04/27/0c/177727704933ee50cfe1d5dc25b5bbf2e864b1ddb5_thumbnail_600x.webp,2026-06-02T16:21:16+08:00,,,,,5k+ sold,https://sg.shein.com/Resyla-2pcs-Women-s-Black-And-White-Striped-Camisole-Set-p-415539093.html?mallCode=1&pageListType=4&detailBusinessFrom=0-1_415539093%7C0-2,https://sg.shein.com/Resyla-2pcs-Women-s-Black-And-White-Striped-Camisole-Set-p-415539093.html,True,"mallCode,pageListType,detailBusinessFrom",False,,415539093,True
426220559,2,1,2,"Women's Summer Fashion Letter Print Loose Casual T-Shirt, Versatile Daily Casual Wear, Vacation Outfit White",S$1.50,https://sg.shein.com/Women-s-Summer-Fashion-Letter-Print-Loose-Casual-T-Shirt-Versatile-Daily-Casual-Wear-Vacation-Outfit-White-p-426220559.html,https://img.ltwebstatic.com/v4/j/spmp/2026/04/18/dd/1776484024e2f7cdc6b860900c91065b13d810f51c_thumbnail_600x.webp,2026-06-02T16:21:16+08:00,,,,,SAVE S$1.50,https://sg.shein.com/Women-s-Summer-Fashion-Letter-Print-Loose-Casual-T-Shirt-Versatile-Daily-Casual-Wear-Vacation-Outfit-White-p-426220559.html?mallCode=1&pageListType=4&detailBusinessFrom=0-1_426220559%7C0-2,https://sg.shein.com/Women-s-Summer-Fashion-Letter-Print-Loose-Casual-T-Shirt-Versatile-Daily-Casual-Wear-Vacation-Outfit-White-p-426220559.html,True,"mallCode,pageListType,detailBusinessFrom",False,,426220559,True
47687467,2,1,2,EMERY ROSE 4pcs Women Solid Color Short Sleeve Crew Neck Tight Fit Basic T-Shirts,S$13.99,https://sg.shein.com/EMERY-ROSE-4pcs-Women-Solid-Color-Short-Sleeve-Crew-Neck-Tight-Fit-Basic-T-Shirts-p-47687467.html,https://img.ltwebstatic.com/images3_pi/2024/11/15/0a/1731635068272f867672720b73f7ac15a374f4b53e_thumbnail_600x.webp,2026-06-02T16:21:16+08:00,,,,,7.2k+ sold,https://sg.shein.com/EMERY-ROSE-4pcs-Women-Solid-Color-Short-Sleeve-Crew-Neck-Tight-Fit-Basic-T-Shirts-p-47687467.html?mallCode=1&pageListType=4&detailBusinessFrom=0-1_47687467%7C0-2,https://sg.shein.com/EMERY-ROSE-4pcs-Women-Solid-Color-Short-Sleeve-Crew-Neck-Tight-Fit-Basic-T-Shirts-p-47687467.html,True,"mallCode,pageListType,detailBusinessFrom",False,,47687467,True
51397077,2,1,2,"Sweetra Black Single-Breasted Waistcoat, Ruched Wide Leg Pants Co-Ord Set",S$25.64,https://sg.shein.com/Sweetra-Black-Single-Breasted-Waistcoat-Ruched-Wide-Leg-Pants-Co-Ord-Set-p-51397077.html,https://img.ltwebstatic.com/images3_pi/2024/12/24/60/17350100225dbf7282b0b7aebed1a68e9b3ab026d0_thumbnail_600x.webp,2026-06-02T16:21:16+08:00,,-5%,,,7.4k+ sold,https://sg.shein.com/Sweetra-Black-Single-Breasted-Waistcoat-Ruched-Wide-Leg-Pants-Co-Ord-Set-p-51397077.html?mallCode=1&pageListType=4&detailBusinessFrom=0-1_51397077%7C0-2,https://sg.shein.com/Sweetra-Black-Single-Breasted-Waistcoat-Ruched-Wide-Leg-Pants-Co-Ord-Set-p-51397077.html,True,"mallCode,pageListType,detailBusinessFrom",False,,51397077,True
472098721,2,1,2,"SHEIN PETITE Women's Beige Summer Boho Vacation Holiday Casual Cropped Pants,Solid Color Fabric Side Seam Button Decor Pocket Flap Design Versatile Cotton Outfit",S$17.49,https://sg.shein.com/SHEIN-PETITE-Women-s-Beige-Summer-Boho-Vacation-Holiday-Casual-Cropped-Pants-Solid-Color-Fabric-Side-Seam-Button-Decor-Pocket-Flap-Design-Versatile-Cotton-Outfit-p-472098721.html,https://img.ltwebstatic.com/v4/j/pi/2026/05/17/4e/17789850628a093f44173b0894373d245a280ed151_thumbnail_600x.webp,2026-06-02T16:21:16+08:00,,,,,NEW,https://sg.shein.com/SHEIN-PETITE-Women-s-Beige-Summer-Boho-Vacation-Holiday-Casual-Cropped-Pants-Solid-Color-Fabric-Side-Seam-Button-Decor-Pocket-Flap-Design-Versatile-Cotton-Outfit-p-472098721.html?mallCode=1&pageListType=4&detailBusinessFrom=0-1_472098721%7C0-2,https://sg.shein.com/SHEIN-PETITE-Women-s-Beige-Summer-Boho-Vacation-Holiday-Casual-Cropped-Pants-Solid-Color-Fabric-Side-Seam-Button-Decor-Pocket-Flap-Design-Versatile-Cotton-Outfit-p-472098721.html,True,"mallCode,pageListType,detailBusinessFrom",False,,472098721,True
165995367,2,1,2,"SHEIN EZwear 3pcs Casual Minimalist Versatile Sexy Women's Square Neck Ruched Waist Tank Top, Suitable For Summer , Built-In Bra",S$22.49,https://sg.shein.com/SHEIN-EZwear-3pcs-Casual-Minimalist-Versatile-Sexy-Women-s-Square-Neck-Ruched-Waist-Tank-Top-Suitable-For-Summer-Built-In-Bra-p-165995367.html,https://img.ltwebstatic.com/v4/j/pi/2025/08/28/71/17563833481df68fde0d3dec76d2bba4ed673cbfcc_thumbnail_600x.webp,2026-06-02T16:21:16+08:00,,,,,5.5k+ sold,https://sg.shein.com/SHEIN-EZwear-3pcs-Casual-Minimalist-Versatile-Sexy-Women-s-Square-Neck-Ruched-Waist-Tank-Top-Suitable-For-Summer-Built-In-Bra-p-165995367.html?mallCode=1&pageListType=4&detailBusinessFrom=0-1_165995367%7C0-2,https://sg.shein.com/SHEIN-EZwear-3pcs-Casual-Minimalist-Versatile-Sexy-Women-s-Square-Neck-Ruched-Waist-Tank-Top-Suitable-For-Summer-Built-In-Bra-p-165995367.html,True,"mallCode,pageListType,detailBusinessFrom",False,,165995367,True
449164686,2,1,2,New Summer Z-Gen Y2K Style Women's Funny Red Motorcycle Floral Print Round Neck Short Sleeve T-Shirt Casual White,S$1.80,https://sg.shein.com/New-Summer-Z-Gen-Y2K-Style-Women-s-Funny-Red-Motorcycle-Floral-Print-Round-Neck-Short-Sleeve-T-Shirt-Casual-White-p-449164686.html,https://img.ltwebstatic.com/v4/j/spmp/2026/05/05/ed/1777988067add997e5c121484d3752b54fe132e6a2_thumbnail_600x.webp,2026-06-02T16:21:16+08:00,,,,,SAVE S$1.80,https://sg.shein.com/New-Summer-Z-Gen-Y2K-Style-Women-s-Funny-Red-Motorcycle-Floral-Print-Round-Neck-Short-Sleeve-T-Shirt-Casual-White-p-449164686.html?mallCode=1&pageListType=4&detailBusinessFrom=0-1_449164686%7C0-2,https://sg.shein.com/New-Summer-Z-Gen-Y2K-Style-Women-s-Funny-Red-Motorcycle-Floral-Print-Round-Neck-Short-Sleeve-T-Shirt-Casual-White-p-449164686.html,True,"mallCode,pageListType,detailBusinessFrom",False,,449164686,True
392026888,2,1,2,"Washed Oversized Black Long Sleeve T-Shirt For Women, Loose Vintage Chic Casual Summer",S$6.78,https://sg.shein.com/Washed-Oversized-Black-Long-Sleeve-T-Shirt-For-Women-Loose-Vintage-Chic-Casual-Summer-p-392026888.html,https://img.ltwebstatic.com/v4/p/spmp/2026/01/19/1e/17688138089a2f658ba9a78d47c87298246434b348_thumbnail_600x.webp,2026-06-02T16:21:16+08:00,,-3%,,,3.4k+ sold,https://sg.shein.com/Washed-Oversized-Black-Long-Sleeve-T-Shirt-For-Women-Loose-Vintage-Chic-Casual-Summer-p-392026888.html?mallCode=1&pageListType=4&detailBusinessFrom=0-1_392026888%7C0-2,https://sg.shein.com/Washed-Oversized-Black-Long-Sleeve-T-Shirt-For-Women-Loose-Vintage-Chic-Casual-Summer-p-392026888.html,True,"mallCode,pageListType,detailBusinessFrom",False,,392026888,True
355635498,2,1,2,DAZY Women's Casual Loose Korean Style Washed Denim Jeans,S$3.25,https://sg.shein.com/DAZY-Women-s-Casual-Loose-Korean-Style-Washed-Denim-Jeans-p-355635498.html,https://img.ltwebstatic.com/v4/j/pi/2026/01/06/e5/1767678936a19d8613dead28acf033ce7a619da3a6_thumbnail_600x.webp,2026-06-02T16:21:16+08:00,,,,,SAVE S$3.25,https://sg.shein.com/DAZY-Women-s-Casual-Loose-Korean-Style-Washed-Denim-Jeans-p-355635498.html?mallCode=1&pageListType=4&detailBusinessFrom=0-1_355635498%7C0-2,https://sg.shein.com/DAZY-Women-s-Casual-Loose-Korean-Style-Washed-Denim-Jeans-p-355635498.html,True,"mallCode,pageListType,detailBusinessFrom",False,,355635498,True
409724146,2,2,"2,5","3pcs/Set Women's Square Neck Short Sleeve Solid Color Casual Slim Fit Summer T-Shirts, Y2K Style Cropped Tees, Suitable For Summer, Beach, Street, Daily, Work, Office Party, Vacation Wear. Stylish Y2K Inspired Women Tops White",S$11.49,https://sg.shein.com/3pcs-Set-Women-s-Square-Neck-Short-Sleeve-Solid-Color-Casual-Slim-Fit-Summer-T-Shirts-Y2K-Style-Cropped-Tees-Suitable-For-Summer-Beach-Street-Daily-Work-Office-Party-Vacation-Wear-Stylish-Y2K-Inspired-Women-Tops-White-p-409724146.html,https://img.ltwebstatic.com/v4/j/spmp/2026/03/28/0f/1774709864dec89a4b3bcf940747d459901ca0fe25_thumbnail_600x.webp,2026-06-02T16:21:16+08:00,,,,,789 sold,https://sg.shein.com/3pcs-Set-Women-s-Square-Neck-Short-Sleeve-Solid-Color-Casual-Slim-Fit-Summer-T-Shirts-Y2K-Style-Cropped-Tees-Suitable-For-Summer-Beach-Street-Daily-Work-Office-Party-Vacation-Wear-Stylish-Y2K-Inspired-Women-Tops-White-p-409724146.html?mallCode=1&pageListType=4&detailBusinessFrom=0-1_409724146%7C0-2,https://sg.shein.com/3pcs-Set-Women-s-Square-Neck-Short-Sleeve-Solid-Color-Casual-Slim-Fit-Summer-T-Shirts-Y2K-Style-Cropped-Tees-Suitable-For-Summer-Beach-Street-Daily-Work-Office-Party-Vacation-Wear-Stylish-Y2K-Inspired-Women-Tops-White-p-409724146.html,True,"mallCode,pageListType,detailBusinessFrom",False,,409724146,True
462216837,2,1,2,"Franclia This Relaxed-Fit Suit Features A High Waistband, Two Side Pockets, And A Straight, Wide-Leg Design With A Textured Feel And A Khaki Hue. Elegant And Stylish, It's Suitable For All Seasons. Whether For Vacations, Easter Attire, Holiday Outfits, Beach Wear, Graduation Outfits For Mothers, Summer Vacation Wear, Work Attire, Everyday Wear, Country Music Concert Outfits, Or A Country-Style Look, It's Perfect For Everyday Wear.",S$15.99,https://sg.shein.com/Franclia-This-Relaxed-Fit-Suit-Features-A-High-Waistband-Two-Side-Pockets-And-A-Straight-Wide-Leg-Design-With-A-Textured-Feel-And-A-Khaki-Hue-Elegant-And-Stylish-It-s-Suitable-For-All-Seasons-Whether-For-Vacations-Easter-Attire-Holiday-Outfits-Beach-Wear-Graduation-Outfits-For-Mothers-Summer-Vacation-Wear-Work-Attire-Everyday-Wear-Country-Music-Concert-Outfits-Or-A-Country-Style-Look-It-s-Perfect-For-Everyday-Wear-p-462216837.html,https://img.ltwebstatic.com/v4/j/pi/2026/05/07/1d/1778136414ef158e2198cfd923eb1591f6f354db59_thumbnail_600x.webp,2026-06-02T16:21:16+08:00,,,,,NEW,https://sg.shein.com/Franclia-This-Relaxed-Fit-Suit-Features-A-High-Waistband-Two-Side-Pockets-And-A-Straight-Wide-Leg-Design-With-A-Textured-Feel-And-A-Khaki-Hue-Elegant-And-Stylish-It-s-Suitable-For-All-Seasons-Whether-For-Vacations-Easter-Attire-Holiday-Outfits-Beach-Wear-Graduation-Outfits-For-Mothers-Summer-Vacation-Wear-Work-Attire-Everyday-Wear-Country-Music-Concert-Outfits-Or-A-Country-Style-Look-It-s-Perfect-For-Everyday-Wear-p-462216837.html?mallCode=1&pageListType=4&detailBusinessFrom=0-1_462216837%7C0-2,https://sg.shein.com/Franclia-This-Relaxed-Fit-Suit-Features-A-High-Waistband-Two-Side-Pockets-And-A-Straight-Wide-Leg-Design-With-A-Textured-Feel-And-A-Khaki-Hue-Elegant-And-Stylish-It-s-Suitable-For-All-Seasons-Whether-For-Vacations-Easter-Attire-Holiday-Outfits-Beach-Wear-Graduation-Outfits-For-Mothers-Summer-Vacation-Wear-Work-Attire-Everyday-Wear-Country-Music-Concert-Outfits-Or-A-Country-Style-Look-It-s-Perfect-For-Everyday-Wear-p-462216837.html,True,"mallCode,pageListType,detailBusinessFrom",False,,462216837,True
161184526,2,1,2,"Franclia Women's Casual Solid Color Turndown Collar Short Sleeve Shirt, Summer",S$10.49,https://sg.shein.com/Franclia-Women-s-Casual-Solid-Color-Turndown-Collar-Short-Sleeve-Shirt-Summer-p-161184526.html,https://img.ltwebstatic.com/v4/j/pi/2025/08/26/a9/1756220496de3f7588507a1071bd43bc894d3c4886_thumbnail_600x.webp,2026-06-02T16:21:16+08:00,,,,,55.1k+ sold,https://sg.shein.com/Franclia-Women-s-Casual-Solid-Color-Turndown-Collar-Short-Sleeve-Shirt-Summer-p-161184526.html?mallCode=1&pageListType=4&detailBusinessFrom=0-1_161184526%7C0-2,https://sg.shein.com/Franclia-Women-s-Casual-Solid-Color-Turndown-Collar-Short-Sleeve-Shirt-Summer-p-161184526.html,True,"mallCode,pageListType,detailBusinessFrom",False,,161184526,True
97761235,2,2,"2,3","Women's Solid Color Button Half Placket Short Sleeve Casual T-Shirt, Summer Black",S$12.99,https://sg.shein.com/Women-s-Solid-Color-Button-Half-Placket-Short-Sleeve-Casual-T-Shirt-Summer-Black-p-97761235.html,https://img.ltwebstatic.com/v4/j/spmp/2025/06/04/07/17490179814efef4363ddf6594b6824a410a1e38f2_thumbnail_600x.webp,2026-06-02T16:21:16+08:00,,,,,22.2k+ sold,https://sg.shein.com/Women-s-Solid-Color-Button-Half-Placket-Short-Sleeve-Casual-T-Shirt-Summer-Black-p-97761235.html?mallCode=1&pageListType=4&detailBusinessFrom=0-1_97761235%7C0-2,https://sg.shein.com/Women-s-Solid-Color-Button-Half-Placket-Short-Sleeve-Casual-T-Shirt-Summer-Black-p-97761235.html,True,"mallCode,pageListType,detailBusinessFrom",False,,97761235,True
426948055,2,1,2,"Women's Summer New Letter Print Round Neck Short Sleeve T-Shirt, Casual Loose Versatile Top For Daily Wear",S$0.40,https://sg.shein.com/Women-s-Summer-New-Letter-Print-Round-Neck-Short-Sleeve-T-Shirt-Casual-Loose-Versatile-Top-For-Daily-Wear-p-426948055.html,https://img.ltwebstatic.com/v4/j/spmp/2026/03/12/42/1773316069028a89490f0aa3343c632b5e393a16c8_thumbnail_600x.webp,2026-06-02T16:21:16+08:00,,,,,SAVE S$0.40,https://sg.shein.com/Women-s-Summer-New-Letter-Print-Round-Neck-Short-Sleeve-T-Shirt-Casual-Loose-Versatile-Top-For-Daily-Wear-p-426948055.html?mallCode=1&pageListType=4&detailBusinessFrom=0-1_426948055%7C0-2,https://sg.shein.com/Women-s-Summer-New-Letter-Print-Round-Neck-Short-Sleeve-T-Shirt-Casual-Loose-Versatile-Top-For-Daily-Wear-p-426948055.html,True,"mallCode,pageListType,detailBusinessFrom",False,,426948055,True
18747796,2,1,2,Women's Solid Color High Waist Casual Straight Leg Suit Pants Black Spring,S$16.49,https://sg.shein.com/Women-s-Solid-Color-High-Waist-Casual-Straight-Leg-Suit-Pants-Black-Spring-p-18747796.html,https://img.ltwebstatic.com/images3_pi/2023/12/05/9a/17017623818bb6eef80c3b90b264f93ccf54f78e19_thumbnail_600x.webp,2026-06-02T16:21:16+08:00,,,,,2.3k+ sold,https://sg.shein.com/Women-s-Solid-Color-High-Waist-Casual-Straight-Leg-Suit-Pants-Black-Spring-p-18747796.html?mallCode=1&pageListType=4&detailBusinessFrom=0-1_18747796%7C0-2,https://sg.shein.com/Women-s-Solid-Color-High-Waist-Casual-Straight-Leg-Suit-Pants-Black-Spring-p-18747796.html,True,"mallCode,pageListType,detailBusinessFrom",False,,18747796,True
357049398,2,1,2,"SHEIN EZwear 3pcs/Set Casual Solid & Leopard Print Camisole Tops For Women, Suitable For Summer Spring",S$12.99,https://sg.shein.com/SHEIN-EZwear-3pcs-Set-Casual-Solid-Leopard-Print-Camisole-Tops-For-Women-Suitable-For-Summer-Spring-p-357049398.html,https://img.ltwebstatic.com/v4/j/pi/2026/01/07/32/17677804924231c5e85726f99d290a2862a0be0650_thumbnail_600x.webp,2026-06-02T16:21:16+08:00,,,,,17.4k+ sold,https://sg.shein.com/SHEIN-EZwear-3pcs-Set-Casual-Solid-Leopard-Print-Camisole-Tops-For-Women-Suitable-For-Summer-Spring-p-357049398.html?mallCode=1&pageListType=4&detailBusinessFrom=0-1_357049398%7C0-2,https://sg.shein.com/SHEIN-EZwear-3pcs-Set-Casual-Solid-Leopard-Print-Camisole-Tops-For-Women-Suitable-For-Summer-Spring-p-357049398.html,True,"mallCode,pageListType,detailBusinessFrom",False,,357049398,True
477916187,2,1,2,"Anewsta Fashionable Modern Black Skirt, Versatile Commuter Outfit Design For Women",S$24.99,https://sg.shein.com/Anewsta-Fashionable-Modern-Black-Skirt-Versatile-Commuter-Outfit-Design-For-Women-p-477916187.html,https://img.ltwebstatic.com/v4/j/pi/2026/05/22/5e/17794138208f21664674440cf730a82562ee479c7a_thumbnail_600x.webp,2026-06-02T16:21:16+08:00,,,,,NEW,https://sg.shein.com/Anewsta-Fashionable-Modern-Black-Skirt-Versatile-Commuter-Outfit-Design-For-Women-p-477916187.html?mallCode=1&pageListType=4&detailBusinessFrom=0-1_477916187%7C0-2,https://sg.shein.com/Anewsta-Fashionable-Modern-Black-Skirt-Versatile-Commuter-Outfit-Design-For-Women-p-477916187.html,True,"mallCode,pageListType,detailBusinessFrom",False,,477916187,True
341854088,2,2,"2,3","Women's New Casual Cute Pattern Loose Versatile Round Neck Short Sleeve T-Shirt, Fashionable Everyday Top, Suitable For Daily And Holiday Wear Summer",S$5.49,https://sg.shein.com/Women-s-New-Casual-Cute-Pattern-Loose-Versatile-Round-Neck-Short-Sleeve-T-Shirt-Fashionable-Everyday-Top-Suitable-For-Daily-And-Holiday-Wear-Summer-p-341854088.html,https://img.ltwebstatic.com/v4/j/spmp/2026/02/25/fd/177202666868970e53758734a877649b2c1b13e352_thumbnail_600x.webp,2026-06-02T16:21:16+08:00,,,,,3k+ sold,https://sg.shein.com/Women-s-New-Casual-Cute-Pattern-Loose-Versatile-Round-Neck-Short-Sleeve-T-Shirt-Fashionable-Everyday-Top-Suitable-For-Daily-And-Holiday-Wear-Summer-p-341854088.html?mallCode=1&pageListType=4&detailBusinessFrom=0-1_341854088%7C0-2,https://sg.shein.com/Women-s-New-Casual-Cute-Pattern-Loose-Versatile-Round-Neck-Short-Sleeve-T-Shirt-Fashionable-Everyday-Top-Suitable-For-Daily-And-Holiday-Wear-Summer-p-341854088.html,True,"mallCode,pageListType,detailBusinessFrom",False,,341854088,True
391764414,2,1,2,"Women's Loose Fit Round Neck Short Sleeve T-Shirt With Japanese Cherry Blossom Print, Spring/Summer Casual Vacation Pink",S$0.90,https://sg.shein.com/Women-s-Loose-Fit-Round-Neck-Short-Sleeve-T-Shirt-With-Japanese-Cherry-Blossom-Print-Spring-Summer-Casual-Vacation-Pink-p-391764414.html,https://img.ltwebstatic.com/v4/j/spmp/2026/04/07/ec/177552975287c5b2ee8793249b80ba183972175594_thumbnail_600x.webp,2026-06-02T16:21:16+08:00,,,,,SAVE S$0.90,https://sg.shein.com/Women-s-Loose-Fit-Round-Neck-Short-Sleeve-T-Shirt-With-Japanese-Cherry-Blossom-Print-Spring-Summer-Casual-Vacation-Pink-p-391764414.html?mallCode=1&pageListType=4&detailBusinessFrom=0-1_391764414%7C0-2,https://sg.shein.com/Women-s-Loose-Fit-Round-Neck-Short-Sleeve-T-Shirt-With-Japanese-Cherry-Blossom-Print-Spring-Summer-Casual-Vacation-Pink-p-391764414.html,True,"mallCode,pageListType,detailBusinessFrom",False,,391764414,True
124811795,2,2,"2,5","SHEIN VCAY 3pcs/Set Women Summer Woven Fashionable Multi-Color Linen Shorts,Summer For Women,Summer Clothes,Festival For Women",S$9.99,https://sg.shein.com/SHEIN-VCAY-3pcs-Set-Women-Summer-Woven-Fashionable-Multi-Color-Linen-Shorts-Summer-For-Women-Summer-Clothes-Festival-For-Women-p-124811795.html,https://img.ltwebstatic.com/v4/j/pi/2025/12/13/e1/1765603205b092513f22bd2f0278d0e48b416bc5d7_thumbnail_600x.webp,2026-06-02T16:21:16+08:00,,,,,9.9k+ sold,https://sg.shein.com/SHEIN-VCAY-3pcs-Set-Women-Summer-Woven-Fashionable-Multi-Color-Linen-Shorts-Summer-For-Women-Summer-Clothes-Festival-For-Women-p-124811795.html?mallCode=1&pageListType=4&detailBusinessFrom=0-1_124811795%7C0-2,https://sg.shein.com/SHEIN-VCAY-3pcs-Set-Women-Summer-Woven-Fashionable-Multi-Color-Linen-Shorts-Summer-For-Women-Summer-Clothes-Festival-For-Women-p-124811795.html,True,"mallCode,pageListType,detailBusinessFrom",False,,124811795,True
457086011,2,1,2,"Sweetra Women's New Fashion Versatile Knit V-Neck T-Shirt, Waist Drawstring, Front & Back V-Neck, Shoulder Sleeve Design",S$7.99,https://sg.shein.com/Sweetra-Women-s-New-Fashion-Versatile-Knit-V-Neck-T-Shirt-Waist-Drawstring-Front-Back-V-Neck-Shoulder-Sleeve-Design-p-457086011.html,https://img.ltwebstatic.com/v4/j/pi/2026/04/29/52/17774327050dd2c9c27131b2e745db2d63fef009f0_thumbnail_600x.webp,2026-06-02T16:21:16+08:00,,,,,1.1k+ sold,https://sg.shein.com/Sweetra-Women-s-New-Fashion-Versatile-Knit-V-Neck-T-Shirt-Waist-Drawstring-Front-Back-V-Neck-Shoulder-Sleeve-Design-p-457086011.html?mallCode=1&pageListType=4&detailBusinessFrom=0-1_457086011%7C0-2,https://sg.shein.com/Sweetra-Women-s-New-Fashion-Versatile-Knit-V-Neck-T-Shirt-Waist-Drawstring-Front-Back-V-Neck-Shoulder-Sleeve-Design-p-457086011.html,True,"mallCode,pageListType,detailBusinessFrom",False,,457086011,True
45813605,2,1,2,SHEIN x Lina SHEIN ICON Casual Washed Retro Mid-Waist Straight Leg Jeans,S$26.49,https://sg.shein.com/SHEIN-x-Lina-SHEIN-ICON-Casual-Washed-Retro-Mid-Waist-Straight-Leg-Jeans-p-45813605.html,https://img.ltwebstatic.com/images3_pi/2024/10/25/c8/17298219255ab2738be7a4731fc1b1a260c86a9ade_thumbnail_600x.webp,2026-06-02T16:21:16+08:00,,,,,28.5k+ sold,https://sg.shein.com/SHEIN-x-Lina-SHEIN-ICON-Casual-Washed-Retro-Mid-Waist-Straight-Leg-Jeans-p-45813605.html?mallCode=1&pageListType=4&detailBusinessFrom=0-1_45813605%7C0-2,https://sg.shein.com/SHEIN-x-Lina-SHEIN-ICON-Casual-Washed-Retro-Mid-Waist-Straight-Leg-Jeans-p-45813605.html,True,"mallCode,pageListType,detailBusinessFrom",False,,45813605,True
485838714,2,1,2,CAJUNI Contrast Color Striped Coconut Tree Print Long Pants,S$15.99,https://sg.shein.com/CAJUNI-Contrast-Color-Striped-Coconut-Tree-Print-Long-Pants-p-485838714.html,https://img.ltwebstatic.com/v4/j/pi/2026/05/28/9a/17799786331a7e2524d2053b9a9e569dae1a3db808_thumbnail_600x.webp,2026-06-02T16:21:16+08:00,,,,,NEW,https://sg.shein.com/CAJUNI-Contrast-Color-Striped-Coconut-Tree-Print-Long-Pants-p-485838714.html?mallCode=1&pageListType=4&detailBusinessFrom=0-1_485838714%7C0-2,https://sg.shein.com/CAJUNI-Contrast-Color-Striped-Coconut-Tree-Print-Long-Pants-p-485838714.html,True,"mallCode,pageListType,detailBusinessFrom",False,,485838714,True
209194288,2,1,2,SHEIN ICON Halloween Women's Halter Backless Black Babydoll Tank Top Backless Halter Top Peplum Top Women Halter Tops For Women,S$10.99,https://sg.shein.com/SHEIN-ICON-Halloween-Women-s-Halter-Backless-Black-Babydoll-Tank-Top-Backless-Halter-Top-Peplum-Top-Women-Halter-Tops-For-Women-p-209194288.html,https://img.ltwebstatic.com/v4/j/pi/2025/10/10/82/176008895376086f3a5250a3d7a35c7a8504a96d7d_thumbnail_600x.webp,2026-06-02T16:21:16+08:00,,,,,12.1k+ sold,https://sg.shein.com/SHEIN-ICON-Halloween-Women-s-Halter-Backless-Black-Babydoll-Tank-Top-Backless-Halter-Top-Peplum-Top-Women-Halter-Tops-For-Women-p-209194288.html?mallCode=1&pageListType=4&detailBusinessFrom=0-1_209194288%7C0-2,https://sg.shein.com/SHEIN-ICON-Halloween-Women-s-Halter-Backless-Black-Babydoll-Tank-Top-Backless-Halter-Top-Peplum-Top-Women-Halter-Tops-For-Women-p-209194288.html,True,"mallCode,pageListType,detailBusinessFrom",False,,209194288,True
172812008,2,2,"2,8","INAWLY 2pcs/Set Fitted Short Leopard Print & Solid Color V-Neck Camisole For Women, Summer",S$12.47,https://sg.shein.com/INAWLY-2pcs-Set-Fitted-Short-Leopard-Print-Solid-Color-V-Neck-Camisole-For-Women-Summer-p-172812008.html,https://img.ltwebstatic.com/v4/j/pi/2025/09/04/7b/17569687864918aa3cca6dd916a1e1c651e7a8495c_thumbnail_600x.webp,2026-06-02T16:21:16+08:00,,-4%,,,8.8k+ sold,https://sg.shein.com/INAWLY-2pcs-Set-Fitted-Short-Leopard-Print-Solid-Color-V-Neck-Camisole-For-Women-Summer-p-172812008.html?mallCode=1&pageListType=4&detailBusinessFrom=0-1_172812008%7C0-2,https://sg.shein.com/INAWLY-2pcs-Set-Fitted-Short-Leopard-Print-Solid-Color-V-Neck-Camisole-For-Women-Summer-p-172812008.html,True,"mallCode,pageListType,detailBusinessFrom",False,,172812008,True
456391577,2,1,2,"1pc Women's Summer Round Neck Short Sleeve T-Shirt, Vacation Style Printed, Casual Loose Fit, Comfortable, Suitable For Summer Wear, Beach, Street, Daily Activities, Work, Office Gatherings, Etc. White",S$0.75,https://sg.shein.com/1pc-Women-s-Summer-Round-Neck-Short-Sleeve-T-Shirt-Vacation-Style-Printed-Casual-Loose-Fit-Comfortable-Suitable-For-Summer-Wear-Beach-Street-Daily-Activities-Work-Office-Gatherings-Etc-White-p-456391577.html,https://img.ltwebstatic.com/v4/j/spmp/2026/05/11/54/17785013253fcedda3a6d3e24d17b3e9e0d2cd80aa_thumbnail_600x.webp,2026-06-02T16:21:16+08:00,,,,,SAVE S$0.75,https://sg.shein.com/1pc-Women-s-Summer-Round-Neck-Short-Sleeve-T-Shirt-Vacation-Style-Printed-Casual-Loose-Fit-Comfortable-Suitable-For-Summer-Wear-Beach-Street-Daily-Activities-Work-Office-Gatherings-Etc-White-p-456391577.html?mallCode=1&pageListType=4&detailBusinessFrom=0-1_456391577%7C0-2,https://sg.shein.com/1pc-Women-s-Summer-Round-Neck-Short-Sleeve-T-Shirt-Vacation-Style-Printed-Casual-Loose-Fit-Comfortable-Suitable-For-Summer-Wear-Beach-Street-Daily-Activities-Work-Office-Gatherings-Etc-White-p-456391577.html,True,"mallCode,pageListType,detailBusinessFrom",False,,456391577,True
417902408,2,1,2,"Sunnyshic Women's Casual Vacation Fashion Versatile Daily Wear Bohemian Paisley Mesh Print Short Cap Sleeve T-Shirt, Spring/Summer",S$1.57,https://sg.shein.com/Sunnyshic-Women-s-Casual-Vacation-Fashion-Versatile-Daily-Wear-Bohemian-Paisley-Mesh-Print-Short-Cap-Sleeve-T-Shirt-Spring-Summer-p-417902408.html,https://img.ltwebstatic.com/v4/j/pi/2026/04/07/71/1775554050c46a8cffd363b8206c6711b57065b3a0_thumbnail_600x.webp,2026-06-02T16:21:16+08:00,,,,,SAVE S$1.57,https://sg.shein.com/Sunnyshic-Women-s-Casual-Vacation-Fashion-Versatile-Daily-Wear-Bohemian-Paisley-Mesh-Print-Short-Cap-Sleeve-T-Shirt-Spring-Summer-p-417902408.html?mallCode=1&pageListType=4&detailBusinessFrom=0-1_417902408%7C0-2,https://sg.shein.com/Sunnyshic-Women-s-Casual-Vacation-Fashion-Versatile-Daily-Wear-Bohemian-Paisley-Mesh-Print-Short-Cap-Sleeve-T-Shirt-Spring-Summer-p-417902408.html,True,"mallCode,pageListType,detailBusinessFrom",False,,417902408,True
387320996,2,1,2,SHEIN PETITE Women's Solid Color Tie Waist Wide Leg Loose Casual Versatile Pants Brown For Women Beach S Summer,S$11.49,https://sg.shein.com/SHEIN-PETITE-Women-s-Solid-Color-Tie-Waist-Wide-Leg-Loose-Casual-Versatile-Pants-Brown-For-Women-Beach-S-Summer-p-387320996.html,https://img.ltwebstatic.com/v4/j/pi/2026/02/27/f7/1772169896d338cae285d3bdae9ee7b1b67cb4690f_thumbnail_600x.webp,2026-06-02T16:21:16+08:00,,,,,6k+ sold,https://sg.shein.com/SHEIN-PETITE-Women-s-Solid-Color-Tie-Waist-Wide-Leg-Loose-Casual-Versatile-Pants-Brown-For-Women-Beach-S-Summer-p-387320996.html?mallCode=1&pageListType=4&detailBusinessFrom=0-1_387320996%7C0-2,https://sg.shein.com/SHEIN-PETITE-Women-s-Solid-Color-Tie-Waist-Wide-Leg-Loose-Casual-Versatile-Pants-Brown-For-Women-Beach-S-Summer-p-387320996.html,True,"mallCode,pageListType,detailBusinessFrom",False,,387320996,True
482285999,2,1,2,SHEIN Frenchy Women's Casual Retro Polka Dot Print Elastic Waist Pants,S$10.99,https://sg.shein.com/SHEIN-Frenchy-Women-s-Casual-Retro-Polka-Dot-Print-Elastic-Waist-Pants-p-482285999.html,https://img.ltwebstatic.com/v4/j/pi/2026/05/26/cf/1779762158ec19d2460798acca499e0a661a8e5fad_thumbnail_600x.webp,2026-06-02T16:21:16+08:00,,,,,NEW,https://sg.shein.com/SHEIN-Frenchy-Women-s-Casual-Retro-Polka-Dot-Print-Elastic-Waist-Pants-p-482285999.html?mallCode=1&pageListType=4&detailBusinessFrom=0-1_482285999%7C0-2,https://sg.shein.com/SHEIN-Frenchy-Women-s-Casual-Retro-Polka-Dot-Print-Elastic-Waist-Pants-p-482285999.html,True,"mallCode,pageListType,detailBusinessFrom",False,,482285999,True
342534176,2,1,2,"Fashionable Polo Collar Raglan Short Sleeve Knit T-Shirt For Women, Lightweight, Versatile Cardigan Top, Spring/Summer",S$17.49,https://sg.shein.com/Fashionable-Polo-Collar-Raglan-Short-Sleeve-Knit-T-Shirt-For-Women-Lightweight-Versatile-Cardigan-Top-Spring-Summer-p-342534176.html,https://img.ltwebstatic.com/v4/j/spmp/2026/01/21/ff/17689838981f401c49653dafe252640931a4fac461_thumbnail_600x.webp,2026-06-02T16:21:16+08:00,,,,,11.5k+ sold,https://sg.shein.com/Fashionable-Polo-Collar-Raglan-Short-Sleeve-Knit-T-Shirt-For-Women-Lightweight-Versatile-Cardigan-Top-Spring-Summer-p-342534176.html?mallCode=1&pageListType=4&detailBusinessFrom=0-1_342534176%7C0-2,https://sg.shein.com/Fashionable-Polo-Collar-Raglan-Short-Sleeve-Knit-T-Shirt-For-Women-Lightweight-Versatile-Cardigan-Top-Spring-Summer-p-342534176.html,True,"mallCode,pageListType,detailBusinessFrom",False,,342534176,True
296834943,2,1,2,"SHEIN EZwear 2 Colors Women Drawstring Waist Loose Casual Wide Leg Pants Lounge Comfy Pants,Fall,Fall Clothes For Women,Winter",S$26.49,https://sg.shein.com/SHEIN-EZwear-2-Colors-Women-Drawstring-Waist-Loose-Casual-Wide-Leg-Pants-Lounge-Comfy-Pants-Fall-Fall-Clothes-For-Women-Winter-p-296834943.html,https://img.ltwebstatic.com/v4/j/pi/2025/11/20/d9/17636367456f956dc5500feb86507f85e22c1bc0d0_thumbnail_600x.webp,2026-06-02T16:21:16+08:00,,,,,15.2k+ sold,https://sg.shein.com/SHEIN-EZwear-2-Colors-Women-Drawstring-Waist-Loose-Casual-Wide-Leg-Pants-Lounge-Comfy-Pants-Fall-Fall-Clothes-For-Women-Winter-p-296834943.html?mallCode=1&pageListType=4&detailBusinessFrom=0-1_296834943%7C0-2,https://sg.shein.com/SHEIN-EZwear-2-Colors-Women-Drawstring-Waist-Loose-Casual-Wide-Leg-Pants-Lounge-Comfy-Pants-Fall-Fall-Clothes-For-Women-Winter-p-296834943.html,True,"mallCode,pageListType,detailBusinessFrom",False,,296834943,True
446442445,2,1,2,"Women's Round Neck Short Sleeve T-Shirt, New Summer Cherry Blossom & Letter Print, Casual Loose Versatile Top, Fashionable Daily Wear White",S$0.75,https://sg.shein.com/Women-s-Round-Neck-Short-Sleeve-T-Shirt-New-Summer-Cherry-Blossom-Letter-Print-Casual-Loose-Versatile-Top-Fashionable-Daily-Wear-White-p-446442445.html,https://img.ltwebstatic.com/v4/j/spmp/2026/04/22/de/17768525821e8f6d2327b21e92b8fc5a8f97daf754_thumbnail_600x.webp,2026-06-02T16:21:16+08:00,,,,,SAVE S$0.75,https://sg.shein.com/Women-s-Round-Neck-Short-Sleeve-T-Shirt-New-Summer-Cherry-Blossom-Letter-Print-Casual-Loose-Versatile-Top-Fashionable-Daily-Wear-White-p-446442445.html?mallCode=1&pageListType=4&detailBusinessFrom=0-1_446442445%7C0-2,https://sg.shein.com/Women-s-Round-Neck-Short-Sleeve-T-Shirt-New-Summer-Cherry-Blossom-Letter-Print-Casual-Loose-Versatile-Top-Fashionable-Daily-Wear-White-p-446442445.html,True,"mallCode,pageListType,detailBusinessFrom",False,,446442445,True
37551275,2,3,"2,7,8",DAZY Striped Wide Leg Pants For Dailywear,S$2.88,https://sg.shein.com/DAZY-Striped-Wide-Leg-Pants-For-Dailywear-p-37551275.html,https://img.ltwebstatic.com/images3_pi/2024/06/26/11/1719370087ae72be9dbd4a7ef62498fdb1830c1b10_thumbnail_600x.webp,2026-06-02T16:21:16+08:00,,,,,SAVE S$2.88,https://sg.shein.com/DAZY-Striped-Wide-Leg-Pants-For-Dailywear-p-37551275.html?mallCode=1&pageListType=4&detailBusinessFrom=0-1_37551275%7C0-2,https://sg.shein.com/DAZY-Striped-Wide-Leg-Pants-For-Dailywear-p-37551275.html,True,"mallCode,pageListType,detailBusinessFrom",False,,37551275,True
399080529,2,1,2,"Summer New Minimalist Fashion Design TOKYO Print Casual Round Neck Short Sleeve T-Shirt, Versatile And Beautiful Top For Women Pink",S$6.99,https://sg.shein.com/Summer-New-Minimalist-Fashion-Design-TOKYO-Print-Casual-Round-Neck-Short-Sleeve-T-Shirt-Versatile-And-Beautiful-Top-For-Women-Pink-p-399080529.html,https://img.ltwebstatic.com/v4/j/ssms/2026/03/27/4e/1774598665b2f3663c45f988c75f55ad59d3a60567_thumbnail_600x.webp,2026-06-02T16:21:16+08:00,,,,,744 sold,https://sg.shein.com/Summer-New-Minimalist-Fashion-Design-TOKYO-Print-Casual-Round-Neck-Short-Sleeve-T-Shirt-Versatile-And-Beautiful-Top-For-Women-Pink-p-399080529.html?mallCode=1&pageListType=4&detailBusinessFrom=0-1_399080529%7C0-2,https://sg.shein.com/Summer-New-Minimalist-Fashion-Design-TOKYO-Print-Casual-Round-Neck-Short-Sleeve-T-Shirt-Versatile-And-Beautiful-Top-For-Women-Pink-p-399080529.html,True,"mallCode,pageListType,detailBusinessFrom",False,,399080529,True
482414926,2,1,2,SHEIN Frenchy Women's Casual Striped Drawstring Waist Loose Wide Leg Pants,S$9.99,https://sg.shein.com/SHEIN-Frenchy-Women-s-Casual-Striped-Drawstring-Waist-Loose-Wide-Leg-Pants-p-482414926.html,https://img.ltwebstatic.com/v4/j/pi/2026/05/29/49/1780040351271b3954a15de98aeeb0d7feb3e62d32_thumbnail_600x.webp,2026-06-02T16:21:16+08:00,,,,,NEW,https://sg.shein.com/SHEIN-Frenchy-Women-s-Casual-Striped-Drawstring-Waist-Loose-Wide-Leg-Pants-p-482414926.html?mallCode=1&pageListType=4&detailBusinessFrom=0-1_482414926%7C0-2,https://sg.shein.com/SHEIN-Frenchy-Women-s-Casual-Striped-Drawstring-Waist-Loose-Wide-Leg-Pants-p-482414926.html,True,"mallCode,pageListType,detailBusinessFrom",False,,482414926,True
390748206,2,1,2,"Crew Neck Short Sleeve T-Shirt For Women, American Style Sexy Crop Top, Fitted Slim Fit Versatile Summer Top Vacation Casual White",S$5.99,https://sg.shein.com/Crew-Neck-Short-Sleeve-T-Shirt-For-Women-American-Style-Sexy-Crop-Top-Fitted-Slim-Fit-Versatile-Summer-Top-Vacation-Casual-White-p-390748206.html,https://img.ltwebstatic.com/v4/j/spmp/2026/03/23/38/17742557809f63d4a03e386e4e5c6942e921570ca9_thumbnail_600x.webp,2026-06-02T16:21:16+08:00,,,,,1.9k+ sold,https://sg.shein.com/Crew-Neck-Short-Sleeve-T-Shirt-For-Women-American-Style-Sexy-Crop-Top-Fitted-Slim-Fit-Versatile-Summer-Top-Vacation-Casual-White-p-390748206.html?mallCode=1&pageListType=4&detailBusinessFrom=0-1_390748206%7C0-2,https://sg.shein.com/Crew-Neck-Short-Sleeve-T-Shirt-For-Women-American-Style-Sexy-Crop-Top-Fitted-Slim-Fit-Versatile-Summer-Top-Vacation-Casual-White-p-390748206.html,True,"mallCode,pageListType,detailBusinessFrom",False,,390748206,True
140326320,2,2,"2,3",Casual Solid Color High Waist Elastic Straight Pants Black Spring,S$11.49,https://sg.shein.com/Casual-Solid-Color-High-Waist-Elastic-Straight-Pants-Black-Spring-p-140326320.html,https://img.ltwebstatic.com/v4/j/ssms/2026/01/12/b8/1768223072bd50ae2659e868d9ac01953d218afa79_thumbnail_600x.webp,2026-06-02T16:21:16+08:00,,,,,1.4k+ sold,https://sg.shein.com/Casual-Solid-Color-High-Waist-Elastic-Straight-Pants-Black-Spring-p-140326320.html?mallCode=1&pageListType=4&detailBusinessFrom=0-1_140326320%7C0-2,https://sg.shein.com/Casual-Solid-Color-High-Waist-Elastic-Straight-Pants-Black-Spring-p-140326320.html,True,"mallCode,pageListType,detailBusinessFrom",False,,140326320,True
9653617,2,2,"2,3",Dazy-Less Solid Crew Neck Crop Tee Summer Preppy Tops Business Casual Woman Work Clothes,S$1.10,https://sg.shein.com/Dazy-Less-Solid-Crew-Neck-Crop-Tee-Summer-Preppy-Tops-Business-Casual-Woman-Work-Clothes-p-9653617.html,https://img.ltwebstatic.com/images3_pi/2025/02/19/1e/17399550569b6d387734cd026fbfd6274ed9334c32_thumbnail_600x.webp,2026-06-02T16:21:16+08:00,,,,,SAVE S$1.10,https://sg.shein.com/Dazy-Less-Solid-Crew-Neck-Crop-Tee-Summer-Preppy-Tops-Business-Casual-Woman-Work-Clothes-p-9653617.html?mallCode=1&pageListType=4&detailBusinessFrom=0-1_9653617%7C0-2,https://sg.shein.com/Dazy-Less-Solid-Crew-Neck-Crop-Tee-Summer-Preppy-Tops-Business-Casual-Woman-Work-Clothes-p-9653617.html,True,"mallCode,pageListType,detailBusinessFrom",False,,9653617,True
55376300,2,2,"2,3","Livesso Women's Solid Color Fitted Tank Top, Minimalist Casual Daily Wear Going Out Tops",S$5.99,https://sg.shein.com/Livesso-Women-s-Solid-Color-Fitted-Tank-Top-Minimalist-Casual-Daily-Wear-Going-Out-Tops-p-55376300.html,https://img.ltwebstatic.com/v4/j/pi/2026/05/29/00/1780044746419c1ac169b5df0e0b35bbe7137baf75_thumbnail_600x.webp,2026-06-02T16:21:16+08:00,,,,,25.3k+ sold,https://sg.shein.com/Livesso-Women-s-Solid-Color-Fitted-Tank-Top-Minimalist-Casual-Daily-Wear-Going-Out-Tops-p-55376300.html?mallCode=1&pageListType=4&detailBusinessFrom=0-1_55376300%7C0-2,https://sg.shein.com/Livesso-Women-s-Solid-Color-Fitted-Tank-Top-Minimalist-Casual-Daily-Wear-Going-Out-Tops-p-55376300.html,True,"mallCode,pageListType,detailBusinessFrom",False,,55376300,True
452928735,2,1,2,American Retro Los Angeles Print Off-Shoulder T-Shirt Women Navy Blue Side Drawstring Slim Fit Flattering Hot Girl Top Korean Sweet Spicy Style Off-Shoulder Exposed Shoulder Short Sleeve Forest Cabin Letter Print Side Drawstring Waist Commuter Top,S$6.22,https://sg.shein.com/American-Retro-Los-Angeles-Print-Off-Shoulder-T-Shirt-Women-Navy-Blue-Side-Drawstring-Slim-Fit-Flattering-Hot-Girl-Top-Korean-Sweet-Spicy-Style-Off-Shoulder-Exposed-Shoulder-Short-Sleeve-Forest-Cabin-Letter-Print-Side-Drawstring-Waist-Commuter-Top-p-452928735.html,https://img.ltwebstatic.com/v4/j/spmp/2026/05/12/8b/1778595362e3dd31f329355e059abe077ec7a800ee_thumbnail_600x.webp,2026-06-02T16:21:16+08:00,,-11%,,,134 sold,https://sg.shein.com/American-Retro-Los-Angeles-Print-Off-Shoulder-T-Shirt-Women-Navy-Blue-Side-Drawstring-Slim-Fit-Flattering-Hot-Girl-Top-Korean-Sweet-Spicy-Style-Off-Shoulder-Exposed-Shoulder-Short-Sleeve-Forest-Cabin-Letter-Print-Side-Drawstring-Waist-Commuter-Top-p-452928735.html?mallCode=1&pageListType=4&detailBusinessFrom=0-1_452928735%7C0-2,https://sg.shein.com/American-Retro-Los-Angeles-Print-Off-Shoulder-T-Shirt-Women-Navy-Blue-Side-Drawstring-Slim-Fit-Flattering-Hot-Girl-Top-Korean-Sweet-Spicy-Style-Off-Shoulder-Exposed-Shoulder-Short-Sleeve-Forest-Cabin-Letter-Print-Side-Drawstring-Waist-Commuter-Top-p-452928735.html,True,"mallCode,pageListType,detailBusinessFrom",False,,452928735,True
475936670,2,1,2,"Women's Sexy Bodycon Mini Skirt, Black Polyester Fabric, Fashionable Fringe And Double Button Decoration, Perfect For Parties",S$18.78,https://sg.shein.com/Women-s-Sexy-Bodycon-Mini-Skirt-Black-Polyester-Fabric-Fashionable-Fringe-And-Double-Button-Decoration-Perfect-For-Parties-p-475936670.html,https://img.ltwebstatic.com/v4/j/spmp/2026/03/13/db/17733943910930b659de38c849fbd62b60c8882662_thumbnail_600x.webp,2026-06-02T16:21:16+08:00,,-40%,,,,https://sg.shein.com/Women-s-Sexy-Bodycon-Mini-Skirt-Black-Polyester-Fabric-Fashionable-Fringe-And-Double-Button-Decoration-Perfect-For-Parties-p-475936670.html?mallCode=1&pageListType=4&detailBusinessFrom=0-1_475936670%7C0-2,https://sg.shein.com/Women-s-Sexy-Bodycon-Mini-Skirt-Black-Polyester-Fabric-Fashionable-Fringe-And-Double-Button-Decoration-Perfect-For-Parties-p-475936670.html,True,"mallCode,pageListType,detailBusinessFrom",False,,475936670,True
36688932,2,1,2,Women's Pocketed Wide Leg Relaxed Denim Shorts Casual Summer,S$16.49,https://sg.shein.com/Women-s-Pocketed-Wide-Leg-Relaxed-Denim-Shorts-Casual-Summer-p-36688932.html,https://img.ltwebstatic.com/images3_pi/2024/06/07/7d/17177553385fbbf06cd0d16a423641fa7076100105_thumbnail_600x.webp,2026-06-02T16:21:16+08:00,,,,,9.4k+ sold,https://sg.shein.com/Women-s-Pocketed-Wide-Leg-Relaxed-Denim-Shorts-Casual-Summer-p-36688932.html?mallCode=1&pageListType=4&detailBusinessFrom=0-1_36688932%7C0-2,https://sg.shein.com/Women-s-Pocketed-Wide-Leg-Relaxed-Denim-Shorts-Casual-Summer-p-36688932.html,True,"mallCode,pageListType,detailBusinessFrom",False,,36688932,True
387886013,2,1,2,DAZY Women's Summer Square Neck Textured Fabric A-Line Hem Short Sleeve Casual Sexy T-Shirt Babydoll Top Cute Tops,S$1.23,https://sg.shein.com/DAZY-Women-s-Summer-Square-Neck-Textured-Fabric-A-Line-Hem-Short-Sleeve-Casual-Sexy-T-Shirt-Babydoll-Top-Cute-Tops-p-387886013.html,https://img.ltwebstatic.com/v4/j/pi/2026/01/27/40/1769508574964204f266caee335a3298cc1a6f7bd1_thumbnail_600x.webp,2026-06-02T16:21:16+08:00,,,,,SAVE S$1.23,https://sg.shein.com/DAZY-Women-s-Summer-Square-Neck-Textured-Fabric-A-Line-Hem-Short-Sleeve-Casual-Sexy-T-Shirt-Babydoll-Top-Cute-Tops-p-387886013.html?mallCode=1&pageListType=4&detailBusinessFrom=0-1_387886013%7C0-2,https://sg.shein.com/DAZY-Women-s-Summer-Square-Neck-Textured-Fabric-A-Line-Hem-Short-Sleeve-Casual-Sexy-T-Shirt-Babydoll-Top-Cute-Tops-p-387886013.html,True,"mallCode,pageListType,detailBusinessFrom",False,,387886013,True
3560696,2,1,2,"SHEIN EZwear Multicolor Women's Solid Color Wide Strap Fitted Casual Top, Everyday Wear",S$9.49,https://sg.shein.com/SHEIN-EZwear-Multicolor-Women-s-Solid-Color-Wide-Strap-Fitted-Casual-Top-Everyday-Wear-p-3560696.html,https://img.ltwebstatic.com/images3_pi/2025/01/16/d7/17370409436e3264bbb1ed2d5f33b9bfc0f7868f0b_thumbnail_600x.webp,2026-06-02T16:21:16+08:00,,,,,2.5k+ sold,https://sg.shein.com/SHEIN-EZwear-Multicolor-Women-s-Solid-Color-Wide-Strap-Fitted-Casual-Top-Everyday-Wear-p-3560696.html?mallCode=1&pageListType=4&detailBusinessFrom=0-1_3560696%7C0-2,https://sg.shein.com/SHEIN-EZwear-Multicolor-Women-s-Solid-Color-Wide-Strap-Fitted-Casual-Top-Everyday-Wear-p-3560696.html,True,"mallCode,pageListType,detailBusinessFrom",False,,3560696,True
429978950,2,2,"2,3","Franclia White And Black Polka Dot,Summer,Elegant,Tea Party Vintage Pearl Decor Women Tank Top Blouses Work Outfits Casual Cute Latest New Arrivals",S$8.49,https://sg.shein.com/Franclia-White-And-Black-Polka-Dot-Summer-Elegant-Tea-Party-Vintage-Pearl-Decor-Women-Tank-Top-Blouses-Work-Outfits-Casual-Cute-Latest-New-Arrivals-p-429978950.html,https://img.ltwebstatic.com/v4/j/pi/2026/05/23/f6/177954128989f85412fff55e71bfc923b96a1e3f3e_thumbnail_600x.webp,2026-06-02T16:21:16+08:00,,,,,9.6k+ sold,https://sg.shein.com/Franclia-White-And-Black-Polka-Dot-Summer-Elegant-Tea-Party-Vintage-Pearl-Decor-Women-Tank-Top-Blouses-Work-Outfits-Casual-Cute-Latest-New-Arrivals-p-429978950.html?mallCode=1&pageListType=4&detailBusinessFrom=0-1_429978950%7C0-2,https://sg.shein.com/Franclia-White-And-Black-Polka-Dot-Summer-Elegant-Tea-Party-Vintage-Pearl-Decor-Women-Tank-Top-Blouses-Work-Outfits-Casual-Cute-Latest-New-Arrivals-p-429978950.html,True,"mallCode,pageListType,detailBusinessFrom",False,,429978950,True
367702243,2,1,2,"INAWLY Solva Women's Minimalist Solid Color Fitted Camisole, Versatile For Summer",S$0.60,https://sg.shein.com/INAWLY-Solva-Women-s-Minimalist-Solid-Color-Fitted-Camisole-Versatile-For-Summer-p-367702243.html,https://img.ltwebstatic.com/v4/j/pi/2026/01/13/de/17682725181617ed2daabd0890e69b732f42f13f48_thumbnail_600x.webp,2026-06-02T16:21:16+08:00,,,,,SAVE S$0.60,https://sg.shein.com/INAWLY-Solva-Women-s-Minimalist-Solid-Color-Fitted-Camisole-Versatile-For-Summer-p-367702243.html?mallCode=1&pageListType=4&detailBusinessFrom=0-1_367702243%7C0-2,https://sg.shein.com/INAWLY-Solva-Women-s-Minimalist-Solid-Color-Fitted-Camisole-Versatile-For-Summer-p-367702243.html,True,"mallCode,pageListType,detailBusinessFrom",False,,367702243,True
483334929,2,1,2,Bohemela Women's Solid Color Drawstring Waist Pocket Wide Leg Loose Casual Long Pants,S$29.99,https://sg.shein.com/Bohemela-Women-s-Solid-Color-Drawstring-Waist-Pocket-Wide-Leg-Loose-Casual-Long-Pants-p-483334929.html,https://img.ltwebstatic.com/v4/j/pi/2026/05/27/5d/1779874914ae50546aebddcc736ab46276b5287ef0_thumbnail_600x.webp,2026-06-02T16:21:16+08:00,,,,,NEW,https://sg.shein.com/Bohemela-Women-s-Solid-Color-Drawstring-Waist-Pocket-Wide-Leg-Loose-Casual-Long-Pants-p-483334929.html?mallCode=1&pageListType=4&detailBusinessFrom=0-1_483334929%7C0-2,https://sg.shein.com/Bohemela-Women-s-Solid-Color-Drawstring-Waist-Pocket-Wide-Leg-Loose-Casual-Long-Pants-p-483334929.html,True,"mallCode,pageListType,detailBusinessFrom",False,,483334929,True
41961117,2,2,"2,3",SHEIN EZwear 3pcs/Set Multicolor Knit Camisole Tops For Women,S$1.98,https://sg.shein.com/SHEIN-EZwear-3pcs-Set-Multicolor-Knit-Camisole-Tops-For-Women-p-41961117.html,https://img.ltwebstatic.com/images3_pi/2024/09/03/48/1725328691008044b909da571a1749857d7f226165_thumbnail_600x.webp,2026-06-02T16:21:16+08:00,,,,,SAVE S$1.98,https://sg.shein.com/SHEIN-EZwear-3pcs-Set-Multicolor-Knit-Camisole-Tops-For-Women-p-41961117.html?mallCode=1&pageListType=4&detailBusinessFrom=0-1_41961117%7C0-2,https://sg.shein.com/SHEIN-EZwear-3pcs-Set-Multicolor-Knit-Camisole-Tops-For-Women-p-41961117.html,True,"mallCode,pageListType,detailBusinessFrom",False,,41961117,True
60639733,2,1,2,Franclia Women's Plain Collar Short Sleeve Casual Pleated T-Shirt,S$7.99,https://sg.shein.com/Franclia-Women-s-Plain-Collar-Short-Sleeve-Casual-Pleated-T-Shirt-p-60639733.html,https://img.ltwebstatic.com/v4/j/pi/2025/09/01/fd/17566945068bbb799722508ca87aed427801444334_thumbnail_600x.webp,2026-06-02T16:21:16+08:00,,,,,6.1k+ sold,https://sg.shein.com/Franclia-Women-s-Plain-Collar-Short-Sleeve-Casual-Pleated-T-Shirt-p-60639733.html?mallCode=1&pageListType=4&detailBusinessFrom=0-1_60639733%7C0-2,https://sg.shein.com/Franclia-Women-s-Plain-Collar-Short-Sleeve-Casual-Pleated-T-Shirt-p-60639733.html,True,"mallCode,pageListType,detailBusinessFrom",False,,60639733,True
410711406,2,2,"2,3",Franclia 2-3 Pcs Set Summer Fitted Short Leopard Print & Solid Color V-Neck Camisole For Women,S$11.99,https://sg.shein.com/Franclia-2-3-Pcs-Set-Summer-Fitted-Short-Leopard-Print-Solid-Color-V-Neck-Camisole-For-Women-p-410711406.html,https://img.ltwebstatic.com/v4/j/pi/2026/02/27/ef/17721747519ad1b9f905a86047b45fd4fb92fa1ebc_thumbnail_600x.webp,2026-06-02T16:21:16+08:00,,,,,2.4k+ sold,https://sg.shein.com/Franclia-2-3-Pcs-Set-Summer-Fitted-Short-Leopard-Print-Solid-Color-V-Neck-Camisole-For-Women-p-410711406.html?mallCode=1&pageListType=4&detailBusinessFrom=0-1_410711406%7C0-2,https://sg.shein.com/Franclia-2-3-Pcs-Set-Summer-Fitted-Short-Leopard-Print-Solid-Color-V-Neck-Camisole-For-Women-p-410711406.html,True,"mallCode,pageListType,detailBusinessFrom",False,,410711406,True
420219867,2,1,2,"Franclia Women's Elegant Black Winter Business Casual Work Pants,High Waist Button Decor Loose Straight Wide Leg Dress Trousers For Office Formal Commuting",S$2.34,https://sg.shein.com/Franclia-Women-s-Elegant-Black-Winter-Business-Casual-Work-Pants-High-Waist-Button-Decor-Loose-Straight-Wide-Leg-Dress-Trousers-For-Office-Formal-Commuting-p-420219867.html,https://img.ltwebstatic.com/v4/j/pi/2026/03/13/c9/1773366472ca3b805dcda6f4c85303436d8e756863_thumbnail_600x.webp,2026-06-02T16:21:16+08:00,,,,,SAVE S$2.34,https://sg.shein.com/Franclia-Women-s-Elegant-Black-Winter-Business-Casual-Work-Pants-High-Waist-Button-Decor-Loose-Straight-Wide-Leg-Dress-Trousers-For-Office-Formal-Commuting-p-420219867.html?mallCode=1&pageListType=4&detailBusinessFrom=0-1_420219867%7C0-2,https://sg.shein.com/Franclia-Women-s-Elegant-Black-Winter-Business-Casual-Work-Pants-High-Waist-Button-Decor-Loose-Straight-Wide-Leg-Dress-Trousers-For-Office-Formal-Commuting-p-420219867.html,True,"mallCode,pageListType,detailBusinessFrom",False,,420219867,True
26680307,2,3,"2,4,5",Olithes 3pcs/set Ladies' Solid Color Strapless Top,S$8.49,https://sg.shein.com/Olithes-3pcs-set-Ladies-Solid-Color-Strapless-Top-p-26680307.html,https://img.ltwebstatic.com/v4/j/pi/2026/02/28/21/177228375287ae084199c989f679de168067eb94ee_thumbnail_600x.webp,2026-06-02T16:21:16+08:00,,,,,12.6k+ sold,https://sg.shein.com/Olithes-3pcs-set-Ladies-Solid-Color-Strapless-Top-p-26680307.html?mallCode=1&pageListType=4&detailBusinessFrom=0-1_26680307%7C0-2,https://sg.shein.com/Olithes-3pcs-set-Ladies-Solid-Color-Strapless-Top-p-26680307.html,True,"mallCode,pageListType,detailBusinessFrom",False,,26680307,True
482825545,2,1,2,SHEIN Franclia Women's Elegant Satin Wrap-Style Tie Waist Pants,S$21.99,https://sg.shein.com/SHEIN-Franclia-Women-s-Elegant-Satin-Wrap-Style-Tie-Waist-Pants-p-482825545.html,https://img.ltwebstatic.com/v4/j/pi/2026/05/26/4b/17797830699fd0e8774291418ad930799196e792e2_thumbnail_600x.webp,2026-06-02T16:21:16+08:00,,,,,NEW,https://sg.shein.com/SHEIN-Franclia-Women-s-Elegant-Satin-Wrap-Style-Tie-Waist-Pants-p-482825545.html?mallCode=1&pageListType=4&detailBusinessFrom=0-1_482825545%7C0-2,https://sg.shein.com/SHEIN-Franclia-Women-s-Elegant-Satin-Wrap-Style-Tie-Waist-Pants-p-482825545.html,True,"mallCode,pageListType,detailBusinessFrom",False,,482825545,True
155685507,2,2,"2,5","SHEIN LUNE Women's Casual Solid Color V-Neck Flare Sleeve Twist Front Blouse, Spring/Autumn Brown Top Dark Chocolate Coffee Tie",S$9.49,https://sg.shein.com/SHEIN-LUNE-Women-s-Casual-Solid-Color-V-Neck-Flare-Sleeve-Twist-Front-Blouse-Spring-Autumn-Brown-Top-Dark-Chocolate-Coffee-Tie-p-155685507.html,https://sc.ltwebstatic.com/she_dist/images/bg-grey-solid-color-fc04c1310d.png,2026-06-02T16:21:16+08:00,,,,,90k+ sold,https://sg.shein.com/SHEIN-LUNE-Women-s-Casual-Solid-Color-V-Neck-Flare-Sleeve-Twist-Front-Blouse-Spring-Autumn-Brown-Top-Dark-Chocolate-Coffee-Tie-p-155685507.html?src_module=RealClassFilteredRecommend&src_identifier=on=PRODUCT_RECOMMEND_COMPONENT`cn=PRODUCT_RECOMMEND_COMPONENT_1`hz=0`ps=1_0`jc=null_0&src_tab_page_id=page_real_class1780388499446&mallCode=1&detailBusinessFrom=0-2,https://sg.shein.com/SHEIN-LUNE-Women-s-Casual-Solid-Color-V-Neck-Flare-Sleeve-Twist-Front-Blouse-Spring-Autumn-Brown-Top-Dark-Chocolate-Coffee-Tie-p-155685507.html,True,"src_module,src_identifier,src_tab_page_id,mallCode,detailBusinessFrom",True,"PRODUCT_RECOMMEND,RealClassFilteredRecommend,src_module,src_identifier,src_tab_page_id",155685507,True
252759465,2,1,2,"Women's Wireless Portable Hair Straightener, USB Rechargeable Negative Ion Hot Air Straightening Brush, Effectively Smooths Frizz, Makes Hair Shiny And Soft, Anti-Scald Design, 3 Temperature Settings, 30 Seconds Fast Heating, 2000mAh Battery Lasts 30 Minutes, Easily Create Salon-Style Looks At Home, Dorm, Travel, Christmas And Other Occasions, Suitable For Short Hair, Bangs, Long Hair And Curly Hair. The Best Christmas Gift For Women",S$2.62,https://sg.shein.com/Women-s-Wireless-Portable-Hair-Straightener-USB-Rechargeable-Negative-Ion-Hot-Air-Straightening-Brush-Effectively-Smooths-Frizz-Makes-Hair-Shiny-And-Soft-Anti-Scald-Design-3-Temperature-Settings-30-Seconds-Fast-Heating-2000mAh-Battery-Lasts-30-Minutes-Easily-Create-Salon-Style-Looks-At-Home-Dorm-Travel-Christmas-And-Other-Occasions-Suitable-For-Short-Hair-Bangs-Long-Hair-And-Curly-Hair-The-Best-Christmas-Gift-For-Women-p-252759465.html,https://sc.ltwebstatic.com/she_dist/images/bg-grey-solid-color-fc04c1310d.png,2026-06-02T16:21:16+08:00,,-9%,,,2.6k+ sold,https://sg.shein.com/Women-s-Wireless-Portable-Hair-Straightener-USB-Rechargeable-Negative-Ion-Hot-Air-Straightening-Brush-Effectively-Smooths-Frizz-Makes-Hair-Shiny-And-Soft-Anti-Scald-Design-3-Temperature-Settings-30-Seconds-Fast-Heating-2000mAh-Battery-Lasts-30-Minutes-Easily-Create-Salon-Style-Looks-At-Home-Dorm-Travel-Christmas-And-Other-Occasions-Suitable-For-Short-Hair-Bangs-Long-Hair-And-Curly-Hair-The-Best-Christmas-Gift-For-Women-p-252759465.html?src_module=RealClassFilteredRecommend&src_identifier=on=PRODUCT_RECOMMEND_COMPONENT`cn=PRODUCT_RECOMMEND_COMPONENT_1`hz=0`ps=1_0`jc=null_0&src_tab_page_id=page_real_class1780388499446&mallCode=1&detailBusinessFrom=0-2,https://sg.shein.com/Women-s-Wireless-Portable-Hair-Straightener-USB-Rechargeable-Negative-Ion-Hot-Air-Straightening-Brush-Effectively-Smooths-Frizz-Makes-Hair-Shiny-And-Soft-Anti-Scald-Design-3-Temperature-Settings-30-Seconds-Fast-Heating-2000mAh-Battery-Lasts-30-Minutes-Easily-Create-Salon-Style-Looks-At-Home-Dorm-Travel-Christmas-And-Other-Occasions-Suitable-For-Short-Hair-Bangs-Long-Hair-And-Curly-Hair-The-Best-Christmas-Gift-For-Women-p-252759465.html,True,"src_module,src_identifier,src_tab_page_id,mallCode,detailBusinessFrom",True,"PRODUCT_RECOMMEND,RealClassFilteredRecommend,src_module,src_identifier,src_tab_page_id",252759465,True
416881605,2,1,2,Siren Gaze Women's Round Neck Ruffle Trim Casual Versatile Daily Wear Blouse Dark Brown Top Brown Shirts For Women,S$1.08,https://sg.shein.com/Siren-Gaze-Women-s-Round-Neck-Ruffle-Trim-Casual-Versatile-Daily-Wear-Blouse-Dark-Brown-Top-Brown-Shirts-For-Women-p-416881605.html,https://sc.ltwebstatic.com/she_dist/images/bg-grey-solid-color-fc04c1310d.png,2026-06-02T16:21:16+08:00,,,,,SAVE S$1.08,https://sg.shein.com/Siren-Gaze-Women-s-Round-Neck-Ruffle-Trim-Casual-Versatile-Daily-Wear-Blouse-Dark-Brown-Top-Brown-Shirts-For-Women-p-416881605.html?src_module=RealClassFilteredRecommend&src_identifier=on=PRODUCT_RECOMMEND_COMPONENT`cn=PRODUCT_RECOMMEND_COMPONENT_1`hz=0`ps=1_0`jc=null_0&src_tab_page_id=page_real_class1780388499446&mallCode=1&detailBusinessFrom=0-2,https://sg.shein.com/Siren-Gaze-Women-s-Round-Neck-Ruffle-Trim-Casual-Versatile-Daily-Wear-Blouse-Dark-Brown-Top-Brown-Shirts-For-Women-p-416881605.html,True,"src_module,src_identifier,src_tab_page_id,mallCode,detailBusinessFrom",True,"PRODUCT_RECOMMEND,RealClassFilteredRecommend,src_module,src_identifier,src_tab_page_id",416881605,True
366168437,2,1,2,"SHEIN Clasi Women's Trousers, Summer Office Wear, Decorative Metal Buckle, Casual Style, Straight Leg, Elegant & Minimalist",S$8.49,https://sg.shein.com/SHEIN-Clasi-Women-s-Trousers-Summer-Office-Wear-Decorative-Metal-Buckle-Casual-Style-Straight-Leg-Elegant-Minimalist-p-366168437.html,https://sc.ltwebstatic.com/she_dist/images/bg-grey-solid-color-fc04c1310d.png,2026-06-02T16:21:16+08:00,,,,,5.5k+ sold,https://sg.shein.com/SHEIN-Clasi-Women-s-Trousers-Summer-Office-Wear-Decorative-Metal-Buckle-Casual-Style-Straight-Leg-Elegant-Minimalist-p-366168437.html?src_module=RealClassFilteredRecommend&src_identifier=on=PRODUCT_RECOMMEND_COMPONENT`cn=PRODUCT_RECOMMEND_COMPONENT_1`hz=0`ps=1_0`jc=null_0&src_tab_page_id=page_real_class1780388499446&mallCode=1&detailBusinessFrom=0-2,https://sg.shein.com/SHEIN-Clasi-Women-s-Trousers-Summer-Office-Wear-Decorative-Metal-Buckle-Casual-Style-Straight-Leg-Elegant-Minimalist-p-366168437.html,True,"src_module,src_identifier,src_tab_page_id,mallCode,detailBusinessFrom",True,"PRODUCT_RECOMMEND,RealClassFilteredRecommend,src_module,src_identifier,src_tab_page_id",366168437,True
66843570,2,1,2,"2pcs/1pc Women Solid Color Handbag & Wallet Set, With PU Leather & Bow Pendant, Zipper Closure, Great Mother's Day Gift",S$3.38,https://sg.shein.com/2pcs-1pc-Women-Solid-Color-Handbag-Wallet-Set-With-PU-Leather-Bow-Pendant-Zipper-Closure-Great-Mother-s-Day-Gift-p-66843570.html,https://sc.ltwebstatic.com/she_dist/images/bg-grey-solid-color-fc04c1310d.png,2026-06-02T16:21:16+08:00,,,,,3.8k+ sold,https://sg.shein.com/2pcs-1pc-Women-Solid-Color-Handbag-Wallet-Set-With-PU-Leather-Bow-Pendant-Zipper-Closure-Great-Mother-s-Day-Gift-p-66843570.html?src_module=RealClassFilteredRecommend&src_identifier=on=PRODUCT_RECOMMEND_COMPONENT`cn=PRODUCT_RECOMMEND_COMPONENT_1`hz=0`ps=1_0`jc=null_0&src_tab_page_id=page_real_class1780388499446&mallCode=1&detailBusinessFrom=0-2,https://sg.shein.com/2pcs-1pc-Women-Solid-Color-Handbag-Wallet-Set-With-PU-Leather-Bow-Pendant-Zipper-Closure-Great-Mother-s-Day-Gift-p-66843570.html,True,"src_module,src_identifier,src_tab_page_id,mallCode,detailBusinessFrom",True,"PRODUCT_RECOMMEND,RealClassFilteredRecommend,src_module,src_identifier,src_tab_page_id",66843570,True
451004915,2,1,2,"1pc Moldable Slow Rebound Translucent Ice Hockey Squeeze Toy Handmade Squeezing Ball, Stress-Relieving Squeezing Toys Slow Rebound Pressure Relief Toy Anxiety Relief Toy, The Texture Feels Similar To A Squeezable Malt Candy Toy. Fidget Toy, Hand Stress Relief, Easter Toy, Squeeze Toy, Stress Relief Toys, Anxiety And Relaxation, Party Gift, Goody Bag Stuffers Prizes, Birthdays, Stuffed Squeeze Toy",S$1.08,https://sg.shein.com/1pc-Moldable-Slow-Rebound-Translucent-Ice-Hockey-Squeeze-Toy-Handmade-Squeezing-Ball-Stress-Relieving-Squeezing-Toys-Slow-Rebound-Pressure-Relief-Toy-Anxiety-Relief-Toy-The-Texture-Feels-Similar-To-A-Squeezable-Malt-Candy-Toy-Fidget-Toy-Hand-Stress-Relief-Easter-Toy-Squeeze-Toy-Stress-Relief-Toys-Anxiety-And-Relaxation-Party-Gift-Goody-Bag-Stuffers-Prizes-Birthdays-Stuffed-Squeeze-Toy-p-451004915.html,https://sc.ltwebstatic.com/she_dist/images/bg-grey-solid-color-fc04c1310d.png,2026-06-02T16:21:16+08:00,,,,,3.5k+ sold,https://sg.shein.com/1pc-Moldable-Slow-Rebound-Translucent-Ice-Hockey-Squeeze-Toy-Handmade-Squeezing-Ball-Stress-Relieving-Squeezing-Toys-Slow-Rebound-Pressure-Relief-Toy-Anxiety-Relief-Toy-The-Texture-Feels-Similar-To-A-Squeezable-Malt-Candy-Toy-Fidget-Toy-Hand-Stress-Relief-Easter-Toy-Squeeze-Toy-Stress-Relief-Toys-Anxiety-And-Relaxation-Party-Gift-Goody-Bag-Stuffers-Prizes-Birthdays-Stuffed-Squeeze-Toy-p-451004915.html?src_module=RealClassFilteredRecommend&src_identifier=on=PRODUCT_RECOMMEND_COMPONENT`cn=PRODUCT_RECOMMEND_COMPONENT_1`hz=0`ps=1_0`jc=null_0&src_tab_page_id=page_real_class1780388499446&mallCode=1&detailBusinessFrom=0-2,https://sg.shein.com/1pc-Moldable-Slow-Rebound-Translucent-Ice-Hockey-Squeeze-Toy-Handmade-Squeezing-Ball-Stress-Relieving-Squeezing-Toys-Slow-Rebound-Pressure-Relief-Toy-Anxiety-Relief-Toy-The-Texture-Feels-Similar-To-A-Squeezable-Malt-Candy-Toy-Fidget-Toy-Hand-Stress-Relief-Easter-Toy-Squeeze-Toy-Stress-Relief-Toys-Anxiety-And-Relaxation-Party-Gift-Goody-Bag-Stuffers-Prizes-Birthdays-Stuffed-Squeeze-Toy-p-451004915.html,True,"src_module,src_identifier,src_tab_page_id,mallCode,detailBusinessFrom",True,"PRODUCT_RECOMMEND,RealClassFilteredRecommend,src_module,src_identifier,src_tab_page_id",451004915,True
429765203,3,1,3,"Women's Funny Beer Print Short Sleeve T-Shirt, Casual Round Neck Top For Summer, Party, Vacation, Street Style White",S$0.45,https://sg.shein.com/Women-s-Funny-Beer-Print-Short-Sleeve-T-Shirt-Casual-Round-Neck-Top-For-Summer-Party-Vacation-Street-Style-White-p-429765203.html,https://img.ltwebstatic.com/v4/j/spmp/2026/04/15/93/1776268186ec9b1e051266a1b13fe7c0231f062970_thumbnail_600x.webp,2026-06-02T16:22:59+08:00,,,,,SAVE S$0.45,https://sg.shein.com/Women-s-Funny-Beer-Print-Short-Sleeve-T-Shirt-Casual-Round-Neck-Top-For-Summer-Party-Vacation-Street-Style-White-p-429765203.html?mallCode=1&pageListType=4&detailBusinessFrom=0-1_429765203%7C0-2,https://sg.shein.com/Women-s-Funny-Beer-Print-Short-Sleeve-T-Shirt-Casual-Round-Neck-Top-For-Summer-Party-Vacation-Street-Style-White-p-429765203.html,True,"mallCode,pageListType,detailBusinessFrom",False,,429765203,True
186895233,3,1,3,"Vaiaye Women's Sexy Fitted Knit Long Sleeve Top, Solid Color V-Neck T-Shirt Casual Spring",S$6.99,https://sg.shein.com/Vaiaye-Women-s-Sexy-Fitted-Knit-Long-Sleeve-Top-Solid-Color-V-Neck-T-Shirt-Casual-Spring-p-186895233.html,https://img.ltwebstatic.com/v4/j/spmp/2025/11/22/f2/1763808488bf8bb9007b25f8dc0d0b38793d7656c7_thumbnail_600x.webp,2026-06-02T16:22:59+08:00,,,,,24k+ sold,https://sg.shein.com/Vaiaye-Women-s-Sexy-Fitted-Knit-Long-Sleeve-Top-Solid-Color-V-Neck-T-Shirt-Casual-Spring-p-186895233.html?mallCode=1&pageListType=4&detailBusinessFrom=0-1_186895233%7C0-2,https://sg.shein.com/Vaiaye-Women-s-Sexy-Fitted-Knit-Long-Sleeve-Top-Solid-Color-V-Neck-T-Shirt-Casual-Spring-p-186895233.html,True,"mallCode,pageListType,detailBusinessFrom",False,,186895233,True
446337276,3,1,3,SHEIN Versatile All-Match Commute Casual Slim Fit Ribbed Texture Turtleneck Zipper Vest,S$7.99,https://sg.shein.com/SHEIN-Versatile-All-Match-Commute-Casual-Slim-Fit-Ribbed-Texture-Turtleneck-Zipper-Vest-p-446337276.html,https://img.ltwebstatic.com/v4/j/pi/2026/04/18/b3/1776484867290982a425af41f787748c3effb21fa2_thumbnail_600x.webp,2026-06-02T16:22:59+08:00,,,,,301 sold,https://sg.shein.com/SHEIN-Versatile-All-Match-Commute-Casual-Slim-Fit-Ribbed-Texture-Turtleneck-Zipper-Vest-p-446337276.html?mallCode=1&pageListType=4&detailBusinessFrom=0-1_446337276%7C0-2,https://sg.shein.com/SHEIN-Versatile-All-Match-Commute-Casual-Slim-Fit-Ribbed-Texture-Turtleneck-Zipper-Vest-p-446337276.html,True,"mallCode,pageListType,detailBusinessFrom",False,,446337276,True
95862413,3,1,3,Franclia Women's White Elegant Office Straight Leg Pants Pants For Women Fall Cloth For Women,S$15.72,https://sg.shein.com/Franclia-Women-s-White-Elegant-Office-Straight-Leg-Pants-Pants-For-Women-Fall-Cloth-For-Women-p-95862413.html,https://img.ltwebstatic.com/v4/j/pi/2026/04/28/a6/177734893932e44dd33e0e932b4a37f5ffd3bce903_thumbnail_600x.webp,2026-06-02T16:22:59+08:00,,-15%,,,33.8k+ sold,https://sg.shein.com/Franclia-Women-s-White-Elegant-Office-Straight-Leg-Pants-Pants-For-Women-Fall-Cloth-For-Women-p-95862413.html?mallCode=1&pageListType=4&detailBusinessFrom=0-1_95862413%7C0-2,https://sg.shein.com/Franclia-Women-s-White-Elegant-Office-Straight-Leg-Pants-Pants-For-Women-Fall-Cloth-For-Women-p-95862413.html,True,"mallCode,pageListType,detailBusinessFrom",False,,95862413,True
75355966,3,1,3,Mid-Waist Solid Color Elegant Straight Leg Pants With Belt Spring,S$17.99,https://sg.shein.com/Mid-Waist-Solid-Color-Elegant-Straight-Leg-Pants-With-Belt-Spring-p-75355966.html,https://img.ltwebstatic.com/v4/j/spmp/2026/04/23/2e/1776888004c0bab13eeb4c861f41d24151e0618eac_thumbnail_600x.webp,2026-06-02T16:22:59+08:00,,,,,42.5k+ sold,https://sg.shein.com/Mid-Waist-Solid-Color-Elegant-Straight-Leg-Pants-With-Belt-Spring-p-75355966.html?mallCode=1&pageListType=4&detailBusinessFrom=0-1_75355966%7C0-2,https://sg.shein.com/Mid-Waist-Solid-Color-Elegant-Straight-Leg-Pants-With-Belt-Spring-p-75355966.html,True,"mallCode,pageListType,detailBusinessFrom",False,,75355966,True
437554229,3,1,3,"SHEIN Elenzya Women's Elegant Office Suit Pants,High-Waisted Beige Summer Striped Pleated Elastic Waist Loose Wide Leg Casual Trousers For Daily Commute Fashion",S$17.99,https://sg.shein.com/SHEIN-Elenzya-Women-s-Elegant-Office-Suit-Pants-High-Waisted-Beige-Summer-Striped-Pleated-Elastic-Waist-Loose-Wide-Leg-Casual-Trousers-For-Daily-Commute-Fashion-p-437554229.html,https://img.ltwebstatic.com/v4/j/pi/2026/04/07/38/17755281273448dbbac02f66e43584d5db91a9245c_thumbnail_600x.webp,2026-06-02T16:22:59+08:00,,,,,1.6k+ sold,https://sg.shein.com/SHEIN-Elenzya-Women-s-Elegant-Office-Suit-Pants-High-Waisted-Beige-Summer-Striped-Pleated-Elastic-Waist-Loose-Wide-Leg-Casual-Trousers-For-Daily-Commute-Fashion-p-437554229.html?mallCode=1&pageListType=4&detailBusinessFrom=0-1_437554229%7C0-2,https://sg.shein.com/SHEIN-Elenzya-Women-s-Elegant-Office-Suit-Pants-High-Waisted-Beige-Summer-Striped-Pleated-Elastic-Waist-Loose-Wide-Leg-Casual-Trousers-For-Daily-Commute-Fashion-p-437554229.html,True,"mallCode,pageListType,detailBusinessFrom",False,,437554229,True
96098447,3,1,3,"Sweetra Women Casual Square Neck Pleated Camisole, Summer",S$16.49,https://sg.shein.com/Sweetra-Women-Casual-Square-Neck-Pleated-Camisole-Summer-p-96098447.html,https://img.ltwebstatic.com/v4/j/pi/2025/06/11/7e/1749604444e27eb5a6c165a6c2e41d46ef4ea4f859_thumbnail_600x.webp,2026-06-02T16:22:59+08:00,,,,,9.6k+ sold,https://sg.shein.com/Sweetra-Women-Casual-Square-Neck-Pleated-Camisole-Summer-p-96098447.html?mallCode=1&pageListType=4&detailBusinessFrom=0-1_96098447%7C0-2,https://sg.shein.com/Sweetra-Women-Casual-Square-Neck-Pleated-Camisole-Summer-p-96098447.html,True,"mallCode,pageListType,detailBusinessFrom",False,,96098447,True
138324686,3,1,3,"Vaiaye Women's Sexy Fitted Long Sleeve Knit Top, Solid Color Square Neck T-Shirt, Casual Versatile, Minimalist Daily Wear, Spring/Summer Black",S$8.49,https://sg.shein.com/Vaiaye-Women-s-Sexy-Fitted-Long-Sleeve-Knit-Top-Solid-Color-Square-Neck-T-Shirt-Casual-Versatile-Minimalist-Daily-Wear-Spring-Summer-Black-p-138324686.html,https://img.ltwebstatic.com/v4/j/spmp/2025/11/24/13/17639798479e48b09b0dce476e7568c277e8eb134a_thumbnail_600x.webp,2026-06-02T16:22:59+08:00,,,,,70.6k+ sold,https://sg.shein.com/Vaiaye-Women-s-Sexy-Fitted-Long-Sleeve-Knit-Top-Solid-Color-Square-Neck-T-Shirt-Casual-Versatile-Minimalist-Daily-Wear-Spring-Summer-Black-p-138324686.html?mallCode=1&pageListType=4&detailBusinessFrom=0-1_138324686%7C0-2,https://sg.shein.com/Vaiaye-Women-s-Sexy-Fitted-Long-Sleeve-Knit-Top-Solid-Color-Square-Neck-T-Shirt-Casual-Versatile-Minimalist-Daily-Wear-Spring-Summer-Black-p-138324686.html,True,"mallCode,pageListType,detailBusinessFrom",False,,138324686,True
41202053,3,1,3,European And American Fashion Women High Waist Wide Leg Striped Casual Straight Pants Spring Black,S$15.35,https://sg.shein.com/European-And-American-Fashion-Women-High-Waist-Wide-Leg-Striped-Casual-Straight-Pants-Spring-Black-p-41202053.html,https://img.ltwebstatic.com/images3_spmp/2024/08/19/95/1724046469fb421c0423f930f9b1f7386343c3ff12_thumbnail_600x.webp,2026-06-02T16:22:59+08:00,,-4%,,,7.1k+ sold,https://sg.shein.com/European-And-American-Fashion-Women-High-Waist-Wide-Leg-Striped-Casual-Straight-Pants-Spring-Black-p-41202053.html?mallCode=1&pageListType=4&detailBusinessFrom=0-1_41202053%7C0-2,https://sg.shein.com/European-And-American-Fashion-Women-High-Waist-Wide-Leg-Striped-Casual-Straight-Pants-Spring-Black-p-41202053.html,True,"mallCode,pageListType,detailBusinessFrom",False,,41202053,True
423182224,3,2,"3,7",SHEIN EZwear Summer Outfits 3pcs Solid Tank Top Women's Vest Tops Basic For Women Cotton Yoga Tanktops Knitted Ribbed Plain Latest New Arrivals Basics Clothes,S$1.95,https://sg.shein.com/SHEIN-EZwear-Summer-Outfits-3pcs-Solid-Tank-Top-Women-s-Vest-Tops-Basic-For-Women-Cotton-Yoga-Tanktops-Knitted-Ribbed-Plain-Latest-New-Arrivals-Basics-Clothes-p-423182224.html,https://img.ltwebstatic.com/v4/j/pi/2026/03/17/70/1773715586a33308dcc35148d366131a4eb82d466d_thumbnail_600x.webp,2026-06-02T16:22:59+08:00,,,,,SAVE S$1.95,https://sg.shein.com/SHEIN-EZwear-Summer-Outfits-3pcs-Solid-Tank-Top-Women-s-Vest-Tops-Basic-For-Women-Cotton-Yoga-Tanktops-Knitted-Ribbed-Plain-Latest-New-Arrivals-Basics-Clothes-p-423182224.html?mallCode=1&pageListType=4&detailBusinessFrom=0-1_423182224%7C0-2,https://sg.shein.com/SHEIN-EZwear-Summer-Outfits-3pcs-Solid-Tank-Top-Women-s-Vest-Tops-Basic-For-Women-Cotton-Yoga-Tanktops-Knitted-Ribbed-Plain-Latest-New-Arrivals-Basics-Clothes-p-423182224.html,True,"mallCode,pageListType,detailBusinessFrom",False,,423182224,True
432455978,3,1,3,"Women's Pink Lace-Up Tie-Dye Tiger Print Crew Neck Short Sleeve T-Shirt, Polyester Fabric, Slightly Stretchy, Regular Fit",S$1.57,https://sg.shein.com/Women-s-Pink-Lace-Up-Tie-Dye-Tiger-Print-Crew-Neck-Short-Sleeve-T-Shirt-Polyester-Fabric-Slightly-Stretchy-Regular-Fit-p-432455978.html,https://img.ltwebstatic.com/v4/j/spmp/2026/05/26/ff/1779782313edcdd2b8db2f6a651448db6b8a6b9409_thumbnail_600x.webp,2026-06-02T16:22:59+08:00,,,,,SAVE S$1.57,https://sg.shein.com/Women-s-Pink-Lace-Up-Tie-Dye-Tiger-Print-Crew-Neck-Short-Sleeve-T-Shirt-Polyester-Fabric-Slightly-Stretchy-Regular-Fit-p-432455978.html?mallCode=1&pageListType=4&detailBusinessFrom=0-1_432455978%7C0-2,https://sg.shein.com/Women-s-Pink-Lace-Up-Tie-Dye-Tiger-Print-Crew-Neck-Short-Sleeve-T-Shirt-Polyester-Fabric-Slightly-Stretchy-Regular-Fit-p-432455978.html,True,"mallCode,pageListType,detailBusinessFrom",False,,432455978,True
61789746,3,1,3,DAZY Elegant Round Neck Puff Sleeve Short Style Blouse For Women,S$1.62,https://sg.shein.com/DAZY-Elegant-Round-Neck-Puff-Sleeve-Short-Style-Blouse-For-Women-p-61789746.html,https://img.ltwebstatic.com/images3_pi/2025/03/21/1c/17425401790e91411b6c9c5f5700b8431ab4123d40_thumbnail_600x.webp,2026-06-02T16:22:59+08:00,,,,,SAVE S$1.62,https://sg.shein.com/DAZY-Elegant-Round-Neck-Puff-Sleeve-Short-Style-Blouse-For-Women-p-61789746.html?mallCode=1&pageListType=4&detailBusinessFrom=0-1_61789746%7C0-2,https://sg.shein.com/DAZY-Elegant-Round-Neck-Puff-Sleeve-Short-Style-Blouse-For-Women-p-61789746.html,True,"mallCode,pageListType,detailBusinessFrom",False,,61789746,True
434416360,3,1,3,"Women's Tropical Sea Turtle Print Loose Casual Round Neck Short Sleeve Vacation Top, Summer",S$4.49,https://sg.shein.com/Women-s-Tropical-Sea-Turtle-Print-Loose-Casual-Round-Neck-Short-Sleeve-Vacation-Top-Summer-p-434416360.html,https://img.ltwebstatic.com/v4/j/spmp/2026/04/21/67/1776750951b9773d3299e33dadb0d09b1a7ed38ba9_thumbnail_600x.webp,2026-06-02T16:22:59+08:00,,,,,106 sold,https://sg.shein.com/Women-s-Tropical-Sea-Turtle-Print-Loose-Casual-Round-Neck-Short-Sleeve-Vacation-Top-Summer-p-434416360.html?mallCode=1&pageListType=4&detailBusinessFrom=0-1_434416360%7C0-2,https://sg.shein.com/Women-s-Tropical-Sea-Turtle-Print-Loose-Casual-Round-Neck-Short-Sleeve-Vacation-Top-Summer-p-434416360.html,True,"mallCode,pageListType,detailBusinessFrom",False,,434416360,True
329556377,3,1,3,"Black Short-Sleeve T-Shirt Featuring TOKYO And Racing Car Prints. Loose And Comfy, Ideal For Daily Looks And Vacations.",S$4.49,https://sg.shein.com/Black-Short-Sleeve-T-Shirt-Featuring-TOKYO-And-Racing-Car-Prints-Loose-And-Comfy-Ideal-For-Daily-Looks-And-Vacations-p-329556377.html,https://img.ltwebstatic.com/v4/j/spmp/2026/04/02/43/1775134057b63f2509acec013a126fc23a203f2723_thumbnail_600x.webp,2026-06-02T16:22:59+08:00,,,,,2k+ sold,https://sg.shein.com/Black-Short-Sleeve-T-Shirt-Featuring-TOKYO-And-Racing-Car-Prints-Loose-And-Comfy-Ideal-For-Daily-Looks-And-Vacations-p-329556377.html?mallCode=1&pageListType=4&detailBusinessFrom=0-1_329556377%7C0-2,https://sg.shein.com/Black-Short-Sleeve-T-Shirt-Featuring-TOKYO-And-Racing-Car-Prints-Loose-And-Comfy-Ideal-For-Daily-Looks-And-Vacations-p-329556377.html,True,"mallCode,pageListType,detailBusinessFrom",False,,329556377,True
328358296,3,1,3,"SHEIN New York Letter Graphic Casual Short Sleeve Round Neck White T-Shirt, Summer",S$6.43,https://sg.shein.com/SHEIN-New-York-Letter-Graphic-Casual-Short-Sleeve-Round-Neck-White-T-Shirt-Summer-p-328358296.html,https://img.ltwebstatic.com/v4/j/pi/2026/05/01/4a/17775653726a18f87d247400966af6d38b30c9a1f2_thumbnail_600x.webp,2026-06-02T16:22:59+08:00,,-8%,,,1.7k+ sold,https://sg.shein.com/SHEIN-New-York-Letter-Graphic-Casual-Short-Sleeve-Round-Neck-White-T-Shirt-Summer-p-328358296.html?mallCode=1&pageListType=4&detailBusinessFrom=0-1_328358296%7C0-2,https://sg.shein.com/SHEIN-New-York-Letter-Graphic-Casual-Short-Sleeve-Round-Neck-White-T-Shirt-Summer-p-328358296.html,True,"mallCode,pageListType,detailBusinessFrom",False,,328358296,True
340085479,3,1,3,"New Women Straight Leg Jeans, Loose Fit Casual Street Style Brand Relaxed Fit Jeans, Women Denim Pants And Clothing Spring",S$24.49,https://sg.shein.com/New-Women-Straight-Leg-Jeans-Loose-Fit-Casual-Street-Style-Brand-Relaxed-Fit-Jeans-Women-Denim-Pants-And-Clothing-Spring-p-340085479.html,https://img.ltwebstatic.com/v4/j/spmp/2026/01/10/6f/1768050863e43dc02c42d01bdd578f0b2a7fac9ffe_thumbnail_600x.webp,2026-06-02T16:22:59+08:00,,,,,48.5k+ sold,https://sg.shein.com/New-Women-Straight-Leg-Jeans-Loose-Fit-Casual-Street-Style-Brand-Relaxed-Fit-Jeans-Women-Denim-Pants-And-Clothing-Spring-p-340085479.html?mallCode=1&pageListType=4&detailBusinessFrom=0-1_340085479%7C0-2,https://sg.shein.com/New-Women-Straight-Leg-Jeans-Loose-Fit-Casual-Street-Style-Brand-Relaxed-Fit-Jeans-Women-Denim-Pants-And-Clothing-Spring-p-340085479.html,True,"mallCode,pageListType,detailBusinessFrom",False,,340085479,True
196957434,3,1,3,"SHEIN Women's Casual Solid Color Short Sleeve T-Shirt, Summer",S$5.49,https://sg.shein.com/SHEIN-Women-s-Casual-Solid-Color-Short-Sleeve-T-Shirt-Summer-p-196957434.html,https://img.ltwebstatic.com/v4/j/pi/2025/09/25/9c/1758770217b0dc41ab671c7ab7476126de7f029a2b_thumbnail_600x.webp,2026-06-02T16:22:59+08:00,,,,,25.3k+ sold,https://sg.shein.com/SHEIN-Women-s-Casual-Solid-Color-Short-Sleeve-T-Shirt-Summer-p-196957434.html?mallCode=1&pageListType=4&detailBusinessFrom=0-1_196957434%7C0-2,https://sg.shein.com/SHEIN-Women-s-Casual-Solid-Color-Short-Sleeve-T-Shirt-Summer-p-196957434.html,True,"mallCode,pageListType,detailBusinessFrom",False,,196957434,True
99963301,3,1,3,Women's Casual Solid Color Loose Shorts Black Vacation Summer,S$8.49,https://sg.shein.com/Women-s-Casual-Solid-Color-Loose-Shorts-Black-Vacation-Summer-p-99963301.html,https://img.ltwebstatic.com/v4/j/ssms/2025/11/28/4d/1764309770a51568530534efda5599f143d0c56937_thumbnail_600x.webp,2026-06-02T16:22:59+08:00,,,,,7.6k+ sold,https://sg.shein.com/Women-s-Casual-Solid-Color-Loose-Shorts-Black-Vacation-Summer-p-99963301.html?mallCode=1&pageListType=4&detailBusinessFrom=0-1_99963301%7C0-2,https://sg.shein.com/Women-s-Casual-Solid-Color-Loose-Shorts-Black-Vacation-Summer-p-99963301.html,True,"mallCode,pageListType,detailBusinessFrom",False,,99963301,True
78017678,3,1,3,"Cute Skateboard & English Print Short Sleeve Midi T-Shirt Women,Casual Top Tee Summer",S$5.33,https://sg.shein.com/Cute-Skateboard-English-Print-Short-Sleeve-Midi-T-Shirt-Women-Casual-Top-Tee-Summer-p-78017678.html,https://img.ltwebstatic.com/v4/p/spmp/2025/06/12/ab/174972284941c5cbb45383ba5c1dfbf240d53e41ba_thumbnail_600x.webp,2026-06-02T16:22:59+08:00,,-3%,,,4.1k+ sold,https://sg.shein.com/Cute-Skateboard-English-Print-Short-Sleeve-Midi-T-Shirt-Women-Casual-Top-Tee-Summer-p-78017678.html?mallCode=1&pageListType=4&detailBusinessFrom=0-1_78017678%7C0-2,https://sg.shein.com/Cute-Skateboard-English-Print-Short-Sleeve-Midi-T-Shirt-Women-Casual-Top-Tee-Summer-p-78017678.html,True,"mallCode,pageListType,detailBusinessFrom",False,,78017678,True
449551550,3,1,3,"You Don't Have To Be Perfect Graphic T-Shirt, Floral Quote Print Tee, Minimalist Aesthetic Casual Short Sleeve, Motivational Everyday Top Vacation White Summer",S$0.67,https://sg.shein.com/You-Don-t-Have-To-Be-Perfect-Graphic-T-Shirt-Floral-Quote-Print-Tee-Minimalist-Aesthetic-Casual-Short-Sleeve-Motivational-Everyday-Top-Vacation-White-Summer-p-449551550.html,https://img.ltwebstatic.com/v4/j/spmp/2026/04/25/2c/1777107046261f217fc46d341bb66057585e4d911b_thumbnail_600x.webp,2026-06-02T16:22:59+08:00,,,,,SAVE S$0.67,https://sg.shein.com/You-Don-t-Have-To-Be-Perfect-Graphic-T-Shirt-Floral-Quote-Print-Tee-Minimalist-Aesthetic-Casual-Short-Sleeve-Motivational-Everyday-Top-Vacation-White-Summer-p-449551550.html?mallCode=1&pageListType=4&detailBusinessFrom=0-1_449551550%7C0-2,https://sg.shein.com/You-Don-t-Have-To-Be-Perfect-Graphic-T-Shirt-Floral-Quote-Print-Tee-Minimalist-Aesthetic-Casual-Short-Sleeve-Motivational-Everyday-Top-Vacation-White-Summer-p-449551550.html,True,"mallCode,pageListType,detailBusinessFrom",False,,449551550,True
48232210,3,1,3,"Livesso Solid Color Loose Straight Leg Women Sweatpants With Pockets And Drawstring Waist,Women Joggers Fall",S$18.49,https://sg.shein.com/Livesso-Solid-Color-Loose-Straight-Leg-Women-Sweatpants-With-Pockets-And-Drawstring-Waist-Women-Joggers-Fall-p-48232210.html,https://img.ltwebstatic.com/images3_pi/2024/11/21/d6/1732159166a0ac95631093cbc2447a6a23bf49e1da_thumbnail_600x.webp,2026-06-02T16:22:59+08:00,,,,,6.6k+ sold,https://sg.shein.com/Livesso-Solid-Color-Loose-Straight-Leg-Women-Sweatpants-With-Pockets-And-Drawstring-Waist-Women-Joggers-Fall-p-48232210.html?mallCode=1&pageListType=4&detailBusinessFrom=0-1_48232210%7C0-2,https://sg.shein.com/Livesso-Solid-Color-Loose-Straight-Leg-Women-Sweatpants-With-Pockets-And-Drawstring-Waist-Women-Joggers-Fall-p-48232210.html,True,"mallCode,pageListType,detailBusinessFrom",False,,48232210,True
429195254,3,1,3,"DAZY Spring & Summer Black Padded Bralette Crop Top, Backless Strapless Camisole, Casual Vacation Beach Festival Party Wedding Fitted Women Tank Top",S$1.04,https://sg.shein.com/DAZY-Spring-Summer-Black-Padded-Bralette-Crop-Top-Backless-Strapless-Camisole-Casual-Vacation-Beach-Festival-Party-Wedding-Fitted-Women-Tank-Top-p-429195254.html,https://img.ltwebstatic.com/v4/j/pi/2026/03/24/41/1774341762a172517a7b814dd3ab2e78410834a44a_thumbnail_600x.webp,2026-06-02T16:22:59+08:00,,,,,SAVE S$1.04,https://sg.shein.com/DAZY-Spring-Summer-Black-Padded-Bralette-Crop-Top-Backless-Strapless-Camisole-Casual-Vacation-Beach-Festival-Party-Wedding-Fitted-Women-Tank-Top-p-429195254.html?mallCode=1&pageListType=4&detailBusinessFrom=0-1_429195254%7C0-2,https://sg.shein.com/DAZY-Spring-Summer-Black-Padded-Bralette-Crop-Top-Backless-Strapless-Camisole-Casual-Vacation-Beach-Festival-Party-Wedding-Fitted-Women-Tank-Top-p-429195254.html,True,"mallCode,pageListType,detailBusinessFrom",False,,429195254,True
53197373,3,1,3,"SHEIN Essnce 3pcs Pleated Sleeveless Tops, Women's Flat Collar Sleeveless Casual Tank Tops Great Value 3 Packs, Summer",S$1.82,https://sg.shein.com/SHEIN-Essnce-3pcs-Pleated-Sleeveless-Tops-Women-s-Flat-Collar-Sleeveless-Casual-Tank-Tops-Great-Value-3-Packs-Summer-p-53197373.html,https://img.ltwebstatic.com/images3_pi/2025/01/10/ac/173649567265913d99f34b00dd989760768d440b41_thumbnail_600x.webp,2026-06-02T16:22:59+08:00,,,,,SAVE S$1.82,https://sg.shein.com/SHEIN-Essnce-3pcs-Pleated-Sleeveless-Tops-Women-s-Flat-Collar-Sleeveless-Casual-Tank-Tops-Great-Value-3-Packs-Summer-p-53197373.html?mallCode=1&pageListType=4&detailBusinessFrom=0-1_53197373%7C0-2,https://sg.shein.com/SHEIN-Essnce-3pcs-Pleated-Sleeveless-Tops-Women-s-Flat-Collar-Sleeveless-Casual-Tank-Tops-Great-Value-3-Packs-Summer-p-53197373.html,True,"mallCode,pageListType,detailBusinessFrom",False,,53197373,True
427499369,3,1,3,"1pc Women's Casual Short Sleeve Round Neck T-Shirt - Cute Cartoon Tiger Wearing Pink Glasses Bubble Gum Print, Y2K Street Style, Soft & Breathable, Suitable For Daily Outings, Weekend Gatherings, Music Festivals And Summer Vacations",S$4.49,https://sg.shein.com/1pc-Women-s-Casual-Short-Sleeve-Round-Neck-T-Shirt-Cute-Cartoon-Tiger-Wearing-Pink-Glasses-Bubble-Gum-Print-Y2K-Street-Style-Soft-Breathable-Suitable-For-Daily-Outings-Weekend-Gatherings-Music-Festivals-And-Summer-Vacations-p-427499369.html,https://img.ltwebstatic.com/v4/j/spmp/2026/03/24/26/177435294866580fd2ec0db4830dc0de15c08c5ae6_thumbnail_600x.webp,2026-06-02T16:22:59+08:00,,,,,634 sold,https://sg.shein.com/1pc-Women-s-Casual-Short-Sleeve-Round-Neck-T-Shirt-Cute-Cartoon-Tiger-Wearing-Pink-Glasses-Bubble-Gum-Print-Y2K-Street-Style-Soft-Breathable-Suitable-For-Daily-Outings-Weekend-Gatherings-Music-Festivals-And-Summer-Vacations-p-427499369.html?mallCode=1&pageListType=4&detailBusinessFrom=0-1_427499369%7C0-2,https://sg.shein.com/1pc-Women-s-Casual-Short-Sleeve-Round-Neck-T-Shirt-Cute-Cartoon-Tiger-Wearing-Pink-Glasses-Bubble-Gum-Print-Y2K-Street-Style-Soft-Breathable-Suitable-For-Daily-Outings-Weekend-Gatherings-Music-Festivals-And-Summer-Vacations-p-427499369.html,True,"mallCode,pageListType,detailBusinessFrom",False,,427499369,True
384050504,3,1,3,"Women's Fashion Polyester Spaghetti Strap Criss-Cross Ribbed Knit Camisole Tank Top, Regular Length Casual Summer",S$0.75,https://sg.shein.com/Women-s-Fashion-Polyester-Spaghetti-Strap-Criss-Cross-Ribbed-Knit-Camisole-Tank-Top-Regular-Length-Casual-Summer-p-384050504.html,https://img.ltwebstatic.com/v4/j/spmp/2026/01/08/b7/1767856950c90b06b9c4fb40bcfaecbafd56521a55_thumbnail_600x.webp,2026-06-02T16:22:59+08:00,,,,,SAVE S$0.75,https://sg.shein.com/Women-s-Fashion-Polyester-Spaghetti-Strap-Criss-Cross-Ribbed-Knit-Camisole-Tank-Top-Regular-Length-Casual-Summer-p-384050504.html?mallCode=1&pageListType=4&detailBusinessFrom=0-1_384050504%7C0-2,https://sg.shein.com/Women-s-Fashion-Polyester-Spaghetti-Strap-Criss-Cross-Ribbed-Knit-Camisole-Tank-Top-Regular-Length-Casual-Summer-p-384050504.html,True,"mallCode,pageListType,detailBusinessFrom",False,,384050504,True
62823796,3,1,3,"Women's Loose Fit Wide-Leg Washed Casual Pants, Stylish & Versatile Spring",S$26.49,https://sg.shein.com/Women-s-Loose-Fit-Wide-Leg-Washed-Casual-Pants-Stylish-Versatile-Spring-p-62823796.html,https://img.ltwebstatic.com/v4/j/ssms/2026/04/29/65/1777444241408762e750685b67f73915bc4884d2d7_thumbnail_600x.webp,2026-06-02T16:22:59+08:00,,,,,21k+ sold,https://sg.shein.com/Women-s-Loose-Fit-Wide-Leg-Washed-Casual-Pants-Stylish-Versatile-Spring-p-62823796.html?mallCode=1&pageListType=4&detailBusinessFrom=0-1_62823796%7C0-2,https://sg.shein.com/Women-s-Loose-Fit-Wide-Leg-Washed-Casual-Pants-Stylish-Versatile-Spring-p-62823796.html,True,"mallCode,pageListType,detailBusinessFrom",False,,62823796,True
449581590,3,1,3,Vintage Washed Street Style Casual Short Sleeve New York City Graphic Print T-Shirt Black Summer,S$0.97,https://sg.shein.com/Vintage-Washed-Street-Style-Casual-Short-Sleeve-New-York-City-Graphic-Print-T-Shirt-Black-Summer-p-449581590.html,https://img.ltwebstatic.com/v4/j/spmp/2026/04/24/aa/1777027236c626ef5e242e609168b7b2f7570cf28d_thumbnail_600x.webp,2026-06-02T16:22:59+08:00,,,,,SAVE S$0.97,https://sg.shein.com/Vintage-Washed-Street-Style-Casual-Short-Sleeve-New-York-City-Graphic-Print-T-Shirt-Black-Summer-p-449581590.html?mallCode=1&pageListType=4&detailBusinessFrom=0-1_449581590%7C0-2,https://sg.shein.com/Vintage-Washed-Street-Style-Casual-Short-Sleeve-New-York-City-Graphic-Print-T-Shirt-Black-Summer-p-449581590.html,True,"mallCode,pageListType,detailBusinessFrom",False,,449581590,True
30598221,3,1,3,"SHEIN EZwear 4pcs Pack Casual Minimalist Versatile Camisole Tops, Fitted For Women, Suitable For Summer Back To School",S$14.49,https://sg.shein.com/SHEIN-EZwear-4pcs-Pack-Casual-Minimalist-Versatile-Camisole-Tops-Fitted-For-Women-Suitable-For-Summer-Back-To-School-p-30598221.html,https://img.ltwebstatic.com/images3_pi/2024/02/21/0e/1708482047cc893e70c4818d56c33a9c96b1c16dd9_thumbnail_600x.webp,2026-06-02T16:22:59+08:00,,,,,22.5k+ sold,https://sg.shein.com/SHEIN-EZwear-4pcs-Pack-Casual-Minimalist-Versatile-Camisole-Tops-Fitted-For-Women-Suitable-For-Summer-Back-To-School-p-30598221.html?mallCode=1&pageListType=4&detailBusinessFrom=0-1_30598221%7C0-2,https://sg.shein.com/SHEIN-EZwear-4pcs-Pack-Casual-Minimalist-Versatile-Camisole-Tops-Fitted-For-Women-Suitable-For-Summer-Back-To-School-p-30598221.html,True,"mallCode,pageListType,detailBusinessFrom",False,,30598221,True
125996539,3,1,3,ZIRRA Casual Chic Women's Black Pleated High Waisted Wide Leg Pants Flowy Office Trousers For Everyday Wear,S$16.49,https://sg.shein.com/ZIRRA-Casual-Chic-Women-s-Black-Pleated-High-Waisted-Wide-Leg-Pants-Flowy-Office-Trousers-For-Everyday-Wear-p-125996539.html,https://img.ltwebstatic.com/v4/j/pi/2025/10/25/c2/176136448146e18695ae85ac83871ca4a3df5bcf15_thumbnail_600x.webp,2026-06-02T16:22:59+08:00,,,,,4k+ sold,https://sg.shein.com/ZIRRA-Casual-Chic-Women-s-Black-Pleated-High-Waisted-Wide-Leg-Pants-Flowy-Office-Trousers-For-Everyday-Wear-p-125996539.html?mallCode=1&pageListType=4&detailBusinessFrom=0-1_125996539%7C0-2,https://sg.shein.com/ZIRRA-Casual-Chic-Women-s-Black-Pleated-High-Waisted-Wide-Leg-Pants-Flowy-Office-Trousers-For-Everyday-Wear-p-125996539.html,True,"mallCode,pageListType,detailBusinessFrom",False,,125996539,True
32378153,3,2,"3,7",DAZY Women Fashion Solid Color Slim Short Sleeve T-Shirt,S$1.10,https://sg.shein.com/DAZY-Women-Fashion-Solid-Color-Slim-Short-Sleeve-T-Shirt-p-32378153.html,https://img.ltwebstatic.com/images3_pi/2024/03/29/d5/1711676095bbc300037c7930dd441ea256a4f1294b_thumbnail_600x.webp,2026-06-02T16:22:59+08:00,,,,,SAVE S$1.10,https://sg.shein.com/DAZY-Women-Fashion-Solid-Color-Slim-Short-Sleeve-T-Shirt-p-32378153.html?mallCode=1&pageListType=4&detailBusinessFrom=0-1_32378153%7C0-2,https://sg.shein.com/DAZY-Women-Fashion-Solid-Color-Slim-Short-Sleeve-T-Shirt-p-32378153.html,True,"mallCode,pageListType,detailBusinessFrom",False,,32378153,True
258225369,3,2,"3,10","Chiquease Women's Beige Summer Casual Everyday Ribbed Knit Tank Top,Solid Color Versatile Neutral Sleeveless Basic Tops",S$13.99,https://sg.shein.com/Chiquease-Women-s-Beige-Summer-Casual-Everyday-Ribbed-Knit-Tank-Top-Solid-Color-Versatile-Neutral-Sleeveless-Basic-Tops-p-258225369.html,https://img.ltwebstatic.com/v4/j/pi/2025/10/28/15/176161648273ba4e96217fe121e90f80d4a6db78ce_thumbnail_600x.webp,2026-06-02T16:22:59+08:00,,,,,12.1k+ sold,https://sg.shein.com/Chiquease-Women-s-Beige-Summer-Casual-Everyday-Ribbed-Knit-Tank-Top-Solid-Color-Versatile-Neutral-Sleeveless-Basic-Tops-p-258225369.html?mallCode=1&pageListType=4&detailBusinessFrom=0-1_258225369%7C0-2,https://sg.shein.com/Chiquease-Women-s-Beige-Summer-Casual-Everyday-Ribbed-Knit-Tank-Top-Solid-Color-Versatile-Neutral-Sleeveless-Basic-Tops-p-258225369.html,True,"mallCode,pageListType,detailBusinessFrom",False,,258225369,True
10887023,3,3,"3,5,9","SHEIN LUNE Shirred Waist Wide Leg Pants,Teacher Outfits For Women",S$10.49,https://sg.shein.com/SHEIN-LUNE-Shirred-Waist-Wide-Leg-Pants-Teacher-Outfits-For-Women-p-10887023.html,https://img.ltwebstatic.com/images3_pi/2022/06/23/16559509261c8eb45c53f792ea8833140b206738c3_thumbnail_600x.webp,2026-06-02T16:22:59+08:00,,,(1000+),,17k+ sold,https://sg.shein.com/SHEIN-LUNE-Shirred-Waist-Wide-Leg-Pants-Teacher-Outfits-For-Women-p-10887023.html?mallCode=1&pageListType=4&detailBusinessFrom=0-1_10887023%7C0-2,https://sg.shein.com/SHEIN-LUNE-Shirred-Waist-Wide-Leg-Pants-Teacher-Outfits-For-Women-p-10887023.html,True,"mallCode,pageListType,detailBusinessFrom",False,,10887023,True
411595081,3,1,3,"Women's Summer New Casual Slogan Print Loose Fit Round Neck Short Sleeve T-Shirt, Fashionable Daily Vacation Wear, Suitable For Everyday And Holiday Occasions. Women's T-Shirt Top.",S$7.43,https://sg.shein.com/Women-s-Summer-New-Casual-Slogan-Print-Loose-Fit-Round-Neck-Short-Sleeve-T-Shirt-Fashionable-Daily-Vacation-Wear-Suitable-For-Everyday-And-Holiday-Occasions-Women-s-T-Shirt-Top-p-411595081.html,https://img.ltwebstatic.com/v4/j/spmp/2026/03/02/8e/1772453080bc3de16c88cca37b0e809aad61547416_thumbnail_600x.webp,2026-06-02T16:22:59+08:00,,-7%,,,3.4k+ sold,https://sg.shein.com/Women-s-Summer-New-Casual-Slogan-Print-Loose-Fit-Round-Neck-Short-Sleeve-T-Shirt-Fashionable-Daily-Vacation-Wear-Suitable-For-Everyday-And-Holiday-Occasions-Women-s-T-Shirt-Top-p-411595081.html?mallCode=1&pageListType=4&detailBusinessFrom=0-1_411595081%7C0-2,https://sg.shein.com/Women-s-Summer-New-Casual-Slogan-Print-Loose-Fit-Round-Neck-Short-Sleeve-T-Shirt-Fashionable-Daily-Vacation-Wear-Suitable-For-Everyday-And-Holiday-Occasions-Women-s-T-Shirt-Top-p-411595081.html,True,"mallCode,pageListType,detailBusinessFrom",False,,411595081,True
38769097,3,1,3,SHEIN Luminelle Women Solid Color High Waist Wide Leg Casual Trousers Fall Cloth For Women,S$17.09,https://sg.shein.com/SHEIN-Luminelle-Women-Solid-Color-High-Waist-Wide-Leg-Casual-Trousers-Fall-Cloth-For-Women-p-38769097.html,https://img.ltwebstatic.com/images3_pi/2024/11/26/68/17326108052593e1c7e33a21fa5bbc9c1f000045b5_thumbnail_600x.webp,2026-06-02T16:22:59+08:00,,-5%,,,2.9k+ sold,https://sg.shein.com/SHEIN-Luminelle-Women-Solid-Color-High-Waist-Wide-Leg-Casual-Trousers-Fall-Cloth-For-Women-p-38769097.html?mallCode=1&pageListType=4&detailBusinessFrom=0-1_38769097%7C0-2,https://sg.shein.com/SHEIN-Luminelle-Women-Solid-Color-High-Waist-Wide-Leg-Casual-Trousers-Fall-Cloth-For-Women-p-38769097.html,True,"mallCode,pageListType,detailBusinessFrom",False,,38769097,True
397910129,3,1,3,"Franclia Women's Summer Cute Navy And White Plaid T-Shirt,Heart Print Waist-Cinching Top,Contrast Color Daily School Back-To-School Commuting Tee",S$6.49,https://sg.shein.com/Franclia-Women-s-Summer-Cute-Navy-And-White-Plaid-T-Shirt-Heart-Print-Waist-Cinching-Top-Contrast-Color-Daily-School-Back-To-School-Commuting-Tee-p-397910129.html,https://img.ltwebstatic.com/v4/j/pi/2026/03/09/5a/1773036756b96d233a8fac0ff50969e87fcb5512c6_thumbnail_600x.webp,2026-06-02T16:22:59+08:00,,,,,11.2k+ sold,https://sg.shein.com/Franclia-Women-s-Summer-Cute-Navy-And-White-Plaid-T-Shirt-Heart-Print-Waist-Cinching-Top-Contrast-Color-Daily-School-Back-To-School-Commuting-Tee-p-397910129.html?mallCode=1&pageListType=4&detailBusinessFrom=0-1_397910129%7C0-2,https://sg.shein.com/Franclia-Women-s-Summer-Cute-Navy-And-White-Plaid-T-Shirt-Heart-Print-Waist-Cinching-Top-Contrast-Color-Daily-School-Back-To-School-Commuting-Tee-p-397910129.html,True,"mallCode,pageListType,detailBusinessFrom",False,,397910129,True
132708081,3,1,3,Coolane Women's Summer/All-Season Country Concert Going Out Beach Boho Basic Minimalist Washed 100% Cotton Curved Hem Pants,S$16.49,https://sg.shein.com/Coolane-Women-s-Summer-All-Season-Country-Concert-Going-Out-Beach-Boho-Basic-Minimalist-Washed-100-Cotton-Curved-Hem-Pants-p-132708081.html,https://img.ltwebstatic.com/v4/j/pi/2025/07/22/9f/17531679964c05fd06f88a9f0e0f18dfc2554372b4_thumbnail_600x.webp,2026-06-02T16:22:59+08:00,,00%,,,27.9k+ sold,https://sg.shein.com/Coolane-Women-s-Summer-All-Season-Country-Concert-Going-Out-Beach-Boho-Basic-Minimalist-Washed-100-Cotton-Curved-Hem-Pants-p-132708081.html?mallCode=1&pageListType=4&detailBusinessFrom=0-1_132708081%7C0-2,https://sg.shein.com/Coolane-Women-s-Summer-All-Season-Country-Concert-Going-Out-Beach-Boho-Basic-Minimalist-Washed-100-Cotton-Curved-Hem-Pants-p-132708081.html,True,"mallCode,pageListType,detailBusinessFrom",False,,132708081,True
70295140,3,1,3,"SHEIN Clasi Women's Solid Color Fashion Pants, Suitable For Summer Fall Cloth For Women",S$13.99,https://sg.shein.com/SHEIN-Clasi-Women-s-Solid-Color-Fashion-Pants-Suitable-For-Summer-Fall-Cloth-For-Women-p-70295140.html,https://img.ltwebstatic.com/v4/j/pi/2025/11/27/d0/1764231297392fb5a368d57c6c0ec4bc1f4359d271_thumbnail_600x.webp,2026-06-02T16:22:59+08:00,,,,,13.8k+ sold,https://sg.shein.com/SHEIN-Clasi-Women-s-Solid-Color-Fashion-Pants-Suitable-For-Summer-Fall-Cloth-For-Women-p-70295140.html?mallCode=1&pageListType=4&detailBusinessFrom=0-1_70295140%7C0-2,https://sg.shein.com/SHEIN-Clasi-Women-s-Solid-Color-Fashion-Pants-Suitable-For-Summer-Fall-Cloth-For-Women-p-70295140.html,True,"mallCode,pageListType,detailBusinessFrom",False,,70295140,True
149300545,3,2,"3,4","INAWLY Women's Casual Versatile Pleated Waist Fitted Cowgirl Embroidered Short Sleeve T-Shirt, Suitable For Summer",S$0.60,https://sg.shein.com/INAWLY-Women-s-Casual-Versatile-Pleated-Waist-Fitted-Cowgirl-Embroidered-Short-Sleeve-T-Shirt-Suitable-For-Summer-p-149300545.html,https://img.ltwebstatic.com/v4/j/pi/2025/08/14/61/1755132162f082a844f425560e85c23a823fab6413_thumbnail_600x.webp,2026-06-02T16:22:59+08:00,,,,,SAVE S$0.60,https://sg.shein.com/INAWLY-Women-s-Casual-Versatile-Pleated-Waist-Fitted-Cowgirl-Embroidered-Short-Sleeve-T-Shirt-Suitable-For-Summer-p-149300545.html?mallCode=1&pageListType=4&detailBusinessFrom=0-1_149300545%7C0-2,https://sg.shein.com/INAWLY-Women-s-Casual-Versatile-Pleated-Waist-Fitted-Cowgirl-Embroidered-Short-Sleeve-T-Shirt-Suitable-For-Summer-p-149300545.html,True,"mallCode,pageListType,detailBusinessFrom",False,,149300545,True
441325004,3,1,3,"Franclia French-Style Loose Batwing Sleeve Navy And White Striped Women's Shirt,Summer Short-Sleeved Collared Top,Casual Vacation Beach Cover-Up,Business Wear",S$10.99,https://sg.shein.com/Franclia-French-Style-Loose-Batwing-Sleeve-Navy-And-White-Striped-Women-s-Shirt-Summer-Short-Sleeved-Collared-Top-Casual-Vacation-Beach-Cover-Up-Business-Wear-p-441325004.html,https://img.ltwebstatic.com/v4/j/pi/2026/04/21/92/17767611129d14d256d71a6a0170668cb200958747_thumbnail_600x.webp,2026-06-02T16:22:59+08:00,,,,,3.3k+ sold,https://sg.shein.com/Franclia-French-Style-Loose-Batwing-Sleeve-Navy-And-White-Striped-Women-s-Shirt-Summer-Short-Sleeved-Collared-Top-Casual-Vacation-Beach-Cover-Up-Business-Wear-p-441325004.html?mallCode=1&pageListType=4&detailBusinessFrom=0-1_441325004%7C0-2,https://sg.shein.com/Franclia-French-Style-Loose-Batwing-Sleeve-Navy-And-White-Striped-Women-s-Shirt-Summer-Short-Sleeved-Collared-Top-Casual-Vacation-Beach-Cover-Up-Business-Wear-p-441325004.html,True,"mallCode,pageListType,detailBusinessFrom",False,,441325004,True
254423841,3,2,"3,6",Sweetra Petite Petite Series Women's Commuter Minimalist Knit Elastic Textured Fabric Metal Decor Waist Slimming Trousers,S$13.99,https://sg.shein.com/Sweetra-Petite-Petite-Series-Women-s-Commuter-Minimalist-Knit-Elastic-Textured-Fabric-Metal-Decor-Waist-Slimming-Trousers-p-254423841.html,https://img.ltwebstatic.com/v4/j/pi/2025/10/31/2c/17618889122397c1ee8784027f253b9b2a0fd2ad19_thumbnail_600x.webp,2026-06-02T16:22:59+08:00,,,,,550 sold,https://sg.shein.com/Sweetra-Petite-Petite-Series-Women-s-Commuter-Minimalist-Knit-Elastic-Textured-Fabric-Metal-Decor-Waist-Slimming-Trousers-p-254423841.html?mallCode=1&pageListType=4&detailBusinessFrom=0-1_254423841%7C0-2,https://sg.shein.com/Sweetra-Petite-Petite-Series-Women-s-Commuter-Minimalist-Knit-Elastic-Textured-Fabric-Metal-Decor-Waist-Slimming-Trousers-p-254423841.html,True,"mallCode,pageListType,detailBusinessFrom",False,,254423841,True
67662855,3,1,3,"Glimmora Women's Solid Color Round Neck Short Sleeve T-Shirt Top, Fashionable For Summer",S$22.99,https://sg.shein.com/Glimmora-Women-s-Solid-Color-Round-Neck-Short-Sleeve-T-Shirt-Top-Fashionable-For-Summer-p-67662855.html,https://img.ltwebstatic.com/v4/j/pi/2025/04/15/44/1744711746878174c462e204acb50327fc90bd0a93_thumbnail_600x.webp,2026-06-02T16:22:59+08:00,,,,,9.7k+ sold,https://sg.shein.com/Glimmora-Women-s-Solid-Color-Round-Neck-Short-Sleeve-T-Shirt-Top-Fashionable-For-Summer-p-67662855.html?mallCode=1&pageListType=4&detailBusinessFrom=0-1_67662855%7C0-2,https://sg.shein.com/Glimmora-Women-s-Solid-Color-Round-Neck-Short-Sleeve-T-Shirt-Top-Fashionable-For-Summer-p-67662855.html,True,"mallCode,pageListType,detailBusinessFrom",False,,67662855,True
443430994,3,1,3,Women's Fashionable High-Waisted Straight Leg Casual Pants Black,S$13.48,https://sg.shein.com/Women-s-Fashionable-High-Waisted-Straight-Leg-Casual-Pants-Black-p-443430994.html,https://img.ltwebstatic.com/v4/j/spmp/2026/05/16/8d/1778920129aaadd1aa4da094452eddc4d548ab0b6a_thumbnail_600x.webp,2026-06-02T16:22:59+08:00,,-13%,,,16.8k+ sold,https://sg.shein.com/Women-s-Fashionable-High-Waisted-Straight-Leg-Casual-Pants-Black-p-443430994.html?mallCode=1&pageListType=4&detailBusinessFrom=0-1_443430994%7C0-2,https://sg.shein.com/Women-s-Fashionable-High-Waisted-Straight-Leg-Casual-Pants-Black-p-443430994.html,True,"mallCode,pageListType,detailBusinessFrom",False,,443430994,True
76715170,3,1,3,"INAWLY Women Round Neck Short Sleeve T-Shirt, Fashionable For Summer",S$7.49,https://sg.shein.com/INAWLY-Women-Round-Neck-Short-Sleeve-T-Shirt-Fashionable-For-Summer-p-76715170.html,https://img.ltwebstatic.com/v4/j/pi/2025/05/21/9c/1747795873e08b0100ef42ee1c51c7adbd516c8e3a_thumbnail_600x.webp,2026-06-02T16:22:59+08:00,,,,,5.9k+ sold,https://sg.shein.com/INAWLY-Women-Round-Neck-Short-Sleeve-T-Shirt-Fashionable-For-Summer-p-76715170.html?mallCode=1&pageListType=4&detailBusinessFrom=0-1_76715170%7C0-2,https://sg.shein.com/INAWLY-Women-Round-Neck-Short-Sleeve-T-Shirt-Fashionable-For-Summer-p-76715170.html,True,"mallCode,pageListType,detailBusinessFrom",False,,76715170,True
28521103,3,1,3,Sweetra Women's Solid Color Stand Collar T-Shirt,S$1.50,https://sg.shein.com/Sweetra-Women-s-Solid-Color-Stand-Collar-T-Shirt-p-28521103.html,https://img.ltwebstatic.com/images3_pi/2024/01/03/73/17042638339503458f0ef1a327d1548e9317d6cb1e_thumbnail_600x.webp,2026-06-02T16:22:59+08:00,,,,,SAVE S$1.50,https://sg.shein.com/Sweetra-Women-s-Solid-Color-Stand-Collar-T-Shirt-p-28521103.html?mallCode=1&pageListType=4&detailBusinessFrom=0-1_28521103%7C0-2,https://sg.shein.com/Sweetra-Women-s-Solid-Color-Stand-Collar-T-Shirt-p-28521103.html,True,"mallCode,pageListType,detailBusinessFrom",False,,28521103,True
28014309,3,2,"3,5","Dazy Star Solid Color Ribbed Knit Short Sleeve T-Shirt,Crop Tops Women",S$1.17,https://sg.shein.com/Dazy-Star-Solid-Color-Ribbed-Knit-Short-Sleeve-T-Shirt-Crop-Tops-Women-p-28014309.html,https://img.ltwebstatic.com/images3_pi/2025/02/19/67/1739948637b79605c486c7e6656f0e97378e052bc4_thumbnail_600x.webp,2026-06-02T16:22:59+08:00,,,,,SAVE S$1.17,https://sg.shein.com/Dazy-Star-Solid-Color-Ribbed-Knit-Short-Sleeve-T-Shirt-Crop-Tops-Women-p-28014309.html?mallCode=1&pageListType=4&detailBusinessFrom=0-1_28014309%7C0-2,https://sg.shein.com/Dazy-Star-Solid-Color-Ribbed-Knit-Short-Sleeve-T-Shirt-Crop-Tops-Women-p-28014309.html,True,"mallCode,pageListType,detailBusinessFrom",False,,28014309,True
12712906,3,1,3,DAZY High Waist Slant Pockets Tailored Shorts Summer,S$1.82,https://sg.shein.com/DAZY-High-Waist-Slant-Pockets-Tailored-Shorts-Summer-p-12712906.html,https://sc.ltwebstatic.com/she_dist/images/bg-grey-solid-color-fc04c1310d.png,2026-06-02T16:22:59+08:00,,,,,SAVE S$1.82,https://sg.shein.com/DAZY-High-Waist-Slant-Pockets-Tailored-Shorts-Summer-p-12712906.html?mallCode=1&pageListType=4&detailBusinessFrom=0-1_12712906%7C0-2,https://sg.shein.com/DAZY-High-Waist-Slant-Pockets-Tailored-Shorts-Summer-p-12712906.html,True,"mallCode,pageListType,detailBusinessFrom",False,,12712906,True
17447414,3,1,3,High Waist Wide Leg Jeans,S$26.99,https://sg.shein.com/High-Waist-Wide-Leg-Jeans-p-17447414.html,https://sc.ltwebstatic.com/she_dist/images/bg-grey-solid-color-fc04c1310d.png,2026-06-02T16:22:59+08:00,,,,,8.2k+ sold,https://sg.shein.com/High-Waist-Wide-Leg-Jeans-p-17447414.html?mallCode=1&pageListType=4&detailBusinessFrom=0-1_17447414%7C0-2,https://sg.shein.com/High-Waist-Wide-Leg-Jeans-p-17447414.html,True,"mallCode,pageListType,detailBusinessFrom",False,,17447414,True
394948737,3,1,3,Franclia Stylish Apricot Sleeveless Ruched Blouse For Women Elegant Halter Neck Design,S$7.49,https://sg.shein.com/Franclia-Stylish-Apricot-Sleeveless-Ruched-Blouse-For-Women-Elegant-Halter-Neck-Design-p-394948737.html,https://sc.ltwebstatic.com/she_dist/images/bg-grey-solid-color-fc04c1310d.png,2026-06-02T16:22:59+08:00,,,,,12.3k+ sold,https://sg.shein.com/Franclia-Stylish-Apricot-Sleeveless-Ruched-Blouse-For-Women-Elegant-Halter-Neck-Design-p-394948737.html?mallCode=1&pageListType=4&detailBusinessFrom=0-1_394948737%7C0-2,https://sg.shein.com/Franclia-Stylish-Apricot-Sleeveless-Ruched-Blouse-For-Women-Elegant-Halter-Neck-Design-p-394948737.html,True,"mallCode,pageListType,detailBusinessFrom",False,,394948737,True
37980582,3,1,3,SHEIN ICON Women's Casual Straight Leg Jeans For Daily Wear,S$26.99,https://sg.shein.com/SHEIN-ICON-Women-s-Casual-Straight-Leg-Jeans-For-Daily-Wear-p-37980582.html,https://sc.ltwebstatic.com/she_dist/images/bg-grey-solid-color-fc04c1310d.png,2026-06-02T16:22:59+08:00,,,,,23k+ sold,https://sg.shein.com/SHEIN-ICON-Women-s-Casual-Straight-Leg-Jeans-For-Daily-Wear-p-37980582.html?mallCode=1&pageListType=4&detailBusinessFrom=0-1_37980582%7C0-2,https://sg.shein.com/SHEIN-ICON-Women-s-Casual-Straight-Leg-Jeans-For-Daily-Wear-p-37980582.html,True,"mallCode,pageListType,detailBusinessFrom",False,,37980582,True
158508192,3,1,3,"Aloruh Women's Dark Brown Seksi Chic Halter Neck Dress,Summmer Ruffled Hem Solid Color Elegant Party Dresses For Women,Bar Party Vacation Outfits,Commuter",S$17.99,https://sg.shein.com/Aloruh-Women-s-Dark-Brown-Seksi-Chic-Halter-Neck-Dress-Summmer-Ruffled-Hem-Solid-Color-Elegant-Party-Dresses-For-Women-Bar-Party-Vacation-Outfits-Commuter-p-158508192.html,https://sc.ltwebstatic.com/she_dist/images/bg-grey-solid-color-fc04c1310d.png,2026-06-02T16:22:59+08:00,,,,,38.8k+ sold,https://sg.shein.com/Aloruh-Women-s-Dark-Brown-Seksi-Chic-Halter-Neck-Dress-Summmer-Ruffled-Hem-Solid-Color-Elegant-Party-Dresses-For-Women-Bar-Party-Vacation-Outfits-Commuter-p-158508192.html?mallCode=1&pageListType=4&detailBusinessFrom=0-1_158508192%7C0-2,https://sg.shein.com/Aloruh-Women-s-Dark-Brown-Seksi-Chic-Halter-Neck-Dress-Summmer-Ruffled-Hem-Solid-Color-Elegant-Party-Dresses-For-Women-Bar-Party-Vacation-Outfits-Commuter-p-158508192.html,True,"mallCode,pageListType,detailBusinessFrom",False,,158508192,True
63014595,3,1,3,SHEIN Tall Women's Solid Color Casual V-Neck Sleeveless Cardigan Top,S$1.56,https://sg.shein.com/SHEIN-Tall-Women-s-Solid-Color-Casual-V-Neck-Sleeveless-Cardigan-Top-p-63014595.html,https://sc.ltwebstatic.com/she_dist/images/bg-grey-solid-color-fc04c1310d.png,2026-06-02T16:22:59+08:00,,,,,SAVE S$1.56,https://sg.shein.com/SHEIN-Tall-Women-s-Solid-Color-Casual-V-Neck-Sleeveless-Cardigan-Top-p-63014595.html?mallCode=1&pageListType=4&detailBusinessFrom=0-1_63014595%7C0-2,https://sg.shein.com/SHEIN-Tall-Women-s-Solid-Color-Casual-V-Neck-Sleeveless-Cardigan-Top-p-63014595.html,True,"mallCode,pageListType,detailBusinessFrom",False,,63014595,True
38235874,3,3,"3,5,10","EMERY ROSE 's Women's Summer Casual Crew Neck Short Sleeve T-Shirt Tops,Solid Color Black And White Basics Everyday For Work Office, Party",S$11.99,https://sg.shein.com/EMERY-ROSE-s-Women-s-Summer-Casual-Crew-Neck-Short-Sleeve-T-Shirt-Tops-Solid-Color-Black-And-White-Basics-Everyday-For-Work-Office-Party-p-38235874.html,https://sc.ltwebstatic.com/she_dist/images/bg-grey-solid-color-fc04c1310d.png,2026-06-02T16:22:59+08:00,,,,,12.6k+ sold,https://sg.shein.com/EMERY-ROSE-s-Women-s-Summer-Casual-Crew-Neck-Short-Sleeve-T-Shirt-Tops-Solid-Color-Black-And-White-Basics-Everyday-For-Work-Office-Party-p-38235874.html?mallCode=1&pageListType=4&detailBusinessFrom=0-1_38235874%7C0-2,https://sg.shein.com/EMERY-ROSE-s-Women-s-Summer-Casual-Crew-Neck-Short-Sleeve-T-Shirt-Tops-Solid-Color-Black-And-White-Basics-Everyday-For-Work-Office-Party-p-38235874.html,True,"mallCode,pageListType,detailBusinessFrom",False,,38235874,True
454307922,3,1,3,"Slogan ""Not Today"" Graphic T-Shirt, Attitude-Filled Phrase Print Tee, Casual Anti-Emotion Aesthetic Short Sleeve, Bold Statement Top Black Summer",S$0.36,https://sg.shein.com/Slogan-Not-Today-Graphic-T-Shirt-Attitude-Filled-Phrase-Print-Tee-Casual-Anti-Emotion-Aesthetic-Short-Sleeve-Bold-Statement-Top-Black-Summer-p-454307922.html,https://sc.ltwebstatic.com/she_dist/images/bg-grey-solid-color-fc04c1310d.png,2026-06-02T16:22:59+08:00,,,,,SAVE S$0.36,https://sg.shein.com/Slogan-Not-Today-Graphic-T-Shirt-Attitude-Filled-Phrase-Print-Tee-Casual-Anti-Emotion-Aesthetic-Short-Sleeve-Bold-Statement-Top-Black-Summer-p-454307922.html?mallCode=1&pageListType=4&detailBusinessFrom=0-1_454307922%7C0-2,https://sg.shein.com/Slogan-Not-Today-Graphic-T-Shirt-Attitude-Filled-Phrase-Print-Tee-Casual-Anti-Emotion-Aesthetic-Short-Sleeve-Bold-Statement-Top-Black-Summer-p-454307922.html,True,"mallCode,pageListType,detailBusinessFrom",False,,454307922,True
429469295,3,1,3,"Unisex Loose Fit Round Neck Short Sleeve T-Shirt, Minimalist Brain And Soul Balance Graphic Design, American Vintage Minimalist Style Summer",S$0.90,https://sg.shein.com/Unisex-Loose-Fit-Round-Neck-Short-Sleeve-T-Shirt-Minimalist-Brain-And-Soul-Balance-Graphic-Design-American-Vintage-Minimalist-Style-Summer-p-429469295.html,https://sc.ltwebstatic.com/she_dist/images/bg-grey-solid-color-fc04c1310d.png,2026-06-02T16:22:59+08:00,,,,,SAVE S$0.90,https://sg.shein.com/Unisex-Loose-Fit-Round-Neck-Short-Sleeve-T-Shirt-Minimalist-Brain-And-Soul-Balance-Graphic-Design-American-Vintage-Minimalist-Style-Summer-p-429469295.html?mallCode=1&pageListType=4&detailBusinessFrom=0-1_429469295%7C0-2,https://sg.shein.com/Unisex-Loose-Fit-Round-Neck-Short-Sleeve-T-Shirt-Minimalist-Brain-And-Soul-Balance-Graphic-Design-American-Vintage-Minimalist-Style-Summer-p-429469295.html,True,"mallCode,pageListType,detailBusinessFrom",False,,429469295,True
230189325,3,1,3,"Solid Color High Waist Straight Leg Pants, Minimalist Sports Sweatpants, Versatile Elastic Waist Drawstring Wide Leg Casual Trousers, All Season Black Spring",S$11.49,https://sg.shein.com/Solid-Color-High-Waist-Straight-Leg-Pants-Minimalist-Sports-Sweatpants-Versatile-Elastic-Waist-Drawstring-Wide-Leg-Casual-Trousers-All-Season-Black-Spring-p-230189325.html,https://sc.ltwebstatic.com/she_dist/images/bg-grey-solid-color-fc04c1310d.png,2026-06-02T16:22:59+08:00,,-8%,,,13.7k+ sold,https://sg.shein.com/Solid-Color-High-Waist-Straight-Leg-Pants-Minimalist-Sports-Sweatpants-Versatile-Elastic-Waist-Drawstring-Wide-Leg-Casual-Trousers-All-Season-Black-Spring-p-230189325.html?mallCode=1&pageListType=4&detailBusinessFrom=0-1_230189325%7C0-2,https://sg.shein.com/Solid-Color-High-Waist-Straight-Leg-Pants-Minimalist-Sports-Sweatpants-Versatile-Elastic-Waist-Drawstring-Wide-Leg-Casual-Trousers-All-Season-Black-Spring-p-230189325.html,True,"mallCode,pageListType,detailBusinessFrom",False,,230189325,True
44372033,3,1,3,Chiquease White Flowy Slim Fit Casual Straight Leg 7/8 Pants Fall Cloth For Women,S$1.43,https://sg.shein.com/Chiquease-White-Flowy-Slim-Fit-Casual-Straight-Leg-7-8-Pants-Fall-Cloth-For-Women-p-44372033.html,https://sc.ltwebstatic.com/she_dist/images/bg-grey-solid-color-fc04c1310d.png,2026-06-02T16:22:59+08:00,,,,,SAVE S$1.43,https://sg.shein.com/Chiquease-White-Flowy-Slim-Fit-Casual-Straight-Leg-7-8-Pants-Fall-Cloth-For-Women-p-44372033.html?mallCode=1&pageListType=4&detailBusinessFrom=0-1_44372033%7C0-2,https://sg.shein.com/Chiquease-White-Flowy-Slim-Fit-Casual-Straight-Leg-7-8-Pants-Fall-Cloth-For-Women-p-44372033.html,True,"mallCode,pageListType,detailBusinessFrom",False,,44372033,True
98647508,3,1,3,SHEIN BASICS 4pcs/Set Casual Solid Color Knit Crew Neck Short Sleeve Form-Fitting Women Bodysuits/Summer,S$20.49,https://sg.shein.com/SHEIN-BASICS-4pcs-Set-Casual-Solid-Color-Knit-Crew-Neck-Short-Sleeve-Form-Fitting-Women-Bodysuits-Summer-p-98647508.html,https://sc.ltwebstatic.com/she_dist/images/bg-grey-solid-color-fc04c1310d.png,2026-06-02T16:22:59+08:00,,,,,17.9k+ sold,https://sg.shein.com/SHEIN-BASICS-4pcs-Set-Casual-Solid-Color-Knit-Crew-Neck-Short-Sleeve-Form-Fitting-Women-Bodysuits-Summer-p-98647508.html?mallCode=1&pageListType=4&detailBusinessFrom=0-1_98647508%7C0-2,https://sg.shein.com/SHEIN-BASICS-4pcs-Set-Casual-Solid-Color-Knit-Crew-Neck-Short-Sleeve-Form-Fitting-Women-Bodysuits-Summer-p-98647508.html,True,"mallCode,pageListType,detailBusinessFrom",False,,98647508,True
390224151,3,1,3,"Women's New Summer Casual Round Neck Short Sleeve T-Shirt, Minimalist Versatile Palm Tree Slogan Print, Suitable For Daily Wear. Graphic Tee, Women's White Top, Black Top, Pink Top, Vacation Outfit.",S$6.99,https://sg.shein.com/Women-s-New-Summer-Casual-Round-Neck-Short-Sleeve-T-Shirt-Minimalist-Versatile-Palm-Tree-Slogan-Print-Suitable-For-Daily-Wear-Graphic-Tee-Women-s-White-Top-Black-Top-Pink-Top-Vacation-Outfit-p-390224151.html,https://sc.ltwebstatic.com/she_dist/images/bg-grey-solid-color-fc04c1310d.png,2026-06-02T16:22:59+08:00,,,,,8.5k+ sold,https://sg.shein.com/Women-s-New-Summer-Casual-Round-Neck-Short-Sleeve-T-Shirt-Minimalist-Versatile-Palm-Tree-Slogan-Print-Suitable-For-Daily-Wear-Graphic-Tee-Women-s-White-Top-Black-Top-Pink-Top-Vacation-Outfit-p-390224151.html?mallCode=1&pageListType=4&detailBusinessFrom=0-1_390224151%7C0-2,https://sg.shein.com/Women-s-New-Summer-Casual-Round-Neck-Short-Sleeve-T-Shirt-Minimalist-Versatile-Palm-Tree-Slogan-Print-Suitable-For-Daily-Wear-Graphic-Tee-Women-s-White-Top-Black-Top-Pink-Top-Vacation-Outfit-p-390224151.html,True,"mallCode,pageListType,detailBusinessFrom",False,,390224151,True
43171095,3,1,3,SHEIN PETITE Women's Casual Solid Color Straight Pants Fall Cloth For Women,S$17.99,https://sg.shein.com/SHEIN-PETITE-Women-s-Casual-Solid-Color-Straight-Pants-Fall-Cloth-For-Women-p-43171095.html,https://sc.ltwebstatic.com/she_dist/images/bg-grey-solid-color-fc04c1310d.png,2026-06-02T16:22:59+08:00,,,,,1.3k+ sold,https://sg.shein.com/SHEIN-PETITE-Women-s-Casual-Solid-Color-Straight-Pants-Fall-Cloth-For-Women-p-43171095.html?mallCode=1&pageListType=4&detailBusinessFrom=0-1_43171095%7C0-2,https://sg.shein.com/SHEIN-PETITE-Women-s-Casual-Solid-Color-Straight-Pants-Fall-Cloth-For-Women-p-43171095.html,True,"mallCode,pageListType,detailBusinessFrom",False,,43171095,True
65829215,3,1,3,Resyla Women Solid Color Round Neck Short Sleeve Pleated Casual Versatile T-Shirt,S$14.49,https://sg.shein.com/Resyla-Women-Solid-Color-Round-Neck-Short-Sleeve-Pleated-Casual-Versatile-T-Shirt-p-65829215.html,https://sc.ltwebstatic.com/she_dist/images/bg-grey-solid-color-fc04c1310d.png,2026-06-02T16:22:59+08:00,,,,,3.1k+ sold,https://sg.shein.com/Resyla-Women-Solid-Color-Round-Neck-Short-Sleeve-Pleated-Casual-Versatile-T-Shirt-p-65829215.html?mallCode=1&pageListType=4&detailBusinessFrom=0-1_65829215%7C0-2,https://sg.shein.com/Resyla-Women-Solid-Color-Round-Neck-Short-Sleeve-Pleated-Casual-Versatile-T-Shirt-p-65829215.html,True,"mallCode,pageListType,detailBusinessFrom",False,,65829215,True
43400974,3,2,"3,7",DAZY 1pc Women Solid Color Crewneck Ribbed Slim Fit Casual Tank Top,S$8.49,https://sg.shein.com/DAZY-1pc-Women-Solid-Color-Crewneck-Ribbed-Slim-Fit-Casual-Tank-Top-p-43400974.html,https://sc.ltwebstatic.com/she_dist/images/bg-grey-solid-color-fc04c1310d.png,2026-06-02T16:22:59+08:00,,,,,17.5k+ sold,https://sg.shein.com/DAZY-1pc-Women-Solid-Color-Crewneck-Ribbed-Slim-Fit-Casual-Tank-Top-p-43400974.html?mallCode=1&pageListType=4&detailBusinessFrom=0-1_43400974%7C0-2,https://sg.shein.com/DAZY-1pc-Women-Solid-Color-Crewneck-Ribbed-Slim-Fit-Casual-Tank-Top-p-43400974.html,True,"mallCode,pageListType,detailBusinessFrom",False,,43400974,True
393397281,3,2,"3,5","Women's High Waist Slim Fit Elegant Minimalist Office Pants, Women Apparel, Women's Bottoms Black Spring",S$11.99,https://sg.shein.com/Women-s-High-Waist-Slim-Fit-Elegant-Minimalist-Office-Pants-Women-Apparel-Women-s-Bottoms-Black-Spring-p-393397281.html,https://sc.ltwebstatic.com/she_dist/images/bg-grey-solid-color-fc04c1310d.png,2026-06-02T16:22:59+08:00,,,,,7k+ sold,https://sg.shein.com/Women-s-High-Waist-Slim-Fit-Elegant-Minimalist-Office-Pants-Women-Apparel-Women-s-Bottoms-Black-Spring-p-393397281.html?mallCode=1&pageListType=4&detailBusinessFrom=0-1_393397281%7C0-2,https://sg.shein.com/Women-s-High-Waist-Slim-Fit-Elegant-Minimalist-Office-Pants-Women-Apparel-Women-s-Bottoms-Black-Spring-p-393397281.html,True,"mallCode,pageListType,detailBusinessFrom",False,,393397281,True
35988244,3,1,3,DAZY Women's Solid Color Casual Elasticated Drawstring Shorts For Daily Wear Summer Sweater Shorts,S$1.69,https://sg.shein.com/DAZY-Women-s-Solid-Color-Casual-Elasticated-Drawstring-Shorts-For-Daily-Wear-Summer-Sweater-Shorts-p-35988244.html,https://sc.ltwebstatic.com/she_dist/images/bg-grey-solid-color-fc04c1310d.png,2026-06-02T16:22:59+08:00,,,,,SAVE S$1.69,https://sg.shein.com/DAZY-Women-s-Solid-Color-Casual-Elasticated-Drawstring-Shorts-For-Daily-Wear-Summer-Sweater-Shorts-p-35988244.html?mallCode=1&pageListType=4&detailBusinessFrom=0-1_35988244%7C0-2,https://sg.shein.com/DAZY-Women-s-Solid-Color-Casual-Elasticated-Drawstring-Shorts-For-Daily-Wear-Summer-Sweater-Shorts-p-35988244.html,True,"mallCode,pageListType,detailBusinessFrom",False,,35988244,True
466749378,3,1,3,"Grey Crew Neck Short Sleeve T-Shirt For Women, Summer New Vintage American Style New York Letter Print Slim Fit Cropped Casual Top",S$3.85,https://sg.shein.com/Grey-Crew-Neck-Short-Sleeve-T-Shirt-For-Women-Summer-New-Vintage-American-Style-New-York-Letter-Print-Slim-Fit-Cropped-Casual-Top-p-466749378.html,https://sc.ltwebstatic.com/she_dist/images/bg-grey-solid-color-fc04c1310d.png,2026-06-02T16:22:59+08:00,,-14%,,,,https://sg.shein.com/Grey-Crew-Neck-Short-Sleeve-T-Shirt-For-Women-Summer-New-Vintage-American-Style-New-York-Letter-Print-Slim-Fit-Cropped-Casual-Top-p-466749378.html?mallCode=1&pageListType=4&detailBusinessFrom=0-1_466749378%7C0-2,https://sg.shein.com/Grey-Crew-Neck-Short-Sleeve-T-Shirt-For-Women-Summer-New-Vintage-American-Style-New-York-Letter-Print-Slim-Fit-Cropped-Casual-Top-p-466749378.html,True,"mallCode,pageListType,detailBusinessFrom",False,,466749378,True
398898617,3,1,3,"Resyla Lace Trim Camisole Dress Cover Up, Long Sleeve Knit Shrug Tops For Women, Summer Sun Protection",S$8.49,https://sg.shein.com/Resyla-Lace-Trim-Camisole-Dress-Cover-Up-Long-Sleeve-Knit-Shrug-Tops-For-Women-Summer-Sun-Protection-p-398898617.html,https://sc.ltwebstatic.com/she_dist/images/bg-grey-solid-color-fc04c1310d.png,2026-06-02T16:22:59+08:00,,,,,67.4k+ sold,https://sg.shein.com/Resyla-Lace-Trim-Camisole-Dress-Cover-Up-Long-Sleeve-Knit-Shrug-Tops-For-Women-Summer-Sun-Protection-p-398898617.html?mallCode=1&pageListType=4&detailBusinessFrom=0-1_398898617%7C0-2,https://sg.shein.com/Resyla-Lace-Trim-Camisole-Dress-Cover-Up-Long-Sleeve-Knit-Shrug-Tops-For-Women-Summer-Sun-Protection-p-398898617.html,True,"mallCode,pageListType,detailBusinessFrom",False,,398898617,True
325950652,3,1,3,SHEIN EZwear 5pcs/Set Women's Colorful Spring/Summer Knit Square Neck T-Shirts,S$2.34,https://sg.shein.com/SHEIN-EZwear-5pcs-Set-Women-s-Colorful-Spring-Summer-Knit-Square-Neck-T-Shirts-p-325950652.html,https://sc.ltwebstatic.com/she_dist/images/bg-grey-solid-color-fc04c1310d.png,2026-06-02T16:22:59+08:00,,,,,SAVE S$2.34,https://sg.shein.com/SHEIN-EZwear-5pcs-Set-Women-s-Colorful-Spring-Summer-Knit-Square-Neck-T-Shirts-p-325950652.html?mallCode=1&pageListType=4&detailBusinessFrom=0-1_325950652%7C0-2,https://sg.shein.com/SHEIN-EZwear-5pcs-Set-Women-s-Colorful-Spring-Summer-Knit-Square-Neck-T-Shirts-p-325950652.html,True,"mallCode,pageListType,detailBusinessFrom",False,,325950652,True
63472130,3,1,3,SHEIN EZwear 3 Pcs/Set White Basic Casual Sexy Camisole & Tube Top Summer,S$8.49,https://sg.shein.com/SHEIN-EZwear-3-Pcs-Set-White-Basic-Casual-Sexy-Camisole-Tube-Top-Summer-p-63472130.html,https://sc.ltwebstatic.com/she_dist/images/bg-grey-solid-color-fc04c1310d.png,2026-06-02T16:22:59+08:00,,,,,2.3k+ sold,https://sg.shein.com/SHEIN-EZwear-3-Pcs-Set-White-Basic-Casual-Sexy-Camisole-Tube-Top-Summer-p-63472130.html?mallCode=1&pageListType=4&detailBusinessFrom=0-1_63472130%7C0-2,https://sg.shein.com/SHEIN-EZwear-3-Pcs-Set-White-Basic-Casual-Sexy-Camisole-Tube-Top-Summer-p-63472130.html,True,"mallCode,pageListType,detailBusinessFrom",False,,63472130,True
61552616,3,1,3,"Livesso Women's Solid Color Business Casual Tank Top, Summer New Arrival",S$6.99,https://sg.shein.com/Livesso-Women-s-Solid-Color-Business-Casual-Tank-Top-Summer-New-Arrival-p-61552616.html,https://sc.ltwebstatic.com/she_dist/images/bg-grey-solid-color-fc04c1310d.png,2026-06-02T16:22:59+08:00,,,,,18k+ sold,https://sg.shein.com/Livesso-Women-s-Solid-Color-Business-Casual-Tank-Top-Summer-New-Arrival-p-61552616.html?mallCode=1&pageListType=4&detailBusinessFrom=0-1_61552616%7C0-2,https://sg.shein.com/Livesso-Women-s-Solid-Color-Business-Casual-Tank-Top-Summer-New-Arrival-p-61552616.html,True,"mallCode,pageListType,detailBusinessFrom",False,,61552616,True
40705377,3,1,3,"Easowa Women's Striped Elastic Waist Shorts With Pockets, Summer,Casual",S$8.99,https://sg.shein.com/Easowa-Women-s-Striped-Elastic-Waist-Shorts-With-Pockets-Summer-Casual-p-40705377.html,https://sc.ltwebstatic.com/she_dist/images/bg-grey-solid-color-fc04c1310d.png,2026-06-02T16:22:59+08:00,,,,,3.1k+ sold,https://sg.shein.com/Easowa-Women-s-Striped-Elastic-Waist-Shorts-With-Pockets-Summer-Casual-p-40705377.html?mallCode=1&pageListType=4&detailBusinessFrom=0-1_40705377%7C0-2,https://sg.shein.com/Easowa-Women-s-Striped-Elastic-Waist-Shorts-With-Pockets-Summer-Casual-p-40705377.html,True,"mallCode,pageListType,detailBusinessFrom",False,,40705377,True
70220142,3,1,3,"DAZY Women's Summer A-Line Casual Street Denim Shorts, Sexy & Chic Jorts",S$17.49,https://sg.shein.com/DAZY-Women-s-Summer-A-Line-Casual-Street-Denim-Shorts-Sexy-Chic-Jorts-p-70220142.html,https://sc.ltwebstatic.com/she_dist/images/bg-grey-solid-color-fc04c1310d.png,2026-06-02T16:22:59+08:00,,,(1000+),,25k+ sold,https://sg.shein.com/DAZY-Women-s-Summer-A-Line-Casual-Street-Denim-Shorts-Sexy-Chic-Jorts-p-70220142.html?mallCode=1&pageListType=4&detailBusinessFrom=0-1_70220142%7C0-2,https://sg.shein.com/DAZY-Women-s-Summer-A-Line-Casual-Street-Denim-Shorts-Sexy-Chic-Jorts-p-70220142.html,True,"mallCode,pageListType,detailBusinessFrom",False,,70220142,True
365502654,3,2,"3,4","Women's High Waist Slim Fit Wide Leg Pants | Bohemian Street Style | Suitable For Casual, Work Commute And Vacation In Spring/Summer Black",S$16.18,https://sg.shein.com/Women-s-High-Waist-Slim-Fit-Wide-Leg-Pants-Bohemian-Street-Style-Suitable-For-Casual-Work-Commute-And-Vacation-In-Spring-Summer-Black-p-365502654.html,https://sc.ltwebstatic.com/she_dist/images/bg-grey-solid-color-fc04c1310d.png,2026-06-02T16:22:59+08:00,,-17%,,,59.7k+ sold,https://sg.shein.com/Women-s-High-Waist-Slim-Fit-Wide-Leg-Pants-Bohemian-Street-Style-Suitable-For-Casual-Work-Commute-And-Vacation-In-Spring-Summer-Black-p-365502654.html?mallCode=1&pageListType=4&detailBusinessFrom=0-1_365502654%7C0-2,https://sg.shein.com/Women-s-High-Waist-Slim-Fit-Wide-Leg-Pants-Bohemian-Street-Style-Suitable-For-Casual-Work-Commute-And-Vacation-In-Spring-Summer-Black-p-365502654.html,True,"mallCode,pageListType,detailBusinessFrom",False,,365502654,True
468737059,3,1,3,"Yesterday Today Tomorrow' Minimalist Graphic Tee, Casual Aesthetic Short Sleeve, Inspirational Streetwear Top Summer",S$4.73,https://sg.shein.com/Yesterday-Today-Tomorrow-Minimalist-Graphic-Tee-Casual-Aesthetic-Short-Sleeve-Inspirational-Streetwear-Top-Summer-p-468737059.html,https://sc.ltwebstatic.com/she_dist/images/bg-grey-solid-color-fc04c1310d.png,2026-06-02T16:22:59+08:00,,-14%,,,,https://sg.shein.com/Yesterday-Today-Tomorrow-Minimalist-Graphic-Tee-Casual-Aesthetic-Short-Sleeve-Inspirational-Streetwear-Top-Summer-p-468737059.html?mallCode=1&pageListType=4&detailBusinessFrom=0-1_468737059%7C0-2,https://sg.shein.com/Yesterday-Today-Tomorrow-Minimalist-Graphic-Tee-Casual-Aesthetic-Short-Sleeve-Inspirational-Streetwear-Top-Summer-p-468737059.html,True,"mallCode,pageListType,detailBusinessFrom",False,,468737059,True
30893991,3,1,3,DAZY Casual Business Solid Color Straight Leg Pants Low Rise,S$23.49,https://sg.shein.com/DAZY-Casual-Business-Solid-Color-Straight-Leg-Pants-Low-Rise-p-30893991.html,https://sc.ltwebstatic.com/she_dist/images/bg-grey-solid-color-fc04c1310d.png,2026-06-02T16:22:59+08:00,,,,,12.3k+ sold,https://sg.shein.com/DAZY-Casual-Business-Solid-Color-Straight-Leg-Pants-Low-Rise-p-30893991.html?mallCode=1&pageListType=4&detailBusinessFrom=0-1_30893991%7C0-2,https://sg.shein.com/DAZY-Casual-Business-Solid-Color-Straight-Leg-Pants-Low-Rise-p-30893991.html,True,"mallCode,pageListType,detailBusinessFrom",False,,30893991,True
39676027,3,1,3,"SHEIN EZwear Women's New Autumn Solid Color Casual Daily Loose Sweatpants, Two-Piece",S$27.99,https://sg.shein.com/SHEIN-EZwear-Women-s-New-Autumn-Solid-Color-Casual-Daily-Loose-Sweatpants-Two-Piece-p-39676027.html,https://sc.ltwebstatic.com/she_dist/images/bg-grey-solid-color-fc04c1310d.png,2026-06-02T16:22:59+08:00,,,,,10k+ sold,https://sg.shein.com/SHEIN-EZwear-Women-s-New-Autumn-Solid-Color-Casual-Daily-Loose-Sweatpants-Two-Piece-p-39676027.html?mallCode=1&pageListType=4&detailBusinessFrom=0-1_39676027%7C0-2,https://sg.shein.com/SHEIN-EZwear-Women-s-New-Autumn-Solid-Color-Casual-Daily-Loose-Sweatpants-Two-Piece-p-39676027.html,True,"mallCode,pageListType,detailBusinessFrom",False,,39676027,True
360453728,3,1,3,"DAZY Women's Solid Color Minimalist Short Sleeve T-Shirt, Casual Everyday Wear Summer",S$5.99,https://sg.shein.com/DAZY-Women-s-Solid-Color-Minimalist-Short-Sleeve-T-Shirt-Casual-Everyday-Wear-Summer-p-360453728.html,https://sc.ltwebstatic.com/she_dist/images/bg-grey-solid-color-fc04c1310d.png,2026-06-02T16:22:59+08:00,,,,,39.2k+ sold,https://sg.shein.com/DAZY-Women-s-Solid-Color-Minimalist-Short-Sleeve-T-Shirt-Casual-Everyday-Wear-Summer-p-360453728.html?mallCode=1&pageListType=4&detailBusinessFrom=0-1_360453728%7C0-2,https://sg.shein.com/DAZY-Women-s-Solid-Color-Minimalist-Short-Sleeve-T-Shirt-Casual-Everyday-Wear-Summer-p-360453728.html,True,"mallCode,pageListType,detailBusinessFrom",False,,360453728,True
216039028,3,1,3,Women's Solid Color Fashion Pleated Straight Leg Casual Pants,S$2.53,https://sg.shein.com/Women-s-Solid-Color-Fashion-Pleated-Straight-Leg-Casual-Pants-p-216039028.html,https://sc.ltwebstatic.com/she_dist/images/bg-grey-solid-color-fc04c1310d.png,2026-06-02T16:22:59+08:00,,,,,SAVE S$2.53,https://sg.shein.com/Women-s-Solid-Color-Fashion-Pleated-Straight-Leg-Casual-Pants-p-216039028.html?mallCode=1&pageListType=4&detailBusinessFrom=0-1_216039028%7C0-2,https://sg.shein.com/Women-s-Solid-Color-Fashion-Pleated-Straight-Leg-Casual-Pants-p-216039028.html,True,"mallCode,pageListType,detailBusinessFrom",False,,216039028,True
45475678,3,1,3,"SHEIN EZwear 4pcs Set Women Crew Neck Short Sleeve Fitted T-Shirts, Suitable For Summer Suitable For Going Out",S$14.49,https://sg.shein.com/SHEIN-EZwear-4pcs-Set-Women-Crew-Neck-Short-Sleeve-Fitted-T-Shirts-Suitable-For-Summer-Suitable-For-Going-Out-p-45475678.html,https://sc.ltwebstatic.com/she_dist/images/bg-grey-solid-color-fc04c1310d.png,2026-06-02T16:22:59+08:00,,,,,15.5k+ sold,https://sg.shein.com/SHEIN-EZwear-4pcs-Set-Women-Crew-Neck-Short-Sleeve-Fitted-T-Shirts-Suitable-For-Summer-Suitable-For-Going-Out-p-45475678.html?mallCode=1&pageListType=4&detailBusinessFrom=0-1_45475678%7C0-2,https://sg.shein.com/SHEIN-EZwear-4pcs-Set-Women-Crew-Neck-Short-Sleeve-Fitted-T-Shirts-Suitable-For-Summer-Suitable-For-Going-Out-p-45475678.html,True,"mallCode,pageListType,detailBusinessFrom",False,,45475678,True
427633855,3,1,3,"1pc Women's Short Sleeve Cropped T-Shirt - ""Coffee Club Every Morning"" And Coffee Maker Sketch Print, Minimalist Coffee Lover Aesthetic, Soft Breathable Round Neck Crop Top, Suitable For Drinking Coffee, Dates, Commuting, Weekend Brunch Casual Summer",S$4.49,https://sg.shein.com/1pc-Women-s-Short-Sleeve-Cropped-T-Shirt-Coffee-Club-Every-Morning-And-Coffee-Maker-Sketch-Print-Minimalist-Coffee-Lover-Aesthetic-Soft-Breathable-Round-Neck-Crop-Top-Suitable-For-Drinking-Coffee-Dates-Commuting-Weekend-Brunch-Casual-Summer-p-427633855.html,https://sc.ltwebstatic.com/she_dist/images/bg-grey-solid-color-fc04c1310d.png,2026-06-02T16:22:59+08:00,,,,,2.4k+ sold,https://sg.shein.com/1pc-Women-s-Short-Sleeve-Cropped-T-Shirt-Coffee-Club-Every-Morning-And-Coffee-Maker-Sketch-Print-Minimalist-Coffee-Lover-Aesthetic-Soft-Breathable-Round-Neck-Crop-Top-Suitable-For-Drinking-Coffee-Dates-Commuting-Weekend-Brunch-Casual-Summer-p-427633855.html?mallCode=1&pageListType=4&detailBusinessFrom=0-1_427633855%7C0-2,https://sg.shein.com/1pc-Women-s-Short-Sleeve-Cropped-T-Shirt-Coffee-Club-Every-Morning-And-Coffee-Maker-Sketch-Print-Minimalist-Coffee-Lover-Aesthetic-Soft-Breathable-Round-Neck-Crop-Top-Suitable-For-Drinking-Coffee-Dates-Commuting-Weekend-Brunch-Casual-Summer-p-427633855.html,True,"mallCode,pageListType,detailBusinessFrom",False,,427633855,True
87167110,3,1,3,Coolane Women's Summer Vintage Back To School Casual Hippie Street Oversized Black Cargo Pants,S$9.99,https://sg.shein.com/Coolane-Women-s-Summer-Vintage-Back-To-School-Casual-Hippie-Street-Oversized-Black-Cargo-Pants-p-87167110.html,https://sc.ltwebstatic.com/she_dist/images/bg-grey-solid-color-fc04c1310d.png,2026-06-02T16:22:59+08:00,,,(1000+),,23.1k+ sold,https://sg.shein.com/Coolane-Women-s-Summer-Vintage-Back-To-School-Casual-Hippie-Street-Oversized-Black-Cargo-Pants-p-87167110.html?mallCode=1&pageListType=4&detailBusinessFrom=0-1_87167110%7C0-2,https://sg.shein.com/Coolane-Women-s-Summer-Vintage-Back-To-School-Casual-Hippie-Street-Oversized-Black-Cargo-Pants-p-87167110.html,True,"mallCode,pageListType,detailBusinessFrom",False,,87167110,True
374700942,3,1,3,"Women's Casual Loose Coffee Lover Graphic Round Neck T-Shirt, Suitable For Daily Wear And Street Style In Summer",S$4.99,https://sg.shein.com/Women-s-Casual-Loose-Coffee-Lover-Graphic-Round-Neck-T-Shirt-Suitable-For-Daily-Wear-And-Street-Style-In-Summer-p-374700942.html,https://sc.ltwebstatic.com/she_dist/images/bg-grey-solid-color-fc04c1310d.png,2026-06-02T16:22:59+08:00,,,,,2.5k+ sold,https://sg.shein.com/Women-s-Casual-Loose-Coffee-Lover-Graphic-Round-Neck-T-Shirt-Suitable-For-Daily-Wear-And-Street-Style-In-Summer-p-374700942.html?mallCode=1&pageListType=4&detailBusinessFrom=0-1_374700942%7C0-2,https://sg.shein.com/Women-s-Casual-Loose-Coffee-Lover-Graphic-Round-Neck-T-Shirt-Suitable-For-Daily-Wear-And-Street-Style-In-Summer-p-374700942.html,True,"mallCode,pageListType,detailBusinessFrom",False,,374700942,True
71629685,3,1,3,"SHEIN EZwear Striped Woven Women's Summer Casual Shorts,Comfy Shorts Sage Green Dress",S$0.91,https://sg.shein.com/SHEIN-EZwear-Striped-Woven-Women-s-Summer-Casual-Shorts-Comfy-Shorts-Sage-Green-Dress-p-71629685.html,https://sc.ltwebstatic.com/she_dist/images/bg-grey-solid-color-fc04c1310d.png,2026-06-02T16:22:59+08:00,,,,,SAVE S$0.91,https://sg.shein.com/SHEIN-EZwear-Striped-Woven-Women-s-Summer-Casual-Shorts-Comfy-Shorts-Sage-Green-Dress-p-71629685.html?mallCode=1&pageListType=4&detailBusinessFrom=0-1_71629685%7C0-2,https://sg.shein.com/SHEIN-EZwear-Striped-Woven-Women-s-Summer-Casual-Shorts-Comfy-Shorts-Sage-Green-Dress-p-71629685.html,True,"mallCode,pageListType,detailBusinessFrom",False,,71629685,True
22653753,3,1,3,"DAZY Women's Casual Solid Wide Leg Pants,Women Dress Pants",S$21.49,https://sg.shein.com/DAZY-Women-s-Casual-Solid-Wide-Leg-Pants-Women-Dress-Pants-p-22653753.html,https://sc.ltwebstatic.com/she_dist/images/bg-grey-solid-color-fc04c1310d.png,2026-06-02T16:22:59+08:00,,,,,17.3k+ sold,https://sg.shein.com/DAZY-Women-s-Casual-Solid-Wide-Leg-Pants-Women-Dress-Pants-p-22653753.html?mallCode=1&pageListType=4&detailBusinessFrom=0-1_22653753%7C0-2,https://sg.shein.com/DAZY-Women-s-Casual-Solid-Wide-Leg-Pants-Women-Dress-Pants-p-22653753.html,True,"mallCode,pageListType,detailBusinessFrom",False,,22653753,True
428549999,3,1,3,"Women's Summer Ice Silk Breathable Running Pants, Quick-Dry Lightweight Sports Trousers With Zipper Pockets & Elastic Waistband For Fitness & Jogging Spring",S$2.25,https://sg.shein.com/Women-s-Summer-Ice-Silk-Breathable-Running-Pants-Quick-Dry-Lightweight-Sports-Trousers-With-Zipper-Pockets-Elastic-Waistband-For-Fitness-Jogging-Spring-p-428549999.html,https://sc.ltwebstatic.com/she_dist/images/bg-grey-solid-color-fc04c1310d.png,2026-06-02T16:22:59+08:00,,,,,SAVE S$2.25,https://sg.shein.com/Women-s-Summer-Ice-Silk-Breathable-Running-Pants-Quick-Dry-Lightweight-Sports-Trousers-With-Zipper-Pockets-Elastic-Waistband-For-Fitness-Jogging-Spring-p-428549999.html?mallCode=1&pageListType=4&detailBusinessFrom=0-1_428549999%7C0-2,https://sg.shein.com/Women-s-Summer-Ice-Silk-Breathable-Running-Pants-Quick-Dry-Lightweight-Sports-Trousers-With-Zipper-Pockets-Elastic-Waistband-For-Fitness-Jogging-Spring-p-428549999.html,True,"mallCode,pageListType,detailBusinessFrom",False,,428549999,True
16078181,3,1,3,SHEIN EZwear Casual Solid High Waist Straight Leg Pants,S$14.49,https://sg.shein.com/SHEIN-EZwear-Casual-Solid-High-Waist-Straight-Leg-Pants-p-16078181.html,https://sc.ltwebstatic.com/she_dist/images/bg-grey-solid-color-fc04c1310d.png,2026-06-02T16:22:59+08:00,,,,,412 sold,https://sg.shein.com/SHEIN-EZwear-Casual-Solid-High-Waist-Straight-Leg-Pants-p-16078181.html?mallCode=1&pageListType=4&detailBusinessFrom=0-1_16078181%7C0-2,https://sg.shein.com/SHEIN-EZwear-Casual-Solid-High-Waist-Straight-Leg-Pants-p-16078181.html,True,"mallCode,pageListType,detailBusinessFrom",False,,16078181,True
413484627,3,1,3,"Vaiaye Women's Fashion Lingerie Style Top, Spring/Autumn/Summer Striped Print Round Neck Slim Fit Casual Vacation Sexy Camisole, Suitable For Beach & Daily Wear",S$7.49,https://sg.shein.com/Vaiaye-Women-s-Fashion-Lingerie-Style-Top-Spring-Autumn-Summer-Striped-Print-Round-Neck-Slim-Fit-Casual-Vacation-Sexy-Camisole-Suitable-For-Beach-Daily-Wear-p-413484627.html,https://sc.ltwebstatic.com/she_dist/images/bg-grey-solid-color-fc04c1310d.png,2026-06-02T16:22:59+08:00,,,,,48.1k+ sold,https://sg.shein.com/Vaiaye-Women-s-Fashion-Lingerie-Style-Top-Spring-Autumn-Summer-Striped-Print-Round-Neck-Slim-Fit-Casual-Vacation-Sexy-Camisole-Suitable-For-Beach-Daily-Wear-p-413484627.html?mallCode=1&pageListType=4&detailBusinessFrom=0-1_413484627%7C0-2,https://sg.shein.com/Vaiaye-Women-s-Fashion-Lingerie-Style-Top-Spring-Autumn-Summer-Striped-Print-Round-Neck-Slim-Fit-Casual-Vacation-Sexy-Camisole-Suitable-For-Beach-Daily-Wear-p-413484627.html,True,"mallCode,pageListType,detailBusinessFrom",False,,413484627,True
59277024,3,1,3,GAOVOT Women's Y2K Sexy Minimalist Sexy Basic Casual Sports Camisole White Summer,S$10.49,https://sg.shein.com/GAOVOT-Women-s-Y2K-Sexy-Minimalist-Sexy-Basic-Casual-Sports-Camisole-White-Summer-p-59277024.html,https://sc.ltwebstatic.com/she_dist/images/bg-grey-solid-color-fc04c1310d.png,2026-06-02T16:22:59+08:00,,,,,7.4k+ sold,https://sg.shein.com/GAOVOT-Women-s-Y2K-Sexy-Minimalist-Sexy-Basic-Casual-Sports-Camisole-White-Summer-p-59277024.html?mallCode=1&pageListType=4&detailBusinessFrom=0-1_59277024%7C0-2,https://sg.shein.com/GAOVOT-Women-s-Y2K-Sexy-Minimalist-Sexy-Basic-Casual-Sports-Camisole-White-Summer-p-59277024.html,True,"mallCode,pageListType,detailBusinessFrom",False,,59277024,True
378602669,3,1,3,Everyssa Women's Striped Crew Neck Casual Versatile Daily Wear Short Sleeve T-Shirt,S$0.78,https://sg.shein.com/Everyssa-Women-s-Striped-Crew-Neck-Casual-Versatile-Daily-Wear-Short-Sleeve-T-Shirt-p-378602669.html,https://sc.ltwebstatic.com/she_dist/images/bg-grey-solid-color-fc04c1310d.png,2026-06-02T16:22:59+08:00,,,,,SAVE S$0.78,https://sg.shein.com/Everyssa-Women-s-Striped-Crew-Neck-Casual-Versatile-Daily-Wear-Short-Sleeve-T-Shirt-p-378602669.html?mallCode=1&pageListType=4&detailBusinessFrom=0-1_378602669%7C0-2,https://sg.shein.com/Everyssa-Women-s-Striped-Crew-Neck-Casual-Versatile-Daily-Wear-Short-Sleeve-T-Shirt-p-378602669.html,True,"mallCode,pageListType,detailBusinessFrom",False,,378602669,True
426060372,3,1,3,"Psalm 23 Floral Pattern T-Shirt, Christian Faith Graphic Tee, Vintage Washed Casual Short Sleeve, Bohemian Street Style",S$0.71,https://sg.shein.com/Psalm-23-Floral-Pattern-T-Shirt-Christian-Faith-Graphic-Tee-Vintage-Washed-Casual-Short-Sleeve-Bohemian-Street-Style-p-426060372.html,https://sc.ltwebstatic.com/she_dist/images/bg-grey-solid-color-fc04c1310d.png,2026-06-02T16:22:59+08:00,,,,,SAVE S$0.71,https://sg.shein.com/Psalm-23-Floral-Pattern-T-Shirt-Christian-Faith-Graphic-Tee-Vintage-Washed-Casual-Short-Sleeve-Bohemian-Street-Style-p-426060372.html?mallCode=1&pageListType=4&detailBusinessFrom=0-1_426060372%7C0-2,https://sg.shein.com/Psalm-23-Floral-Pattern-T-Shirt-Christian-Faith-Graphic-Tee-Vintage-Washed-Casual-Short-Sleeve-Bohemian-Street-Style-p-426060372.html,True,"mallCode,pageListType,detailBusinessFrom",False,,426060372,True
345338096,3,1,3,"SHEIN Women's Casual Letter Print Short Sleeve Slim Fit T-Shirt, Summer",S$1.04,https://sg.shein.com/SHEIN-Women-s-Casual-Letter-Print-Short-Sleeve-Slim-Fit-T-Shirt-Summer-p-345338096.html,https://sc.ltwebstatic.com/she_dist/images/bg-grey-solid-color-fc04c1310d.png,2026-06-02T16:22:59+08:00,,,,,Save S$1.04,https://sg.shein.com/SHEIN-Women-s-Casual-Letter-Print-Short-Sleeve-Slim-Fit-T-Shirt-Summer-p-345338096.html?mallCode=1&pageListType=4&detailBusinessFrom=0-1_345338096%7C0-2,https://sg.shein.com/SHEIN-Women-s-Casual-Letter-Print-Short-Sleeve-Slim-Fit-T-Shirt-Summer-p-345338096.html,True,"mallCode,pageListType,detailBusinessFrom",False,,345338096,True
448395891,3,1,3,"Resyla American Retro Coconut Print White Top For Women,Cute Slim-Fit T-Shirt,Summer Vacation Holiday Essential,Fashionable Mother's Day Gift For Mom",S$5.99,https://sg.shein.com/Resyla-American-Retro-Coconut-Print-White-Top-For-Women-Cute-Slim-Fit-T-Shirt-Summer-Vacation-Holiday-Essential-Fashionable-Mother-s-Day-Gift-For-Mom-p-448395891.html,https://sc.ltwebstatic.com/she_dist/images/bg-grey-solid-color-fc04c1310d.png,2026-06-02T16:22:59+08:00,,,,,957 sold,https://sg.shein.com/Resyla-American-Retro-Coconut-Print-White-Top-For-Women-Cute-Slim-Fit-T-Shirt-Summer-Vacation-Holiday-Essential-Fashionable-Mother-s-Day-Gift-For-Mom-p-448395891.html?mallCode=1&pageListType=4&detailBusinessFrom=0-1_448395891%7C0-2,https://sg.shein.com/Resyla-American-Retro-Coconut-Print-White-Top-For-Women-Cute-Slim-Fit-T-Shirt-Summer-Vacation-Holiday-Essential-Fashionable-Mother-s-Day-Gift-For-Mom-p-448395891.html,True,"mallCode,pageListType,detailBusinessFrom",False,,448395891,True
60451061,3,1,3,"XLLAIS Women's Solid Color Square Neck Sleeveless Tank Top, Fitted Casual Wear, White, Spring/Summer",S$11.99,https://sg.shein.com/XLLAIS-Women-s-Solid-Color-Square-Neck-Sleeveless-Tank-Top-Fitted-Casual-Wear-White-Spring-Summer-p-60451061.html,https://sc.ltwebstatic.com/she_dist/images/bg-grey-solid-color-fc04c1310d.png,2026-06-02T16:22:59+08:00,,,,,4.9k+ sold,https://sg.shein.com/XLLAIS-Women-s-Solid-Color-Square-Neck-Sleeveless-Tank-Top-Fitted-Casual-Wear-White-Spring-Summer-p-60451061.html?mallCode=1&pageListType=4&detailBusinessFrom=0-1_60451061%7C0-2,https://sg.shein.com/XLLAIS-Women-s-Solid-Color-Square-Neck-Sleeveless-Tank-Top-Fitted-Casual-Wear-White-Spring-Summer-p-60451061.html,True,"mallCode,pageListType,detailBusinessFrom",False,,60451061,True
417618841,3,3,"3,4,6","Women's Casual Bohemian Style White Elastic Waist Pocket Linen Wide Leg Pants, Summer Spring",S$11.49,https://sg.shein.com/Women-s-Casual-Bohemian-Style-White-Elastic-Waist-Pocket-Linen-Wide-Leg-Pants-Summer-Spring-p-417618841.html,https://sc.ltwebstatic.com/she_dist/images/bg-grey-solid-color-fc04c1310d.png,2026-06-02T16:22:59+08:00,,,,,5k+ sold,https://sg.shein.com/Women-s-Casual-Bohemian-Style-White-Elastic-Waist-Pocket-Linen-Wide-Leg-Pants-Summer-Spring-p-417618841.html?mallCode=1&pageListType=4&detailBusinessFrom=0-1_417618841%7C0-2,https://sg.shein.com/Women-s-Casual-Bohemian-Style-White-Elastic-Waist-Pocket-Linen-Wide-Leg-Pants-Summer-Spring-p-417618841.html,True,"mallCode,pageListType,detailBusinessFrom",False,,417618841,True
28065020,3,1,3,"XLLAIS 2026 Basic Solid Color Crew Neck Short Sleeve Fitted Casual T-Shirt For Women, Holiday Black Top Summer",S$8.99,https://sg.shein.com/XLLAIS-2026-Basic-Solid-Color-Crew-Neck-Short-Sleeve-Fitted-Casual-T-Shirt-For-Women-Holiday-Black-Top-Summer-p-28065020.html,https://sc.ltwebstatic.com/she_dist/images/bg-grey-solid-color-fc04c1310d.png,2026-06-02T16:22:59+08:00,,,,,15.6k+ sold,https://sg.shein.com/XLLAIS-2026-Basic-Solid-Color-Crew-Neck-Short-Sleeve-Fitted-Casual-T-Shirt-For-Women-Holiday-Black-Top-Summer-p-28065020.html?mallCode=1&pageListType=4&detailBusinessFrom=0-1_28065020%7C0-2,https://sg.shein.com/XLLAIS-2026-Basic-Solid-Color-Crew-Neck-Short-Sleeve-Fitted-Casual-T-Shirt-For-Women-Holiday-Black-Top-Summer-p-28065020.html,True,"mallCode,pageListType,detailBusinessFrom",False,,28065020,True
47885106,3,1,3,"DAZY Women's Solid Color Off Shoulder Fitted Black Short Sleeve T-Shirt, Spring/Summer",S$7.49,https://sg.shein.com/DAZY-Women-s-Solid-Color-Off-Shoulder-Fitted-Black-Short-Sleeve-T-Shirt-Spring-Summer-p-47885106.html,https://sc.ltwebstatic.com/she_dist/images/bg-grey-solid-color-fc04c1310d.png,2026-06-02T16:22:59+08:00,,,,,12.7k+ sold,https://sg.shein.com/DAZY-Women-s-Solid-Color-Off-Shoulder-Fitted-Black-Short-Sleeve-T-Shirt-Spring-Summer-p-47885106.html?mallCode=1&pageListType=4&detailBusinessFrom=0-1_47885106%7C0-2,https://sg.shein.com/DAZY-Women-s-Solid-Color-Off-Shoulder-Fitted-Black-Short-Sleeve-T-Shirt-Spring-Summer-p-47885106.html,True,"mallCode,pageListType,detailBusinessFrom",False,,47885106,True
4687197,3,1,3,SHEIN EZwear Summer Solid High Waist Straight Leg Pants,S$17.99,https://sg.shein.com/SHEIN-EZwear-Summer-Solid-High-Waist-Straight-Leg-Pants-p-4687197.html,https://sc.ltwebstatic.com/she_dist/images/bg-grey-solid-color-fc04c1310d.png,2026-06-02T16:22:59+08:00,,,(1000+),,3.3k+ sold,https://sg.shein.com/SHEIN-EZwear-Summer-Solid-High-Waist-Straight-Leg-Pants-p-4687197.html?mallCode=1&pageListType=4&detailBusinessFrom=0-1_4687197%7C0-2,https://sg.shein.com/SHEIN-EZwear-Summer-Solid-High-Waist-Straight-Leg-Pants-p-4687197.html,True,"mallCode,pageListType,detailBusinessFrom",False,,4687197,True
38226910,3,1,3,"SHEIN EZwear Women's High-Waisted Belted Wide Leg Pants,Black Winter Casual Smart Office Ladies Spring/Fall Button,Pocket,Zipper Straight Leg Loose Long Trousers",S$19.19,https://sg.shein.com/SHEIN-EZwear-Women-s-High-Waisted-Belted-Wide-Leg-Pants-Black-Winter-Casual-Smart-Office-Ladies-Spring-Fall-Button-Pocket-Zipper-Straight-Leg-Loose-Long-Trousers-p-38226910.html,https://sc.ltwebstatic.com/she_dist/images/bg-grey-solid-color-fc04c1310d.png,2026-06-02T16:22:59+08:00,,-4%,,,13.7k+ sold,https://sg.shein.com/SHEIN-EZwear-Women-s-High-Waisted-Belted-Wide-Leg-Pants-Black-Winter-Casual-Smart-Office-Ladies-Spring-Fall-Button-Pocket-Zipper-Straight-Leg-Loose-Long-Trousers-p-38226910.html?mallCode=1&pageListType=4&detailBusinessFrom=0-1_38226910%7C0-2,https://sg.shein.com/SHEIN-EZwear-Women-s-High-Waisted-Belted-Wide-Leg-Pants-Black-Winter-Casual-Smart-Office-Ladies-Spring-Fall-Button-Pocket-Zipper-Straight-Leg-Loose-Long-Trousers-p-38226910.html,True,"mallCode,pageListType,detailBusinessFrom",False,,38226910,True
419407380,3,1,3,"Summer New Short Sleeve Mid-Length T-Shirt For Women, Cute Printed Fashionable Gray Top Casual",S$6.71,https://sg.shein.com/Summer-New-Short-Sleeve-Mid-Length-T-Shirt-For-Women-Cute-Printed-Fashionable-Gray-Top-Casual-p-419407380.html,https://sc.ltwebstatic.com/she_dist/images/bg-grey-solid-color-fc04c1310d.png,2026-06-02T16:22:59+08:00,,-4%,,,4.5k+ sold,https://sg.shein.com/Summer-New-Short-Sleeve-Mid-Length-T-Shirt-For-Women-Cute-Printed-Fashionable-Gray-Top-Casual-p-419407380.html?mallCode=1&pageListType=4&detailBusinessFrom=0-1_419407380%7C0-2,https://sg.shein.com/Summer-New-Short-Sleeve-Mid-Length-T-Shirt-For-Women-Cute-Printed-Fashionable-Gray-Top-Casual-p-419407380.html,True,"mallCode,pageListType,detailBusinessFrom",False,,419407380,True
421888367,3,1,3,Vintage Rome City Graphic Round Neck T-Shirt - Retro Travel Aesthetic Streetwear Essentials | Minimalist Y2K Viral Tee With Iconic Italian Flag Badge And Triple Star Details Casual Summer,S$0.67,https://sg.shein.com/Vintage-Rome-City-Graphic-Round-Neck-T-Shirt-Retro-Travel-Aesthetic-Streetwear-Essentials-Minimalist-Y2K-Viral-Tee-With-Iconic-Italian-Flag-Badge-And-Triple-Star-Details-Casual-Summer-p-421888367.html,https://sc.ltwebstatic.com/she_dist/images/bg-grey-solid-color-fc04c1310d.png,2026-06-02T16:22:59+08:00,,,,,SAVE S$0.67,https://sg.shein.com/Vintage-Rome-City-Graphic-Round-Neck-T-Shirt-Retro-Travel-Aesthetic-Streetwear-Essentials-Minimalist-Y2K-Viral-Tee-With-Iconic-Italian-Flag-Badge-And-Triple-Star-Details-Casual-Summer-p-421888367.html?mallCode=1&pageListType=4&detailBusinessFrom=0-1_421888367%7C0-2,https://sg.shein.com/Vintage-Rome-City-Graphic-Round-Neck-T-Shirt-Retro-Travel-Aesthetic-Streetwear-Essentials-Minimalist-Y2K-Viral-Tee-With-Iconic-Italian-Flag-Badge-And-Triple-Star-Details-Casual-Summer-p-421888367.html,True,"mallCode,pageListType,detailBusinessFrom",False,,421888367,True
36391039,3,2,"3,4",SHEIN PETITE Ladies' Solid Color Simple Everyday Casual Trousers,S$16.99,https://sg.shein.com/SHEIN-PETITE-Ladies-Solid-Color-Simple-Everyday-Casual-Trousers-p-36391039.html,https://sc.ltwebstatic.com/she_dist/images/bg-grey-solid-color-fc04c1310d.png,2026-06-02T16:22:59+08:00,,,,,25.5k+ sold,https://sg.shein.com/SHEIN-PETITE-Ladies-Solid-Color-Simple-Everyday-Casual-Trousers-p-36391039.html?mallCode=1&pageListType=4&detailBusinessFrom=0-1_36391039%7C0-2,https://sg.shein.com/SHEIN-PETITE-Ladies-Solid-Color-Simple-Everyday-Casual-Trousers-p-36391039.html,True,"mallCode,pageListType,detailBusinessFrom",False,,36391039,True
76635664,3,1,3,EMERY ROSE Women's Casual Solid Color Wide Leg Pants Fall Cloth For Women,S$13.49,https://sg.shein.com/EMERY-ROSE-Women-s-Casual-Solid-Color-Wide-Leg-Pants-Fall-Cloth-For-Women-p-76635664.html,https://sc.ltwebstatic.com/she_dist/images/bg-grey-solid-color-fc04c1310d.png,2026-06-02T16:22:59+08:00,,,,,9.6k+ sold,https://sg.shein.com/EMERY-ROSE-Women-s-Casual-Solid-Color-Wide-Leg-Pants-Fall-Cloth-For-Women-p-76635664.html?mallCode=1&pageListType=4&detailBusinessFrom=0-1_76635664%7C0-2,https://sg.shein.com/EMERY-ROSE-Women-s-Casual-Solid-Color-Wide-Leg-Pants-Fall-Cloth-For-Women-p-76635664.html,True,"mallCode,pageListType,detailBusinessFrom",False,,76635664,True
18813630,3,2,"3,4",SHEIN EZwear Spring Solid Pleated Detail Casual Wide Leg Pants,S$18.49,https://sg.shein.com/SHEIN-EZwear-Spring-Solid-Pleated-Detail-Casual-Wide-Leg-Pants-p-18813630.html,https://sc.ltwebstatic.com/she_dist/images/bg-grey-solid-color-fc04c1310d.png,2026-06-02T16:22:59+08:00,,,,,28.8k+ sold,https://sg.shein.com/SHEIN-EZwear-Spring-Solid-Pleated-Detail-Casual-Wide-Leg-Pants-p-18813630.html?mallCode=1&pageListType=4&detailBusinessFrom=0-1_18813630%7C0-2,https://sg.shein.com/SHEIN-EZwear-Spring-Solid-Pleated-Detail-Casual-Wide-Leg-Pants-p-18813630.html,True,"mallCode,pageListType,detailBusinessFrom",False,,18813630,True
72882535,3,4,"3,4,5,8","Plivvot Women Casual Versatile Solid Color T-Shirt, Short Sleeve Top For Summer",S$1.32,https://sg.shein.com/Plivvot-Women-Casual-Versatile-Solid-Color-T-Shirt-Short-Sleeve-Top-For-Summer-p-72882535.html,https://sc.ltwebstatic.com/she_dist/images/bg-grey-solid-color-fc04c1310d.png,2026-06-02T16:22:59+08:00,,,,,SAVE S$1.32,https://sg.shein.com/Plivvot-Women-Casual-Versatile-Solid-Color-T-Shirt-Short-Sleeve-Top-For-Summer-p-72882535.html?mallCode=1&pageListType=4&detailBusinessFrom=0-1_72882535%7C0-2,https://sg.shein.com/Plivvot-Women-Casual-Versatile-Solid-Color-T-Shirt-Short-Sleeve-Top-For-Summer-p-72882535.html,True,"mallCode,pageListType,detailBusinessFrom",False,,72882535,True
169350914,3,2,"3,4","DAZY Women's Regular Waistline Decorative Loose Banana Pants, Casual City Style Jeans",S$25.99,https://sg.shein.com/DAZY-Women-s-Regular-Waistline-Decorative-Loose-Banana-Pants-Casual-City-Style-Jeans-p-169350914.html,https://sc.ltwebstatic.com/she_dist/images/bg-grey-solid-color-fc04c1310d.png,2026-06-02T16:22:59+08:00,,,,,13k+ sold,https://sg.shein.com/DAZY-Women-s-Regular-Waistline-Decorative-Loose-Banana-Pants-Casual-City-Style-Jeans-p-169350914.html?mallCode=1&pageListType=4&detailBusinessFrom=0-1_169350914%7C0-2,https://sg.shein.com/DAZY-Women-s-Regular-Waistline-Decorative-Loose-Banana-Pants-Casual-City-Style-Jeans-p-169350914.html,True,"mallCode,pageListType,detailBusinessFrom",False,,169350914,True
360459173,3,1,3,Firerie Women's Casual Elegant Chic High Waist Textured Wide Leg Pants For Back To School And Commuting Office Black Winter,S$14.99,https://sg.shein.com/Firerie-Women-s-Casual-Elegant-Chic-High-Waist-Textured-Wide-Leg-Pants-For-Back-To-School-And-Commuting-Office-Black-Winter-p-360459173.html,https://sc.ltwebstatic.com/she_dist/images/bg-grey-solid-color-fc04c1310d.png,2026-06-02T16:22:59+08:00,,,,,2k+ sold,https://sg.shein.com/Firerie-Women-s-Casual-Elegant-Chic-High-Waist-Textured-Wide-Leg-Pants-For-Back-To-School-And-Commuting-Office-Black-Winter-p-360459173.html?mallCode=1&pageListType=4&detailBusinessFrom=0-1_360459173%7C0-2,https://sg.shein.com/Firerie-Women-s-Casual-Elegant-Chic-High-Waist-Textured-Wide-Leg-Pants-For-Back-To-School-And-Commuting-Office-Black-Winter-p-360459173.html,True,"mallCode,pageListType,detailBusinessFrom",False,,360459173,True
59288276,4,2,"4,10",SHEIN PETITE White Women's Shirt Waist Cinch Pleated Short Sleeve Shirt,S$12.99,https://sg.shein.com/SHEIN-PETITE-White-Women-s-Shirt-Waist-Cinch-Pleated-Short-Sleeve-Shirt-p-59288276.html,https://img.ltwebstatic.com/images3_pi/2025/03/03/53/1740986393227a46d6e911ff18eb5ba11dc848ce31_thumbnail_600x.webp,2026-06-02T16:24:45+08:00,,,,,6.3k+ sold,https://sg.shein.com/SHEIN-PETITE-White-Women-s-Shirt-Waist-Cinch-Pleated-Short-Sleeve-Shirt-p-59288276.html?mallCode=1&pageListType=4&detailBusinessFrom=0-1_59288276%7C0-2,https://sg.shein.com/SHEIN-PETITE-White-Women-s-Shirt-Waist-Cinch-Pleated-Short-Sleeve-Shirt-p-59288276.html,True,"mallCode,pageListType,detailBusinessFrom",False,,59288276,True
83450765,4,1,4,"Aloruh Loose Textured Casual Wide Leg Pants, Summer Resort Wear, Fall Women , Vacation Women",S$1.62,https://sg.shein.com/Aloruh-Loose-Textured-Casual-Wide-Leg-Pants-Summer-Resort-Wear-Fall-Women-Vacation-Women-p-83450765.html,https://img.ltwebstatic.com/v4/j/pi/2025/05/22/b0/17478915926e2c54380e1a50a1bd2fd9652656e298_thumbnail_600x.webp,2026-06-02T16:24:45+08:00,,,,,SAVE S$1.62,https://sg.shein.com/Aloruh-Loose-Textured-Casual-Wide-Leg-Pants-Summer-Resort-Wear-Fall-Women-Vacation-Women-p-83450765.html?mallCode=1&pageListType=4&detailBusinessFrom=0-1_83450765%7C0-2,https://sg.shein.com/Aloruh-Loose-Textured-Casual-Wide-Leg-Pants-Summer-Resort-Wear-Fall-Women-Vacation-Women-p-83450765.html,True,"mallCode,pageListType,detailBusinessFrom",False,,83450765,True
225674364,4,2,"4,5","Women's Minimalist Design Flared Leg Casual Trousers, Suitable For Commuting, Office, Daily Wear, All Seasons Spring Black",S$16.49,https://sg.shein.com/Women-s-Minimalist-Design-Flared-Leg-Casual-Trousers-Suitable-For-Commuting-Office-Daily-Wear-All-Seasons-Spring-Black-p-225674364.html,https://img.ltwebstatic.com/v4/j/spmp/2025/10/19/53/1760840675e26c7a2ec7864ab6088d866e16ce9d36_thumbnail_600x.webp,2026-06-02T16:24:45+08:00,,,,,22.1k+ sold,https://sg.shein.com/Women-s-Minimalist-Design-Flared-Leg-Casual-Trousers-Suitable-For-Commuting-Office-Daily-Wear-All-Seasons-Spring-Black-p-225674364.html?mallCode=1&pageListType=4&detailBusinessFrom=0-1_225674364%7C0-2,https://sg.shein.com/Women-s-Minimalist-Design-Flared-Leg-Casual-Trousers-Suitable-For-Commuting-Office-Daily-Wear-All-Seasons-Spring-Black-p-225674364.html,True,"mallCode,pageListType,detailBusinessFrom",False,,225674364,True
393655489,4,1,4,"Resyla Women's Casual Outdoor Strawberry & Fruit Graphic Tee, Sweet Summer For Dates, Back To School, Teacher's Day, White Short Sleeve T-Shirt",S$3.99,https://sg.shein.com/Resyla-Women-s-Casual-Outdoor-Strawberry-Fruit-Graphic-Tee-Sweet-Summer-For-Dates-Back-To-School-Teacher-s-Day-White-Short-Sleeve-T-Shirt-p-393655489.html,https://img.ltwebstatic.com/v4/j/pi/2026/02/01/12/1769938973e827a34b7174732ade08310796b18a90_thumbnail_600x.webp,2026-06-02T16:24:45+08:00,,-47%,,,4.9k+ sold,https://sg.shein.com/Resyla-Women-s-Casual-Outdoor-Strawberry-Fruit-Graphic-Tee-Sweet-Summer-For-Dates-Back-To-School-Teacher-s-Day-White-Short-Sleeve-T-Shirt-p-393655489.html?mallCode=1&pageListType=4&detailBusinessFrom=0-1_393655489%7C0-2,https://sg.shein.com/Resyla-Women-s-Casual-Outdoor-Strawberry-Fruit-Graphic-Tee-Sweet-Summer-For-Dates-Back-To-School-Teacher-s-Day-White-Short-Sleeve-T-Shirt-p-393655489.html,True,"mallCode,pageListType,detailBusinessFrom",False,,393655489,True
448882768,4,2,"4,10","Muchica Women's Beige Multicolor Striped Loose Fit Oversize Short Sleeve T-Shirt,Summer Casual City Break Style,Cute Retro Vintage Y2K Soft Clean Girl Top",S$8.99,https://sg.shein.com/Muchica-Women-s-Beige-Multicolor-Striped-Loose-Fit-Oversize-Short-Sleeve-T-Shirt-Summer-Casual-City-Break-Style-Cute-Retro-Vintage-Y2K-Soft-Clean-Girl-Top-p-448882768.html,https://img.ltwebstatic.com/v4/j/pi/2026/04/21/7c/177677183941eed29b223fb3737d0659381f0680cc_thumbnail_600x.webp,2026-06-02T16:24:45+08:00,,,,,724 sold,https://sg.shein.com/Muchica-Women-s-Beige-Multicolor-Striped-Loose-Fit-Oversize-Short-Sleeve-T-Shirt-Summer-Casual-City-Break-Style-Cute-Retro-Vintage-Y2K-Soft-Clean-Girl-Top-p-448882768.html?mallCode=1&pageListType=4&detailBusinessFrom=0-1_448882768%7C0-2,https://sg.shein.com/Muchica-Women-s-Beige-Multicolor-Striped-Loose-Fit-Oversize-Short-Sleeve-T-Shirt-Summer-Casual-City-Break-Style-Cute-Retro-Vintage-Y2K-Soft-Clean-Girl-Top-p-448882768.html,True,"mallCode,pageListType,detailBusinessFrom",False,,448882768,True
450142407,4,1,4,"Lucky Dice Pattern T-Shirt, Y2K Aesthetic Graphic Tee, Retro Lucky Vibe Casual Short Sleeve, Streetwear Style Top Black Summer",S$4.64,https://sg.shein.com/Lucky-Dice-Pattern-T-Shirt-Y2K-Aesthetic-Graphic-Tee-Retro-Lucky-Vibe-Casual-Short-Sleeve-Streetwear-Style-Top-Black-Summer-p-450142407.html,https://img.ltwebstatic.com/v4/j/spmp/2026/04/24/27/17770278341951970088288431591c77a6f51b0ded_thumbnail_600x.webp,2026-06-02T16:24:45+08:00,,-7%,,,112 sold,https://sg.shein.com/Lucky-Dice-Pattern-T-Shirt-Y2K-Aesthetic-Graphic-Tee-Retro-Lucky-Vibe-Casual-Short-Sleeve-Streetwear-Style-Top-Black-Summer-p-450142407.html?mallCode=1&pageListType=4&detailBusinessFrom=0-1_450142407%7C0-2,https://sg.shein.com/Lucky-Dice-Pattern-T-Shirt-Y2K-Aesthetic-Graphic-Tee-Retro-Lucky-Vibe-Casual-Short-Sleeve-Streetwear-Style-Top-Black-Summer-p-450142407.html,True,"mallCode,pageListType,detailBusinessFrom",False,,450142407,True
36389888,4,1,4,INAWLY Solva Women's Summer Solid Color Round Neck Short Sleeve Pleated Casual T-Shirt,S$10.49,https://sg.shein.com/INAWLY-Solva-Women-s-Summer-Solid-Color-Round-Neck-Short-Sleeve-Pleated-Casual-T-Shirt-p-36389888.html,https://img.ltwebstatic.com/images3_pi/2024/06/06/71/17176390282bc6595c04674c0a8340cf9cc432301c_thumbnail_600x.webp,2026-06-02T16:24:45+08:00,,,,,3.4k+ sold,https://sg.shein.com/INAWLY-Solva-Women-s-Summer-Solid-Color-Round-Neck-Short-Sleeve-Pleated-Casual-T-Shirt-p-36389888.html?mallCode=1&pageListType=4&detailBusinessFrom=0-1_36389888%7C0-2,https://sg.shein.com/INAWLY-Solva-Women-s-Summer-Solid-Color-Round-Neck-Short-Sleeve-Pleated-Casual-T-Shirt-p-36389888.html,True,"mallCode,pageListType,detailBusinessFrom",False,,36389888,True
54215147,4,1,4,SHEIN PETITE Women's Simple Casual Fashion Back-To-School Season Old Money Commuting High-Waist Texture Wide-Leg Trousers,S$13.49,https://sg.shein.com/SHEIN-PETITE-Women-s-Simple-Casual-Fashion-Back-To-School-Season-Old-Money-Commuting-High-Waist-Texture-Wide-Leg-Trousers-p-54215147.html,https://img.ltwebstatic.com/images3_pi/2025/01/20/86/1737369712ed68cc29a26a7615cc16c1001c079f3b_thumbnail_600x.webp,2026-06-02T16:24:45+08:00,,,(1000+),,34.3k+ sold,https://sg.shein.com/SHEIN-PETITE-Women-s-Simple-Casual-Fashion-Back-To-School-Season-Old-Money-Commuting-High-Waist-Texture-Wide-Leg-Trousers-p-54215147.html?mallCode=1&pageListType=4&detailBusinessFrom=0-1_54215147%7C0-2,https://sg.shein.com/SHEIN-PETITE-Women-s-Simple-Casual-Fashion-Back-To-School-Season-Old-Money-Commuting-High-Waist-Texture-Wide-Leg-Trousers-p-54215147.html,True,"mallCode,pageListType,detailBusinessFrom",False,,54215147,True
71638003,4,1,4,DAZY Women's Summer 2 In 1 Ruffled Bowknot Short Sleeve T-Shirt,S$1.50,https://sg.shein.com/DAZY-Women-s-Summer-2-In-1-Ruffled-Bowknot-Short-Sleeve-T-Shirt-p-71638003.html,https://img.ltwebstatic.com/v4/j/pi/2025/09/16/28/17580076204e6d39fee7b1c749df8d66c4a84ad16b_thumbnail_600x.webp,2026-06-02T16:24:45+08:00,,,,,SAVE S$1.50,https://sg.shein.com/DAZY-Women-s-Summer-2-In-1-Ruffled-Bowknot-Short-Sleeve-T-Shirt-p-71638003.html?mallCode=1&pageListType=4&detailBusinessFrom=0-1_71638003%7C0-2,https://sg.shein.com/DAZY-Women-s-Summer-2-In-1-Ruffled-Bowknot-Short-Sleeve-T-Shirt-p-71638003.html,True,"mallCode,pageListType,detailBusinessFrom",False,,71638003,True
288225924,4,1,4,"Women's Soft Satin V-Neck Asymmetric Lace Trim Hem Fitted Camisole Top, Semi-Sheer Eyelash Lace Design, Suitable For Date Night, Casual Street Style, And Slouchy Atmosphere, Beach Vacation Outfit Black Summer",S$8.49,https://sg.shein.com/Women-s-Soft-Satin-V-Neck-Asymmetric-Lace-Trim-Hem-Fitted-Camisole-Top-Semi-Sheer-Eyelash-Lace-Design-Suitable-For-Date-Night-Casual-Street-Style-And-Slouchy-Atmosphere-Beach-Vacation-Outfit-Black-Summer-p-288225924.html,https://img.ltwebstatic.com/v4/j/spmp/2026/02/17/ca/1771301407eb036a493c0b1fb3a1c924a64ea1adb4_thumbnail_600x.webp,2026-06-02T16:24:45+08:00,,,,,18.7k+ sold,https://sg.shein.com/Women-s-Soft-Satin-V-Neck-Asymmetric-Lace-Trim-Hem-Fitted-Camisole-Top-Semi-Sheer-Eyelash-Lace-Design-Suitable-For-Date-Night-Casual-Street-Style-And-Slouchy-Atmosphere-Beach-Vacation-Outfit-Black-Summer-p-288225924.html?mallCode=1&pageListType=4&detailBusinessFrom=0-1_288225924%7C0-2,https://sg.shein.com/Women-s-Soft-Satin-V-Neck-Asymmetric-Lace-Trim-Hem-Fitted-Camisole-Top-Semi-Sheer-Eyelash-Lace-Design-Suitable-For-Date-Night-Casual-Street-Style-And-Slouchy-Atmosphere-Beach-Vacation-Outfit-Black-Summer-p-288225924.html,True,"mallCode,pageListType,detailBusinessFrom",False,,288225924,True
29399309,4,1,4,SHEIN PETITE Solid Color High Waisted Straight Leg Pants,S$20.99,https://sg.shein.com/SHEIN-PETITE-Solid-Color-High-Waisted-Straight-Leg-Pants-p-29399309.html,https://img.ltwebstatic.com/images3_pi/2024/01/22/d8/17058890859665e8ac685c62a4539f52a0bb4713dc_thumbnail_600x.webp,2026-06-02T16:24:45+08:00,,,,,1.2k+ sold,https://sg.shein.com/SHEIN-PETITE-Solid-Color-High-Waisted-Straight-Leg-Pants-p-29399309.html?mallCode=1&pageListType=4&detailBusinessFrom=0-1_29399309%7C0-2,https://sg.shein.com/SHEIN-PETITE-Solid-Color-High-Waisted-Straight-Leg-Pants-p-29399309.html,True,"mallCode,pageListType,detailBusinessFrom",False,,29399309,True
46714706,4,1,4,"DAZY 1pc Women's Elongated Flare Leg Pants, Slimming And Leg Lengthening,Women Dress Pants",S$21.49,https://sg.shein.com/DAZY-1pc-Women-s-Elongated-Flare-Leg-Pants-Slimming-And-Leg-Lengthening-Women-Dress-Pants-p-46714706.html,https://img.ltwebstatic.com/v4/j/pi/2025/09/15/43/1757902773ea4c1358c0a347e325e578ace0f8684d_thumbnail_600x.webp,2026-06-02T16:24:45+08:00,,,,,7.4k+ sold,https://sg.shein.com/DAZY-1pc-Women-s-Elongated-Flare-Leg-Pants-Slimming-And-Leg-Lengthening-Women-Dress-Pants-p-46714706.html?mallCode=1&pageListType=4&detailBusinessFrom=0-1_46714706%7C0-2,https://sg.shein.com/DAZY-1pc-Women-s-Elongated-Flare-Leg-Pants-Slimming-And-Leg-Lengthening-Women-Dress-Pants-p-46714706.html,True,"mallCode,pageListType,detailBusinessFrom",False,,46714706,True
60903850,4,1,4,Franclia Women's White Casual Work Pants Fall Cloth For Women,S$16.99,https://sg.shein.com/Franclia-Women-s-White-Casual-Work-Pants-Fall-Cloth-For-Women-p-60903850.html,https://img.ltwebstatic.com/v4/j/pi/2025/10/09/9c/175998244866a348301934e62b71cad18631c4e2fe_thumbnail_600x.webp,2026-06-02T16:24:45+08:00,,,,,2.1k+ sold,https://sg.shein.com/Franclia-Women-s-White-Casual-Work-Pants-Fall-Cloth-For-Women-p-60903850.html?mallCode=1&pageListType=4&detailBusinessFrom=0-1_60903850%7C0-2,https://sg.shein.com/Franclia-Women-s-White-Casual-Work-Pants-Fall-Cloth-For-Women-p-60903850.html,True,"mallCode,pageListType,detailBusinessFrom",False,,60903850,True
327442493,4,1,4,Sweetra Women's Casual Versatile Commuter Solid Color Waist Shirt,S$11.99,https://sg.shein.com/Sweetra-Women-s-Casual-Versatile-Commuter-Solid-Color-Waist-Shirt-p-327442493.html,https://img.ltwebstatic.com/v4/j/pi/2026/05/07/e2/17781216016243c0ad17bbed153f8b08e3196ffaf3_thumbnail_600x.webp,2026-06-02T16:24:45+08:00,,,,,17.3k+ sold,https://sg.shein.com/Sweetra-Women-s-Casual-Versatile-Commuter-Solid-Color-Waist-Shirt-p-327442493.html?mallCode=1&pageListType=4&detailBusinessFrom=0-1_327442493%7C0-2,https://sg.shein.com/Sweetra-Women-s-Casual-Versatile-Commuter-Solid-Color-Waist-Shirt-p-327442493.html,True,"mallCode,pageListType,detailBusinessFrom",False,,327442493,True
409883515,4,2,"4,5","SHEIN MOD 2pcs/Set 3-Way Wear Women's Casual Solid Color Slim Fit Top, , Beach, Spring Break , Summer Vacation, Holiday , For Women, Party",S$9.49,https://sg.shein.com/SHEIN-MOD-2pcs-Set-3-Way-Wear-Women-s-Casual-Solid-Color-Slim-Fit-Top-Beach-Spring-Break-Summer-Vacation-Holiday-For-Women-Party-p-409883515.html,https://img.ltwebstatic.com/v4/j/pi/2026/03/02/13/1772446832d8836f64482ad810dceb459cc1099b54_thumbnail_600x.webp,2026-06-02T16:24:45+08:00,,,,,10.8k+ sold,https://sg.shein.com/SHEIN-MOD-2pcs-Set-3-Way-Wear-Women-s-Casual-Solid-Color-Slim-Fit-Top-Beach-Spring-Break-Summer-Vacation-Holiday-For-Women-Party-p-409883515.html?mallCode=1&pageListType=4&detailBusinessFrom=0-1_409883515%7C0-2,https://sg.shein.com/SHEIN-MOD-2pcs-Set-3-Way-Wear-Women-s-Casual-Solid-Color-Slim-Fit-Top-Beach-Spring-Break-Summer-Vacation-Holiday-For-Women-Party-p-409883515.html,True,"mallCode,pageListType,detailBusinessFrom",False,,409883515,True
327952359,4,1,4,"Japanese Style Women's Loose Casual Crew Neck Cartoon Cat Print Short Sleeve T-Shirt, Spring/Summer Black",S$7.49,https://sg.shein.com/Japanese-Style-Women-s-Loose-Casual-Crew-Neck-Cartoon-Cat-Print-Short-Sleeve-T-Shirt-Spring-Summer-Black-p-327952359.html,https://img.ltwebstatic.com/v4/j/spmp/2025/12/18/d9/176602848165eaefdc28b147164472126c0b1e2f1d_thumbnail_600x.webp,2026-06-02T16:24:45+08:00,,,,,3.7k+ sold,https://sg.shein.com/Japanese-Style-Women-s-Loose-Casual-Crew-Neck-Cartoon-Cat-Print-Short-Sleeve-T-Shirt-Spring-Summer-Black-p-327952359.html?mallCode=1&pageListType=4&detailBusinessFrom=0-1_327952359%7C0-2,https://sg.shein.com/Japanese-Style-Women-s-Loose-Casual-Crew-Neck-Cartoon-Cat-Print-Short-Sleeve-T-Shirt-Spring-Summer-Black-p-327952359.html,True,"mallCode,pageListType,detailBusinessFrom",False,,327952359,True
350805775,4,1,4,"Franclia Women's Black Summer Casual Smart Office High Waist Slit Culottes,Textured Soft Fabric Shorts Skirt,Fashionable Commute Versatile Mini Hot Pants",S$10.49,https://sg.shein.com/Franclia-Women-s-Black-Summer-Casual-Smart-Office-High-Waist-Slit-Culottes-Textured-Soft-Fabric-Shorts-Skirt-Fashionable-Commute-Versatile-Mini-Hot-Pants-p-350805775.html,https://img.ltwebstatic.com/v4/j/pi/2026/05/27/a3/1779860182d267e34e9815ea9b3b1f9687c19c71b6_thumbnail_600x.webp,2026-06-02T16:24:45+08:00,,,,,90k+ sold,https://sg.shein.com/Franclia-Women-s-Black-Summer-Casual-Smart-Office-High-Waist-Slit-Culottes-Textured-Soft-Fabric-Shorts-Skirt-Fashionable-Commute-Versatile-Mini-Hot-Pants-p-350805775.html?mallCode=1&pageListType=4&detailBusinessFrom=0-1_350805775%7C0-2,https://sg.shein.com/Franclia-Women-s-Black-Summer-Casual-Smart-Office-High-Waist-Slit-Culottes-Textured-Soft-Fabric-Shorts-Skirt-Fashionable-Commute-Versatile-Mini-Hot-Pants-p-350805775.html,True,"mallCode,pageListType,detailBusinessFrom",False,,350805775,True
30895369,4,2,"4,8","DAZY Casual Business Solid Color Straight-Leg Pants,Women Dress Pants Fall",S$12.49,https://sg.shein.com/DAZY-Casual-Business-Solid-Color-Straight-Leg-Pants-Women-Dress-Pants-Fall-p-30895369.html,https://img.ltwebstatic.com/images3_pi/2024/11/16/c9/1731724004c3a02f97642c09aaf4bc29212449cb88_thumbnail_600x.webp,2026-06-02T16:24:45+08:00,,,,,24.5k+ sold,https://sg.shein.com/DAZY-Casual-Business-Solid-Color-Straight-Leg-Pants-Women-Dress-Pants-Fall-p-30895369.html?mallCode=1&pageListType=4&detailBusinessFrom=0-1_30895369%7C0-2,https://sg.shein.com/DAZY-Casual-Business-Solid-Color-Straight-Leg-Pants-Women-Dress-Pants-Fall-p-30895369.html,True,"mallCode,pageListType,detailBusinessFrom",False,,30895369,True
261057535,4,1,4,"9650# Stretchy Denim Pants, Straight Leg, Elegant & Fashionable, Casual & Versatile, Wide Leg Flare Women Denim Pants Spring Black",S$26.49,https://sg.shein.com/9650-Stretchy-Denim-Pants-Straight-Leg-Elegant-Fashionable-Casual-Versatile-Wide-Leg-Flare-Women-Denim-Pants-Spring-Black-p-261057535.html,https://img.ltwebstatic.com/v4/j/spmp/2025/11/18/0a/17634572191d6d08de21b5bd14345681b35f1d65ea_thumbnail_600x.webp,2026-06-02T16:24:45+08:00,,,,,10.8k+ sold,https://sg.shein.com/9650-Stretchy-Denim-Pants-Straight-Leg-Elegant-Fashionable-Casual-Versatile-Wide-Leg-Flare-Women-Denim-Pants-Spring-Black-p-261057535.html?mallCode=1&pageListType=4&detailBusinessFrom=0-1_261057535%7C0-2,https://sg.shein.com/9650-Stretchy-Denim-Pants-Straight-Leg-Elegant-Fashionable-Casual-Versatile-Wide-Leg-Flare-Women-Denim-Pants-Spring-Black-p-261057535.html,True,"mallCode,pageListType,detailBusinessFrom",False,,261057535,True
39283371,4,1,4,Airlisse Women's Solid Color Simple High-Waisted Casual Pants,S$2.08,https://sg.shein.com/Airlisse-Women-s-Solid-Color-Simple-High-Waisted-Casual-Pants-p-39283371.html,https://img.ltwebstatic.com/v4/j/pi/2025/10/31/58/1761915629a15250dd41b458faab097b223d719719_thumbnail_600x.webp,2026-06-02T16:24:45+08:00,,,,,SAVE S$2.08,https://sg.shein.com/Airlisse-Women-s-Solid-Color-Simple-High-Waisted-Casual-Pants-p-39283371.html?mallCode=1&pageListType=4&detailBusinessFrom=0-1_39283371%7C0-2,https://sg.shein.com/Airlisse-Women-s-Solid-Color-Simple-High-Waisted-Casual-Pants-p-39283371.html,True,"mallCode,pageListType,detailBusinessFrom",False,,39283371,True
74140026,4,1,4,"XLLAIS 2025 Model Black Short Sleeve Crew Neck Solid Color Basic Fitted Casual T-Shirt For Women, Summer",S$9.99,https://sg.shein.com/XLLAIS-2025-Model-Black-Short-Sleeve-Crew-Neck-Solid-Color-Basic-Fitted-Casual-T-Shirt-For-Women-Summer-p-74140026.html,https://img.ltwebstatic.com/v4/j/spmp/2025/09/23/54/17585891781a6482ad7192c8a1b4914335d91230a9_thumbnail_600x.webp,2026-06-02T16:24:45+08:00,,,,,90k+ sold,https://sg.shein.com/XLLAIS-2025-Model-Black-Short-Sleeve-Crew-Neck-Solid-Color-Basic-Fitted-Casual-T-Shirt-For-Women-Summer-p-74140026.html?mallCode=1&pageListType=4&detailBusinessFrom=0-1_74140026%7C0-2,https://sg.shein.com/XLLAIS-2025-Model-Black-Short-Sleeve-Crew-Neck-Solid-Color-Basic-Fitted-Casual-T-Shirt-For-Women-Summer-p-74140026.html,True,"mallCode,pageListType,detailBusinessFrom",False,,74140026,True
33477110,4,1,4,SHEIN Unity Women Fashionable High Waist Simple Design Straight Wide-Leg Denim Jeans,S$25.49,https://sg.shein.com/SHEIN-Unity-Women-Fashionable-High-Waist-Simple-Design-Straight-Wide-Leg-Denim-Jeans-p-33477110.html,https://img.ltwebstatic.com/images3_pi/2024/04/17/05/1713325528a208269d01e0361d45052ad29a8c8253_thumbnail_600x.webp,2026-06-02T16:24:45+08:00,,,(1000+),,29.1k+ sold,https://sg.shein.com/SHEIN-Unity-Women-Fashionable-High-Waist-Simple-Design-Straight-Wide-Leg-Denim-Jeans-p-33477110.html?mallCode=1&pageListType=4&detailBusinessFrom=0-1_33477110%7C0-2,https://sg.shein.com/SHEIN-Unity-Women-Fashionable-High-Waist-Simple-Design-Straight-Wide-Leg-Denim-Jeans-p-33477110.html,True,"mallCode,pageListType,detailBusinessFrom",False,,33477110,True
75299575,4,1,4,"INAWLY Women's Casual Loose Fit Long Sleeve Shirt, Minimalist And Versatile For Daily Wear",S$11.99,https://sg.shein.com/INAWLY-Women-s-Casual-Loose-Fit-Long-Sleeve-Shirt-Minimalist-And-Versatile-For-Daily-Wear-p-75299575.html,https://img.ltwebstatic.com/v4/j/pi/2025/08/23/1f/1755942809b37b7c28ca2e4442a0c87307e4bbf4a7_thumbnail_600x.webp,2026-06-02T16:24:45+08:00,,-4%,,,52k+ sold,https://sg.shein.com/INAWLY-Women-s-Casual-Loose-Fit-Long-Sleeve-Shirt-Minimalist-And-Versatile-For-Daily-Wear-p-75299575.html?mallCode=1&pageListType=4&detailBusinessFrom=0-1_75299575%7C0-2,https://sg.shein.com/INAWLY-Women-s-Casual-Loose-Fit-Long-Sleeve-Shirt-Minimalist-And-Versatile-For-Daily-Wear-p-75299575.html,True,"mallCode,pageListType,detailBusinessFrom",False,,75299575,True
212124634,4,1,4,"Avantive Women's Casual Elegant Solid Color Pocket Loose Pants,Black Pant",S$19.49,https://sg.shein.com/Avantive-Women-s-Casual-Elegant-Solid-Color-Pocket-Loose-Pants-Black-Pant-p-212124634.html,https://img.ltwebstatic.com/v4/j/pi/2025/10/11/6a/1760153542904c4b2905a12f139c236c77b8c847fd_thumbnail_600x.webp,2026-06-02T16:24:45+08:00,,,,,7.4k+ sold,https://sg.shein.com/Avantive-Women-s-Casual-Elegant-Solid-Color-Pocket-Loose-Pants-Black-Pant-p-212124634.html?mallCode=1&pageListType=4&detailBusinessFrom=0-1_212124634%7C0-2,https://sg.shein.com/Avantive-Women-s-Casual-Elegant-Solid-Color-Pocket-Loose-Pants-Black-Pant-p-212124634.html,True,"mallCode,pageListType,detailBusinessFrom",False,,212124634,True
455060611,4,1,4,"Elegant Vintage Luxury Faux Pearl Lady Silhouette Print T-Shirt, Graceful Lady Aesthetic Short Sleeve Top Summer",S$0.36,https://sg.shein.com/Elegant-Vintage-Luxury-Faux-Pearl-Lady-Silhouette-Print-T-Shirt-Graceful-Lady-Aesthetic-Short-Sleeve-Top-Summer-p-455060611.html,https://img.ltwebstatic.com/v4/j/spmp/2026/05/06/77/1778054878def534d12f9170a2d486540fde92983b_thumbnail_600x.webp,2026-06-02T16:24:45+08:00,,,,,SAVE S$0.36,https://sg.shein.com/Elegant-Vintage-Luxury-Faux-Pearl-Lady-Silhouette-Print-T-Shirt-Graceful-Lady-Aesthetic-Short-Sleeve-Top-Summer-p-455060611.html?mallCode=1&pageListType=4&detailBusinessFrom=0-1_455060611%7C0-2,https://sg.shein.com/Elegant-Vintage-Luxury-Faux-Pearl-Lady-Silhouette-Print-T-Shirt-Graceful-Lady-Aesthetic-Short-Sleeve-Top-Summer-p-455060611.html,True,"mallCode,pageListType,detailBusinessFrom",False,,455060611,True
14155514,4,1,4,SHEIN PETITE High Waist Mom Fit Jeans,S$25.99,https://sg.shein.com/SHEIN-PETITE-High-Waist-Mom-Fit-Jeans-p-14155514.html,https://img.ltwebstatic.com/v4/j/pi/2025/06/03/0e/1748948412b8d8578866c6712678f19523f041f6c7_thumbnail_600x.webp,2026-06-02T16:24:45+08:00,,,,,2.9k+ sold,https://sg.shein.com/SHEIN-PETITE-High-Waist-Mom-Fit-Jeans-p-14155514.html?mallCode=1&pageListType=4&detailBusinessFrom=0-1_14155514%7C0-2,https://sg.shein.com/SHEIN-PETITE-High-Waist-Mom-Fit-Jeans-p-14155514.html,True,"mallCode,pageListType,detailBusinessFrom",False,,14155514,True
461195890,4,1,4,"Women's Round Neck Short Sleeve T-Shirt, New Summer Fashion Letter Print Slim Fit Cropped Top, Everyday Wear Casual Black",S$3.93,https://sg.shein.com/Women-s-Round-Neck-Short-Sleeve-T-Shirt-New-Summer-Fashion-Letter-Print-Slim-Fit-Cropped-Top-Everyday-Wear-Casual-Black-p-461195890.html,https://img.ltwebstatic.com/v4/j/spmp/2026/05/09/04/17783113179b1a816c72d7ebaaa63796d5703bf217_thumbnail_600x.webp,2026-06-02T16:24:45+08:00,,-12%,,,101 sold,https://sg.shein.com/Women-s-Round-Neck-Short-Sleeve-T-Shirt-New-Summer-Fashion-Letter-Print-Slim-Fit-Cropped-Top-Everyday-Wear-Casual-Black-p-461195890.html?mallCode=1&pageListType=4&detailBusinessFrom=0-1_461195890%7C0-2,https://sg.shein.com/Women-s-Round-Neck-Short-Sleeve-T-Shirt-New-Summer-Fashion-Letter-Print-Slim-Fit-Cropped-Top-Everyday-Wear-Casual-Black-p-461195890.html,True,"mallCode,pageListType,detailBusinessFrom",False,,461195890,True
198300097,4,2,"4,8","SHEIN Tall Women's Black High Waisted Wide Leg Pants,Elegant Business Casual Work Slacks,Tall Versatile Solid Color Winter Autumn Style Old Money Dress Pants",S$20.49,https://sg.shein.com/SHEIN-Tall-Women-s-Black-High-Waisted-Wide-Leg-Pants-Elegant-Business-Casual-Work-Slacks-Tall-Versatile-Solid-Color-Winter-Autumn-Style-Old-Money-Dress-Pants-p-198300097.html,https://img.ltwebstatic.com/v4/j/pi/2025/10/09/a0/17599891353e3c41fd8a384f6f5a51be42d56d9255_thumbnail_600x.webp,2026-06-02T16:24:45+08:00,,,,,3.8k+ sold,https://sg.shein.com/SHEIN-Tall-Women-s-Black-High-Waisted-Wide-Leg-Pants-Elegant-Business-Casual-Work-Slacks-Tall-Versatile-Solid-Color-Winter-Autumn-Style-Old-Money-Dress-Pants-p-198300097.html?mallCode=1&pageListType=4&detailBusinessFrom=0-1_198300097%7C0-2,https://sg.shein.com/SHEIN-Tall-Women-s-Black-High-Waisted-Wide-Leg-Pants-Elegant-Business-Casual-Work-Slacks-Tall-Versatile-Solid-Color-Winter-Autumn-Style-Old-Money-Dress-Pants-p-198300097.html,True,"mallCode,pageListType,detailBusinessFrom",False,,198300097,True
434406587,4,2,"4,8",Franclia Women's White Fabric Short Skort With Asymmetrical Polka Dot Design Perfect For Parties,S$9.49,https://sg.shein.com/Franclia-Women-s-White-Fabric-Short-Skort-With-Asymmetrical-Polka-Dot-Design-Perfect-For-Parties-p-434406587.html,https://img.ltwebstatic.com/v4/j/pi/2026/04/28/48/1777366904846f69a9b88adc45bfadc1ef168e0853_thumbnail_600x.webp,2026-06-02T16:24:45+08:00,,,,,22.4k+ sold,https://sg.shein.com/Franclia-Women-s-White-Fabric-Short-Skort-With-Asymmetrical-Polka-Dot-Design-Perfect-For-Parties-p-434406587.html?mallCode=1&pageListType=4&detailBusinessFrom=0-1_434406587%7C0-2,https://sg.shein.com/Franclia-Women-s-White-Fabric-Short-Skort-With-Asymmetrical-Polka-Dot-Design-Perfect-For-Parties-p-434406587.html,True,"mallCode,pageListType,detailBusinessFrom",False,,434406587,True
54389604,4,1,4,"DAZY Women's Loose Pleated Solid Color Casual Sports Pants, Spring Fall Sweatpants",S$2.28,https://sg.shein.com/DAZY-Women-s-Loose-Pleated-Solid-Color-Casual-Sports-Pants-Spring-Fall-Sweatpants-p-54389604.html,https://img.ltwebstatic.com/v4/j/pi/2025/08/15/ef/17552453986382093448a31de88db69856e3398997_thumbnail_600x.webp,2026-06-02T16:24:45+08:00,,,,,SAVE S$2.28,https://sg.shein.com/DAZY-Women-s-Loose-Pleated-Solid-Color-Casual-Sports-Pants-Spring-Fall-Sweatpants-p-54389604.html?mallCode=1&pageListType=4&detailBusinessFrom=0-1_54389604%7C0-2,https://sg.shein.com/DAZY-Women-s-Loose-Pleated-Solid-Color-Casual-Sports-Pants-Spring-Fall-Sweatpants-p-54389604.html,True,"mallCode,pageListType,detailBusinessFrom",False,,54389604,True
446210038,4,1,4,INAWLY Solva Women's Solid Color Casual Cropped Sexy Short Sleeve T-Shirt,S$5.49,https://sg.shein.com/INAWLY-Solva-Women-s-Solid-Color-Casual-Cropped-Sexy-Short-Sleeve-T-Shirt-p-446210038.html,https://img.ltwebstatic.com/v4/j/pi/2026/04/17/ef/177642308030fc030e14627f11215f75ac3d4e76e9_thumbnail_600x.webp,2026-06-02T16:24:45+08:00,,,,,4.6k+ sold,https://sg.shein.com/INAWLY-Solva-Women-s-Solid-Color-Casual-Cropped-Sexy-Short-Sleeve-T-Shirt-p-446210038.html?mallCode=1&pageListType=4&detailBusinessFrom=0-1_446210038%7C0-2,https://sg.shein.com/INAWLY-Solva-Women-s-Solid-Color-Casual-Cropped-Sexy-Short-Sleeve-T-Shirt-p-446210038.html,True,"mallCode,pageListType,detailBusinessFrom",False,,446210038,True
245480821,4,1,4,"Franclia Petite Black Winter Elegant Modest Work Office High-Waisted Ruched Detail Trousers,Tailored Silhouette,Wrinkle-Resistant Versatile Casual Pants",S$16.49,https://sg.shein.com/Franclia-Petite-Black-Winter-Elegant-Modest-Work-Office-High-Waisted-Ruched-Detail-Trousers-Tailored-Silhouette-Wrinkle-Resistant-Versatile-Casual-Pants-p-245480821.html,https://img.ltwebstatic.com/v4/j/pi/2025/10/28/db/17616297539dc37893e4d00f936b90e8ead7802734_thumbnail_600x.webp,2026-06-02T16:24:45+08:00,,,,,1.7k+ sold,https://sg.shein.com/Franclia-Petite-Black-Winter-Elegant-Modest-Work-Office-High-Waisted-Ruched-Detail-Trousers-Tailored-Silhouette-Wrinkle-Resistant-Versatile-Casual-Pants-p-245480821.html?mallCode=1&pageListType=4&detailBusinessFrom=0-1_245480821%7C0-2,https://sg.shein.com/Franclia-Petite-Black-Winter-Elegant-Modest-Work-Office-High-Waisted-Ruched-Detail-Trousers-Tailored-Silhouette-Wrinkle-Resistant-Versatile-Casual-Pants-p-245480821.html,True,"mallCode,pageListType,detailBusinessFrom",False,,245480821,True
91412828,4,1,4,Glimmora Women Casual Versatile Solid Color Cardigan Fall Winter Cloth For Women,S$9.02,https://sg.shein.com/Glimmora-Women-Casual-Versatile-Solid-Color-Cardigan-Fall-Winter-Cloth-For-Women-p-91412828.html,https://img.ltwebstatic.com/v4/j/pi/2026/05/12/30/1778572767d2d626d5fcafe7a01f76e4f59016563b_thumbnail_600x.webp,2026-06-02T16:24:45+08:00,,-5%,,,36.2k+ sold,https://sg.shein.com/Glimmora-Women-Casual-Versatile-Solid-Color-Cardigan-Fall-Winter-Cloth-For-Women-p-91412828.html?mallCode=1&pageListType=4&detailBusinessFrom=0-1_91412828%7C0-2,https://sg.shein.com/Glimmora-Women-Casual-Versatile-Solid-Color-Cardigan-Fall-Winter-Cloth-For-Women-p-91412828.html,True,"mallCode,pageListType,detailBusinessFrom",False,,91412828,True
409995483,4,1,4,"Women's Summer Spaghetti Strap Lace Patchwork Layered Camisole Top, Bohemian Style Vacation Wear, Suitable For Music Festivals And Various Occasions Casual",S$5.39,https://sg.shein.com/Women-s-Summer-Spaghetti-Strap-Lace-Patchwork-Layered-Camisole-Top-Bohemian-Style-Vacation-Wear-Suitable-For-Music-Festivals-And-Various-Occasions-Casual-p-409995483.html,https://img.ltwebstatic.com/v4/j/spmp/2026/03/19/0d/1773864546c89065867fecbd14e26c7f4a6422a084_thumbnail_600x.webp,2026-06-02T16:24:45+08:00,,-10%,,,1.5k+ sold,https://sg.shein.com/Women-s-Summer-Spaghetti-Strap-Lace-Patchwork-Layered-Camisole-Top-Bohemian-Style-Vacation-Wear-Suitable-For-Music-Festivals-And-Various-Occasions-Casual-p-409995483.html?mallCode=1&pageListType=4&detailBusinessFrom=0-1_409995483%7C0-2,https://sg.shein.com/Women-s-Summer-Spaghetti-Strap-Lace-Patchwork-Layered-Camisole-Top-Bohemian-Style-Vacation-Wear-Suitable-For-Music-Festivals-And-Various-Occasions-Casual-p-409995483.html,True,"mallCode,pageListType,detailBusinessFrom",False,,409995483,True
31148526,4,1,4,DAZY Women's Solid Color Pleated Wide Leg Loose Casual Office Commute Pants,S$2.73,https://sg.shein.com/DAZY-Women-s-Solid-Color-Pleated-Wide-Leg-Loose-Casual-Office-Commute-Pants-p-31148526.html,https://img.ltwebstatic.com/images3_pi/2024/03/08/d5/17098632605b8bc88881735d870c3c606422b65ef9_thumbnail_600x.webp,2026-06-02T16:24:45+08:00,,,,,SAVE S$2.73,https://sg.shein.com/DAZY-Women-s-Solid-Color-Pleated-Wide-Leg-Loose-Casual-Office-Commute-Pants-p-31148526.html?mallCode=1&pageListType=4&detailBusinessFrom=0-1_31148526%7C0-2,https://sg.shein.com/DAZY-Women-s-Solid-Color-Pleated-Wide-Leg-Loose-Casual-Office-Commute-Pants-p-31148526.html,True,"mallCode,pageListType,detailBusinessFrom",False,,31148526,True
11648002,4,1,4,SHEIN MOD High Waist Seam Detail Flare Leg Petite Bell Bottoms Black Pants,S$18.27,https://sg.shein.com/SHEIN-MOD-High-Waist-Seam-Detail-Flare-Leg-Petite-Bell-Bottoms-Black-Pants-p-11648002.html,https://img.ltwebstatic.com/images3_pi/2022/10/08/16651976232ae69b4569c751c9741c810a70954ec6_thumbnail_600x.webp,2026-06-02T16:24:45+08:00,,-15%,,,1.6k+ sold,https://sg.shein.com/SHEIN-MOD-High-Waist-Seam-Detail-Flare-Leg-Petite-Bell-Bottoms-Black-Pants-p-11648002.html?mallCode=1&pageListType=4&detailBusinessFrom=0-1_11648002%7C0-2,https://sg.shein.com/SHEIN-MOD-High-Waist-Seam-Detail-Flare-Leg-Petite-Bell-Bottoms-Black-Pants-p-11648002.html,True,"mallCode,pageListType,detailBusinessFrom",False,,11648002,True
16291686,4,1,4,SHEIN EZwear Women's Summer Mid Rise Pinstripe Straight Leg Pants,S$1.24,https://sg.shein.com/SHEIN-EZwear-Women-s-Summer-Mid-Rise-Pinstripe-Straight-Leg-Pants-p-16291686.html,https://img.ltwebstatic.com/images3_pi/2023/06/05/1685942080ae7e00b3a5106d40422d895b2d1757ff_thumbnail_600x.webp,2026-06-02T16:24:45+08:00,,,,,SAVE S$1.24,https://sg.shein.com/SHEIN-EZwear-Women-s-Summer-Mid-Rise-Pinstripe-Straight-Leg-Pants-p-16291686.html?mallCode=1&pageListType=4&detailBusinessFrom=0-1_16291686%7C0-2,https://sg.shein.com/SHEIN-EZwear-Women-s-Summer-Mid-Rise-Pinstripe-Straight-Leg-Pants-p-16291686.html,True,"mallCode,pageListType,detailBusinessFrom",False,,16291686,True
60930578,4,1,4,"INAWLY Women's Lightweight Casual Cardigan, Summer Fall Winter Cloth For Women",S$7.99,https://sg.shein.com/INAWLY-Women-s-Lightweight-Casual-Cardigan-Summer-Fall-Winter-Cloth-For-Women-p-60930578.html,https://img.ltwebstatic.com/v4/j/pi/2025/04/14/62/17446142858f6fae121f61a65a22d6d62d849a9c4e_thumbnail_600x.webp,2026-06-02T16:24:45+08:00,,,(1000+),,74.5k+ sold,https://sg.shein.com/INAWLY-Women-s-Lightweight-Casual-Cardigan-Summer-Fall-Winter-Cloth-For-Women-p-60930578.html?mallCode=1&pageListType=4&detailBusinessFrom=0-1_60930578%7C0-2,https://sg.shein.com/INAWLY-Women-s-Lightweight-Casual-Cardigan-Summer-Fall-Winter-Cloth-For-Women-p-60930578.html,True,"mallCode,pageListType,detailBusinessFrom",False,,60930578,True
38896910,4,1,4,Franclia Women's Solid Color Minimalist Casual Long Sleeve Blazer,S$18.99,https://sg.shein.com/Franclia-Women-s-Solid-Color-Minimalist-Casual-Long-Sleeve-Blazer-p-38896910.html,https://img.ltwebstatic.com/images3_pi/2024/07/17/43/1721210060c63fb69ff119e67e7b5cd84ef65fd744_thumbnail_600x.webp,2026-06-02T16:24:45+08:00,,,(1000+),,25.6k+ sold,https://sg.shein.com/Franclia-Women-s-Solid-Color-Minimalist-Casual-Long-Sleeve-Blazer-p-38896910.html?mallCode=1&pageListType=4&detailBusinessFrom=0-1_38896910%7C0-2,https://sg.shein.com/Franclia-Women-s-Solid-Color-Minimalist-Casual-Long-Sleeve-Blazer-p-38896910.html,True,"mallCode,pageListType,detailBusinessFrom",False,,38896910,True
22061444,4,1,4,Olithes Solid Flare Leg Pants Fall Cloth For Women,S$12.99,https://sg.shein.com/Olithes-Solid-Flare-Leg-Pants-Fall-Cloth-For-Women-p-22061444.html,https://img.ltwebstatic.com/v4/j/pi/2026/02/27/3c/1772181621eb4973e4a5de02780aa09248aad1beb8_thumbnail_600x.webp,2026-06-02T16:24:45+08:00,,,,,4k+ sold,https://sg.shein.com/Olithes-Solid-Flare-Leg-Pants-Fall-Cloth-For-Women-p-22061444.html?mallCode=1&pageListType=4&detailBusinessFrom=0-1_22061444%7C0-2,https://sg.shein.com/Olithes-Solid-Flare-Leg-Pants-Fall-Cloth-For-Women-p-22061444.html,True,"mallCode,pageListType,detailBusinessFrom",False,,22061444,True
90110877,4,2,"4,9","Sexy Women's Casual Elastic Skinny Slim Fit Capri Pants, Slimming Black Versatile Commuter Capri Pants, Y2K Style, Capri Pants, Spring & Summer",S$19.49,https://sg.shein.com/Sexy-Women-s-Casual-Elastic-Skinny-Slim-Fit-Capri-Pants-Slimming-Black-Versatile-Commuter-Capri-Pants-Y2K-Style-Capri-Pants-Spring-Summer-p-90110877.html,https://img.ltwebstatic.com/v4/j/spmp/2025/12/08/4a/17651887852337e38c30b6eb3bb651e16451d16c12_thumbnail_600x.webp,2026-06-02T16:24:45+08:00,,,,,3.4k+ sold,https://sg.shein.com/Sexy-Women-s-Casual-Elastic-Skinny-Slim-Fit-Capri-Pants-Slimming-Black-Versatile-Commuter-Capri-Pants-Y2K-Style-Capri-Pants-Spring-Summer-p-90110877.html?mallCode=1&pageListType=4&detailBusinessFrom=0-1_90110877%7C0-2,https://sg.shein.com/Sexy-Women-s-Casual-Elastic-Skinny-Slim-Fit-Capri-Pants-Slimming-Black-Versatile-Commuter-Capri-Pants-Y2K-Style-Capri-Pants-Spring-Summer-p-90110877.html,True,"mallCode,pageListType,detailBusinessFrom",False,,90110877,True
330453885,4,1,4,SHEIN Women's Casual Slogan & Pentagram Print Round Neck Short Sleeve T-Shirt,S$0.84,https://sg.shein.com/SHEIN-Women-s-Casual-Slogan-Pentagram-Print-Round-Neck-Short-Sleeve-T-Shirt-p-330453885.html,https://img.ltwebstatic.com/v4/j/pi/2025/12/19/ce/176610615622536046d03495a97d88272aee6596f3_thumbnail_600x.webp,2026-06-02T16:24:45+08:00,,,,,SAVE S$0.84,https://sg.shein.com/SHEIN-Women-s-Casual-Slogan-Pentagram-Print-Round-Neck-Short-Sleeve-T-Shirt-p-330453885.html?mallCode=1&pageListType=4&detailBusinessFrom=0-1_330453885%7C0-2,https://sg.shein.com/SHEIN-Women-s-Casual-Slogan-Pentagram-Print-Round-Neck-Short-Sleeve-T-Shirt-p-330453885.html,True,"mallCode,pageListType,detailBusinessFrom",False,,330453885,True
446819389,4,2,"4,8","Women's Loose Fit Round Neck Short Sleeve T-Shirt, American Vintage Western Style Letter Print, Casual Versatile Top For Summer White",S$3.99,https://sg.shein.com/Women-s-Loose-Fit-Round-Neck-Short-Sleeve-T-Shirt-American-Vintage-Western-Style-Letter-Print-Casual-Versatile-Top-For-Summer-White-p-446819389.html,https://img.ltwebstatic.com/v4/j/spmp/2026/04/22/c5/1776871077a60cda880994c32dc0c90df38659f48e_thumbnail_600x.webp,2026-06-02T16:24:45+08:00,,-20%,,,693 sold,https://sg.shein.com/Women-s-Loose-Fit-Round-Neck-Short-Sleeve-T-Shirt-American-Vintage-Western-Style-Letter-Print-Casual-Versatile-Top-For-Summer-White-p-446819389.html?mallCode=1&pageListType=4&detailBusinessFrom=0-1_446819389%7C0-2,https://sg.shein.com/Women-s-Loose-Fit-Round-Neck-Short-Sleeve-T-Shirt-American-Vintage-Western-Style-Letter-Print-Casual-Versatile-Top-For-Summer-White-p-446819389.html,True,"mallCode,pageListType,detailBusinessFrom",False,,446819389,True
411683263,4,1,4,"Women's Summer New Car Pattern Letter Print Round Neck Short Sleeve T-Shirt, Casual Loose Versatile Top, Fashionable Daily Wear Pink",S$0.50,https://sg.shein.com/Women-s-Summer-New-Car-Pattern-Letter-Print-Round-Neck-Short-Sleeve-T-Shirt-Casual-Loose-Versatile-Top-Fashionable-Daily-Wear-Pink-p-411683263.html,https://img.ltwebstatic.com/v4/j/spmp/2026/05/18/d5/1779087939e65abb9faa3ee8aaa660b78c220b9f4b_thumbnail_600x.webp,2026-06-02T16:24:45+08:00,,,,,SAVE S$0.50,https://sg.shein.com/Women-s-Summer-New-Car-Pattern-Letter-Print-Round-Neck-Short-Sleeve-T-Shirt-Casual-Loose-Versatile-Top-Fashionable-Daily-Wear-Pink-p-411683263.html?mallCode=1&pageListType=4&detailBusinessFrom=0-1_411683263%7C0-2,https://sg.shein.com/Women-s-Summer-New-Car-Pattern-Letter-Print-Round-Neck-Short-Sleeve-T-Shirt-Casual-Loose-Versatile-Top-Fashionable-Daily-Wear-Pink-p-411683263.html,True,"mallCode,pageListType,detailBusinessFrom",False,,411683263,True
432960835,4,2,"4,6","V-Neck Short Sleeve T-Shirt, Versatile Solid Color Slim Fit Undershirt For Women Casual Black Summer",S$0.68,https://sg.shein.com/V-Neck-Short-Sleeve-T-Shirt-Versatile-Solid-Color-Slim-Fit-Undershirt-For-Women-Casual-Black-Summer-p-432960835.html,https://img.ltwebstatic.com/v4/p/spmp/2026/03/25/e9/1774418899601eba288e347ab083564ad80fd20b7e_thumbnail_600x.webp,2026-06-02T16:24:45+08:00,,,,,SAVE S$0.68,https://sg.shein.com/V-Neck-Short-Sleeve-T-Shirt-Versatile-Solid-Color-Slim-Fit-Undershirt-For-Women-Casual-Black-Summer-p-432960835.html?mallCode=1&pageListType=4&detailBusinessFrom=0-1_432960835%7C0-2,https://sg.shein.com/V-Neck-Short-Sleeve-T-Shirt-Versatile-Solid-Color-Slim-Fit-Undershirt-For-Women-Casual-Black-Summer-p-432960835.html,True,"mallCode,pageListType,detailBusinessFrom",False,,432960835,True
3128083,4,1,4,"DAZY Elastic Waist Wide Leg Pants,Women Dress Pants,Teacher Pants Fall",S$17.99,https://sg.shein.com/DAZY-Elastic-Waist-Wide-Leg-Pants-Women-Dress-Pants-Teacher-Pants-Fall-p-3128083.html,https://img.ltwebstatic.com/images3_pi/2021/07/29/1627541012a1ca7f54e7dd250ac7666960ec6de2cd_thumbnail_600x.webp,2026-06-02T16:24:45+08:00,,,,,1.1k+ sold,https://sg.shein.com/DAZY-Elastic-Waist-Wide-Leg-Pants-Women-Dress-Pants-Teacher-Pants-Fall-p-3128083.html?mallCode=1&pageListType=4&detailBusinessFrom=0-1_3128083%7C0-2,https://sg.shein.com/DAZY-Elastic-Waist-Wide-Leg-Pants-Women-Dress-Pants-Teacher-Pants-Fall-p-3128083.html,True,"mallCode,pageListType,detailBusinessFrom",False,,3128083,True
50210589,4,1,4,"DAZY Women's Striped Casual Business Long Pants,Women Dress Pants Fall",S$21.99,https://sg.shein.com/DAZY-Women-s-Striped-Casual-Business-Long-Pants-Women-Dress-Pants-Fall-p-50210589.html,https://img.ltwebstatic.com/images3_pi/2024/12/12/46/1733985588af42670e62bd11da424b58ea1031c2e5_thumbnail_600x.webp,2026-06-02T16:24:45+08:00,,,,,3.5k+ sold,https://sg.shein.com/DAZY-Women-s-Striped-Casual-Business-Long-Pants-Women-Dress-Pants-Fall-p-50210589.html?mallCode=1&pageListType=4&detailBusinessFrom=0-1_50210589%7C0-2,https://sg.shein.com/DAZY-Women-s-Striped-Casual-Business-Long-Pants-Women-Dress-Pants-Fall-p-50210589.html,True,"mallCode,pageListType,detailBusinessFrom",False,,50210589,True
73242087,4,2,"4,9","Elenzga Navy Blue Elegant High Waist Culottes For Women,Summer Casual Solid Wide Leg Pants For Office,Work,Graduation & Daily,Vintage Style Music Festival",S$16.99,https://sg.shein.com/Elenzga-Navy-Blue-Elegant-High-Waist-Culottes-For-Women-Summer-Casual-Solid-Wide-Leg-Pants-For-Office-Work-Graduation-Daily-Vintage-Style-Music-Festival-p-73242087.html,https://img.ltwebstatic.com/v4/j/pi/2025/05/05/37/1746436801108a894f66f16c39079497d45eb1ec28_thumbnail_600x.webp,2026-06-02T16:24:45+08:00,,,,,8.2k+ sold,https://sg.shein.com/Elenzga-Navy-Blue-Elegant-High-Waist-Culottes-For-Women-Summer-Casual-Solid-Wide-Leg-Pants-For-Office-Work-Graduation-Daily-Vintage-Style-Music-Festival-p-73242087.html?mallCode=1&pageListType=4&detailBusinessFrom=0-1_73242087%7C0-2,https://sg.shein.com/Elenzga-Navy-Blue-Elegant-High-Waist-Culottes-For-Women-Summer-Casual-Solid-Wide-Leg-Pants-For-Office-Work-Graduation-Daily-Vintage-Style-Music-Festival-p-73242087.html,True,"mallCode,pageListType,detailBusinessFrom",False,,73242087,True
37533493,4,1,4,SHEIN EZwear Pink Striped Woven Women's Trousers,S$10.99,https://sg.shein.com/SHEIN-EZwear-Pink-Striped-Woven-Women-s-Trousers-p-37533493.html,https://img.ltwebstatic.com/images3_pi/2024/06/26/c1/1719372921e8cff6f25e856769ded17063240e9432_thumbnail_600x.webp,2026-06-02T16:24:45+08:00,,,,,4.1k+ sold,https://sg.shein.com/SHEIN-EZwear-Pink-Striped-Woven-Women-s-Trousers-p-37533493.html?mallCode=1&pageListType=4&detailBusinessFrom=0-1_37533493%7C0-2,https://sg.shein.com/SHEIN-EZwear-Pink-Striped-Woven-Women-s-Trousers-p-37533493.html,True,"mallCode,pageListType,detailBusinessFrom",False,,37533493,True
10294783,4,2,"4,5",DAZY High Waist Wide Leg Shorts,S$11.99,https://sg.shein.com/DAZY-High-Waist-Wide-Leg-Shorts-p-10294783.html,https://img.ltwebstatic.com/images3_pi/2022/04/15/1649988130ca7fbdd9429bb7f9d935f2ac5af9905a_thumbnail_600x.webp,2026-06-02T16:24:45+08:00,,,(1000+),,18.3k+ sold,https://sg.shein.com/DAZY-High-Waist-Wide-Leg-Shorts-p-10294783.html?mallCode=1&pageListType=4&detailBusinessFrom=0-1_10294783%7C0-2,https://sg.shein.com/DAZY-High-Waist-Wide-Leg-Shorts-p-10294783.html,True,"mallCode,pageListType,detailBusinessFrom",False,,10294783,True
133768982,4,1,4,"Aoqta Women's Sports Casual Knit Square Neck Backless Camisole Tank Top, Built-In Chest Pads, Solid Color Slim Fit, Suitable For Yoga, Training, Daily Wear",S$6.96,https://sg.shein.com/Aoqta-Women-s-Sports-Casual-Knit-Square-Neck-Backless-Camisole-Tank-Top-Built-In-Chest-Pads-Solid-Color-Slim-Fit-Suitable-For-Yoga-Training-Daily-Wear-p-133768982.html,https://img.ltwebstatic.com/v4/j/spmp/2026/03/21/4b/17740860879d5aa7dfd23cf1075d7b5c25d992809a_thumbnail_600x.webp,2026-06-02T16:24:45+08:00,,,,,SAVE S$6.96,https://sg.shein.com/Aoqta-Women-s-Sports-Casual-Knit-Square-Neck-Backless-Camisole-Tank-Top-Built-In-Chest-Pads-Solid-Color-Slim-Fit-Suitable-For-Yoga-Training-Daily-Wear-p-133768982.html?mallCode=1&pageListType=4&detailBusinessFrom=0-1_133768982%7C0-2,https://sg.shein.com/Aoqta-Women-s-Sports-Casual-Knit-Square-Neck-Backless-Camisole-Tank-Top-Built-In-Chest-Pads-Solid-Color-Slim-Fit-Suitable-For-Yoga-Training-Daily-Wear-p-133768982.html,True,"mallCode,pageListType,detailBusinessFrom",False,,133768982,True
430872463,4,1,4,"Women's Black High-Waisted Straight Loose Wide-Leg Shorts [No Belt], Fashionable And Elegant, Suitable For Commuting And Daily Wear Summer",S$17.49,https://sg.shein.com/Women-s-Black-High-Waisted-Straight-Loose-Wide-Leg-Shorts-No-Belt-Fashionable-And-Elegant-Suitable-For-Commuting-And-Daily-Wear-Summer-p-430872463.html,https://img.ltwebstatic.com/v4/j/spmp/2026/04/15/fb/1776225136c471f89c04b0f33852200c1ec9f4c34c_thumbnail_600x.webp,2026-06-02T16:24:45+08:00,,,,,292 sold,https://sg.shein.com/Women-s-Black-High-Waisted-Straight-Loose-Wide-Leg-Shorts-No-Belt-Fashionable-And-Elegant-Suitable-For-Commuting-And-Daily-Wear-Summer-p-430872463.html?mallCode=1&pageListType=4&detailBusinessFrom=0-1_430872463%7C0-2,https://sg.shein.com/Women-s-Black-High-Waisted-Straight-Loose-Wide-Leg-Shorts-No-Belt-Fashionable-And-Elegant-Suitable-For-Commuting-And-Daily-Wear-Summer-p-430872463.html,True,"mallCode,pageListType,detailBusinessFrom",False,,430872463,True
451368774,4,1,4,"SHEIN Tall Women's High Waist Pocketed Wide Leg Jeans,Dark Blue Autumn Retro Vintage 70s Everyday Casual Vintage Washed Loose Versatile Elegant Denim Jeans",S$4.09,https://sg.shein.com/SHEIN-Tall-Women-s-High-Waist-Pocketed-Wide-Leg-Jeans-Dark-Blue-Autumn-Retro-Vintage-70s-Everyday-Casual-Vintage-Washed-Loose-Versatile-Elegant-Denim-Jeans-p-451368774.html,https://sc.ltwebstatic.com/she_dist/images/bg-grey-solid-color-fc04c1310d.png,2026-06-02T16:24:45+08:00,,,,,SAVE S$4.09,https://sg.shein.com/SHEIN-Tall-Women-s-High-Waist-Pocketed-Wide-Leg-Jeans-Dark-Blue-Autumn-Retro-Vintage-70s-Everyday-Casual-Vintage-Washed-Loose-Versatile-Elegant-Denim-Jeans-p-451368774.html?mallCode=1&pageListType=4&detailBusinessFrom=0-1_451368774%7C0-2,https://sg.shein.com/SHEIN-Tall-Women-s-High-Waist-Pocketed-Wide-Leg-Jeans-Dark-Blue-Autumn-Retro-Vintage-70s-Everyday-Casual-Vintage-Washed-Loose-Versatile-Elegant-Denim-Jeans-p-451368774.html,True,"mallCode,pageListType,detailBusinessFrom",False,,451368774,True
6173662,4,1,4,"DAZY High Waist Plicated Detail Wide Leg Suit Pants,Women Dress Pants Business Attire",S$23.99,https://sg.shein.com/DAZY-High-Waist-Plicated-Detail-Wide-Leg-Suit-Pants-Women-Dress-Pants-Business-Attire-p-6173662.html,https://sc.ltwebstatic.com/she_dist/images/bg-grey-solid-color-fc04c1310d.png,2026-06-02T16:24:45+08:00,,,,,2.8k+ sold,https://sg.shein.com/DAZY-High-Waist-Plicated-Detail-Wide-Leg-Suit-Pants-Women-Dress-Pants-Business-Attire-p-6173662.html?mallCode=1&pageListType=4&detailBusinessFrom=0-1_6173662%7C0-2,https://sg.shein.com/DAZY-High-Waist-Plicated-Detail-Wide-Leg-Suit-Pants-Women-Dress-Pants-Business-Attire-p-6173662.html,True,"mallCode,pageListType,detailBusinessFrom",False,,6173662,True
160276105,4,1,4,"Anewsta 2pcs Urban Chic Retro Women's Suit Set, Maillard Color Blazer Jacket + Straight Leg Pants",S$25.53,https://sg.shein.com/Anewsta-2pcs-Urban-Chic-Retro-Women-s-Suit-Set-Maillard-Color-Blazer-Jacket-Straight-Leg-Pants-p-160276105.html,https://sc.ltwebstatic.com/she_dist/images/bg-grey-solid-color-fc04c1310d.png,2026-06-02T16:24:45+08:00,,,,,SAVE S$25.53,https://sg.shein.com/Anewsta-2pcs-Urban-Chic-Retro-Women-s-Suit-Set-Maillard-Color-Blazer-Jacket-Straight-Leg-Pants-p-160276105.html?mallCode=1&pageListType=4&detailBusinessFrom=0-1_160276105%7C0-2,https://sg.shein.com/Anewsta-2pcs-Urban-Chic-Retro-Women-s-Suit-Set-Maillard-Color-Blazer-Jacket-Straight-Leg-Pants-p-160276105.html,True,"mallCode,pageListType,detailBusinessFrom",False,,160276105,True
450919446,4,1,4,FRIFUL Women's Square Neck Lace Patchwork Waist Petal Sleeve Polka Dot Dress Sun Dresses For Women,S$27.99,https://sg.shein.com/FRIFUL-Women-s-Square-Neck-Lace-Patchwork-Waist-Petal-Sleeve-Polka-Dot-Dress-Sun-Dresses-For-Women-p-450919446.html,https://sc.ltwebstatic.com/she_dist/images/bg-grey-solid-color-fc04c1310d.png,2026-06-02T16:24:45+08:00,,,,,88 sold,https://sg.shein.com/FRIFUL-Women-s-Square-Neck-Lace-Patchwork-Waist-Petal-Sleeve-Polka-Dot-Dress-Sun-Dresses-For-Women-p-450919446.html?mallCode=1&pageListType=4&detailBusinessFrom=0-1_450919446%7C0-2,https://sg.shein.com/FRIFUL-Women-s-Square-Neck-Lace-Patchwork-Waist-Petal-Sleeve-Polka-Dot-Dress-Sun-Dresses-For-Women-p-450919446.html,True,"mallCode,pageListType,detailBusinessFrom",False,,450919446,True
395830807,4,1,4,"SHEIN Tall Old Money High Waist Pleated Wide Leg Pants For Women,Black Winter Modest Business Casual Office Wear,Elegant Solid Loose Trousers Chic Tailored Work",S$22.49,https://sg.shein.com/SHEIN-Tall-Old-Money-High-Waist-Pleated-Wide-Leg-Pants-For-Women-Black-Winter-Modest-Business-Casual-Office-Wear-Elegant-Solid-Loose-Trousers-Chic-Tailored-Work-p-395830807.html,https://sc.ltwebstatic.com/she_dist/images/bg-grey-solid-color-fc04c1310d.png,2026-06-02T16:24:45+08:00,,,,,7.7k+ sold,https://sg.shein.com/SHEIN-Tall-Old-Money-High-Waist-Pleated-Wide-Leg-Pants-For-Women-Black-Winter-Modest-Business-Casual-Office-Wear-Elegant-Solid-Loose-Trousers-Chic-Tailored-Work-p-395830807.html?mallCode=1&pageListType=4&detailBusinessFrom=0-1_395830807%7C0-2,https://sg.shein.com/SHEIN-Tall-Old-Money-High-Waist-Pleated-Wide-Leg-Pants-For-Women-Black-Winter-Modest-Business-Casual-Office-Wear-Elegant-Solid-Loose-Trousers-Chic-Tailored-Work-p-395830807.html,True,"mallCode,pageListType,detailBusinessFrom",False,,395830807,True
404066066,4,1,4,"Soleia Women Square Neck Pleated Knit Tank Top,All Shades Of Brown,Summer,Casual,Everyday Boho Tropical Chic Beach Wedding Guest Attire Elegant Vacation",S$14.49,https://sg.shein.com/Soleia-Women-Square-Neck-Pleated-Knit-Tank-Top-All-Shades-Of-Brown-Summer-Casual-Everyday-Boho-Tropical-Chic-Beach-Wedding-Guest-Attire-Elegant-Vacation-p-404066066.html,https://sc.ltwebstatic.com/she_dist/images/bg-grey-solid-color-fc04c1310d.png,2026-06-02T16:24:45+08:00,,,,,859 sold,https://sg.shein.com/Soleia-Women-Square-Neck-Pleated-Knit-Tank-Top-All-Shades-Of-Brown-Summer-Casual-Everyday-Boho-Tropical-Chic-Beach-Wedding-Guest-Attire-Elegant-Vacation-p-404066066.html?mallCode=1&pageListType=4&detailBusinessFrom=0-1_404066066%7C0-2,https://sg.shein.com/Soleia-Women-Square-Neck-Pleated-Knit-Tank-Top-All-Shades-Of-Brown-Summer-Casual-Everyday-Boho-Tropical-Chic-Beach-Wedding-Guest-Attire-Elegant-Vacation-p-404066066.html,True,"mallCode,pageListType,detailBusinessFrom",False,,404066066,True
175348657,4,1,4,"SHEIN Women's Fitted T-Shirt With English Letter Print, Slimming & Elegant Style, European & American",S$6.49,https://sg.shein.com/SHEIN-Women-s-Fitted-T-Shirt-With-English-Letter-Print-Slimming-Elegant-Style-European-American-p-175348657.html,https://sc.ltwebstatic.com/she_dist/images/bg-grey-solid-color-fc04c1310d.png,2026-06-02T16:24:45+08:00,,,,,17.5k+ sold,https://sg.shein.com/SHEIN-Women-s-Fitted-T-Shirt-With-English-Letter-Print-Slimming-Elegant-Style-European-American-p-175348657.html?mallCode=1&pageListType=4&detailBusinessFrom=0-1_175348657%7C0-2,https://sg.shein.com/SHEIN-Women-s-Fitted-T-Shirt-With-English-Letter-Print-Slimming-Elegant-Style-European-American-p-175348657.html,True,"mallCode,pageListType,detailBusinessFrom",False,,175348657,True
398446114,4,1,4,"Resyla Women's Casual Striped Bow Print Round Neck Short Sleeve T-Shirt, Summer",S$0.96,https://sg.shein.com/Resyla-Women-s-Casual-Striped-Bow-Print-Round-Neck-Short-Sleeve-T-Shirt-Summer-p-398446114.html,https://sc.ltwebstatic.com/she_dist/images/bg-grey-solid-color-fc04c1310d.png,2026-06-02T16:24:45+08:00,,,,,SAVE S$0.96,https://sg.shein.com/Resyla-Women-s-Casual-Striped-Bow-Print-Round-Neck-Short-Sleeve-T-Shirt-Summer-p-398446114.html?mallCode=1&pageListType=4&detailBusinessFrom=0-1_398446114%7C0-2,https://sg.shein.com/Resyla-Women-s-Casual-Striped-Bow-Print-Round-Neck-Short-Sleeve-T-Shirt-Summer-p-398446114.html,True,"mallCode,pageListType,detailBusinessFrom",False,,398446114,True
438311644,4,1,4,"Opulessa Women's Leopard Print Casual Pants, Suitable For Spring And Summer Holiday Outfits For Women,Holiday,Vacation Outfits For Women",S$14.49,https://sg.shein.com/Opulessa-Women-s-Leopard-Print-Casual-Pants-Suitable-For-Spring-And-Summer-Holiday-Outfits-For-Women-Holiday-Vacation-Outfits-For-Women-p-438311644.html,https://sc.ltwebstatic.com/she_dist/images/bg-grey-solid-color-fc04c1310d.png,2026-06-02T16:24:45+08:00,,,,,2k+ sold,https://sg.shein.com/Opulessa-Women-s-Leopard-Print-Casual-Pants-Suitable-For-Spring-And-Summer-Holiday-Outfits-For-Women-Holiday-Vacation-Outfits-For-Women-p-438311644.html?mallCode=1&pageListType=4&detailBusinessFrom=0-1_438311644%7C0-2,https://sg.shein.com/Opulessa-Women-s-Leopard-Print-Casual-Pants-Suitable-For-Spring-And-Summer-Holiday-Outfits-For-Women-Holiday-Vacation-Outfits-For-Women-p-438311644.html,True,"mallCode,pageListType,detailBusinessFrom",False,,438311644,True
456606216,4,1,4,"Summer Sexy Printed Fitted Cropped Short Sleeve T-Shirt, Women's Round Neck Tight Midriff-Baring Casual Street Top Black",S$0.52,https://sg.shein.com/Summer-Sexy-Printed-Fitted-Cropped-Short-Sleeve-T-Shirt-Women-s-Round-Neck-Tight-Midriff-Baring-Casual-Street-Top-Black-p-456606216.html,https://sc.ltwebstatic.com/she_dist/images/bg-grey-solid-color-fc04c1310d.png,2026-06-02T16:24:45+08:00,,,,,SAVE S$0.52,https://sg.shein.com/Summer-Sexy-Printed-Fitted-Cropped-Short-Sleeve-T-Shirt-Women-s-Round-Neck-Tight-Midriff-Baring-Casual-Street-Top-Black-p-456606216.html?mallCode=1&pageListType=4&detailBusinessFrom=0-1_456606216%7C0-2,https://sg.shein.com/Summer-Sexy-Printed-Fitted-Cropped-Short-Sleeve-T-Shirt-Women-s-Round-Neck-Tight-Midriff-Baring-Casual-Street-Top-Black-p-456606216.html,True,"mallCode,pageListType,detailBusinessFrom",False,,456606216,True
446140384,4,1,4,DrmWander Women's Polka Dot Print Casual Halter Neck Camisole,S$4.99,https://sg.shein.com/DrmWander-Women-s-Polka-Dot-Print-Casual-Halter-Neck-Camisole-p-446140384.html,https://sc.ltwebstatic.com/she_dist/images/bg-grey-solid-color-fc04c1310d.png,2026-06-02T16:24:45+08:00,,,,,5.8k+ sold,https://sg.shein.com/DrmWander-Women-s-Polka-Dot-Print-Casual-Halter-Neck-Camisole-p-446140384.html?mallCode=1&pageListType=4&detailBusinessFrom=0-1_446140384%7C0-2,https://sg.shein.com/DrmWander-Women-s-Polka-Dot-Print-Casual-Halter-Neck-Camisole-p-446140384.html,True,"mallCode,pageListType,detailBusinessFrom",False,,446140384,True
397435300,4,1,4,DAZY Women's Fashion Casual V-Neck Short Sleeve Denim Set Summer,S$5.72,https://sg.shein.com/DAZY-Women-s-Fashion-Casual-V-Neck-Short-Sleeve-Denim-Set-Summer-p-397435300.html,https://sc.ltwebstatic.com/she_dist/images/bg-grey-solid-color-fc04c1310d.png,2026-06-02T16:24:45+08:00,,,,,SAVE S$5.72,https://sg.shein.com/DAZY-Women-s-Fashion-Casual-V-Neck-Short-Sleeve-Denim-Set-Summer-p-397435300.html?mallCode=1&pageListType=4&detailBusinessFrom=0-1_397435300%7C0-2,https://sg.shein.com/DAZY-Women-s-Fashion-Casual-V-Neck-Short-Sleeve-Denim-Set-Summer-p-397435300.html,True,"mallCode,pageListType,detailBusinessFrom",False,,397435300,True
455311498,4,1,4,FRIFUL Women's Polka Dot Pattern Wide Leg Loose Casual Pants,S$19.49,https://sg.shein.com/FRIFUL-Women-s-Polka-Dot-Pattern-Wide-Leg-Loose-Casual-Pants-p-455311498.html,https://sc.ltwebstatic.com/she_dist/images/bg-grey-solid-color-fc04c1310d.png,2026-06-02T16:24:45+08:00,,,,,400 sold,https://sg.shein.com/FRIFUL-Women-s-Polka-Dot-Pattern-Wide-Leg-Loose-Casual-Pants-p-455311498.html?mallCode=1&pageListType=4&detailBusinessFrom=0-1_455311498%7C0-2,https://sg.shein.com/FRIFUL-Women-s-Polka-Dot-Pattern-Wide-Leg-Loose-Casual-Pants-p-455311498.html,True,"mallCode,pageListType,detailBusinessFrom",False,,455311498,True
232079139,4,1,4,"INAWLY Women's Casual Contrast Color Collar Drop Shoulder Sweatshirt, Autumn/Winter",S$14.72,https://sg.shein.com/INAWLY-Women-s-Casual-Contrast-Color-Collar-Drop-Shoulder-Sweatshirt-Autumn-Winter-p-232079139.html,https://sc.ltwebstatic.com/she_dist/images/bg-grey-solid-color-fc04c1310d.png,2026-06-02T16:24:45+08:00,,-5%,,,6.2k+ sold,https://sg.shein.com/INAWLY-Women-s-Casual-Contrast-Color-Collar-Drop-Shoulder-Sweatshirt-Autumn-Winter-p-232079139.html?mallCode=1&pageListType=4&detailBusinessFrom=0-1_232079139%7C0-2,https://sg.shein.com/INAWLY-Women-s-Casual-Contrast-Color-Collar-Drop-Shoulder-Sweatshirt-Autumn-Winter-p-232079139.html,True,"mallCode,pageListType,detailBusinessFrom",False,,232079139,True
143688820,4,1,4,"Aloruh Women's Elegant Sleeveless Blouse For Commuting, Minimalist Design, Business Casual Woman,Office Wear Women,,Teacher Social",S$9.49,https://sg.shein.com/Aloruh-Women-s-Elegant-Sleeveless-Blouse-For-Commuting-Minimalist-Design-Business-Casual-Woman-Office-Wear-Women-Teacher-Social-p-143688820.html,https://sc.ltwebstatic.com/she_dist/images/bg-grey-solid-color-fc04c1310d.png,2026-06-02T16:24:45+08:00,,,,,15.4k+ sold,https://sg.shein.com/Aloruh-Women-s-Elegant-Sleeveless-Blouse-For-Commuting-Minimalist-Design-Business-Casual-Woman-Office-Wear-Women-Teacher-Social-p-143688820.html?mallCode=1&pageListType=4&detailBusinessFrom=0-1_143688820%7C0-2,https://sg.shein.com/Aloruh-Women-s-Elegant-Sleeveless-Blouse-For-Commuting-Minimalist-Design-Business-Casual-Woman-Office-Wear-Women-Teacher-Social-p-143688820.html,True,"mallCode,pageListType,detailBusinessFrom",False,,143688820,True
313070654,4,1,4,EMERY ROSE Women's Slogan Embroidered Round Neck Short Sleeve Casual Versatile T-Shirt,S$7.49,https://sg.shein.com/EMERY-ROSE-Women-s-Slogan-Embroidered-Round-Neck-Short-Sleeve-Casual-Versatile-T-Shirt-p-313070654.html,https://sc.ltwebstatic.com/she_dist/images/bg-grey-solid-color-fc04c1310d.png,2026-06-02T16:24:45+08:00,,,,,1.1k+ sold,https://sg.shein.com/EMERY-ROSE-Women-s-Slogan-Embroidered-Round-Neck-Short-Sleeve-Casual-Versatile-T-Shirt-p-313070654.html?mallCode=1&pageListType=4&detailBusinessFrom=0-1_313070654%7C0-2,https://sg.shein.com/EMERY-ROSE-Women-s-Slogan-Embroidered-Round-Neck-Short-Sleeve-Casual-Versatile-T-Shirt-p-313070654.html,True,"mallCode,pageListType,detailBusinessFrom",False,,313070654,True
400693355,4,1,4,"Summer New Z-Gen Y2K Women's Top, Design Sense Camouflage Tokyo Print Round Neck Short Sleeve T-Shirt Casual Black",S$4.05,https://sg.shein.com/Summer-New-Z-Gen-Y2K-Women-s-Top-Design-Sense-Camouflage-Tokyo-Print-Round-Neck-Short-Sleeve-T-Shirt-Casual-Black-p-400693355.html,https://sc.ltwebstatic.com/she_dist/images/bg-grey-solid-color-fc04c1310d.png,2026-06-02T16:24:45+08:00,,,,,SAVE S$4.05,https://sg.shein.com/Summer-New-Z-Gen-Y2K-Women-s-Top-Design-Sense-Camouflage-Tokyo-Print-Round-Neck-Short-Sleeve-T-Shirt-Casual-Black-p-400693355.html?mallCode=1&pageListType=4&detailBusinessFrom=0-1_400693355%7C0-2,https://sg.shein.com/Summer-New-Z-Gen-Y2K-Women-s-Top-Design-Sense-Camouflage-Tokyo-Print-Round-Neck-Short-Sleeve-T-Shirt-Casual-Black-p-400693355.html,True,"mallCode,pageListType,detailBusinessFrom",False,,400693355,True
430524042,4,1,4,"Y2K Dollar Print T-Shirt, Bold Streetwear Style Short Sleeve, Classic Washed Effect Casual Black",S$0.82,https://sg.shein.com/Y2K-Dollar-Print-T-Shirt-Bold-Streetwear-Style-Short-Sleeve-Classic-Washed-Effect-Casual-Black-p-430524042.html,https://sc.ltwebstatic.com/she_dist/images/bg-grey-solid-color-fc04c1310d.png,2026-06-02T16:24:45+08:00,,,,,SAVE S$0.82,https://sg.shein.com/Y2K-Dollar-Print-T-Shirt-Bold-Streetwear-Style-Short-Sleeve-Classic-Washed-Effect-Casual-Black-p-430524042.html?mallCode=1&pageListType=4&detailBusinessFrom=0-1_430524042%7C0-2,https://sg.shein.com/Y2K-Dollar-Print-T-Shirt-Bold-Streetwear-Style-Short-Sleeve-Classic-Washed-Effect-Casual-Black-p-430524042.html,True,"mallCode,pageListType,detailBusinessFrom",False,,430524042,True
444771143,4,1,4,"Franclia Women's Contrast Color Elegant Round Neck Short Sleeve Casual Knit T-Shirt,Black Summer Everyday Ladies' Office Commuting Outfit Outdoor Top",S$6.49,https://sg.shein.com/Franclia-Women-s-Contrast-Color-Elegant-Round-Neck-Short-Sleeve-Casual-Knit-T-Shirt-Black-Summer-Everyday-Ladies-Office-Commuting-Outfit-Outdoor-Top-p-444771143.html,https://sc.ltwebstatic.com/she_dist/images/bg-grey-solid-color-fc04c1310d.png,2026-06-02T16:24:45+08:00,,,,,2.7k+ sold,https://sg.shein.com/Franclia-Women-s-Contrast-Color-Elegant-Round-Neck-Short-Sleeve-Casual-Knit-T-Shirt-Black-Summer-Everyday-Ladies-Office-Commuting-Outfit-Outdoor-Top-p-444771143.html?mallCode=1&pageListType=4&detailBusinessFrom=0-1_444771143%7C0-2,https://sg.shein.com/Franclia-Women-s-Contrast-Color-Elegant-Round-Neck-Short-Sleeve-Casual-Knit-T-Shirt-Black-Summer-Everyday-Ladies-Office-Commuting-Outfit-Outdoor-Top-p-444771143.html,True,"mallCode,pageListType,detailBusinessFrom",False,,444771143,True
414955823,4,2,"4,6","3pcs Women's Summer New Fashion Multi-Element Printed Casual Round Neck Short Sleeve T-Shirt, Versatile Chinese Style Koi Fish, Crane And Sports Car Pattern Design, Suitable For Daily Casual And Holiday Wear",S$2.17,https://sg.shein.com/3pcs-Women-s-Summer-New-Fashion-Multi-Element-Printed-Casual-Round-Neck-Short-Sleeve-T-Shirt-Versatile-Chinese-Style-Koi-Fish-Crane-And-Sports-Car-Pattern-Design-Suitable-For-Daily-Casual-And-Holiday-Wear-p-414955823.html,https://sc.ltwebstatic.com/she_dist/images/bg-grey-solid-color-fc04c1310d.png,2026-06-02T16:24:45+08:00,,,,,SAVE S$2.17,https://sg.shein.com/3pcs-Women-s-Summer-New-Fashion-Multi-Element-Printed-Casual-Round-Neck-Short-Sleeve-T-Shirt-Versatile-Chinese-Style-Koi-Fish-Crane-And-Sports-Car-Pattern-Design-Suitable-For-Daily-Casual-And-Holiday-Wear-p-414955823.html?mallCode=1&pageListType=4&detailBusinessFrom=0-1_414955823%7C0-2,https://sg.shein.com/3pcs-Women-s-Summer-New-Fashion-Multi-Element-Printed-Casual-Round-Neck-Short-Sleeve-T-Shirt-Versatile-Chinese-Style-Koi-Fish-Crane-And-Sports-Car-Pattern-Design-Suitable-For-Daily-Casual-And-Holiday-Wear-p-414955823.html,True,"mallCode,pageListType,detailBusinessFrom",False,,414955823,True
425686468,4,1,4,"Fitted Cropped Round Neck Short Sleeve Baby Tee, American Y2K Sexy Basic Crop Top Casual Summer",S$0.58,https://sg.shein.com/Fitted-Cropped-Round-Neck-Short-Sleeve-Baby-Tee-American-Y2K-Sexy-Basic-Crop-Top-Casual-Summer-p-425686468.html,https://sc.ltwebstatic.com/she_dist/images/bg-grey-solid-color-fc04c1310d.png,2026-06-02T16:24:45+08:00,,,,,SAVE S$0.58,https://sg.shein.com/Fitted-Cropped-Round-Neck-Short-Sleeve-Baby-Tee-American-Y2K-Sexy-Basic-Crop-Top-Casual-Summer-p-425686468.html?mallCode=1&pageListType=4&detailBusinessFrom=0-1_425686468%7C0-2,https://sg.shein.com/Fitted-Cropped-Round-Neck-Short-Sleeve-Baby-Tee-American-Y2K-Sexy-Basic-Crop-Top-Casual-Summer-p-425686468.html,True,"mallCode,pageListType,detailBusinessFrom",False,,425686468,True
68195926,4,1,4,SHEIN PETITE Women's Solid Color Button Elegant Straight Leg Office Pants Fall Cloth For Women,S$15.99,https://sg.shein.com/SHEIN-PETITE-Women-s-Solid-Color-Button-Elegant-Straight-Leg-Office-Pants-Fall-Cloth-For-Women-p-68195926.html,https://sc.ltwebstatic.com/she_dist/images/bg-grey-solid-color-fc04c1310d.png,2026-06-02T16:24:45+08:00,,,,,697 sold,https://sg.shein.com/SHEIN-PETITE-Women-s-Solid-Color-Button-Elegant-Straight-Leg-Office-Pants-Fall-Cloth-For-Women-p-68195926.html?mallCode=1&pageListType=4&detailBusinessFrom=0-1_68195926%7C0-2,https://sg.shein.com/SHEIN-PETITE-Women-s-Solid-Color-Button-Elegant-Straight-Leg-Office-Pants-Fall-Cloth-For-Women-p-68195926.html,True,"mallCode,pageListType,detailBusinessFrom",False,,68195926,True
345395398,4,1,4,"1pc Women's Casual All-Match Drawstring Knit Fabric Pants, Versatile For Leisure, Sports And Fitness, Suitable For Spring, Summer And Autumn",S$1.20,https://sg.shein.com/1pc-Women-s-Casual-All-Match-Drawstring-Knit-Fabric-Pants-Versatile-For-Leisure-Sports-And-Fitness-Suitable-For-Spring-Summer-And-Autumn-p-345395398.html,https://sc.ltwebstatic.com/she_dist/images/bg-grey-solid-color-fc04c1310d.png,2026-06-02T16:24:45+08:00,,,,,SAVE S$1.20,https://sg.shein.com/1pc-Women-s-Casual-All-Match-Drawstring-Knit-Fabric-Pants-Versatile-For-Leisure-Sports-And-Fitness-Suitable-For-Spring-Summer-And-Autumn-p-345395398.html?mallCode=1&pageListType=4&detailBusinessFrom=0-1_345395398%7C0-2,https://sg.shein.com/1pc-Women-s-Casual-All-Match-Drawstring-Knit-Fabric-Pants-Versatile-For-Leisure-Sports-And-Fitness-Suitable-For-Spring-Summer-And-Autumn-p-345395398.html,True,"mallCode,pageListType,detailBusinessFrom",False,,345395398,True
24097323,4,1,4,Franclia Women's Casual Solid Color Round Neck Tank Tops,S$1.01,https://sg.shein.com/Franclia-Women-s-Casual-Solid-Color-Round-Neck-Tank-Tops-p-24097323.html,https://sc.ltwebstatic.com/she_dist/images/bg-grey-solid-color-fc04c1310d.png,2026-06-02T16:24:45+08:00,,,,,SAVE S$1.01,https://sg.shein.com/Franclia-Women-s-Casual-Solid-Color-Round-Neck-Tank-Tops-p-24097323.html?mallCode=1&pageListType=4&detailBusinessFrom=0-1_24097323%7C0-2,https://sg.shein.com/Franclia-Women-s-Casual-Solid-Color-Round-Neck-Tank-Tops-p-24097323.html,True,"mallCode,pageListType,detailBusinessFrom",False,,24097323,True
238405822,4,1,4,"1pc Women's Casual Loose Wide Leg Jeans Pants, Comfortable American Street Style, Versatile For All Seasons (Belt/Accessories Not Included) Spring Black",S$24.49,https://sg.shein.com/1pc-Women-s-Casual-Loose-Wide-Leg-Jeans-Pants-Comfortable-American-Street-Style-Versatile-For-All-Seasons-Belt-Accessories-Not-Included-Spring-Black-p-238405822.html,https://sc.ltwebstatic.com/she_dist/images/bg-grey-solid-color-fc04c1310d.png,2026-06-02T16:24:45+08:00,,,,,3.3k+ sold,https://sg.shein.com/1pc-Women-s-Casual-Loose-Wide-Leg-Jeans-Pants-Comfortable-American-Street-Style-Versatile-For-All-Seasons-Belt-Accessories-Not-Included-Spring-Black-p-238405822.html?mallCode=1&pageListType=4&detailBusinessFrom=0-1_238405822%7C0-2,https://sg.shein.com/1pc-Women-s-Casual-Loose-Wide-Leg-Jeans-Pants-Comfortable-American-Street-Style-Versatile-For-All-Seasons-Belt-Accessories-Not-Included-Spring-Black-p-238405822.html,True,"mallCode,pageListType,detailBusinessFrom",False,,238405822,True
414263347,4,1,4,"Women's Summer Outfit Inspiration: Sporty Casual Style, Casual Graphic Design, Breathable Mesh Fabric, Color Blocking, Loose Knit T-Shirts, Digital Printed Knit T-Shirts, Everyday Casual Wear",S$0.71,https://sg.shein.com/Women-s-Summer-Outfit-Inspiration-Sporty-Casual-Style-Casual-Graphic-Design-Breathable-Mesh-Fabric-Color-Blocking-Loose-Knit-T-Shirts-Digital-Printed-Knit-T-Shirts-Everyday-Casual-Wear-p-414263347.html,https://sc.ltwebstatic.com/she_dist/images/bg-grey-solid-color-fc04c1310d.png,2026-06-02T16:24:45+08:00,,,,,SAVE S$0.71,https://sg.shein.com/Women-s-Summer-Outfit-Inspiration-Sporty-Casual-Style-Casual-Graphic-Design-Breathable-Mesh-Fabric-Color-Blocking-Loose-Knit-T-Shirts-Digital-Printed-Knit-T-Shirts-Everyday-Casual-Wear-p-414263347.html?mallCode=1&pageListType=4&detailBusinessFrom=0-1_414263347%7C0-2,https://sg.shein.com/Women-s-Summer-Outfit-Inspiration-Sporty-Casual-Style-Casual-Graphic-Design-Breathable-Mesh-Fabric-Color-Blocking-Loose-Knit-T-Shirts-Digital-Printed-Knit-T-Shirts-Everyday-Casual-Wear-p-414263347.html,True,"mallCode,pageListType,detailBusinessFrom",False,,414263347,True
100306051,4,1,4,"White Short Sleeve Mid-Length T-Shirt With English Print, Women Casual Top Summer",S$5.39,https://sg.shein.com/White-Short-Sleeve-Mid-Length-T-Shirt-With-English-Print-Women-Casual-Top-Summer-p-100306051.html,https://sc.ltwebstatic.com/she_dist/images/bg-grey-solid-color-fc04c1310d.png,2026-06-02T16:24:45+08:00,,-10%,,,11.7k+ sold,https://sg.shein.com/White-Short-Sleeve-Mid-Length-T-Shirt-With-English-Print-Women-Casual-Top-Summer-p-100306051.html?mallCode=1&pageListType=4&detailBusinessFrom=0-1_100306051%7C0-2,https://sg.shein.com/White-Short-Sleeve-Mid-Length-T-Shirt-With-English-Print-Women-Casual-Top-Summer-p-100306051.html,True,"mallCode,pageListType,detailBusinessFrom",False,,100306051,True
455945813,4,1,4,SHEIN Franclia INS Casual Vacation Cap Sleeve Women Shirt,S$7.99,https://sg.shein.com/SHEIN-Franclia-INS-Casual-Vacation-Cap-Sleeve-Women-Shirt-p-455945813.html,https://sc.ltwebstatic.com/she_dist/images/bg-grey-solid-color-fc04c1310d.png,2026-06-02T16:24:45+08:00,,,,,11.4k+ sold,https://sg.shein.com/SHEIN-Franclia-INS-Casual-Vacation-Cap-Sleeve-Women-Shirt-p-455945813.html?mallCode=1&pageListType=4&detailBusinessFrom=0-1_455945813%7C0-2,https://sg.shein.com/SHEIN-Franclia-INS-Casual-Vacation-Cap-Sleeve-Women-Shirt-p-455945813.html,True,"mallCode,pageListType,detailBusinessFrom",False,,455945813,True
387412807,4,1,4,"Women's Solid Color Skinny Fitted Straight Leg Pants, Elegant Vacation & Commute Style, No Belt Spring Black",S$12.49,https://sg.shein.com/Women-s-Solid-Color-Skinny-Fitted-Straight-Leg-Pants-Elegant-Vacation-Commute-Style-No-Belt-Spring-Black-p-387412807.html,https://sc.ltwebstatic.com/she_dist/images/bg-grey-solid-color-fc04c1310d.png,2026-06-02T16:24:45+08:00,,,,,3.2k+ sold,https://sg.shein.com/Women-s-Solid-Color-Skinny-Fitted-Straight-Leg-Pants-Elegant-Vacation-Commute-Style-No-Belt-Spring-Black-p-387412807.html?mallCode=1&pageListType=4&detailBusinessFrom=0-1_387412807%7C0-2,https://sg.shein.com/Women-s-Solid-Color-Skinny-Fitted-Straight-Leg-Pants-Elegant-Vacation-Commute-Style-No-Belt-Spring-Black-p-387412807.html,True,"mallCode,pageListType,detailBusinessFrom",False,,387412807,True
282347122,4,1,4,"SuriyaCove Women's Casual Contrast Trim Knight Print Round Neck Short Sleeve T-Shirt, Summer",S$6.17,https://sg.shein.com/SuriyaCove-Women-s-Casual-Contrast-Trim-Knight-Print-Round-Neck-Short-Sleeve-T-Shirt-Summer-p-282347122.html,https://sc.ltwebstatic.com/she_dist/images/bg-grey-solid-color-fc04c1310d.png,2026-06-02T16:24:45+08:00,,-5%,,,46.5k+ sold,https://sg.shein.com/SuriyaCove-Women-s-Casual-Contrast-Trim-Knight-Print-Round-Neck-Short-Sleeve-T-Shirt-Summer-p-282347122.html?mallCode=1&pageListType=4&detailBusinessFrom=0-1_282347122%7C0-2,https://sg.shein.com/SuriyaCove-Women-s-Casual-Contrast-Trim-Knight-Print-Round-Neck-Short-Sleeve-T-Shirt-Summer-p-282347122.html,True,"mallCode,pageListType,detailBusinessFrom",False,,282347122,True
71665437,4,1,4,NostaNoir 3pcs Women's Black & White Plaid Casual/Business Shorts Set (Without Belt),S$4.26,https://sg.shein.com/NostaNoir-3pcs-Women-s-Black-White-Plaid-Casual-Business-Shorts-Set-Without-Belt-p-71665437.html,https://sc.ltwebstatic.com/she_dist/images/bg-grey-solid-color-fc04c1310d.png,2026-06-02T16:24:45+08:00,,,,,SAVE S$4.26,https://sg.shein.com/NostaNoir-3pcs-Women-s-Black-White-Plaid-Casual-Business-Shorts-Set-Without-Belt-p-71665437.html?mallCode=1&pageListType=4&detailBusinessFrom=0-1_71665437%7C0-2,https://sg.shein.com/NostaNoir-3pcs-Women-s-Black-White-Plaid-Casual-Business-Shorts-Set-Without-Belt-p-71665437.html,True,"mallCode,pageListType,detailBusinessFrom",False,,71665437,True
410154236,4,1,4,"Women's Summer New Round Neck Short Sleeve T-Shirt, Cartoon Letter Print, Casual Loose Versatile Top, Fashionable Daily Wear White",S$0.50,https://sg.shein.com/Women-s-Summer-New-Round-Neck-Short-Sleeve-T-Shirt-Cartoon-Letter-Print-Casual-Loose-Versatile-Top-Fashionable-Daily-Wear-White-p-410154236.html,https://sc.ltwebstatic.com/she_dist/images/bg-grey-solid-color-fc04c1310d.png,2026-06-02T16:24:45+08:00,,,,,SAVE S$0.50,https://sg.shein.com/Women-s-Summer-New-Round-Neck-Short-Sleeve-T-Shirt-Cartoon-Letter-Print-Casual-Loose-Versatile-Top-Fashionable-Daily-Wear-White-p-410154236.html?mallCode=1&pageListType=4&detailBusinessFrom=0-1_410154236%7C0-2,https://sg.shein.com/Women-s-Summer-New-Round-Neck-Short-Sleeve-T-Shirt-Cartoon-Letter-Print-Casual-Loose-Versatile-Top-Fashionable-Daily-Wear-White-p-410154236.html,True,"mallCode,pageListType,detailBusinessFrom",False,,410154236,True
431131849,4,1,4,"Franclia Women's Elegent Black And White Contrast Ribbed Vest,Summer V-Neck Cinched Waist Metal Buckle Top For Brunch,Resort Wear Festival Carnival Clothing",S$7.99,https://sg.shein.com/Franclia-Women-s-Elegent-Black-And-White-Contrast-Ribbed-Vest-Summer-V-Neck-Cinched-Waist-Metal-Buckle-Top-For-Brunch-Resort-Wear-Festival-Carnival-Clothing-p-431131849.html,https://sc.ltwebstatic.com/she_dist/images/bg-grey-solid-color-fc04c1310d.png,2026-06-02T16:24:45+08:00,,,,,1.3k+ sold,https://sg.shein.com/Franclia-Women-s-Elegent-Black-And-White-Contrast-Ribbed-Vest-Summer-V-Neck-Cinched-Waist-Metal-Buckle-Top-For-Brunch-Resort-Wear-Festival-Carnival-Clothing-p-431131849.html?mallCode=1&pageListType=4&detailBusinessFrom=0-1_431131849%7C0-2,https://sg.shein.com/Franclia-Women-s-Elegent-Black-And-White-Contrast-Ribbed-Vest-Summer-V-Neck-Cinched-Waist-Metal-Buckle-Top-For-Brunch-Resort-Wear-Festival-Carnival-Clothing-p-431131849.html,True,"mallCode,pageListType,detailBusinessFrom",False,,431131849,True
413535084,4,1,4,"Vintage Blue Denim Wide Leg High Waist Straight Jeans For Women, Spring/Summer Casual",S$2.60,https://sg.shein.com/Vintage-Blue-Denim-Wide-Leg-High-Waist-Straight-Jeans-For-Women-Spring-Summer-Casual-p-413535084.html,https://sc.ltwebstatic.com/she_dist/images/bg-grey-solid-color-fc04c1310d.png,2026-06-02T16:24:45+08:00,,,,,SAVE S$2.60,https://sg.shein.com/Vintage-Blue-Denim-Wide-Leg-High-Waist-Straight-Jeans-For-Women-Spring-Summer-Casual-p-413535084.html?mallCode=1&pageListType=4&detailBusinessFrom=0-1_413535084%7C0-2,https://sg.shein.com/Vintage-Blue-Denim-Wide-Leg-High-Waist-Straight-Jeans-For-Women-Spring-Summer-Casual-p-413535084.html,True,"mallCode,pageListType,detailBusinessFrom",False,,413535084,True
450161673,4,1,4,LYSMO 2026 New Arrive Minimalism Spring/Summer Women's Fashion Waist Belt Trench Coat,S$37.49,https://sg.shein.com/LYSMO-2026-New-Arrive-Minimalism-Spring-Summer-Women-s-Fashion-Waist-Belt-Trench-Coat-p-450161673.html,https://sc.ltwebstatic.com/she_dist/images/bg-grey-solid-color-fc04c1310d.png,2026-06-02T16:24:45+08:00,,,,,1.2k+ sold,https://sg.shein.com/LYSMO-2026-New-Arrive-Minimalism-Spring-Summer-Women-s-Fashion-Waist-Belt-Trench-Coat-p-450161673.html?mallCode=1&pageListType=4&detailBusinessFrom=0-1_450161673%7C0-2,https://sg.shein.com/LYSMO-2026-New-Arrive-Minimalism-Spring-Summer-Women-s-Fashion-Waist-Belt-Trench-Coat-p-450161673.html,True,"mallCode,pageListType,detailBusinessFrom",False,,450161673,True
123211801,4,1,4,INAWLY Women's Summer Casual Striped Polo Collar Short Sleeve T-Shirt,S$8.49,https://sg.shein.com/INAWLY-Women-s-Summer-Casual-Striped-Polo-Collar-Short-Sleeve-T-Shirt-p-123211801.html,https://sc.ltwebstatic.com/she_dist/images/bg-grey-solid-color-fc04c1310d.png,2026-06-02T16:24:45+08:00,,,,,13k+ sold,https://sg.shein.com/INAWLY-Women-s-Summer-Casual-Striped-Polo-Collar-Short-Sleeve-T-Shirt-p-123211801.html?mallCode=1&pageListType=4&detailBusinessFrom=0-1_123211801%7C0-2,https://sg.shein.com/INAWLY-Women-s-Summer-Casual-Striped-Polo-Collar-Short-Sleeve-T-Shirt-p-123211801.html,True,"mallCode,pageListType,detailBusinessFrom",False,,123211801,True
62883186,4,1,4,"SHEIN EZwear 2pcs/Set Women Bodycon Ruched Cami Top Set With Padded Bust, Suitable For Summer, Built-In Bra",S$13.49,https://sg.shein.com/SHEIN-EZwear-2pcs-Set-Women-Bodycon-Ruched-Cami-Top-Set-With-Padded-Bust-Suitable-For-Summer-Built-In-Bra-p-62883186.html,https://sc.ltwebstatic.com/she_dist/images/bg-grey-solid-color-fc04c1310d.png,2026-06-02T16:24:45+08:00,,,,,3.5k+ sold,https://sg.shein.com/SHEIN-EZwear-2pcs-Set-Women-Bodycon-Ruched-Cami-Top-Set-With-Padded-Bust-Suitable-For-Summer-Built-In-Bra-p-62883186.html?mallCode=1&pageListType=4&detailBusinessFrom=0-1_62883186%7C0-2,https://sg.shein.com/SHEIN-EZwear-2pcs-Set-Women-Bodycon-Ruched-Cami-Top-Set-With-Padded-Bust-Suitable-For-Summer-Built-In-Bra-p-62883186.html,True,"mallCode,pageListType,detailBusinessFrom",False,,62883186,True
451701380,4,1,4,"Vintage Washed Cartoon Print Short Sleeve T-Shirt, Retro 90s Aesthetic Casual Streetwear",S$0.91,https://sg.shein.com/Vintage-Washed-Cartoon-Print-Short-Sleeve-T-Shirt-Retro-90s-Aesthetic-Casual-Streetwear-p-451701380.html,https://sc.ltwebstatic.com/she_dist/images/bg-grey-solid-color-fc04c1310d.png,2026-06-02T16:24:45+08:00,,,,,SAVE S$0.91,https://sg.shein.com/Vintage-Washed-Cartoon-Print-Short-Sleeve-T-Shirt-Retro-90s-Aesthetic-Casual-Streetwear-p-451701380.html?mallCode=1&pageListType=4&detailBusinessFrom=0-1_451701380%7C0-2,https://sg.shein.com/Vintage-Washed-Cartoon-Print-Short-Sleeve-T-Shirt-Retro-90s-Aesthetic-Casual-Streetwear-p-451701380.html,True,"mallCode,pageListType,detailBusinessFrom",False,,451701380,True
429540422,4,1,4,"Siren Gaze Women's Navy Blue And White Striped Asymmetric Shoulder Pleated Blouse,Summer Casual Elegant Office Top,Old Money Style Work Wear Wedding Guest Outfit",S$6.99,https://sg.shein.com/Siren-Gaze-Women-s-Navy-Blue-And-White-Striped-Asymmetric-Shoulder-Pleated-Blouse-Summer-Casual-Elegant-Office-Top-Old-Money-Style-Work-Wear-Wedding-Guest-Outfit-p-429540422.html,https://sc.ltwebstatic.com/she_dist/images/bg-grey-solid-color-fc04c1310d.png,2026-06-02T16:24:45+08:00,,,,,4.3k+ sold,https://sg.shein.com/Siren-Gaze-Women-s-Navy-Blue-And-White-Striped-Asymmetric-Shoulder-Pleated-Blouse-Summer-Casual-Elegant-Office-Top-Old-Money-Style-Work-Wear-Wedding-Guest-Outfit-p-429540422.html?mallCode=1&pageListType=4&detailBusinessFrom=0-1_429540422%7C0-2,https://sg.shein.com/Siren-Gaze-Women-s-Navy-Blue-And-White-Striped-Asymmetric-Shoulder-Pleated-Blouse-Summer-Casual-Elegant-Office-Top-Old-Money-Style-Work-Wear-Wedding-Guest-Outfit-p-429540422.html,True,"mallCode,pageListType,detailBusinessFrom",False,,429540422,True
379024606,4,1,4,Women's Loose Fit Pocketed Wide Leg Casual Jeans Spring,S$25.99,https://sg.shein.com/Women-s-Loose-Fit-Pocketed-Wide-Leg-Casual-Jeans-Spring-p-379024606.html,https://sc.ltwebstatic.com/she_dist/images/bg-grey-solid-color-fc04c1310d.png,2026-06-02T16:24:45+08:00,,,,,13.5k+ sold,https://sg.shein.com/Women-s-Loose-Fit-Pocketed-Wide-Leg-Casual-Jeans-Spring-p-379024606.html?mallCode=1&pageListType=4&detailBusinessFrom=0-1_379024606%7C0-2,https://sg.shein.com/Women-s-Loose-Fit-Pocketed-Wide-Leg-Casual-Jeans-Spring-p-379024606.html,True,"mallCode,pageListType,detailBusinessFrom",False,,379024606,True
18621977,4,1,4,Muchica Commuting Style Black Solid Slant Pocket Pants,S$14.99,https://sg.shein.com/Muchica-Commuting-Style-Black-Solid-Slant-Pocket-Pants-p-18621977.html,https://sc.ltwebstatic.com/she_dist/images/bg-grey-solid-color-fc04c1310d.png,2026-06-02T16:24:45+08:00,,,,,4.3k+ sold,https://sg.shein.com/Muchica-Commuting-Style-Black-Solid-Slant-Pocket-Pants-p-18621977.html?mallCode=1&pageListType=4&detailBusinessFrom=0-1_18621977%7C0-2,https://sg.shein.com/Muchica-Commuting-Style-Black-Solid-Slant-Pocket-Pants-p-18621977.html,True,"mallCode,pageListType,detailBusinessFrom",False,,18621977,True
431150743,4,1,4,"Retro American Style Round Neck Short Sleeve T-Shirt For Women, Loose Fit Slimming Heart Dice Letter Print Casual Versatile Top For Summer White",S$4.79,https://sg.shein.com/Retro-American-Style-Round-Neck-Short-Sleeve-T-Shirt-For-Women-Loose-Fit-Slimming-Heart-Dice-Letter-Print-Casual-Versatile-Top-For-Summer-White-p-431150743.html,https://sc.ltwebstatic.com/she_dist/images/bg-grey-solid-color-fc04c1310d.png,2026-06-02T16:24:45+08:00,,-20%,,,135 sold,https://sg.shein.com/Retro-American-Style-Round-Neck-Short-Sleeve-T-Shirt-For-Women-Loose-Fit-Slimming-Heart-Dice-Letter-Print-Casual-Versatile-Top-For-Summer-White-p-431150743.html?mallCode=1&pageListType=4&detailBusinessFrom=0-1_431150743%7C0-2,https://sg.shein.com/Retro-American-Style-Round-Neck-Short-Sleeve-T-Shirt-For-Women-Loose-Fit-Slimming-Heart-Dice-Letter-Print-Casual-Versatile-Top-For-Summer-White-p-431150743.html,True,"mallCode,pageListType,detailBusinessFrom",False,,431150743,True
431188184,4,1,4,"1pc Women's Summer Round Neck Short Sleeve T-Shirt, Vacation Style Printed, Casual Loose Fit, Comfortable, Suitable For Summer Wear, Suitable For Beach, Street, Daily Activities, Work, Office Gatherings And Other Occasions Pink",S$5.99,https://sg.shein.com/1pc-Women-s-Summer-Round-Neck-Short-Sleeve-T-Shirt-Vacation-Style-Printed-Casual-Loose-Fit-Comfortable-Suitable-For-Summer-Wear-Suitable-For-Beach-Street-Daily-Activities-Work-Office-Gatherings-And-Other-Occasions-Pink-p-431188184.html,https://sc.ltwebstatic.com/she_dist/images/bg-grey-solid-color-fc04c1310d.png,2026-06-02T16:24:45+08:00,,,,,472 sold,https://sg.shein.com/1pc-Women-s-Summer-Round-Neck-Short-Sleeve-T-Shirt-Vacation-Style-Printed-Casual-Loose-Fit-Comfortable-Suitable-For-Summer-Wear-Suitable-For-Beach-Street-Daily-Activities-Work-Office-Gatherings-And-Other-Occasions-Pink-p-431188184.html?mallCode=1&pageListType=4&detailBusinessFrom=0-1_431188184%7C0-2,https://sg.shein.com/1pc-Women-s-Summer-Round-Neck-Short-Sleeve-T-Shirt-Vacation-Style-Printed-Casual-Loose-Fit-Comfortable-Suitable-For-Summer-Wear-Suitable-For-Beach-Street-Daily-Activities-Work-Office-Gatherings-And-Other-Occasions-Pink-p-431188184.html,True,"mallCode,pageListType,detailBusinessFrom",False,,431188184,True
443907236,4,2,"4,6",Soft Green Bubble Gum Bunny Graphic T-Shirt | Y2K/Soft Girl Aesthetic | Cute Bunny Print Crew Neck Casual Everyday Wear Summer,S$0.66,https://sg.shein.com/Soft-Green-Bubble-Gum-Bunny-Graphic-T-Shirt-Y2K-Soft-Girl-Aesthetic-Cute-Bunny-Print-Crew-Neck-Casual-Everyday-Wear-Summer-p-443907236.html,https://sc.ltwebstatic.com/she_dist/images/bg-grey-solid-color-fc04c1310d.png,2026-06-02T16:24:45+08:00,,,,,SAVE S$0.66,https://sg.shein.com/Soft-Green-Bubble-Gum-Bunny-Graphic-T-Shirt-Y2K-Soft-Girl-Aesthetic-Cute-Bunny-Print-Crew-Neck-Casual-Everyday-Wear-Summer-p-443907236.html?mallCode=1&pageListType=4&detailBusinessFrom=0-1_443907236%7C0-2,https://sg.shein.com/Soft-Green-Bubble-Gum-Bunny-Graphic-T-Shirt-Y2K-Soft-Girl-Aesthetic-Cute-Bunny-Print-Crew-Neck-Casual-Everyday-Wear-Summer-p-443907236.html,True,"mallCode,pageListType,detailBusinessFrom",False,,443907236,True
39294505,4,2,"4,5","Livesso Women's Solid Color Round Neck Loose Long Sleeve T-Shirt,Fall Clothes",S$1.36,https://sg.shein.com/Livesso-Women-s-Solid-Color-Round-Neck-Loose-Long-Sleeve-T-Shirt-Fall-Clothes-p-39294505.html,https://sc.ltwebstatic.com/she_dist/images/bg-grey-solid-color-fc04c1310d.png,2026-06-02T16:24:45+08:00,,,,,SAVE S$1.36,https://sg.shein.com/Livesso-Women-s-Solid-Color-Round-Neck-Loose-Long-Sleeve-T-Shirt-Fall-Clothes-p-39294505.html?mallCode=1&pageListType=4&detailBusinessFrom=0-1_39294505%7C0-2,https://sg.shein.com/Livesso-Women-s-Solid-Color-Round-Neck-Loose-Long-Sleeve-T-Shirt-Fall-Clothes-p-39294505.html,True,"mallCode,pageListType,detailBusinessFrom",False,,39294505,True
413037448,4,2,"4,5","Women's Off-Shoulder Short Sleeve Top, Regular Length, Polyester High Stretch Fabric, White Summer Blouse Suitable For Office & Casual Wear",S$5.90,https://sg.shein.com/Women-s-Off-Shoulder-Short-Sleeve-Top-Regular-Length-Polyester-High-Stretch-Fabric-White-Summer-Blouse-Suitable-For-Office-Casual-Wear-p-413037448.html,https://sc.ltwebstatic.com/she_dist/images/bg-grey-solid-color-fc04c1310d.png,2026-06-02T16:24:45+08:00,,-2%,,,5.8k+ sold,https://sg.shein.com/Women-s-Off-Shoulder-Short-Sleeve-Top-Regular-Length-Polyester-High-Stretch-Fabric-White-Summer-Blouse-Suitable-For-Office-Casual-Wear-p-413037448.html?mallCode=1&pageListType=4&detailBusinessFrom=0-1_413037448%7C0-2,https://sg.shein.com/Women-s-Off-Shoulder-Short-Sleeve-Top-Regular-Length-Polyester-High-Stretch-Fabric-White-Summer-Blouse-Suitable-For-Office-Casual-Wear-p-413037448.html,True,"mallCode,pageListType,detailBusinessFrom",False,,413037448,True
431151180,4,1,4,"1pc Women's Summer Round Neck Short Sleeve T-Shirt, Vacation Style Printed, Casual Loose Fit, Comfortable, Suitable For Summer Wear, Suitable For Beach, Street, Daily Activities, Work, Office Gatherings And Other Occasions White",S$0.90,https://sg.shein.com/1pc-Women-s-Summer-Round-Neck-Short-Sleeve-T-Shirt-Vacation-Style-Printed-Casual-Loose-Fit-Comfortable-Suitable-For-Summer-Wear-Suitable-For-Beach-Street-Daily-Activities-Work-Office-Gatherings-And-Other-Occasions-White-p-431151180.html,https://sc.ltwebstatic.com/she_dist/images/bg-grey-solid-color-fc04c1310d.png,2026-06-02T16:24:45+08:00,,,,,SAVE S$0.90,https://sg.shein.com/1pc-Women-s-Summer-Round-Neck-Short-Sleeve-T-Shirt-Vacation-Style-Printed-Casual-Loose-Fit-Comfortable-Suitable-For-Summer-Wear-Suitable-For-Beach-Street-Daily-Activities-Work-Office-Gatherings-And-Other-Occasions-White-p-431151180.html?mallCode=1&pageListType=4&detailBusinessFrom=0-1_431151180%7C0-2,https://sg.shein.com/1pc-Women-s-Summer-Round-Neck-Short-Sleeve-T-Shirt-Vacation-Style-Printed-Casual-Loose-Fit-Comfortable-Suitable-For-Summer-Wear-Suitable-For-Beach-Street-Daily-Activities-Work-Office-Gatherings-And-Other-Occasions-White-p-431151180.html,True,"mallCode,pageListType,detailBusinessFrom",False,,431151180,True
343818105,4,2,"4,5","Muchica Women's White Polka Dot Casual Vacation Skirt For Going Out, Streetwear, Y2K, Spring/Summer, White Boho Skirt, Summer Maxi Skirt",S$17.49,https://sg.shein.com/Muchica-Women-s-White-Polka-Dot-Casual-Vacation-Skirt-For-Going-Out-Streetwear-Y2K-Spring-Summer-White-Boho-Skirt-Summer-Maxi-Skirt-p-343818105.html,https://sc.ltwebstatic.com/she_dist/images/bg-grey-solid-color-fc04c1310d.png,2026-06-02T16:24:45+08:00,,,,,1.4k+ sold,https://sg.shein.com/Muchica-Women-s-White-Polka-Dot-Casual-Vacation-Skirt-For-Going-Out-Streetwear-Y2K-Spring-Summer-White-Boho-Skirt-Summer-Maxi-Skirt-p-343818105.html?mallCode=1&pageListType=4&detailBusinessFrom=0-1_343818105%7C0-2,https://sg.shein.com/Muchica-Women-s-White-Polka-Dot-Casual-Vacation-Skirt-For-Going-Out-Streetwear-Y2K-Spring-Summer-White-Boho-Skirt-Summer-Maxi-Skirt-p-343818105.html,True,"mallCode,pageListType,detailBusinessFrom",False,,343818105,True
208316698,4,2,"4,5","XLLAIS Fashion Collared White Casual Vacation Fitted Tank Top, Suitable For All Seasons Summer",S$10.49,https://sg.shein.com/XLLAIS-Fashion-Collared-White-Casual-Vacation-Fitted-Tank-Top-Suitable-For-All-Seasons-Summer-p-208316698.html,https://sc.ltwebstatic.com/she_dist/images/bg-grey-solid-color-fc04c1310d.png,2026-06-02T16:24:45+08:00,,,,,15.6k+ sold,https://sg.shein.com/XLLAIS-Fashion-Collared-White-Casual-Vacation-Fitted-Tank-Top-Suitable-For-All-Seasons-Summer-p-208316698.html?mallCode=1&pageListType=4&detailBusinessFrom=0-1_208316698%7C0-2,https://sg.shein.com/XLLAIS-Fashion-Collared-White-Casual-Vacation-Fitted-Tank-Top-Suitable-For-All-Seasons-Summer-p-208316698.html,True,"mallCode,pageListType,detailBusinessFrom",False,,208316698,True
78022087,4,1,4,EMERY ROSE Women's Casual & Comfortable Solid Color Suit Pants Fall Cloth For Women,S$0.90,https://sg.shein.com/EMERY-ROSE-Women-s-Casual-Comfortable-Solid-Color-Suit-Pants-Fall-Cloth-For-Women-p-78022087.html,https://sc.ltwebstatic.com/she_dist/images/bg-grey-solid-color-fc04c1310d.png,2026-06-02T16:24:45+08:00,,,,,SAVE S$0.90,https://sg.shein.com/EMERY-ROSE-Women-s-Casual-Comfortable-Solid-Color-Suit-Pants-Fall-Cloth-For-Women-p-78022087.html?mallCode=1&pageListType=4&detailBusinessFrom=0-1_78022087%7C0-2,https://sg.shein.com/EMERY-ROSE-Women-s-Casual-Comfortable-Solid-Color-Suit-Pants-Fall-Cloth-For-Women-p-78022087.html,True,"mallCode,pageListType,detailBusinessFrom",False,,78022087,True
360014539,4,1,4,"DAZY Women's Elegant Solid Color Flared Pants, Korean Style",S$2.60,https://sg.shein.com/DAZY-Women-s-Elegant-Solid-Color-Flared-Pants-Korean-Style-p-360014539.html,https://sc.ltwebstatic.com/she_dist/images/bg-grey-solid-color-fc04c1310d.png,2026-06-02T16:24:45+08:00,,,,,SAVE S$2.60,https://sg.shein.com/DAZY-Women-s-Elegant-Solid-Color-Flared-Pants-Korean-Style-p-360014539.html?mallCode=1&pageListType=4&detailBusinessFrom=0-1_360014539%7C0-2,https://sg.shein.com/DAZY-Women-s-Elegant-Solid-Color-Flared-Pants-Korean-Style-p-360014539.html,True,"mallCode,pageListType,detailBusinessFrom",False,,360014539,True
30262825,4,1,4,Dazy Designer Ladies' Drawstring Waist Design Stylish Shorts Summer,S$2.00,https://sg.shein.com/Dazy-Designer-Ladies-Drawstring-Waist-Design-Stylish-Shorts-Summer-p-30262825.html,https://sc.ltwebstatic.com/she_dist/images/bg-grey-solid-color-fc04c1310d.png,2026-06-02T16:24:45+08:00,,,,,SAVE S$2.00,https://sg.shein.com/Dazy-Designer-Ladies-Drawstring-Waist-Design-Stylish-Shorts-Summer-p-30262825.html?mallCode=1&pageListType=4&detailBusinessFrom=0-1_30262825%7C0-2,https://sg.shein.com/Dazy-Designer-Ladies-Drawstring-Waist-Design-Stylish-Shorts-Summer-p-30262825.html,True,"mallCode,pageListType,detailBusinessFrom",False,,30262825,True
52628967,4,2,"4,5","INAWLY Autumn/Winter Loose Fit Long Sleeve Faux Leather Jacket, Motorcycle Style For Women Fall Cloth For Women",S$24.49,https://sg.shein.com/INAWLY-Autumn-Winter-Loose-Fit-Long-Sleeve-Faux-Leather-Jacket-Motorcycle-Style-For-Women-Fall-Cloth-For-Women-p-52628967.html,https://sc.ltwebstatic.com/she_dist/images/bg-grey-solid-color-fc04c1310d.png,2026-06-02T16:24:45+08:00,,,,,32.5k+ sold,https://sg.shein.com/INAWLY-Autumn-Winter-Loose-Fit-Long-Sleeve-Faux-Leather-Jacket-Motorcycle-Style-For-Women-Fall-Cloth-For-Women-p-52628967.html?mallCode=1&pageListType=4&detailBusinessFrom=0-1_52628967%7C0-2,https://sg.shein.com/INAWLY-Autumn-Winter-Loose-Fit-Long-Sleeve-Faux-Leather-Jacket-Motorcycle-Style-For-Women-Fall-Cloth-For-Women-p-52628967.html,True,"mallCode,pageListType,detailBusinessFrom",False,,52628967,True
44367079,4,1,4,SHEIN ICON Women Casual Front Button Pocket Loose Fit Denim Pants,S$27.99,https://sg.shein.com/SHEIN-ICON-Women-Casual-Front-Button-Pocket-Loose-Fit-Denim-Pants-p-44367079.html,https://sc.ltwebstatic.com/she_dist/images/bg-grey-solid-color-fc04c1310d.png,2026-06-02T16:24:45+08:00,,,,,3.8k+ sold,https://sg.shein.com/SHEIN-ICON-Women-Casual-Front-Button-Pocket-Loose-Fit-Denim-Pants-p-44367079.html?mallCode=1&pageListType=4&detailBusinessFrom=0-1_44367079%7C0-2,https://sg.shein.com/SHEIN-ICON-Women-Casual-Front-Button-Pocket-Loose-Fit-Denim-Pants-p-44367079.html,True,"mallCode,pageListType,detailBusinessFrom",False,,44367079,True
469428072,4,3,"4,5,6","Divinelle White And Brown Striped Bowknot Print Sweatshirt For Women,Autumn Casual School Back-To-School Round Neck Long Sleeve Loose Lightweight Pullover",S$12.49,https://sg.shein.com/Divinelle-White-And-Brown-Striped-Bowknot-Print-Sweatshirt-For-Women-Autumn-Casual-School-Back-To-School-Round-Neck-Long-Sleeve-Loose-Lightweight-Pullover-p-469428072.html,https://sc.ltwebstatic.com/she_dist/images/bg-grey-solid-color-fc04c1310d.png,2026-06-02T16:24:45+08:00,,,,,805 sold,https://sg.shein.com/Divinelle-White-And-Brown-Striped-Bowknot-Print-Sweatshirt-For-Women-Autumn-Casual-School-Back-To-School-Round-Neck-Long-Sleeve-Loose-Lightweight-Pullover-p-469428072.html?mallCode=1&pageListType=4&detailBusinessFrom=0-1_469428072%7C0-2,https://sg.shein.com/Divinelle-White-And-Brown-Striped-Bowknot-Print-Sweatshirt-For-Women-Autumn-Casual-School-Back-To-School-Round-Neck-Long-Sleeve-Loose-Lightweight-Pullover-p-469428072.html,True,"mallCode,pageListType,detailBusinessFrom",False,,469428072,True
427537564,4,2,"4,5","1pc Women's Short Sleeve Cropped T-Shirt - Watercolor Coconut, Hibiscus And Shell Print With ""Summer"" Text, Beachy Style, Soft Breathable Crew Neck Crop Top, Ideal For Summer Casual Outings, Tropical Pattern Tee For Ladies And Teens Vacation",S$4.49,https://sg.shein.com/1pc-Women-s-Short-Sleeve-Cropped-T-Shirt-Watercolor-Coconut-Hibiscus-And-Shell-Print-With-Summer-Text-Beachy-Style-Soft-Breathable-Crew-Neck-Crop-Top-Ideal-For-Summer-Casual-Outings-Tropical-Pattern-Tee-For-Ladies-And-Teens-Vacation-p-427537564.html,https://sc.ltwebstatic.com/she_dist/images/bg-grey-solid-color-fc04c1310d.png,2026-06-02T16:24:45+08:00,,,,,669 sold,https://sg.shein.com/1pc-Women-s-Short-Sleeve-Cropped-T-Shirt-Watercolor-Coconut-Hibiscus-And-Shell-Print-With-Summer-Text-Beachy-Style-Soft-Breathable-Crew-Neck-Crop-Top-Ideal-For-Summer-Casual-Outings-Tropical-Pattern-Tee-For-Ladies-And-Teens-Vacation-p-427537564.html?mallCode=1&pageListType=4&detailBusinessFrom=0-1_427537564%7C0-2,https://sg.shein.com/1pc-Women-s-Short-Sleeve-Cropped-T-Shirt-Watercolor-Coconut-Hibiscus-And-Shell-Print-With-Summer-Text-Beachy-Style-Soft-Breathable-Crew-Neck-Crop-Top-Ideal-For-Summer-Casual-Outings-Tropical-Pattern-Tee-For-Ladies-And-Teens-Vacation-p-427537564.html,True,"mallCode,pageListType,detailBusinessFrom",False,,427537564,True
53730423,4,1,4,SHEIN BASICS 3pcs Solid Color Knitted Long Sleeve Slim Fit Scoop Neck Cropped Women T-Shirts Tops For Women,S$13.49,https://sg.shein.com/SHEIN-BASICS-3pcs-Solid-Color-Knitted-Long-Sleeve-Slim-Fit-Scoop-Neck-Cropped-Women-T-Shirts-Tops-For-Women-p-53730423.html,https://sc.ltwebstatic.com/she_dist/images/bg-grey-solid-color-fc04c1310d.png,2026-06-02T16:24:45+08:00,,,,,5.5k+ sold,https://sg.shein.com/SHEIN-BASICS-3pcs-Solid-Color-Knitted-Long-Sleeve-Slim-Fit-Scoop-Neck-Cropped-Women-T-Shirts-Tops-For-Women-p-53730423.html?mallCode=1&pageListType=4&detailBusinessFrom=0-1_53730423%7C0-2,https://sg.shein.com/SHEIN-BASICS-3pcs-Solid-Color-Knitted-Long-Sleeve-Slim-Fit-Scoop-Neck-Cropped-Women-T-Shirts-Tops-For-Women-p-53730423.html,True,"mallCode,pageListType,detailBusinessFrom",False,,53730423,True
212592577,4,1,4,"SHEIN Essnce 3pcs Women Casual Solid Color Versatile High Waist Drawstring Pocket Straight Loose Pants Set, Suitable For Spring/Summer",S$30.49,https://sg.shein.com/SHEIN-Essnce-3pcs-Women-Casual-Solid-Color-Versatile-High-Waist-Drawstring-Pocket-Straight-Loose-Pants-Set-Suitable-For-Spring-Summer-p-212592577.html,https://sc.ltwebstatic.com/she_dist/images/bg-grey-solid-color-fc04c1310d.png,2026-06-02T16:24:45+08:00,,,,,14.1k+ sold,https://sg.shein.com/SHEIN-Essnce-3pcs-Women-Casual-Solid-Color-Versatile-High-Waist-Drawstring-Pocket-Straight-Loose-Pants-Set-Suitable-For-Spring-Summer-p-212592577.html?mallCode=1&pageListType=4&detailBusinessFrom=0-1_212592577%7C0-2,https://sg.shein.com/SHEIN-Essnce-3pcs-Women-Casual-Solid-Color-Versatile-High-Waist-Drawstring-Pocket-Straight-Loose-Pants-Set-Suitable-For-Spring-Summer-p-212592577.html,True,"mallCode,pageListType,detailBusinessFrom",False,,212592577,True
47977641,4,1,4,ROMWE Grunge Punk Spring/Summer Casual Baech Black Y2K Subculture Leopard Print Hem Slit Design Women Tube Top,S$1.44,https://sg.shein.com/ROMWE-Grunge-Punk-Spring-Summer-Casual-Baech-Black-Y2K-Subculture-Leopard-Print-Hem-Slit-Design-Women-Tube-Top-p-47977641.html,https://sc.ltwebstatic.com/she_dist/images/bg-grey-solid-color-fc04c1310d.png,2026-06-02T16:24:45+08:00,,,,,SAVE S$1.44,https://sg.shein.com/ROMWE-Grunge-Punk-Spring-Summer-Casual-Baech-Black-Y2K-Subculture-Leopard-Print-Hem-Slit-Design-Women-Tube-Top-p-47977641.html?mallCode=1&pageListType=4&detailBusinessFrom=0-1_47977641%7C0-2,https://sg.shein.com/ROMWE-Grunge-Punk-Spring-Summer-Casual-Baech-Black-Y2K-Subculture-Leopard-Print-Hem-Slit-Design-Women-Tube-Top-p-47977641.html,True,"mallCode,pageListType,detailBusinessFrom",False,,47977641,True
453996969,4,1,4,"SHEIN Franclia Women's Bow Tie V-Neck Blouse,White And Black Contrast Trim Slim Fit Tee,Summer Casual Vintage Americana Top,Vacation Coquette Aesthetic Kawaii Style",S$6.99,https://sg.shein.com/SHEIN-Franclia-Women-s-Bow-Tie-V-Neck-Blouse-White-And-Black-Contrast-Trim-Slim-Fit-Tee-Summer-Casual-Vintage-Americana-Top-Vacation-Coquette-Aesthetic-Kawaii-Style-p-453996969.html,https://sc.ltwebstatic.com/she_dist/images/bg-grey-solid-color-fc04c1310d.png,2026-06-02T16:24:45+08:00,,,,,528 sold,https://sg.shein.com/SHEIN-Franclia-Women-s-Bow-Tie-V-Neck-Blouse-White-And-Black-Contrast-Trim-Slim-Fit-Tee-Summer-Casual-Vintage-Americana-Top-Vacation-Coquette-Aesthetic-Kawaii-Style-p-453996969.html?mallCode=1&pageListType=4&detailBusinessFrom=0-1_453996969%7C0-2,https://sg.shein.com/SHEIN-Franclia-Women-s-Bow-Tie-V-Neck-Blouse-White-And-Black-Contrast-Trim-Slim-Fit-Tee-Summer-Casual-Vintage-Americana-Top-Vacation-Coquette-Aesthetic-Kawaii-Style-p-453996969.html,True,"mallCode,pageListType,detailBusinessFrom",False,,453996969,True
34045585,5,1,5,EMERY ROSE Solid Color Loose Wide Leg Elegant Pants With Pocket Fall Cloth For Women,S$15.99,https://sg.shein.com/EMERY-ROSE-Solid-Color-Loose-Wide-Leg-Elegant-Pants-With-Pocket-Fall-Cloth-For-Women-p-34045585.html,https://img.ltwebstatic.com/v4/j/pi/2025/07/23/37/1753239202181a76072e56e66b9c9d98049028e313_thumbnail_600x.webp,2026-06-02T16:26:47+08:00,,,,,9.3k+ sold,https://sg.shein.com/EMERY-ROSE-Solid-Color-Loose-Wide-Leg-Elegant-Pants-With-Pocket-Fall-Cloth-For-Women-p-34045585.html?mallCode=1&pageListType=4&detailBusinessFrom=0-1_34045585%7C0-2,https://sg.shein.com/EMERY-ROSE-Solid-Color-Loose-Wide-Leg-Elegant-Pants-With-Pocket-Fall-Cloth-For-Women-p-34045585.html,True,"mallCode,pageListType,detailBusinessFrom",False,,34045585,True
457740284,5,2,"5,9","Women's Summer New Letter Print Casual Vacation Loose Versatile Round Neck Beige Short Sleeve T-Shirt, Fashionable Everyday Top, Suitable For Daily Wear",S$0.78,https://sg.shein.com/Women-s-Summer-New-Letter-Print-Casual-Vacation-Loose-Versatile-Round-Neck-Beige-Short-Sleeve-T-Shirt-Fashionable-Everyday-Top-Suitable-For-Daily-Wear-p-457740284.html,https://img.ltwebstatic.com/v4/j/spmp/2026/04/28/97/1777357805471f32f728f315d3187c04a0ca85cf74_thumbnail_600x.webp,2026-06-02T16:26:47+08:00,,,,,SAVE S$0.78,https://sg.shein.com/Women-s-Summer-New-Letter-Print-Casual-Vacation-Loose-Versatile-Round-Neck-Beige-Short-Sleeve-T-Shirt-Fashionable-Everyday-Top-Suitable-For-Daily-Wear-p-457740284.html?mallCode=1&pageListType=4&detailBusinessFrom=0-1_457740284%7C0-2,https://sg.shein.com/Women-s-Summer-New-Letter-Print-Casual-Vacation-Loose-Versatile-Round-Neck-Beige-Short-Sleeve-T-Shirt-Fashionable-Everyday-Top-Suitable-For-Daily-Wear-p-457740284.html,True,"mallCode,pageListType,detailBusinessFrom",False,,457740284,True
432425159,5,2,"5,9","Women's New Casual Cute Pattern Loose Fit Round Neck Short Sleeve T-Shirt, Fashionable Daily & Holiday Wear. Suitable For Holidays, Back To School, Teacher's Day, Etc. Letter Print Soft, Loose & Comfortable High-End Casual Street Style Relaxed Fit Short Sleeve Top Pink Summer",S$0.82,https://sg.shein.com/Women-s-New-Casual-Cute-Pattern-Loose-Fit-Round-Neck-Short-Sleeve-T-Shirt-Fashionable-Daily-Holiday-Wear-Suitable-For-Holidays-Back-To-School-Teacher-s-Day-Etc-Letter-Print-Soft-Loose-Comfortable-High-End-Casual-Street-Style-Relaxed-Fit-Short-Sleeve-Top-Pink-Summer-p-432425159.html,https://img.ltwebstatic.com/v4/j/spmp/2026/04/11/b2/1775873796bbea0d2b623f0ffe2ed6e6846c5d2d0d_thumbnail_600x.webp,2026-06-02T16:26:47+08:00,,,,,SAVE S$0.82,https://sg.shein.com/Women-s-New-Casual-Cute-Pattern-Loose-Fit-Round-Neck-Short-Sleeve-T-Shirt-Fashionable-Daily-Holiday-Wear-Suitable-For-Holidays-Back-To-School-Teacher-s-Day-Etc-Letter-Print-Soft-Loose-Comfortable-High-End-Casual-Street-Style-Relaxed-Fit-Short-Sleeve-Top-Pink-Summer-p-432425159.html?mallCode=1&pageListType=4&detailBusinessFrom=0-1_432425159%7C0-2,https://sg.shein.com/Women-s-New-Casual-Cute-Pattern-Loose-Fit-Round-Neck-Short-Sleeve-T-Shirt-Fashionable-Daily-Holiday-Wear-Suitable-For-Holidays-Back-To-School-Teacher-s-Day-Etc-Letter-Print-Soft-Loose-Comfortable-High-End-Casual-Street-Style-Relaxed-Fit-Short-Sleeve-Top-Pink-Summer-p-432425159.html,True,"mallCode,pageListType,detailBusinessFrom",False,,432425159,True
430984401,5,1,5,"Resyla Women's Casual T-Shirt - Color Block T-Shirt With New York Print Pattern, Lightweight Summer Top For Daily Wear",S$7.99,https://sg.shein.com/Resyla-Women-s-Casual-T-Shirt-Color-Block-T-Shirt-With-New-York-Print-Pattern-Lightweight-Summer-Top-For-Daily-Wear-p-430984401.html,https://img.ltwebstatic.com/v4/j/pi/2026/03/27/a3/1774591002e3b8b95954c426cda3627dfd2dc140dc_thumbnail_600x.webp,2026-06-02T16:26:47+08:00,,,,,3.4k+ sold,https://sg.shein.com/Resyla-Women-s-Casual-T-Shirt-Color-Block-T-Shirt-With-New-York-Print-Pattern-Lightweight-Summer-Top-For-Daily-Wear-p-430984401.html?mallCode=1&pageListType=4&detailBusinessFrom=0-1_430984401%7C0-2,https://sg.shein.com/Resyla-Women-s-Casual-T-Shirt-Color-Block-T-Shirt-With-New-York-Print-Pattern-Lightweight-Summer-Top-For-Daily-Wear-p-430984401.html,True,"mallCode,pageListType,detailBusinessFrom",False,,430984401,True
67896270,5,2,"5,10",Swim Mod Women's Summer Floral Swimsuit Spaghetti Strap Sexy Bikini Holiday Tight Casual Cute Playful Two Pieces Swimsuit,S$8.49,https://sg.shein.com/Swim-Mod-Women-s-Summer-Floral-Swimsuit-Spaghetti-Strap-Sexy-Bikini-Holiday-Tight-Casual-Cute-Playful-Two-Pieces-Swimsuit-p-67896270.html,https://img.ltwebstatic.com/v4/j/pi/2025/04/17/bc/1744854984f3f1def7b60eefb1a321f1baaa4f3d6f_thumbnail_600x.webp,2026-06-02T16:26:47+08:00,,,,,11.4k+ sold,https://sg.shein.com/Swim-Mod-Women-s-Summer-Floral-Swimsuit-Spaghetti-Strap-Sexy-Bikini-Holiday-Tight-Casual-Cute-Playful-Two-Pieces-Swimsuit-p-67896270.html?mallCode=1&pageListType=4&detailBusinessFrom=0-1_67896270%7C0-2,https://sg.shein.com/Swim-Mod-Women-s-Summer-Floral-Swimsuit-Spaghetti-Strap-Sexy-Bikini-Holiday-Tight-Casual-Cute-Playful-Two-Pieces-Swimsuit-p-67896270.html,True,"mallCode,pageListType,detailBusinessFrom",False,,67896270,True
398046227,5,2,"5,10","Women's Summer New Letter Print Round Neck Short Sleeve T-Shirt, Casual Loose Versatile Top For Daily Wear",S$4.36,https://sg.shein.com/Women-s-Summer-New-Letter-Print-Round-Neck-Short-Sleeve-T-Shirt-Casual-Loose-Versatile-Top-For-Daily-Wear-p-398046227.html,https://img.ltwebstatic.com/v4/j/spmp/2026/05/09/e7/17783040800a5601fc2b1455b8bddb92c4fa85cc3a_thumbnail_600x.webp,2026-06-02T16:26:47+08:00,,-3%,,,371 sold,https://sg.shein.com/Women-s-Summer-New-Letter-Print-Round-Neck-Short-Sleeve-T-Shirt-Casual-Loose-Versatile-Top-For-Daily-Wear-p-398046227.html?mallCode=1&pageListType=4&detailBusinessFrom=0-1_398046227%7C0-2,https://sg.shein.com/Women-s-Summer-New-Letter-Print-Round-Neck-Short-Sleeve-T-Shirt-Casual-Loose-Versatile-Top-For-Daily-Wear-p-398046227.html,True,"mallCode,pageListType,detailBusinessFrom",False,,398046227,True
428266200,5,1,5,"CovetEZ 2026 Spring/Summer New Women's Apparel: Brown Polka Dot Cute Casual Versatile Ruffle Drawstring Blouse/Tank Top,Summer Top",S$10.49,https://sg.shein.com/CovetEZ-2026-Spring-Summer-New-Women-s-Apparel-Brown-Polka-Dot-Cute-Casual-Versatile-Ruffle-Drawstring-Blouse-Tank-Top-Summer-Top-p-428266200.html,https://img.ltwebstatic.com/v4/j/pi/2026/03/23/54/1774250947e546dae0d938e7913e55875f4438eca9_thumbnail_600x.webp,2026-06-02T16:26:47+08:00,,,,,7.1k+ sold,https://sg.shein.com/CovetEZ-2026-Spring-Summer-New-Women-s-Apparel-Brown-Polka-Dot-Cute-Casual-Versatile-Ruffle-Drawstring-Blouse-Tank-Top-Summer-Top-p-428266200.html?mallCode=1&pageListType=4&detailBusinessFrom=0-1_428266200%7C0-2,https://sg.shein.com/CovetEZ-2026-Spring-Summer-New-Women-s-Apparel-Brown-Polka-Dot-Cute-Casual-Versatile-Ruffle-Drawstring-Blouse-Tank-Top-Summer-Top-p-428266200.html,True,"mallCode,pageListType,detailBusinessFrom",False,,428266200,True
433322555,5,1,5,Women's Solid Color Casual Versatile Wide Leg Pants For Daily Wear Black Summer,S$13.63,https://sg.shein.com/Women-s-Solid-Color-Casual-Versatile-Wide-Leg-Pants-For-Daily-Wear-Black-Summer-p-433322555.html,https://img.ltwebstatic.com/v4/j/spmp/2026/04/23/cb/17769201828c99eff57fd0425b1e9950c1f46c1224_thumbnail_600x.webp,2026-06-02T16:26:47+08:00,,-12%,,,169 sold,https://sg.shein.com/Women-s-Solid-Color-Casual-Versatile-Wide-Leg-Pants-For-Daily-Wear-Black-Summer-p-433322555.html?mallCode=1&pageListType=4&detailBusinessFrom=0-1_433322555%7C0-2,https://sg.shein.com/Women-s-Solid-Color-Casual-Versatile-Wide-Leg-Pants-For-Daily-Wear-Black-Summer-p-433322555.html,True,"mallCode,pageListType,detailBusinessFrom",False,,433322555,True
35936549,5,1,5,SHEIN Tall Women's Casual Solid Color Straight-Leg Trousers,S$6.99,https://sg.shein.com/SHEIN-Tall-Women-s-Casual-Solid-Color-Straight-Leg-Trousers-p-35936549.html,https://img.ltwebstatic.com/images3_pi/2024/05/29/f4/171697525516641c5e8567056f2c4dcff13d281d65_thumbnail_600x.webp,2026-06-02T16:26:47+08:00,,,,,852 sold,https://sg.shein.com/SHEIN-Tall-Women-s-Casual-Solid-Color-Straight-Leg-Trousers-p-35936549.html?mallCode=1&pageListType=4&detailBusinessFrom=0-1_35936549%7C0-2,https://sg.shein.com/SHEIN-Tall-Women-s-Casual-Solid-Color-Straight-Leg-Trousers-p-35936549.html,True,"mallCode,pageListType,detailBusinessFrom",False,,35936549,True
365457362,5,1,5,"INAWLY Women's Casual Letter Print Asymmetric Neck Loose Short Sleeve T-Shirt, Summer Graphic Tees Women Tops",S$8.49,https://sg.shein.com/INAWLY-Women-s-Casual-Letter-Print-Asymmetric-Neck-Loose-Short-Sleeve-T-Shirt-Summer-Graphic-Tees-Women-Tops-p-365457362.html,https://img.ltwebstatic.com/v4/j/pi/2026/01/12/94/1768187431df7b9b84b0ce8729d768edd19542c0a4_thumbnail_600x.webp,2026-06-02T16:26:47+08:00,,,,,16.5k+ sold,https://sg.shein.com/INAWLY-Women-s-Casual-Letter-Print-Asymmetric-Neck-Loose-Short-Sleeve-T-Shirt-Summer-Graphic-Tees-Women-Tops-p-365457362.html?mallCode=1&pageListType=4&detailBusinessFrom=0-1_365457362%7C0-2,https://sg.shein.com/INAWLY-Women-s-Casual-Letter-Print-Asymmetric-Neck-Loose-Short-Sleeve-T-Shirt-Summer-Graphic-Tees-Women-Tops-p-365457362.html,True,"mallCode,pageListType,detailBusinessFrom",False,,365457362,True
156638020,5,1,5,"Women's Fashion Lightweight Baseball Jacket, Stand Collar, Zipper Pockets, All Season/Winter Suitable For Daily/Beach/Wedding/Graduation, Summer Coffee Color",S$29.24,https://sg.shein.com/Women-s-Fashion-Lightweight-Baseball-Jacket-Stand-Collar-Zipper-Pockets-All-Season-Winter-Suitable-For-Daily-Beach-Wedding-Graduation-Summer-Coffee-Color-p-156638020.html,https://img.ltwebstatic.com/v4/j/spmp/2025/10/09/0d/175999428080f254dc294617f73120bc9928834fc5_thumbnail_600x.webp,2026-06-02T16:26:47+08:00,,-10%,,,33.9k+ sold,https://sg.shein.com/Women-s-Fashion-Lightweight-Baseball-Jacket-Stand-Collar-Zipper-Pockets-All-Season-Winter-Suitable-For-Daily-Beach-Wedding-Graduation-Summer-Coffee-Color-p-156638020.html?mallCode=1&pageListType=4&detailBusinessFrom=0-1_156638020%7C0-2,https://sg.shein.com/Women-s-Fashion-Lightweight-Baseball-Jacket-Stand-Collar-Zipper-Pockets-All-Season-Winter-Suitable-For-Daily-Beach-Wedding-Graduation-Summer-Coffee-Color-p-156638020.html,True,"mallCode,pageListType,detailBusinessFrom",False,,156638020,True
430150757,5,1,5,"Women's Pink Crew Neck Short Sleeve T-Shirt With ""Los Angeles 89"" Print, Casual Street Style, Soft, Loose And Comfortable, High-End Street And Resort Style, Versatile Loose Casual Short Sleeve Top, College Style, Suitable For Spring And Autumn Summer",S$1.20,https://sg.shein.com/Women-s-Pink-Crew-Neck-Short-Sleeve-T-Shirt-With-Los-Angeles-89-Print-Casual-Street-Style-Soft-Loose-And-Comfortable-High-End-Street-And-Resort-Style-Versatile-Loose-Casual-Short-Sleeve-Top-College-Style-Suitable-For-Spring-And-Autumn-Summer-p-430150757.html,https://img.ltwebstatic.com/v4/j/spmp/2026/03/27/e3/17745785601336852a3631e84a8f04c9af75dd5674_thumbnail_600x.webp,2026-06-02T16:26:47+08:00,,,,,SAVE S$1.20,https://sg.shein.com/Women-s-Pink-Crew-Neck-Short-Sleeve-T-Shirt-With-Los-Angeles-89-Print-Casual-Street-Style-Soft-Loose-And-Comfortable-High-End-Street-And-Resort-Style-Versatile-Loose-Casual-Short-Sleeve-Top-College-Style-Suitable-For-Spring-And-Autumn-Summer-p-430150757.html?mallCode=1&pageListType=4&detailBusinessFrom=0-1_430150757%7C0-2,https://sg.shein.com/Women-s-Pink-Crew-Neck-Short-Sleeve-T-Shirt-With-Los-Angeles-89-Print-Casual-Street-Style-Soft-Loose-And-Comfortable-High-End-Street-And-Resort-Style-Versatile-Loose-Casual-Short-Sleeve-Top-College-Style-Suitable-For-Spring-And-Autumn-Summer-p-430150757.html,True,"mallCode,pageListType,detailBusinessFrom",False,,430150757,True
50648302,5,1,5,"DAZY Women's Crew Neck Solid Color Basic Short Sleeve T-Shirt, White, Spring/Summer,Business Casual Women",S$8.99,https://sg.shein.com/DAZY-Women-s-Crew-Neck-Solid-Color-Basic-Short-Sleeve-T-Shirt-White-Spring-Summer-Business-Casual-Women-p-50648302.html,https://img.ltwebstatic.com/images3_pi/2025/04/08/d4/1744107908b530351714e7c5400522aa4931232f42_thumbnail_600x.webp,2026-06-02T16:26:47+08:00,,,(1000+),,43k+ sold,https://sg.shein.com/DAZY-Women-s-Crew-Neck-Solid-Color-Basic-Short-Sleeve-T-Shirt-White-Spring-Summer-Business-Casual-Women-p-50648302.html?mallCode=1&pageListType=4&detailBusinessFrom=0-1_50648302%7C0-2,https://sg.shein.com/DAZY-Women-s-Crew-Neck-Solid-Color-Basic-Short-Sleeve-T-Shirt-White-Spring-Summer-Business-Casual-Women-p-50648302.html,True,"mallCode,pageListType,detailBusinessFrom",False,,50648302,True
186421929,5,1,5,"Firerie Navy Blue Summer Elegant Office Women's Linen Blouse,Crinkle Collar Asymmetrical Sleeve Side Ruched Cinched Waist Bamboo Fiber Commuter Vacation Top",S$1.14,https://sg.shein.com/Firerie-Navy-Blue-Summer-Elegant-Office-Women-s-Linen-Blouse-Crinkle-Collar-Asymmetrical-Sleeve-Side-Ruched-Cinched-Waist-Bamboo-Fiber-Commuter-Vacation-Top-p-186421929.html,https://img.ltwebstatic.com/v4/j/pi/2025/09/17/79/17581148380b3dcdd3e056eb0a2357608ad28960a8_thumbnail_600x.webp,2026-06-02T16:26:47+08:00,,,,,SAVE S$1.14,https://sg.shein.com/Firerie-Navy-Blue-Summer-Elegant-Office-Women-s-Linen-Blouse-Crinkle-Collar-Asymmetrical-Sleeve-Side-Ruched-Cinched-Waist-Bamboo-Fiber-Commuter-Vacation-Top-p-186421929.html?mallCode=1&pageListType=4&detailBusinessFrom=0-1_186421929%7C0-2,https://sg.shein.com/Firerie-Navy-Blue-Summer-Elegant-Office-Women-s-Linen-Blouse-Crinkle-Collar-Asymmetrical-Sleeve-Side-Ruched-Cinched-Waist-Bamboo-Fiber-Commuter-Vacation-Top-p-186421929.html,True,"mallCode,pageListType,detailBusinessFrom",False,,186421929,True
439361005,5,1,5,"1pc Women's Summer Casual Short Sleeve T-Shirt, Coffee Theme Tee With Iced Coffee And Sun English Graphic Print, Suitable For Vacation, Office, Outing, Daily, Date, Party, Gathering, Street Wear",S$5.03,https://sg.shein.com/1pc-Women-s-Summer-Casual-Short-Sleeve-T-Shirt-Coffee-Theme-Tee-With-Iced-Coffee-And-Sun-English-Graphic-Print-Suitable-For-Vacation-Office-Outing-Daily-Date-Party-Gathering-Street-Wear-p-439361005.html,https://img.ltwebstatic.com/v4/j/spmp/2026/05/18/6c/1779097328b080748410a57be139abf027d99666e4_thumbnail_600x.webp,2026-06-02T16:26:47+08:00,,-16%,,,,https://sg.shein.com/1pc-Women-s-Summer-Casual-Short-Sleeve-T-Shirt-Coffee-Theme-Tee-With-Iced-Coffee-And-Sun-English-Graphic-Print-Suitable-For-Vacation-Office-Outing-Daily-Date-Party-Gathering-Street-Wear-p-439361005.html?mallCode=1&pageListType=4&detailBusinessFrom=0-1_439361005%7C0-2,https://sg.shein.com/1pc-Women-s-Summer-Casual-Short-Sleeve-T-Shirt-Coffee-Theme-Tee-With-Iced-Coffee-And-Sun-English-Graphic-Print-Suitable-For-Vacation-Office-Outing-Daily-Date-Party-Gathering-Street-Wear-p-439361005.html,True,"mallCode,pageListType,detailBusinessFrom",False,,439361005,True
144462349,5,1,5,"Attitoon 3pcs Set Women's T-Shirt Car Print Vintage English Grunge Pattern,All Shades Of Brown,Summer,Casual,Streetwear,City Break,Short Sleeve Cropped Y2K",S$16.99,https://sg.shein.com/Attitoon-3pcs-Set-Women-s-T-Shirt-Car-Print-Vintage-English-Grunge-Pattern-All-Shades-Of-Brown-Summer-Casual-Streetwear-City-Break-Short-Sleeve-Cropped-Y2K-p-144462349.html,https://img.ltwebstatic.com/v4/j/pi/2025/08/04/14/175431174311478bb15864a4e0a70e56698356b09d_thumbnail_600x.webp,2026-06-02T16:26:47+08:00,,,,,2.2k+ sold,https://sg.shein.com/Attitoon-3pcs-Set-Women-s-T-Shirt-Car-Print-Vintage-English-Grunge-Pattern-All-Shades-Of-Brown-Summer-Casual-Streetwear-City-Break-Short-Sleeve-Cropped-Y2K-p-144462349.html?mallCode=1&pageListType=4&detailBusinessFrom=0-1_144462349%7C0-2,https://sg.shein.com/Attitoon-3pcs-Set-Women-s-T-Shirt-Car-Print-Vintage-English-Grunge-Pattern-All-Shades-Of-Brown-Summer-Casual-Streetwear-City-Break-Short-Sleeve-Cropped-Y2K-p-144462349.html,True,"mallCode,pageListType,detailBusinessFrom",False,,144462349,True
54679740,5,1,5,"Siren Gaze Women's White Sleeveless Geometric Textured Single-Breasted Slim Fit Top,Elegant Summmer Brunch Casual Shirt,Commuting Old Money Western Wear Blouses",S$11.99,https://sg.shein.com/Siren-Gaze-Women-s-White-Sleeveless-Geometric-Textured-Single-Breasted-Slim-Fit-Top-Elegant-Summmer-Brunch-Casual-Shirt-Commuting-Old-Money-Western-Wear-Blouses-p-54679740.html,https://img.ltwebstatic.com/images3_pi/2025/01/24/90/1737699226749a7567ed220a21d897efd95f6a86b3_thumbnail_600x.webp,2026-06-02T16:26:47+08:00,,,(1000+),,24.3k+ sold,https://sg.shein.com/Siren-Gaze-Women-s-White-Sleeveless-Geometric-Textured-Single-Breasted-Slim-Fit-Top-Elegant-Summmer-Brunch-Casual-Shirt-Commuting-Old-Money-Western-Wear-Blouses-p-54679740.html?mallCode=1&pageListType=4&detailBusinessFrom=0-1_54679740%7C0-2,https://sg.shein.com/Siren-Gaze-Women-s-White-Sleeveless-Geometric-Textured-Single-Breasted-Slim-Fit-Top-Elegant-Summmer-Brunch-Casual-Shirt-Commuting-Old-Money-Western-Wear-Blouses-p-54679740.html,True,"mallCode,pageListType,detailBusinessFrom",False,,54679740,True
444491683,5,1,5,"3pcs Women's New Casual Cute Tequila Print Short Sleeve T-Shirt, Loose Versatile Round Neck Tee, Fashion Daily & Holiday Wear Summer",S$2.28,https://sg.shein.com/3pcs-Women-s-New-Casual-Cute-Tequila-Print-Short-Sleeve-T-Shirt-Loose-Versatile-Round-Neck-Tee-Fashion-Daily-Holiday-Wear-Summer-p-444491683.html,https://img.ltwebstatic.com/v4/j/spmp/2026/05/21/a3/1779342279e3cd34cc5714325c4fccea3547eb6684_thumbnail_600x.webp,2026-06-02T16:26:47+08:00,,,,,SAVE S$2.28,https://sg.shein.com/3pcs-Women-s-New-Casual-Cute-Tequila-Print-Short-Sleeve-T-Shirt-Loose-Versatile-Round-Neck-Tee-Fashion-Daily-Holiday-Wear-Summer-p-444491683.html?mallCode=1&pageListType=4&detailBusinessFrom=0-1_444491683%7C0-2,https://sg.shein.com/3pcs-Women-s-New-Casual-Cute-Tequila-Print-Short-Sleeve-T-Shirt-Loose-Versatile-Round-Neck-Tee-Fashion-Daily-Holiday-Wear-Summer-p-444491683.html,True,"mallCode,pageListType,detailBusinessFrom",False,,444491683,True
163688058,5,1,5,"Resyla Women's Casual Ruched Short Sleeve T-Shirt, Versatile For Summer",S$2.09,https://sg.shein.com/Resyla-Women-s-Casual-Ruched-Short-Sleeve-T-Shirt-Versatile-For-Summer-p-163688058.html,https://img.ltwebstatic.com/v4/j/pi/2025/08/26/c6/17562108687bc73769651e6e212cc96b043096416d_thumbnail_600x.webp,2026-06-02T16:26:47+08:00,,,,,SAVE S$2.09,https://sg.shein.com/Resyla-Women-s-Casual-Ruched-Short-Sleeve-T-Shirt-Versatile-For-Summer-p-163688058.html?mallCode=1&pageListType=4&detailBusinessFrom=0-1_163688058%7C0-2,https://sg.shein.com/Resyla-Women-s-Casual-Ruched-Short-Sleeve-T-Shirt-Versatile-For-Summer-p-163688058.html,True,"mallCode,pageListType,detailBusinessFrom",False,,163688058,True
474920811,5,1,5,"Basic Solid Color Slim Fit Cropped Top, Y2K Aesthetic Baby Tee, Casual Round Neck Short Sleeve, Essential For Minimalist Street Style",S$3.81,https://sg.shein.com/Basic-Solid-Color-Slim-Fit-Cropped-Top-Y2K-Aesthetic-Baby-Tee-Casual-Round-Neck-Short-Sleeve-Essential-For-Minimalist-Street-Style-p-474920811.html,https://img.ltwebstatic.com/v4/j/spmp/2026/05/26/4a/1779779274469514f842434fdc1dd9ea3ffaf41cdf_thumbnail_600x.webp,2026-06-02T16:26:47+08:00,,-5%,,,218 sold,https://sg.shein.com/Basic-Solid-Color-Slim-Fit-Cropped-Top-Y2K-Aesthetic-Baby-Tee-Casual-Round-Neck-Short-Sleeve-Essential-For-Minimalist-Street-Style-p-474920811.html?mallCode=1&pageListType=4&detailBusinessFrom=0-1_474920811%7C0-2,https://sg.shein.com/Basic-Solid-Color-Slim-Fit-Cropped-Top-Y2K-Aesthetic-Baby-Tee-Casual-Round-Neck-Short-Sleeve-Essential-For-Minimalist-Street-Style-p-474920811.html,True,"mallCode,pageListType,detailBusinessFrom",False,,474920811,True
50453913,5,1,5,SHEIN Women's Casual Loose Camouflage Print Short Sleeve T-Shirt,S$0.76,https://sg.shein.com/SHEIN-Women-s-Casual-Loose-Camouflage-Print-Short-Sleeve-T-Shirt-p-50453913.html,https://img.ltwebstatic.com/v4/j/pi/2025/12/26/a0/1766733581d7cd4a549ce8c2570a493fb2e4e2506f_thumbnail_600x.webp,2026-06-02T16:26:47+08:00,,,,,SAVE S$0.76,https://sg.shein.com/SHEIN-Women-s-Casual-Loose-Camouflage-Print-Short-Sleeve-T-Shirt-p-50453913.html?mallCode=1&pageListType=4&detailBusinessFrom=0-1_50453913%7C0-2,https://sg.shein.com/SHEIN-Women-s-Casual-Loose-Camouflage-Print-Short-Sleeve-T-Shirt-p-50453913.html,True,"mallCode,pageListType,detailBusinessFrom",False,,50453913,True
433321913,5,1,5,"1pc Women's Loose Fit Round Neck Short Sleeve T-Shirt, ""After Work"" Funny Cat Print Theme T-Shirt Pink",S$5.99,https://sg.shein.com/1pc-Women-s-Loose-Fit-Round-Neck-Short-Sleeve-T-Shirt-After-Work-Funny-Cat-Print-Theme-T-Shirt-Pink-p-433321913.html,https://img.ltwebstatic.com/v4/j/spmp/2026/04/02/18/1775135304b5d4b5179f79009c7c73cf585c872da3_thumbnail_600x.webp,2026-06-02T16:26:47+08:00,,,,,814 sold,https://sg.shein.com/1pc-Women-s-Loose-Fit-Round-Neck-Short-Sleeve-T-Shirt-After-Work-Funny-Cat-Print-Theme-T-Shirt-Pink-p-433321913.html?mallCode=1&pageListType=4&detailBusinessFrom=0-1_433321913%7C0-2,https://sg.shein.com/1pc-Women-s-Loose-Fit-Round-Neck-Short-Sleeve-T-Shirt-After-Work-Funny-Cat-Print-Theme-T-Shirt-Pink-p-433321913.html,True,"mallCode,pageListType,detailBusinessFrom",False,,433321913,True
446443877,5,1,5,"Women's Casual Short Sleeve Round Neck T-Shirt - Printed Pattern, Soft & Comfortable Fabric, Machine Washable, Summer Tops Pink",S$5.99,https://sg.shein.com/Women-s-Casual-Short-Sleeve-Round-Neck-T-Shirt-Printed-Pattern-Soft-Comfortable-Fabric-Machine-Washable-Summer-Tops-Pink-p-446443877.html,https://img.ltwebstatic.com/v4/j/spmp/2026/04/21/99/17767501262972bb52c42f3e3494927a7da649aa20_thumbnail_600x.webp,2026-06-02T16:26:47+08:00,,,,,368 sold,https://sg.shein.com/Women-s-Casual-Short-Sleeve-Round-Neck-T-Shirt-Printed-Pattern-Soft-Comfortable-Fabric-Machine-Washable-Summer-Tops-Pink-p-446443877.html?mallCode=1&pageListType=4&detailBusinessFrom=0-1_446443877%7C0-2,https://sg.shein.com/Women-s-Casual-Short-Sleeve-Round-Neck-T-Shirt-Printed-Pattern-Soft-Comfortable-Fabric-Machine-Washable-Summer-Tops-Pink-p-446443877.html,True,"mallCode,pageListType,detailBusinessFrom",False,,446443877,True
86392248,5,1,5,"Franclia Women's High Waist Striped Casual Pants, Fashionable For Summer Fall Cloth For Women",S$13.99,https://sg.shein.com/Franclia-Women-s-High-Waist-Striped-Casual-Pants-Fashionable-For-Summer-Fall-Cloth-For-Women-p-86392248.html,https://img.ltwebstatic.com/v4/j/pi/2025/05/25/1b/17481579724110f32023e1cc29c371e5e725769db4_thumbnail_600x.webp,2026-06-02T16:26:47+08:00,,,,,3.9k+ sold,https://sg.shein.com/Franclia-Women-s-High-Waist-Striped-Casual-Pants-Fashionable-For-Summer-Fall-Cloth-For-Women-p-86392248.html?mallCode=1&pageListType=4&detailBusinessFrom=0-1_86392248%7C0-2,https://sg.shein.com/Franclia-Women-s-High-Waist-Striped-Casual-Pants-Fashionable-For-Summer-Fall-Cloth-For-Women-p-86392248.html,True,"mallCode,pageListType,detailBusinessFrom",False,,86392248,True
50179122,5,1,5,EMERY ROSE Black High Waist Lace-Up Wide Leg Loose Elegant Women Suit Pants,S$14.99,https://sg.shein.com/EMERY-ROSE-Black-High-Waist-Lace-Up-Wide-Leg-Loose-Elegant-Women-Suit-Pants-p-50179122.html,https://img.ltwebstatic.com/images3_pi/2024/12/12/ae/1733971611697e7adc8c28f02e5fd3dce21c2b3bb4_thumbnail_600x.webp,2026-06-02T16:26:47+08:00,,,,,686 sold,https://sg.shein.com/EMERY-ROSE-Black-High-Waist-Lace-Up-Wide-Leg-Loose-Elegant-Women-Suit-Pants-p-50179122.html?mallCode=1&pageListType=4&detailBusinessFrom=0-1_50179122%7C0-2,https://sg.shein.com/EMERY-ROSE-Black-High-Waist-Lace-Up-Wide-Leg-Loose-Elegant-Women-Suit-Pants-p-50179122.html,True,"mallCode,pageListType,detailBusinessFrom",False,,50179122,True
1977757,5,1,5,SHEIN BASICS Scoop Neck Solid Tank Top/Summer Tops For Women Black Tops,S$5.99,https://sg.shein.com/SHEIN-BASICS-Scoop-Neck-Solid-Tank-Top-Summer-Tops-For-Women-Black-Tops-p-1977757.html,https://img.ltwebstatic.com/images3_pi/2023/08/01/16908597049d44fb81e12cbb0d4f94641edb176d96_thumbnail_600x.webp,2026-06-02T16:26:47+08:00,,,,,1k+ sold,https://sg.shein.com/SHEIN-BASICS-Scoop-Neck-Solid-Tank-Top-Summer-Tops-For-Women-Black-Tops-p-1977757.html?mallCode=1&pageListType=4&detailBusinessFrom=0-1_1977757%7C0-2,https://sg.shein.com/SHEIN-BASICS-Scoop-Neck-Solid-Tank-Top-Summer-Tops-For-Women-Black-Tops-p-1977757.html,True,"mallCode,pageListType,detailBusinessFrom",False,,1977757,True
53738543,5,1,5,"Slaydiva Casual All-Match White Cami Top With Deep U-Neck And Racerback,Spring/Summer",S$4.49,https://sg.shein.com/Slaydiva-Casual-All-Match-White-Cami-Top-With-Deep-U-Neck-And-Racerback-Spring-Summer-p-53738543.html,https://img.ltwebstatic.com/images3_pi/2025/02/21/a9/1740115587a4b13085259efb7e4c2700eda71eab36_thumbnail_600x.webp,2026-06-02T16:26:47+08:00,,,,,657 sold,https://sg.shein.com/Slaydiva-Casual-All-Match-White-Cami-Top-With-Deep-U-Neck-And-Racerback-Spring-Summer-p-53738543.html?mallCode=1&pageListType=4&detailBusinessFrom=0-1_53738543%7C0-2,https://sg.shein.com/Slaydiva-Casual-All-Match-White-Cami-Top-With-Deep-U-Neck-And-Racerback-Spring-Summer-p-53738543.html,True,"mallCode,pageListType,detailBusinessFrom",False,,53738543,True
50505514,5,1,5,Soleia Women's Casual Tie Strap Textured Fabric Tank Top,S$7.49,https://sg.shein.com/Soleia-Women-s-Casual-Tie-Strap-Textured-Fabric-Tank-Top-p-50505514.html,https://img.ltwebstatic.com/images3_pi/2025/01/10/0e/1736506922bf7a74f24fa7fbe68f472858df4e1451_thumbnail_600x.webp,2026-06-02T16:26:47+08:00,,,,,11.7k+ sold,https://sg.shein.com/Soleia-Women-s-Casual-Tie-Strap-Textured-Fabric-Tank-Top-p-50505514.html?mallCode=1&pageListType=4&detailBusinessFrom=0-1_50505514%7C0-2,https://sg.shein.com/Soleia-Women-s-Casual-Tie-Strap-Textured-Fabric-Tank-Top-p-50505514.html,True,"mallCode,pageListType,detailBusinessFrom",False,,50505514,True
52313089,5,1,5,"CovetEZ Women's Summer Simple Front Tie Loose Sweatpants, Casual Daily Wear , Graduation, Teacher For Women, Back To School",S$16.49,https://sg.shein.com/CovetEZ-Women-s-Summer-Simple-Front-Tie-Loose-Sweatpants-Casual-Daily-Wear-Graduation-Teacher-For-Women-Back-To-School-p-52313089.html,https://img.ltwebstatic.com/v4/j/pi/2025/11/21/30/17637281124072ac33a5287b8d7df7caa6920af796_thumbnail_600x.webp,2026-06-02T16:26:47+08:00,,,(1000+),,15.9k+ sold,https://sg.shein.com/CovetEZ-Women-s-Summer-Simple-Front-Tie-Loose-Sweatpants-Casual-Daily-Wear-Graduation-Teacher-For-Women-Back-To-School-p-52313089.html?mallCode=1&pageListType=4&detailBusinessFrom=0-1_52313089%7C0-2,https://sg.shein.com/CovetEZ-Women-s-Summer-Simple-Front-Tie-Loose-Sweatpants-Casual-Daily-Wear-Graduation-Teacher-For-Women-Back-To-School-p-52313089.html,True,"mallCode,pageListType,detailBusinessFrom",False,,52313089,True
53269261,5,1,5,StreetHx Women's Casual Solid Color Black Low Waist Straight Leg Pants Fall Cloth For Women,S$17.99,https://sg.shein.com/StreetHx-Women-s-Casual-Solid-Color-Black-Low-Waist-Straight-Leg-Pants-Fall-Cloth-For-Women-p-53269261.html,https://img.ltwebstatic.com/images3_pi/2025/01/11/6b/1736567334c4efe96ce122715b289a984b0ebbb563_thumbnail_600x.webp,2026-06-02T16:26:47+08:00,,,,,519 sold,https://sg.shein.com/StreetHx-Women-s-Casual-Solid-Color-Black-Low-Waist-Straight-Leg-Pants-Fall-Cloth-For-Women-p-53269261.html?mallCode=1&pageListType=4&detailBusinessFrom=0-1_53269261%7C0-2,https://sg.shein.com/StreetHx-Women-s-Casual-Solid-Color-Black-Low-Waist-Straight-Leg-Pants-Fall-Cloth-For-Women-p-53269261.html,True,"mallCode,pageListType,detailBusinessFrom",False,,53269261,True
429734823,5,1,5,"Women's Short Sleeve T-Shirt, Fashion Sweet Girl Style Taro Drink Cartoon Back Print Short Sleeve Tee, Casual Round Neck Street Party Holiday Tops For Summer Vacation Pink",S$1.70,https://sg.shein.com/Women-s-Short-Sleeve-T-Shirt-Fashion-Sweet-Girl-Style-Taro-Drink-Cartoon-Back-Print-Short-Sleeve-Tee-Casual-Round-Neck-Street-Party-Holiday-Tops-For-Summer-Vacation-Pink-p-429734823.html,https://img.ltwebstatic.com/v4/j/spmp/2026/03/26/7b/17745085770de494f6fbeb3565ddbbcd866c151905_thumbnail_600x.webp,2026-06-02T16:26:47+08:00,,,,,SAVE S$1.70,https://sg.shein.com/Women-s-Short-Sleeve-T-Shirt-Fashion-Sweet-Girl-Style-Taro-Drink-Cartoon-Back-Print-Short-Sleeve-Tee-Casual-Round-Neck-Street-Party-Holiday-Tops-For-Summer-Vacation-Pink-p-429734823.html?mallCode=1&pageListType=4&detailBusinessFrom=0-1_429734823%7C0-2,https://sg.shein.com/Women-s-Short-Sleeve-T-Shirt-Fashion-Sweet-Girl-Style-Taro-Drink-Cartoon-Back-Print-Short-Sleeve-Tee-Casual-Round-Neck-Street-Party-Holiday-Tops-For-Summer-Vacation-Pink-p-429734823.html,True,"mallCode,pageListType,detailBusinessFrom",False,,429734823,True
40884873,5,1,5,Franclia 3/4 Sleeve Lapel Collar Cinched Waist Linen Blazer Jacket,S$21.49,https://sg.shein.com/Franclia-3-4-Sleeve-Lapel-Collar-Cinched-Waist-Linen-Blazer-Jacket-p-40884873.html,https://img.ltwebstatic.com/images3_pi/2024/08/16/f0/17237891583e2488cb60b4335e6c2350039ee85b5f_thumbnail_600x.webp,2026-06-02T16:26:47+08:00,,,,,7.7k+ sold,https://sg.shein.com/Franclia-3-4-Sleeve-Lapel-Collar-Cinched-Waist-Linen-Blazer-Jacket-p-40884873.html?mallCode=1&pageListType=4&detailBusinessFrom=0-1_40884873%7C0-2,https://sg.shein.com/Franclia-3-4-Sleeve-Lapel-Collar-Cinched-Waist-Linen-Blazer-Jacket-p-40884873.html,True,"mallCode,pageListType,detailBusinessFrom",False,,40884873,True
404938194,5,1,5,Women's Casual Fashion Black And White Splice Short Sleeve T-Shirt Summer,S$5.06,https://sg.shein.com/Women-s-Casual-Fashion-Black-And-White-Splice-Short-Sleeve-T-Shirt-Summer-p-404938194.html,https://img.ltwebstatic.com/v4/j/spmp/2026/05/16/72/1778897878a913ccfc9a9dbd781566dd98d85bb84c_thumbnail_600x.webp,2026-06-02T16:26:47+08:00,,-22%,,,433 sold,https://sg.shein.com/Women-s-Casual-Fashion-Black-And-White-Splice-Short-Sleeve-T-Shirt-Summer-p-404938194.html?mallCode=1&pageListType=4&detailBusinessFrom=0-1_404938194%7C0-2,https://sg.shein.com/Women-s-Casual-Fashion-Black-And-White-Splice-Short-Sleeve-T-Shirt-Summer-p-404938194.html,True,"mallCode,pageListType,detailBusinessFrom",False,,404938194,True
330583923,5,1,5,"This Dark Gray Round Neck Tee Features PSALM 23 Print. Loose And Comfortable, It Boasts A Casual Vacation Style, Ideal For Daily And Holiday Wear.",S$0.45,https://sg.shein.com/This-Dark-Gray-Round-Neck-Tee-Features-PSALM-23-Print-Loose-And-Comfortable-It-Boasts-A-Casual-Vacation-Style-Ideal-For-Daily-And-Holiday-Wear-p-330583923.html,https://img.ltwebstatic.com/v4/j/spmp/2026/04/26/9a/177717341803f1b4507507b969db34bf4c8eeb77d8_thumbnail_600x.webp,2026-06-02T16:26:47+08:00,,,,,SAVE S$0.45,https://sg.shein.com/This-Dark-Gray-Round-Neck-Tee-Features-PSALM-23-Print-Loose-And-Comfortable-It-Boasts-A-Casual-Vacation-Style-Ideal-For-Daily-And-Holiday-Wear-p-330583923.html?mallCode=1&pageListType=4&detailBusinessFrom=0-1_330583923%7C0-2,https://sg.shein.com/This-Dark-Gray-Round-Neck-Tee-Features-PSALM-23-Print-Loose-And-Comfortable-It-Boasts-A-Casual-Vacation-Style-Ideal-For-Daily-And-Holiday-Wear-p-330583923.html,True,"mallCode,pageListType,detailBusinessFrom",False,,330583923,True
92109674,5,1,5,"Sweetra Women's Fitted Ruched Top, Suitable For Summer",S$1.75,https://sg.shein.com/Sweetra-Women-s-Fitted-Ruched-Top-Suitable-For-Summer-p-92109674.html,https://img.ltwebstatic.com/v4/j/pi/2025/06/04/01/1749023886ff1c8f801bbe8bc154596fa9e489e4fa_thumbnail_600x.webp,2026-06-02T16:26:47+08:00,,,,,SAVE S$1.75,https://sg.shein.com/Sweetra-Women-s-Fitted-Ruched-Top-Suitable-For-Summer-p-92109674.html?mallCode=1&pageListType=4&detailBusinessFrom=0-1_92109674%7C0-2,https://sg.shein.com/Sweetra-Women-s-Fitted-Ruched-Top-Suitable-For-Summer-p-92109674.html,True,"mallCode,pageListType,detailBusinessFrom",False,,92109674,True
474670497,5,1,5,"Black Asymmetrical Shoulder Short Sleeve T-Shirt, Summer New Arrival American Sexy Style Chocolate Print Slim Fit Cropped Casual Tee For Women",S$4.64,https://sg.shein.com/Black-Asymmetrical-Shoulder-Short-Sleeve-T-Shirt-Summer-New-Arrival-American-Sexy-Style-Chocolate-Print-Slim-Fit-Cropped-Casual-Tee-For-Women-p-474670497.html,https://img.ltwebstatic.com/v4/j/spmp/2026/05/05/87/1777983075977879fa5761c6c56e1762e850b88eff_thumbnail_600x.webp,2026-06-02T16:26:47+08:00,,-15%,,,,https://sg.shein.com/Black-Asymmetrical-Shoulder-Short-Sleeve-T-Shirt-Summer-New-Arrival-American-Sexy-Style-Chocolate-Print-Slim-Fit-Cropped-Casual-Tee-For-Women-p-474670497.html?mallCode=1&pageListType=4&detailBusinessFrom=0-1_474670497%7C0-2,https://sg.shein.com/Black-Asymmetrical-Shoulder-Short-Sleeve-T-Shirt-Summer-New-Arrival-American-Sexy-Style-Chocolate-Print-Slim-Fit-Cropped-Casual-Tee-For-Women-p-474670497.html,True,"mallCode,pageListType,detailBusinessFrom",False,,474670497,True
38824794,5,1,5,"SHEIN Slayr Casual Slogan Printed Long Sleeve T-Shirt, Summer",S$5.86,https://sg.shein.com/SHEIN-Slayr-Casual-Slogan-Printed-Long-Sleeve-T-Shirt-Summer-p-38824794.html,https://img.ltwebstatic.com/images3_pi/2024/10/25/fe/1729826341cfc4361eca0f133cb1671f253e8c25a2_thumbnail_600x.webp,2026-06-02T16:26:47+08:00,,-31%,,,,https://sg.shein.com/SHEIN-Slayr-Casual-Slogan-Printed-Long-Sleeve-T-Shirt-Summer-p-38824794.html?mallCode=1&pageListType=4&detailBusinessFrom=0-1_38824794%7C0-2,https://sg.shein.com/SHEIN-Slayr-Casual-Slogan-Printed-Long-Sleeve-T-Shirt-Summer-p-38824794.html,True,"mallCode,pageListType,detailBusinessFrom",False,,38824794,True
12776536,5,1,5,DAZY Solid Ribbed Knit Tank Top Y2k,S$8.49,https://sg.shein.com/DAZY-Solid-Ribbed-Knit-Tank-Top-Y2k-p-12776536.html,https://img.ltwebstatic.com/v4/j/pi/2026/01/16/02/1768529691c8f02b072e931a8be4bb0f45a1e95555_thumbnail_600x.webp,2026-06-02T16:26:47+08:00,,,,,37.4k+ sold,https://sg.shein.com/DAZY-Solid-Ribbed-Knit-Tank-Top-Y2k-p-12776536.html?mallCode=1&pageListType=4&detailBusinessFrom=0-1_12776536%7C0-2,https://sg.shein.com/DAZY-Solid-Ribbed-Knit-Tank-Top-Y2k-p-12776536.html,True,"mallCode,pageListType,detailBusinessFrom",False,,12776536,True
382195429,5,1,5,SHEIN Casual Fitted Denim Knit Pullover Short Sleeve T-Shirt For Women,S$7.49,https://sg.shein.com/SHEIN-Casual-Fitted-Denim-Knit-Pullover-Short-Sleeve-T-Shirt-For-Women-p-382195429.html,https://img.ltwebstatic.com/v4/j/pi/2026/02/27/c0/1772183901b8d41ca69f37c71961a8f51ac18e22f2_thumbnail_600x.webp,2026-06-02T16:26:47+08:00,,,,,9k+ sold,https://sg.shein.com/SHEIN-Casual-Fitted-Denim-Knit-Pullover-Short-Sleeve-T-Shirt-For-Women-p-382195429.html?mallCode=1&pageListType=4&detailBusinessFrom=0-1_382195429%7C0-2,https://sg.shein.com/SHEIN-Casual-Fitted-Denim-Knit-Pullover-Short-Sleeve-T-Shirt-For-Women-p-382195429.html,True,"mallCode,pageListType,detailBusinessFrom",False,,382195429,True
73971086,5,2,"5,10","Fashionable & Elegant Loose Knitted Shawl Cardigan, Lightweight & Breathable, Oversized Design, Suitable For Women, Spring/Summer Casual Wear, Leisure Travel, Beach, Versatile",S$11.99,https://sg.shein.com/Fashionable-Elegant-Loose-Knitted-Shawl-Cardigan-Lightweight-Breathable-Oversized-Design-Suitable-For-Women-Spring-Summer-Casual-Wear-Leisure-Travel-Beach-Versatile-p-73971086.html,https://img.ltwebstatic.com/v4/j/ssms/2025/11/19/b2/176354472983270630125307c995f0424206e38ab9_thumbnail_600x.webp,2026-06-02T16:26:47+08:00,,,,,35.5k+ sold,https://sg.shein.com/Fashionable-Elegant-Loose-Knitted-Shawl-Cardigan-Lightweight-Breathable-Oversized-Design-Suitable-For-Women-Spring-Summer-Casual-Wear-Leisure-Travel-Beach-Versatile-p-73971086.html?mallCode=1&pageListType=4&detailBusinessFrom=0-1_73971086%7C0-2,https://sg.shein.com/Fashionable-Elegant-Loose-Knitted-Shawl-Cardigan-Lightweight-Breathable-Oversized-Design-Suitable-For-Women-Spring-Summer-Casual-Wear-Leisure-Travel-Beach-Versatile-p-73971086.html,True,"mallCode,pageListType,detailBusinessFrom",False,,73971086,True
39457186,5,1,5,Flirla Women's Solid Color Pleated Casual Suit Wide-Leg Pants,S$19.99,https://sg.shein.com/Flirla-Women-s-Solid-Color-Pleated-Casual-Suit-Wide-Leg-Pants-p-39457186.html,https://img.ltwebstatic.com/images3_pi/2024/07/26/45/1721958277138abebe77f3d06e0161195385a30a44_thumbnail_600x.webp,2026-06-02T16:26:47+08:00,,,,,3.1k+ sold,https://sg.shein.com/Flirla-Women-s-Solid-Color-Pleated-Casual-Suit-Wide-Leg-Pants-p-39457186.html?mallCode=1&pageListType=4&detailBusinessFrom=0-1_39457186%7C0-2,https://sg.shein.com/Flirla-Women-s-Solid-Color-Pleated-Casual-Suit-Wide-Leg-Pants-p-39457186.html,True,"mallCode,pageListType,detailBusinessFrom",False,,39457186,True
62526010,5,1,5,"Floreya Square Neck Camisole Top For Women, Casual Slim Fit Sleeveless Crop Top, Versatile For Summer, Autumn & Spring Black",S$7.99,https://sg.shein.com/Floreya-Square-Neck-Camisole-Top-For-Women-Casual-Slim-Fit-Sleeveless-Crop-Top-Versatile-For-Summer-Autumn-Spring-Black-p-62526010.html,https://img.ltwebstatic.com/v4/j/spmp/2025/12/05/10/17649157216713c2e3cac8b729d3beb9af67e8caba_thumbnail_600x.webp,2026-06-02T16:26:47+08:00,,,,,36.2k+ sold,https://sg.shein.com/Floreya-Square-Neck-Camisole-Top-For-Women-Casual-Slim-Fit-Sleeveless-Crop-Top-Versatile-For-Summer-Autumn-Spring-Black-p-62526010.html?mallCode=1&pageListType=4&detailBusinessFrom=0-1_62526010%7C0-2,https://sg.shein.com/Floreya-Square-Neck-Camisole-Top-For-Women-Casual-Slim-Fit-Sleeveless-Crop-Top-Versatile-For-Summer-Autumn-Spring-Black-p-62526010.html,True,"mallCode,pageListType,detailBusinessFrom",False,,62526010,True
281815540,5,1,5,"Resyla Women's Graphic Tee,Letter Print Black N White Summer New Arrival,Slim Fit Short Sleeve T-Shirt,Casual City Break Outdoor Wear,Back To School Picnic",S$6.49,https://sg.shein.com/Resyla-Women-s-Graphic-Tee-Letter-Print-Black-N-White-Summer-New-Arrival-Slim-Fit-Short-Sleeve-T-Shirt-Casual-City-Break-Outdoor-Wear-Back-To-School-Picnic-p-281815540.html,https://img.ltwebstatic.com/v4/j/pi/2025/12/20/13/176622773046c5f59ca10febeda74762f7e285639d_thumbnail_600x.webp,2026-06-02T16:26:47+08:00,,,,,17.5k+ sold,https://sg.shein.com/Resyla-Women-s-Graphic-Tee-Letter-Print-Black-N-White-Summer-New-Arrival-Slim-Fit-Short-Sleeve-T-Shirt-Casual-City-Break-Outdoor-Wear-Back-To-School-Picnic-p-281815540.html?mallCode=1&pageListType=4&detailBusinessFrom=0-1_281815540%7C0-2,https://sg.shein.com/Resyla-Women-s-Graphic-Tee-Letter-Print-Black-N-White-Summer-New-Arrival-Slim-Fit-Short-Sleeve-T-Shirt-Casual-City-Break-Outdoor-Wear-Back-To-School-Picnic-p-281815540.html,True,"mallCode,pageListType,detailBusinessFrom",False,,281815540,True
41618432,5,1,5,SHEIN EZwear 2pcs/Set Women's Black & White Knit Tight Fit Camisole,S$11.99,https://sg.shein.com/SHEIN-EZwear-2pcs-Set-Women-s-Black-White-Knit-Tight-Fit-Camisole-p-41618432.html,https://sc.ltwebstatic.com/she_dist/images/bg-grey-solid-color-fc04c1310d.png,2026-06-02T16:26:47+08:00,,,,,7.5k+ sold,https://sg.shein.com/SHEIN-EZwear-2pcs-Set-Women-s-Black-White-Knit-Tight-Fit-Camisole-p-41618432.html?mallCode=1&pageListType=4&detailBusinessFrom=0-1_41618432%7C0-2,https://sg.shein.com/SHEIN-EZwear-2pcs-Set-Women-s-Black-White-Knit-Tight-Fit-Camisole-p-41618432.html,True,"mallCode,pageListType,detailBusinessFrom",False,,41618432,True
111573527,5,2,"5,10",Coolane Women's Fall Streetwear Fashion Casual Vintage Corduroy Textured Long Baggy Pants,S$1.92,https://sg.shein.com/Coolane-Women-s-Fall-Streetwear-Fashion-Casual-Vintage-Corduroy-Textured-Long-Baggy-Pants-p-111573527.html,https://sc.ltwebstatic.com/she_dist/images/bg-grey-solid-color-fc04c1310d.png,2026-06-02T16:26:47+08:00,,,,,SAVE S$1.92,https://sg.shein.com/Coolane-Women-s-Fall-Streetwear-Fashion-Casual-Vintage-Corduroy-Textured-Long-Baggy-Pants-p-111573527.html?mallCode=1&pageListType=4&detailBusinessFrom=0-1_111573527%7C0-2,https://sg.shein.com/Coolane-Women-s-Fall-Streetwear-Fashion-Casual-Vintage-Corduroy-Textured-Long-Baggy-Pants-p-111573527.html,True,"mallCode,pageListType,detailBusinessFrom",False,,111573527,True
41887101,5,1,5,"SHEIN Slayr Casual Figure Printed Drop Shoulder T-Shirt, Summer Graphic Tee Graphic Tees Women Tops",S$5.35,https://sg.shein.com/SHEIN-Slayr-Casual-Figure-Printed-Drop-Shoulder-T-Shirt-Summer-Graphic-Tee-Graphic-Tees-Women-Tops-p-41887101.html,https://sc.ltwebstatic.com/she_dist/images/bg-grey-solid-color-fc04c1310d.png,2026-06-02T16:26:47+08:00,,-37%,,,,https://sg.shein.com/SHEIN-Slayr-Casual-Figure-Printed-Drop-Shoulder-T-Shirt-Summer-Graphic-Tee-Graphic-Tees-Women-Tops-p-41887101.html?mallCode=1&pageListType=4&detailBusinessFrom=0-1_41887101%7C0-2,https://sg.shein.com/SHEIN-Slayr-Casual-Figure-Printed-Drop-Shoulder-T-Shirt-Summer-Graphic-Tee-Graphic-Tees-Women-Tops-p-41887101.html,True,"mallCode,pageListType,detailBusinessFrom",False,,41887101,True
36722033,5,1,5,"DAZY Women's Casual Striped Long Sleeve Shirt, Spring/Summer,Long Sleeve Tops,Fall Women Clothes",S$18.49,https://sg.shein.com/DAZY-Women-s-Casual-Striped-Long-Sleeve-Shirt-Spring-Summer-Long-Sleeve-Tops-Fall-Women-Clothes-p-36722033.html,https://sc.ltwebstatic.com/she_dist/images/bg-grey-solid-color-fc04c1310d.png,2026-06-02T16:26:47+08:00,,,,,10.7k+ sold,https://sg.shein.com/DAZY-Women-s-Casual-Striped-Long-Sleeve-Shirt-Spring-Summer-Long-Sleeve-Tops-Fall-Women-Clothes-p-36722033.html?mallCode=1&pageListType=4&detailBusinessFrom=0-1_36722033%7C0-2,https://sg.shein.com/DAZY-Women-s-Casual-Striped-Long-Sleeve-Shirt-Spring-Summer-Long-Sleeve-Tops-Fall-Women-Clothes-p-36722033.html,True,"mallCode,pageListType,detailBusinessFrom",False,,36722033,True
327699789,5,1,5,"Women's Camel Round Neck Tee With Sunflower And Leaf Print. Loose Casual Style, Great For Daily Wear And Summer Vacations.",S$4.49,https://sg.shein.com/Women-s-Camel-Round-Neck-Tee-With-Sunflower-And-Leaf-Print-Loose-Casual-Style-Great-For-Daily-Wear-And-Summer-Vacations-p-327699789.html,https://sc.ltwebstatic.com/she_dist/images/bg-grey-solid-color-fc04c1310d.png,2026-06-02T16:26:47+08:00,,,,,1k+ sold,https://sg.shein.com/Women-s-Camel-Round-Neck-Tee-With-Sunflower-And-Leaf-Print-Loose-Casual-Style-Great-For-Daily-Wear-And-Summer-Vacations-p-327699789.html?mallCode=1&pageListType=4&detailBusinessFrom=0-1_327699789%7C0-2,https://sg.shein.com/Women-s-Camel-Round-Neck-Tee-With-Sunflower-And-Leaf-Print-Loose-Casual-Style-Great-For-Daily-Wear-And-Summer-Vacations-p-327699789.html,True,"mallCode,pageListType,detailBusinessFrom",False,,327699789,True
442392849,5,1,5,"Women's Loose White Woven Fabric Drop Shoulder Short Sleeve Top, Perfect For Summer Bohemian Style.",S$8.49,https://sg.shein.com/Women-s-Loose-White-Woven-Fabric-Drop-Shoulder-Short-Sleeve-Top-Perfect-For-Summer-Bohemian-Style-p-442392849.html,https://sc.ltwebstatic.com/she_dist/images/bg-grey-solid-color-fc04c1310d.png,2026-06-02T16:26:47+08:00,,,,,6.6k+ sold,https://sg.shein.com/Women-s-Loose-White-Woven-Fabric-Drop-Shoulder-Short-Sleeve-Top-Perfect-For-Summer-Bohemian-Style-p-442392849.html?mallCode=1&pageListType=4&detailBusinessFrom=0-1_442392849%7C0-2,https://sg.shein.com/Women-s-Loose-White-Woven-Fabric-Drop-Shoulder-Short-Sleeve-Top-Perfect-For-Summer-Bohemian-Style-p-442392849.html,True,"mallCode,pageListType,detailBusinessFrom",False,,442392849,True
78004158,5,2,"5,9","2pcs Women Casual Shorts, Suitable For Spring & Summer",S$1.62,https://sg.shein.com/2pcs-Women-Casual-Shorts-Suitable-For-Spring-Summer-p-78004158.html,https://sc.ltwebstatic.com/she_dist/images/bg-grey-solid-color-fc04c1310d.png,2026-06-02T16:26:47+08:00,,,,,SAVE S$1.62,https://sg.shein.com/2pcs-Women-Casual-Shorts-Suitable-For-Spring-Summer-p-78004158.html?mallCode=1&pageListType=4&detailBusinessFrom=0-1_78004158%7C0-2,https://sg.shein.com/2pcs-Women-Casual-Shorts-Suitable-For-Spring-Summer-p-78004158.html,True,"mallCode,pageListType,detailBusinessFrom",False,,78004158,True
17823936,5,1,5,Chiquease Solid Crop Cami Top,S$4.31,https://sg.shein.com/Chiquease-Solid-Crop-Cami-Top-p-17823936.html,https://sc.ltwebstatic.com/she_dist/images/bg-grey-solid-color-fc04c1310d.png,2026-06-02T16:26:47+08:00,,-4%,(1000+),,13.3k+ sold,https://sg.shein.com/Chiquease-Solid-Crop-Cami-Top-p-17823936.html?mallCode=1&pageListType=4&detailBusinessFrom=0-1_17823936%7C0-2,https://sg.shein.com/Chiquease-Solid-Crop-Cami-Top-p-17823936.html,True,"mallCode,pageListType,detailBusinessFrom",False,,17823936,True
428006241,5,1,5,Summer New Casual Minimalist Versatile Holiday Beach Printed Round Neck Short Sleeve T-Shirt For Women,S$5.01,https://sg.shein.com/Summer-New-Casual-Minimalist-Versatile-Holiday-Beach-Printed-Round-Neck-Short-Sleeve-T-Shirt-For-Women-p-428006241.html,https://sc.ltwebstatic.com/she_dist/images/bg-grey-solid-color-fc04c1310d.png,2026-06-02T16:26:47+08:00,,-9%,,,1.2k+ sold,https://sg.shein.com/Summer-New-Casual-Minimalist-Versatile-Holiday-Beach-Printed-Round-Neck-Short-Sleeve-T-Shirt-For-Women-p-428006241.html?mallCode=1&pageListType=4&detailBusinessFrom=0-1_428006241%7C0-2,https://sg.shein.com/Summer-New-Casual-Minimalist-Versatile-Holiday-Beach-Printed-Round-Neck-Short-Sleeve-T-Shirt-For-Women-p-428006241.html,True,"mallCode,pageListType,detailBusinessFrom",False,,428006241,True
413734627,5,1,5,"INAWLY Women's Loose Asymmetric-Shoulder T-Shirt With Fruit & Coconut Pattern, Cream Yellow Beach Vacation Crop Top",S$0.96,https://sg.shein.com/INAWLY-Women-s-Loose-Asymmetric-Shoulder-T-Shirt-With-Fruit-Coconut-Pattern-Cream-Yellow-Beach-Vacation-Crop-Top-p-413734627.html,https://sc.ltwebstatic.com/she_dist/images/bg-grey-solid-color-fc04c1310d.png,2026-06-02T16:26:47+08:00,,,,,SAVE S$0.96,https://sg.shein.com/INAWLY-Women-s-Loose-Asymmetric-Shoulder-T-Shirt-With-Fruit-Coconut-Pattern-Cream-Yellow-Beach-Vacation-Crop-Top-p-413734627.html?mallCode=1&pageListType=4&detailBusinessFrom=0-1_413734627%7C0-2,https://sg.shein.com/INAWLY-Women-s-Loose-Asymmetric-Shoulder-T-Shirt-With-Fruit-Coconut-Pattern-Cream-Yellow-Beach-Vacation-Crop-Top-p-413734627.html,True,"mallCode,pageListType,detailBusinessFrom",False,,413734627,True
463153045,5,1,5,"Breezaya Women Loose High-Waisted Wide-Leg Pants,Elegant Off-White Chic Summer Vacation Holiday Outfit,Solid Color Versatile Casual Daily Wear Beach Trousers",S$14.99,https://sg.shein.com/Breezaya-Women-Loose-High-Waisted-Wide-Leg-Pants-Elegant-Off-White-Chic-Summer-Vacation-Holiday-Outfit-Solid-Color-Versatile-Casual-Daily-Wear-Beach-Trousers-p-463153045.html,https://sc.ltwebstatic.com/she_dist/images/bg-grey-solid-color-fc04c1310d.png,2026-06-02T16:26:47+08:00,,,,,6.1k+ sold,https://sg.shein.com/Breezaya-Women-Loose-High-Waisted-Wide-Leg-Pants-Elegant-Off-White-Chic-Summer-Vacation-Holiday-Outfit-Solid-Color-Versatile-Casual-Daily-Wear-Beach-Trousers-p-463153045.html?mallCode=1&pageListType=4&detailBusinessFrom=0-1_463153045%7C0-2,https://sg.shein.com/Breezaya-Women-Loose-High-Waisted-Wide-Leg-Pants-Elegant-Off-White-Chic-Summer-Vacation-Holiday-Outfit-Solid-Color-Versatile-Casual-Daily-Wear-Beach-Trousers-p-463153045.html,True,"mallCode,pageListType,detailBusinessFrom",False,,463153045,True
11673771,5,1,5,SHEIN EZwear Ruched Front Button Up Shirt,S$2.10,https://sg.shein.com/SHEIN-EZwear-Ruched-Front-Button-Up-Shirt-p-11673771.html,https://sc.ltwebstatic.com/she_dist/images/bg-grey-solid-color-fc04c1310d.png,2026-06-02T16:26:47+08:00,,,,,SAVE S$2.10,https://sg.shein.com/SHEIN-EZwear-Ruched-Front-Button-Up-Shirt-p-11673771.html?mallCode=1&pageListType=4&detailBusinessFrom=0-1_11673771%7C0-2,https://sg.shein.com/SHEIN-EZwear-Ruched-Front-Button-Up-Shirt-p-11673771.html,True,"mallCode,pageListType,detailBusinessFrom",False,,11673771,True
326207091,5,1,5,SHEIN New Style Sweet Turndown Collar Loose Fashion Women Shirt,S$12.49,https://sg.shein.com/SHEIN-New-Style-Sweet-Turndown-Collar-Loose-Fashion-Women-Shirt-p-326207091.html,https://sc.ltwebstatic.com/she_dist/images/bg-grey-solid-color-fc04c1310d.png,2026-06-02T16:26:47+08:00,,,,,11.5k+ sold,https://sg.shein.com/SHEIN-New-Style-Sweet-Turndown-Collar-Loose-Fashion-Women-Shirt-p-326207091.html?mallCode=1&pageListType=4&detailBusinessFrom=0-1_326207091%7C0-2,https://sg.shein.com/SHEIN-New-Style-Sweet-Turndown-Collar-Loose-Fashion-Women-Shirt-p-326207091.html,True,"mallCode,pageListType,detailBusinessFrom",False,,326207091,True
101339573,5,1,5,Selianne Women's V-Neck Fitted Gold Rose Button Decor Outerwear Top,S$11.49,https://sg.shein.com/Selianne-Women-s-V-Neck-Fitted-Gold-Rose-Button-Decor-Outerwear-Top-p-101339573.html,https://sc.ltwebstatic.com/she_dist/images/bg-grey-solid-color-fc04c1310d.png,2026-06-02T16:26:47+08:00,,,,,13.7k+ sold,https://sg.shein.com/Selianne-Women-s-V-Neck-Fitted-Gold-Rose-Button-Decor-Outerwear-Top-p-101339573.html?mallCode=1&pageListType=4&detailBusinessFrom=0-1_101339573%7C0-2,https://sg.shein.com/Selianne-Women-s-V-Neck-Fitted-Gold-Rose-Button-Decor-Outerwear-Top-p-101339573.html,True,"mallCode,pageListType,detailBusinessFrom",False,,101339573,True
62263350,5,1,5,"Customized Women Short Sleeve, Personalized Gift, Upload Your Photos, Valentine's Day Gift, Gift For Her, Anniversary Gift, Holiday Gift, Team Uniform, Summer Top, Graphic Print, Pink Girls, Family, Friends, Chic & Elegant",S$0.88,https://sg.shein.com/Customized-Women-Short-Sleeve-Personalized-Gift-Upload-Your-Photos-Valentine-s-Day-Gift-Gift-For-Her-Anniversary-Gift-Holiday-Gift-Team-Uniform-Summer-Top-Graphic-Print-Pink-Girls-Family-Friends-Chic-Elegant-p-62263350.html,https://sc.ltwebstatic.com/she_dist/images/bg-grey-solid-color-fc04c1310d.png,2026-06-02T16:26:47+08:00,,,,,SAVE S$0.88,https://sg.shein.com/Customized-Women-Short-Sleeve-Personalized-Gift-Upload-Your-Photos-Valentine-s-Day-Gift-Gift-For-Her-Anniversary-Gift-Holiday-Gift-Team-Uniform-Summer-Top-Graphic-Print-Pink-Girls-Family-Friends-Chic-Elegant-p-62263350.html?mallCode=1&pageListType=4&detailBusinessFrom=0-1_62263350%7C0-2,https://sg.shein.com/Customized-Women-Short-Sleeve-Personalized-Gift-Upload-Your-Photos-Valentine-s-Day-Gift-Gift-For-Her-Anniversary-Gift-Holiday-Gift-Team-Uniform-Summer-Top-Graphic-Print-Pink-Girls-Family-Friends-Chic-Elegant-p-62263350.html,True,"mallCode,pageListType,detailBusinessFrom",False,,62263350,True
433267107,5,1,5,Resyla Women's Round Neck Striped Casual Versatile Daily Wear Short Sleeve T-Shirt,S$0.97,https://sg.shein.com/Resyla-Women-s-Round-Neck-Striped-Casual-Versatile-Daily-Wear-Short-Sleeve-T-Shirt-p-433267107.html,https://sc.ltwebstatic.com/she_dist/images/bg-grey-solid-color-fc04c1310d.png,2026-06-02T16:26:47+08:00,,,,,SAVE S$0.97,https://sg.shein.com/Resyla-Women-s-Round-Neck-Striped-Casual-Versatile-Daily-Wear-Short-Sleeve-T-Shirt-p-433267107.html?mallCode=1&pageListType=4&detailBusinessFrom=0-1_433267107%7C0-2,https://sg.shein.com/Resyla-Women-s-Round-Neck-Striped-Casual-Versatile-Daily-Wear-Short-Sleeve-T-Shirt-p-433267107.html,True,"mallCode,pageListType,detailBusinessFrom",False,,433267107,True
415813207,5,1,5,"SHEIN Women's Pink Printed 2 In 1 Camisole, Sexy Y2K Style, Suitable For Occasions Such As Islands, Beaches, Vacations, Music Festivals And Parties.",S$0.82,https://sg.shein.com/SHEIN-Women-s-Pink-Printed-2-In-1-Camisole-Sexy-Y2K-Style-Suitable-For-Occasions-Such-As-Islands-Beaches-Vacations-Music-Festivals-And-Parties-p-415813207.html,https://sc.ltwebstatic.com/she_dist/images/bg-grey-solid-color-fc04c1310d.png,2026-06-02T16:26:47+08:00,,,,,Save S$0.82,https://sg.shein.com/SHEIN-Women-s-Pink-Printed-2-In-1-Camisole-Sexy-Y2K-Style-Suitable-For-Occasions-Such-As-Islands-Beaches-Vacations-Music-Festivals-And-Parties-p-415813207.html?mallCode=1&pageListType=4&detailBusinessFrom=0-1_415813207%7C0-2,https://sg.shein.com/SHEIN-Women-s-Pink-Printed-2-In-1-Camisole-Sexy-Y2K-Style-Suitable-For-Occasions-Such-As-Islands-Beaches-Vacations-Music-Festivals-And-Parties-p-415813207.html,True,"mallCode,pageListType,detailBusinessFrom",False,,415813207,True
432328852,5,1,5,Andrea Bello Women Asymmetrical Casual Wide Leg Pants Women's Fashion Office Commuting Versatile High Waist High-End Asymmetrical Wide Leg Suit Pants,S$30.99,https://sg.shein.com/Andrea-Bello-Women-Asymmetrical-Casual-Wide-Leg-Pants-Women-s-Fashion-Office-Commuting-Versatile-High-Waist-High-End-Asymmetrical-Wide-Leg-Suit-Pants-p-432328852.html,https://sc.ltwebstatic.com/she_dist/images/bg-grey-solid-color-fc04c1310d.png,2026-06-02T16:26:47+08:00,,,,,NEW,https://sg.shein.com/Andrea-Bello-Women-Asymmetrical-Casual-Wide-Leg-Pants-Women-s-Fashion-Office-Commuting-Versatile-High-Waist-High-End-Asymmetrical-Wide-Leg-Suit-Pants-p-432328852.html?mallCode=1&pageListType=4&detailBusinessFrom=0-1_432328852%7C0-2,https://sg.shein.com/Andrea-Bello-Women-Asymmetrical-Casual-Wide-Leg-Pants-Women-s-Fashion-Office-Commuting-Versatile-High-Waist-High-End-Asymmetrical-Wide-Leg-Suit-Pants-p-432328852.html,True,"mallCode,pageListType,detailBusinessFrom",False,,432328852,True
426216640,5,1,5,"Women's Summer Fashion Letter Print Loose Casual T-Shirt, Versatile Daily Casual Wear Black",S$2.93,https://sg.shein.com/Women-s-Summer-Fashion-Letter-Print-Loose-Casual-T-Shirt-Versatile-Daily-Casual-Wear-Black-p-426216640.html,https://sc.ltwebstatic.com/she_dist/images/bg-grey-solid-color-fc04c1310d.png,2026-06-02T16:26:47+08:00,,-2%,,,341 sold,https://sg.shein.com/Women-s-Summer-Fashion-Letter-Print-Loose-Casual-T-Shirt-Versatile-Daily-Casual-Wear-Black-p-426216640.html?mallCode=1&pageListType=4&detailBusinessFrom=0-1_426216640%7C0-2,https://sg.shein.com/Women-s-Summer-Fashion-Letter-Print-Loose-Casual-T-Shirt-Versatile-Daily-Casual-Wear-Black-p-426216640.html,True,"mallCode,pageListType,detailBusinessFrom",False,,426216640,True
350256396,5,2,"5,6","New Summer Women Simple Letter & Maple Leaf Sunset Print Round Neck Dark Grey Short Sleeve T-Shirt, Fashionable & Versatile, Suitable For Women's Casual Daily And Spring Vacation Tops",S$4.36,https://sg.shein.com/New-Summer-Women-Simple-Letter-Maple-Leaf-Sunset-Print-Round-Neck-Dark-Grey-Short-Sleeve-T-Shirt-Fashionable-Versatile-Suitable-For-Women-s-Casual-Daily-And-Spring-Vacation-Tops-p-350256396.html,https://sc.ltwebstatic.com/she_dist/images/bg-grey-solid-color-fc04c1310d.png,2026-06-02T16:26:47+08:00,,-3%,,,557 sold,https://sg.shein.com/New-Summer-Women-Simple-Letter-Maple-Leaf-Sunset-Print-Round-Neck-Dark-Grey-Short-Sleeve-T-Shirt-Fashionable-Versatile-Suitable-For-Women-s-Casual-Daily-And-Spring-Vacation-Tops-p-350256396.html?mallCode=1&pageListType=4&detailBusinessFrom=0-1_350256396%7C0-2,https://sg.shein.com/New-Summer-Women-Simple-Letter-Maple-Leaf-Sunset-Print-Round-Neck-Dark-Grey-Short-Sleeve-T-Shirt-Fashionable-Versatile-Suitable-For-Women-s-Casual-Daily-And-Spring-Vacation-Tops-p-350256396.html,True,"mallCode,pageListType,detailBusinessFrom",False,,350256396,True
343628538,5,1,5,"1pc Solid Color Knit Fabric Front Button Cardigan, Lightweight For Daily Wear, Spring/Summer",S$15.99,https://sg.shein.com/1pc-Solid-Color-Knit-Fabric-Front-Button-Cardigan-Lightweight-For-Daily-Wear-Spring-Summer-p-343628538.html,https://sc.ltwebstatic.com/she_dist/images/bg-grey-solid-color-fc04c1310d.png,2026-06-02T16:26:47+08:00,,,,,8.6k+ sold,https://sg.shein.com/1pc-Solid-Color-Knit-Fabric-Front-Button-Cardigan-Lightweight-For-Daily-Wear-Spring-Summer-p-343628538.html?mallCode=1&pageListType=4&detailBusinessFrom=0-1_343628538%7C0-2,https://sg.shein.com/1pc-Solid-Color-Knit-Fabric-Front-Button-Cardigan-Lightweight-For-Daily-Wear-Spring-Summer-p-343628538.html,True,"mallCode,pageListType,detailBusinessFrom",False,,343628538,True
452285426,5,1,5,"Women's Casual Short Sleeve Round Neck T-Shirt - Printed Pattern, Soft & Comfortable Fabric, Machine Washable, Summer Tops Pink",S$5.99,https://sg.shein.com/Women-s-Casual-Short-Sleeve-Round-Neck-T-Shirt-Printed-Pattern-Soft-Comfortable-Fabric-Machine-Washable-Summer-Tops-Pink-p-452285426.html,https://sc.ltwebstatic.com/she_dist/images/bg-grey-solid-color-fc04c1310d.png,2026-06-02T16:26:47+08:00,,,,,69 sold,https://sg.shein.com/Women-s-Casual-Short-Sleeve-Round-Neck-T-Shirt-Printed-Pattern-Soft-Comfortable-Fabric-Machine-Washable-Summer-Tops-Pink-p-452285426.html?mallCode=1&pageListType=4&detailBusinessFrom=0-1_452285426%7C0-2,https://sg.shein.com/Women-s-Casual-Short-Sleeve-Round-Neck-T-Shirt-Printed-Pattern-Soft-Comfortable-Fabric-Machine-Washable-Summer-Tops-Pink-p-452285426.html,True,"mallCode,pageListType,detailBusinessFrom",False,,452285426,True
450180849,5,1,5,"Elenzga 2026 Retro Military Green Wide Leg Pants,High Waist Draping Loose Straight Trousers For Women,Black,Winter,Business Casual,Elegant,Work,Versatile",S$16.49,https://sg.shein.com/Elenzga-2026-Retro-Military-Green-Wide-Leg-Pants-High-Waist-Draping-Loose-Straight-Trousers-For-Women-Black-Winter-Business-Casual-Elegant-Work-Versatile-p-450180849.html,https://sc.ltwebstatic.com/she_dist/images/bg-grey-solid-color-fc04c1310d.png,2026-06-02T16:26:47+08:00,,,,,2k+ sold,https://sg.shein.com/Elenzga-2026-Retro-Military-Green-Wide-Leg-Pants-High-Waist-Draping-Loose-Straight-Trousers-For-Women-Black-Winter-Business-Casual-Elegant-Work-Versatile-p-450180849.html?mallCode=1&pageListType=4&detailBusinessFrom=0-1_450180849%7C0-2,https://sg.shein.com/Elenzga-2026-Retro-Military-Green-Wide-Leg-Pants-High-Waist-Draping-Loose-Straight-Trousers-For-Women-Black-Winter-Business-Casual-Elegant-Work-Versatile-p-450180849.html,True,"mallCode,pageListType,detailBusinessFrom",False,,450180849,True
444886315,5,1,5,"Lightweight, Comfortable And Soft Short Sleeve T-Shirt, Fitted Silhouette, Street Style Pinterest Inspired ""God Is Always Good"" Floral Print On Back, Pink Christian Faith Top Casual Summer",S$5.39,https://sg.shein.com/Lightweight-Comfortable-And-Soft-Short-Sleeve-T-Shirt-Fitted-Silhouette-Street-Style-Pinterest-Inspired-God-Is-Always-Good-Floral-Print-On-Back-Pink-Christian-Faith-Top-Casual-Summer-p-444886315.html,https://sc.ltwebstatic.com/she_dist/images/bg-grey-solid-color-fc04c1310d.png,2026-06-02T16:26:47+08:00,,-10%,,,115 sold,https://sg.shein.com/Lightweight-Comfortable-And-Soft-Short-Sleeve-T-Shirt-Fitted-Silhouette-Street-Style-Pinterest-Inspired-God-Is-Always-Good-Floral-Print-On-Back-Pink-Christian-Faith-Top-Casual-Summer-p-444886315.html?mallCode=1&pageListType=4&detailBusinessFrom=0-1_444886315%7C0-2,https://sg.shein.com/Lightweight-Comfortable-And-Soft-Short-Sleeve-T-Shirt-Fitted-Silhouette-Street-Style-Pinterest-Inspired-God-Is-Always-Good-Floral-Print-On-Back-Pink-Christian-Faith-Top-Casual-Summer-p-444886315.html,True,"mallCode,pageListType,detailBusinessFrom",False,,444886315,True
450367868,5,2,"5,9","SHEIN EZwear Casual Minimalist Sports Style Jersey Graphic Print, Women's Sleeveless Racerback Camisole Suitable For Summer, Sports Season, Ball Games,Summer Top",S$2.99,https://sg.shein.com/SHEIN-EZwear-Casual-Minimalist-Sports-Style-Jersey-Graphic-Print-Women-s-Sleeveless-Racerback-Camisole-Suitable-For-Summer-Sports-Season-Ball-Games-Summer-Top-p-450367868.html,https://sc.ltwebstatic.com/she_dist/images/bg-grey-solid-color-fc04c1310d.png,2026-06-02T16:26:47+08:00,,,,,14.6k+ sold,https://sg.shein.com/SHEIN-EZwear-Casual-Minimalist-Sports-Style-Jersey-Graphic-Print-Women-s-Sleeveless-Racerback-Camisole-Suitable-For-Summer-Sports-Season-Ball-Games-Summer-Top-p-450367868.html?mallCode=1&pageListType=4&detailBusinessFrom=0-1_450367868%7C0-2,https://sg.shein.com/SHEIN-EZwear-Casual-Minimalist-Sports-Style-Jersey-Graphic-Print-Women-s-Sleeveless-Racerback-Camisole-Suitable-For-Summer-Sports-Season-Ball-Games-Summer-Top-p-450367868.html,True,"mallCode,pageListType,detailBusinessFrom",False,,450367868,True
437431492,5,1,5,"Women's New Summer Casual Short Sleeve Round Neck Top, Featuring Unique ""Forever Strawberry Field"" Pattern, Soft, Loose And Comfortable, High-End Streetwear And Resort Style, Versatile Loose Casual Short Sleeve Top, College Style For Spring And Autumn",S$1.04,https://sg.shein.com/Women-s-New-Summer-Casual-Short-Sleeve-Round-Neck-Top-Featuring-Unique-Forever-Strawberry-Field-Pattern-Soft-Loose-And-Comfortable-High-End-Streetwear-And-Resort-Style-Versatile-Loose-Casual-Short-Sleeve-Top-College-Style-For-Spring-And-Autumn-p-437431492.html,https://sc.ltwebstatic.com/she_dist/images/bg-grey-solid-color-fc04c1310d.png,2026-06-02T16:26:47+08:00,,,,,SAVE S$1.04,https://sg.shein.com/Women-s-New-Summer-Casual-Short-Sleeve-Round-Neck-Top-Featuring-Unique-Forever-Strawberry-Field-Pattern-Soft-Loose-And-Comfortable-High-End-Streetwear-And-Resort-Style-Versatile-Loose-Casual-Short-Sleeve-Top-College-Style-For-Spring-And-Autumn-p-437431492.html?mallCode=1&pageListType=4&detailBusinessFrom=0-1_437431492%7C0-2,https://sg.shein.com/Women-s-New-Summer-Casual-Short-Sleeve-Round-Neck-Top-Featuring-Unique-Forever-Strawberry-Field-Pattern-Soft-Loose-And-Comfortable-High-End-Streetwear-And-Resort-Style-Versatile-Loose-Casual-Short-Sleeve-Top-College-Style-For-Spring-And-Autumn-p-437431492.html,True,"mallCode,pageListType,detailBusinessFrom",False,,437431492,True
443138653,5,1,5,"Lalippa Women's V-Neck T-Shirt,Blue,Summer,Streetwear,School,Back-To-School,Faux Denim,Graphic Design,Number,Burgundy,Fashionable & Versatile,Holiday Outfit",S$8.99,https://sg.shein.com/Lalippa-Women-s-V-Neck-T-Shirt-Blue-Summer-Streetwear-School-Back-To-School-Faux-Denim-Graphic-Design-Number-Burgundy-Fashionable-Versatile-Holiday-Outfit-p-443138653.html,https://sc.ltwebstatic.com/she_dist/images/bg-grey-solid-color-fc04c1310d.png,2026-06-02T16:26:47+08:00,,,,,1.6k+ sold,https://sg.shein.com/Lalippa-Women-s-V-Neck-T-Shirt-Blue-Summer-Streetwear-School-Back-To-School-Faux-Denim-Graphic-Design-Number-Burgundy-Fashionable-Versatile-Holiday-Outfit-p-443138653.html?mallCode=1&pageListType=4&detailBusinessFrom=0-1_443138653%7C0-2,https://sg.shein.com/Lalippa-Women-s-V-Neck-T-Shirt-Blue-Summer-Streetwear-School-Back-To-School-Faux-Denim-Graphic-Design-Number-Burgundy-Fashionable-Versatile-Holiday-Outfit-p-443138653.html,True,"mallCode,pageListType,detailBusinessFrom",False,,443138653,True
425305107,5,1,5,DAZY Women's Solid Color Cold-Shoulder Ruched Asymmetric Neck Short Sleeve T-Shirt Summer,S$1.10,https://sg.shein.com/DAZY-Women-s-Solid-Color-Cold-Shoulder-Ruched-Asymmetric-Neck-Short-Sleeve-T-Shirt-Summer-p-425305107.html,https://sc.ltwebstatic.com/she_dist/images/bg-grey-solid-color-fc04c1310d.png,2026-06-02T16:26:47+08:00,,,,,SAVE S$1.10,https://sg.shein.com/DAZY-Women-s-Solid-Color-Cold-Shoulder-Ruched-Asymmetric-Neck-Short-Sleeve-T-Shirt-Summer-p-425305107.html?mallCode=1&pageListType=4&detailBusinessFrom=0-1_425305107%7C0-2,https://sg.shein.com/DAZY-Women-s-Solid-Color-Cold-Shoulder-Ruched-Asymmetric-Neck-Short-Sleeve-T-Shirt-Summer-p-425305107.html,True,"mallCode,pageListType,detailBusinessFrom",False,,425305107,True
11100647,5,1,5,SHEIN EZwear Drop Shoulder Zip Up PU Cropped Leather Jacket In Fall/Winter,S$3.90,https://sg.shein.com/SHEIN-EZwear-Drop-Shoulder-Zip-Up-PU-Cropped-Leather-Jacket-In-Fall-Winter-p-11100647.html,https://sc.ltwebstatic.com/she_dist/images/bg-grey-solid-color-fc04c1310d.png,2026-06-02T16:26:47+08:00,,,,,SAVE S$3.90,https://sg.shein.com/SHEIN-EZwear-Drop-Shoulder-Zip-Up-PU-Cropped-Leather-Jacket-In-Fall-Winter-p-11100647.html?mallCode=1&pageListType=4&detailBusinessFrom=0-1_11100647%7C0-2,https://sg.shein.com/SHEIN-EZwear-Drop-Shoulder-Zip-Up-PU-Cropped-Leather-Jacket-In-Fall-Winter-p-11100647.html,True,"mallCode,pageListType,detailBusinessFrom",False,,11100647,True
51205891,5,1,5,DAZY Women's Solid Color Crew Neck Fitted Short Sleeve Undershirt Summer Preppy Tops,S$5.99,https://sg.shein.com/DAZY-Women-s-Solid-Color-Crew-Neck-Fitted-Short-Sleeve-Undershirt-Summer-Preppy-Tops-p-51205891.html,https://sc.ltwebstatic.com/she_dist/images/bg-grey-solid-color-fc04c1310d.png,2026-06-02T16:26:47+08:00,,,(1000+),,45.2k+ sold,https://sg.shein.com/DAZY-Women-s-Solid-Color-Crew-Neck-Fitted-Short-Sleeve-Undershirt-Summer-Preppy-Tops-p-51205891.html?mallCode=1&pageListType=4&detailBusinessFrom=0-1_51205891%7C0-2,https://sg.shein.com/DAZY-Women-s-Solid-Color-Crew-Neck-Fitted-Short-Sleeve-Undershirt-Summer-Preppy-Tops-p-51205891.html,True,"mallCode,pageListType,detailBusinessFrom",False,,51205891,True
28012063,5,2,"5,9",SHEIN Unity Women'S Drawstring Wrinkle Design Cargo Pants Fall Cloth For Women,S$13.91,https://sg.shein.com/SHEIN-Unity-Women-S-Drawstring-Wrinkle-Design-Cargo-Pants-Fall-Cloth-For-Women-p-28012063.html,https://sc.ltwebstatic.com/she_dist/images/bg-grey-solid-color-fc04c1310d.png,2026-06-02T16:26:47+08:00,,-4%,(1000+),,5.8k+ sold,https://sg.shein.com/SHEIN-Unity-Women-S-Drawstring-Wrinkle-Design-Cargo-Pants-Fall-Cloth-For-Women-p-28012063.html?mallCode=1&pageListType=4&detailBusinessFrom=0-1_28012063%7C0-2,https://sg.shein.com/SHEIN-Unity-Women-S-Drawstring-Wrinkle-Design-Cargo-Pants-Fall-Cloth-For-Women-p-28012063.html,True,"mallCode,pageListType,detailBusinessFrom",False,,28012063,True
128799987,5,1,5,"Women's Solid Black Casual Elegant High-Waisted Straight Leg Pants, Suitable For Daily Wear, Office Commute, Home, Dates, Small Parties, Light Social Occasions Spring",S$15.83,https://sg.shein.com/Women-s-Solid-Black-Casual-Elegant-High-Waisted-Straight-Leg-Pants-Suitable-For-Daily-Wear-Office-Commute-Home-Dates-Small-Parties-Light-Social-Occasions-Spring-p-128799987.html,https://sc.ltwebstatic.com/she_dist/images/bg-grey-solid-color-fc04c1310d.png,2026-06-02T16:26:47+08:00,,-4%,,,12.3k+ sold,https://sg.shein.com/Women-s-Solid-Black-Casual-Elegant-High-Waisted-Straight-Leg-Pants-Suitable-For-Daily-Wear-Office-Commute-Home-Dates-Small-Parties-Light-Social-Occasions-Spring-p-128799987.html?mallCode=1&pageListType=4&detailBusinessFrom=0-1_128799987%7C0-2,https://sg.shein.com/Women-s-Solid-Black-Casual-Elegant-High-Waisted-Straight-Leg-Pants-Suitable-For-Daily-Wear-Office-Commute-Home-Dates-Small-Parties-Light-Social-Occasions-Spring-p-128799987.html,True,"mallCode,pageListType,detailBusinessFrom",False,,128799987,True
49910921,5,1,5,Firerie Women's Casual Minimalist Fashion High Waist Textured Wide Leg Pants For Back To School & Commuting,S$14.99,https://sg.shein.com/Firerie-Women-s-Casual-Minimalist-Fashion-High-Waist-Textured-Wide-Leg-Pants-For-Back-To-School-Commuting-p-49910921.html,https://sc.ltwebstatic.com/she_dist/images/bg-grey-solid-color-fc04c1310d.png,2026-06-02T16:26:47+08:00,,,,,4.3k+ sold,https://sg.shein.com/Firerie-Women-s-Casual-Minimalist-Fashion-High-Waist-Textured-Wide-Leg-Pants-For-Back-To-School-Commuting-p-49910921.html?mallCode=1&pageListType=4&detailBusinessFrom=0-1_49910921%7C0-2,https://sg.shein.com/Firerie-Women-s-Casual-Minimalist-Fashion-High-Waist-Textured-Wide-Leg-Pants-For-Back-To-School-Commuting-p-49910921.html,True,"mallCode,pageListType,detailBusinessFrom",False,,49910921,True
15971274,5,1,5,DAZY Solid Ribbed Knit Cami Top Preppy Tops,S$0.97,https://sg.shein.com/DAZY-Solid-Ribbed-Knit-Cami-Top-Preppy-Tops-p-15971274.html,https://sc.ltwebstatic.com/she_dist/images/bg-grey-solid-color-fc04c1310d.png,2026-06-02T16:26:47+08:00,,,,,SAVE S$0.97,https://sg.shein.com/DAZY-Solid-Ribbed-Knit-Cami-Top-Preppy-Tops-p-15971274.html?mallCode=1&pageListType=4&detailBusinessFrom=0-1_15971274%7C0-2,https://sg.shein.com/DAZY-Solid-Ribbed-Knit-Cami-Top-Preppy-Tops-p-15971274.html,True,"mallCode,pageListType,detailBusinessFrom",False,,15971274,True
436424478,5,1,5,"Women's Round Neck Short Sleeve T-Shirt, New Summer Cherry Blossom Pattern And Letter Print, Casual Loose Versatile Top, Fashionable Daily Wear White",S$7.67,https://sg.shein.com/Women-s-Round-Neck-Short-Sleeve-T-Shirt-New-Summer-Cherry-Blossom-Pattern-And-Letter-Print-Casual-Loose-Versatile-Top-Fashionable-Daily-Wear-White-p-436424478.html,https://sc.ltwebstatic.com/she_dist/images/bg-grey-solid-color-fc04c1310d.png,2026-06-02T16:26:47+08:00,,-4%,,,167 sold,https://sg.shein.com/Women-s-Round-Neck-Short-Sleeve-T-Shirt-New-Summer-Cherry-Blossom-Pattern-And-Letter-Print-Casual-Loose-Versatile-Top-Fashionable-Daily-Wear-White-p-436424478.html?mallCode=1&pageListType=4&detailBusinessFrom=0-1_436424478%7C0-2,https://sg.shein.com/Women-s-Round-Neck-Short-Sleeve-T-Shirt-New-Summer-Cherry-Blossom-Pattern-And-Letter-Print-Casual-Loose-Versatile-Top-Fashionable-Daily-Wear-White-p-436424478.html,True,"mallCode,pageListType,detailBusinessFrom",False,,436424478,True
69778048,5,1,5,"Cute Long Sleeve Button-Up Striped Retro Elegant Casual Blouse For Women, Spring/Summer Holiday/Valentine's Day",S$13.49,https://sg.shein.com/Cute-Long-Sleeve-Button-Up-Striped-Retro-Elegant-Casual-Blouse-For-Women-Spring-Summer-Holiday-Valentine-s-Day-p-69778048.html,https://sc.ltwebstatic.com/she_dist/images/bg-grey-solid-color-fc04c1310d.png,2026-06-02T16:26:47+08:00,,,,,11.1k+ sold,https://sg.shein.com/Cute-Long-Sleeve-Button-Up-Striped-Retro-Elegant-Casual-Blouse-For-Women-Spring-Summer-Holiday-Valentine-s-Day-p-69778048.html?mallCode=1&pageListType=4&detailBusinessFrom=0-1_69778048%7C0-2,https://sg.shein.com/Cute-Long-Sleeve-Button-Up-Striped-Retro-Elegant-Casual-Blouse-For-Women-Spring-Summer-Holiday-Valentine-s-Day-p-69778048.html,True,"mallCode,pageListType,detailBusinessFrom",False,,69778048,True
230149140,5,2,"5,6",Sweetra Women's Summer Solid Color Ruffle Hem Tie Waist Short Sleeve Blouse,S$12.99,https://sg.shein.com/Sweetra-Women-s-Summer-Solid-Color-Ruffle-Hem-Tie-Waist-Short-Sleeve-Blouse-p-230149140.html,https://sc.ltwebstatic.com/she_dist/images/bg-grey-solid-color-fc04c1310d.png,2026-06-02T16:26:47+08:00,,,,,17.9k+ sold,https://sg.shein.com/Sweetra-Women-s-Summer-Solid-Color-Ruffle-Hem-Tie-Waist-Short-Sleeve-Blouse-p-230149140.html?mallCode=1&pageListType=4&detailBusinessFrom=0-1_230149140%7C0-2,https://sg.shein.com/Sweetra-Women-s-Summer-Solid-Color-Ruffle-Hem-Tie-Waist-Short-Sleeve-Blouse-p-230149140.html,True,"mallCode,pageListType,detailBusinessFrom",False,,230149140,True
449013919,5,1,5,"Es Trus Women's Interesting Print Hard Rock And Dark Metal ""Devil Horns"" Gesture Personalized Graphic Tee, Retro Korean Street Style Basic Commuter Versatile Y2K Fashion, Purple Fitted Crew Neck Short Sleeve Washed T-Shirt Casual Summer",S$4.84,https://sg.shein.com/Es-Trus-Women-s-Interesting-Print-Hard-Rock-And-Dark-Metal-Devil-Horns-Gesture-Personalized-Graphic-Tee-Retro-Korean-Street-Style-Basic-Commuter-Versatile-Y2K-Fashion-Purple-Fitted-Crew-Neck-Short-Sleeve-Washed-T-Shirt-Casual-Summer-p-449013919.html,https://sc.ltwebstatic.com/she_dist/images/bg-grey-solid-color-fc04c1310d.png,2026-06-02T16:26:47+08:00,,-3%,,,2.5k+ sold,https://sg.shein.com/Es-Trus-Women-s-Interesting-Print-Hard-Rock-And-Dark-Metal-Devil-Horns-Gesture-Personalized-Graphic-Tee-Retro-Korean-Street-Style-Basic-Commuter-Versatile-Y2K-Fashion-Purple-Fitted-Crew-Neck-Short-Sleeve-Washed-T-Shirt-Casual-Summer-p-449013919.html?mallCode=1&pageListType=4&detailBusinessFrom=0-1_449013919%7C0-2,https://sg.shein.com/Es-Trus-Women-s-Interesting-Print-Hard-Rock-And-Dark-Metal-Devil-Horns-Gesture-Personalized-Graphic-Tee-Retro-Korean-Street-Style-Basic-Commuter-Versatile-Y2K-Fashion-Purple-Fitted-Crew-Neck-Short-Sleeve-Washed-T-Shirt-Casual-Summer-p-449013919.html,True,"mallCode,pageListType,detailBusinessFrom",False,,449013919,True
411290429,5,1,5,"White Asymmetrical Shoulder Donut Print Short Sleeve T-Shirt For Women, Summer Fitted Slim Sexy Style, Korean Sweet Girl Daily Wear Basic, SATURDAY & SUNDAY Donut Print T-Shirt White Asymmetrical Shoulder Casual",S$6.49,https://sg.shein.com/White-Asymmetrical-Shoulder-Donut-Print-Short-Sleeve-T-Shirt-For-Women-Summer-Fitted-Slim-Sexy-Style-Korean-Sweet-Girl-Daily-Wear-Basic-SATURDAY-SUNDAY-Donut-Print-T-Shirt-White-Asymmetrical-Shoulder-Casual-p-411290429.html,https://sc.ltwebstatic.com/she_dist/images/bg-grey-solid-color-fc04c1310d.png,2026-06-02T16:26:47+08:00,,,,,3.9k+ sold,https://sg.shein.com/White-Asymmetrical-Shoulder-Donut-Print-Short-Sleeve-T-Shirt-For-Women-Summer-Fitted-Slim-Sexy-Style-Korean-Sweet-Girl-Daily-Wear-Basic-SATURDAY-SUNDAY-Donut-Print-T-Shirt-White-Asymmetrical-Shoulder-Casual-p-411290429.html?mallCode=1&pageListType=4&detailBusinessFrom=0-1_411290429%7C0-2,https://sg.shein.com/White-Asymmetrical-Shoulder-Donut-Print-Short-Sleeve-T-Shirt-For-Women-Summer-Fitted-Slim-Sexy-Style-Korean-Sweet-Girl-Daily-Wear-Basic-SATURDAY-SUNDAY-Donut-Print-T-Shirt-White-Asymmetrical-Shoulder-Casual-p-411290429.html,True,"mallCode,pageListType,detailBusinessFrom",False,,411290429,True
16954776,5,1,5,SHEIN MOD Summer Casual Solid Backless Ruched Halter Top,S$8.49,https://sg.shein.com/SHEIN-MOD-Summer-Casual-Solid-Backless-Ruched-Halter-Top-p-16954776.html,https://sc.ltwebstatic.com/she_dist/images/bg-grey-solid-color-fc04c1310d.png,2026-06-02T16:26:47+08:00,,,(1000+),,1.9k+ sold,https://sg.shein.com/SHEIN-MOD-Summer-Casual-Solid-Backless-Ruched-Halter-Top-p-16954776.html?mallCode=1&pageListType=4&detailBusinessFrom=0-1_16954776%7C0-2,https://sg.shein.com/SHEIN-MOD-Summer-Casual-Solid-Backless-Ruched-Halter-Top-p-16954776.html,True,"mallCode,pageListType,detailBusinessFrom",False,,16954776,True
49090776,5,1,5,"Women's New Palm Tree Slogan Print Casual Round Neck Short Sleeve T-Shirt, Fashionable Resort Style, Your Daily Essential Item. Graphic Tee Summer",S$6.99,https://sg.shein.com/Women-s-New-Palm-Tree-Slogan-Print-Casual-Round-Neck-Short-Sleeve-T-Shirt-Fashionable-Resort-Style-Your-Daily-Essential-Item-Graphic-Tee-Summer-p-49090776.html,https://sc.ltwebstatic.com/she_dist/images/bg-grey-solid-color-fc04c1310d.png,2026-06-02T16:26:47+08:00,,,,,5.9k+ sold,https://sg.shein.com/Women-s-New-Palm-Tree-Slogan-Print-Casual-Round-Neck-Short-Sleeve-T-Shirt-Fashionable-Resort-Style-Your-Daily-Essential-Item-Graphic-Tee-Summer-p-49090776.html?mallCode=1&pageListType=4&detailBusinessFrom=0-1_49090776%7C0-2,https://sg.shein.com/Women-s-New-Palm-Tree-Slogan-Print-Casual-Round-Neck-Short-Sleeve-T-Shirt-Fashionable-Resort-Style-Your-Daily-Essential-Item-Graphic-Tee-Summer-p-49090776.html,True,"mallCode,pageListType,detailBusinessFrom",False,,49090776,True
233799002,5,2,"5,6","Aoqta Women's Sports Casual High-Waisted Wide-Leg Pants, Solid Color Tummy Control Butt Lifting Basic Sports Long Pants, Suitable For Yoga, Running, Training, Daily Wear",S$4.84,https://sg.shein.com/Aoqta-Women-s-Sports-Casual-High-Waisted-Wide-Leg-Pants-Solid-Color-Tummy-Control-Butt-Lifting-Basic-Sports-Long-Pants-Suitable-For-Yoga-Running-Training-Daily-Wear-p-233799002.html,https://sc.ltwebstatic.com/she_dist/images/bg-grey-solid-color-fc04c1310d.png,2026-06-02T16:26:47+08:00,,,,,SAVE S$4.84,https://sg.shein.com/Aoqta-Women-s-Sports-Casual-High-Waisted-Wide-Leg-Pants-Solid-Color-Tummy-Control-Butt-Lifting-Basic-Sports-Long-Pants-Suitable-For-Yoga-Running-Training-Daily-Wear-p-233799002.html?mallCode=1&pageListType=4&detailBusinessFrom=0-1_233799002%7C0-2,https://sg.shein.com/Aoqta-Women-s-Sports-Casual-High-Waisted-Wide-Leg-Pants-Solid-Color-Tummy-Control-Butt-Lifting-Basic-Sports-Long-Pants-Suitable-For-Yoga-Running-Training-Daily-Wear-p-233799002.html,True,"mallCode,pageListType,detailBusinessFrom",False,,233799002,True
428246630,5,1,5,"Women's Loose Open Shoulder Batwing Short Sleeve T-Shirt, With Sea Turtle & English Print, Suitable For Office, Outing, Daily, Date, Sexy Shoulder-Baring Top. Gorgeous Y2K Millennium Style Women Vacation Clothing",S$7.49,https://sg.shein.com/Women-s-Loose-Open-Shoulder-Batwing-Short-Sleeve-T-Shirt-With-Sea-Turtle-English-Print-Suitable-For-Office-Outing-Daily-Date-Sexy-Shoulder-Baring-Top-Gorgeous-Y2K-Millennium-Style-Women-Vacation-Clothing-p-428246630.html,https://sc.ltwebstatic.com/she_dist/images/bg-grey-solid-color-fc04c1310d.png,2026-06-02T16:26:47+08:00,,,,,3.4k+ sold,https://sg.shein.com/Women-s-Loose-Open-Shoulder-Batwing-Short-Sleeve-T-Shirt-With-Sea-Turtle-English-Print-Suitable-For-Office-Outing-Daily-Date-Sexy-Shoulder-Baring-Top-Gorgeous-Y2K-Millennium-Style-Women-Vacation-Clothing-p-428246630.html?mallCode=1&pageListType=4&detailBusinessFrom=0-1_428246630%7C0-2,https://sg.shein.com/Women-s-Loose-Open-Shoulder-Batwing-Short-Sleeve-T-Shirt-With-Sea-Turtle-English-Print-Suitable-For-Office-Outing-Daily-Date-Sexy-Shoulder-Baring-Top-Gorgeous-Y2K-Millennium-Style-Women-Vacation-Clothing-p-428246630.html,True,"mallCode,pageListType,detailBusinessFrom",False,,428246630,True
32576666,5,2,"5,8","Poéselle Summer High-Waisted Pants Multi-Piece Set, Black + Khaki Wide Leg Pants High Waist Fold Pleated Wide Leg Pants, Black Pants, Loose Fit, Long Pants",S$29.49,https://sg.shein.com/Po-selle-Summer-High-Waisted-Pants-Multi-Piece-Set-Black-Khaki-Wide-Leg-Pants-High-Waist-Fold-Pleated-Wide-Leg-Pants-Black-Pants-Loose-Fit-Long-Pants-p-32576666.html,https://sc.ltwebstatic.com/she_dist/images/bg-grey-solid-color-fc04c1310d.png,2026-06-02T16:26:47+08:00,,,,,6.3k+ sold,https://sg.shein.com/Po-selle-Summer-High-Waisted-Pants-Multi-Piece-Set-Black-Khaki-Wide-Leg-Pants-High-Waist-Fold-Pleated-Wide-Leg-Pants-Black-Pants-Loose-Fit-Long-Pants-p-32576666.html?mallCode=1&pageListType=4&detailBusinessFrom=0-1_32576666%7C0-2,https://sg.shein.com/Po-selle-Summer-High-Waisted-Pants-Multi-Piece-Set-Black-Khaki-Wide-Leg-Pants-High-Waist-Fold-Pleated-Wide-Leg-Pants-Black-Pants-Loose-Fit-Long-Pants-p-32576666.html,True,"mallCode,pageListType,detailBusinessFrom",False,,32576666,True
116784649,5,2,"5,6","GAOVOT Women's Sexy Backless Crop Top, Y2K Style Casual Camisole Summer",S$8.49,https://sg.shein.com/GAOVOT-Women-s-Sexy-Backless-Crop-Top-Y2K-Style-Casual-Camisole-Summer-p-116784649.html,https://sc.ltwebstatic.com/she_dist/images/bg-grey-solid-color-fc04c1310d.png,2026-06-02T16:26:47+08:00,,,,,12.8k+ sold,https://sg.shein.com/GAOVOT-Women-s-Sexy-Backless-Crop-Top-Y2K-Style-Casual-Camisole-Summer-p-116784649.html?mallCode=1&pageListType=4&detailBusinessFrom=0-1_116784649%7C0-2,https://sg.shein.com/GAOVOT-Women-s-Sexy-Backless-Crop-Top-Y2K-Style-Casual-Camisole-Summer-p-116784649.html,True,"mallCode,pageListType,detailBusinessFrom",False,,116784649,True
16082480,5,1,5,SHEIN MOD Solid Flare Leg Pants,S$2.53,https://sg.shein.com/SHEIN-MOD-Solid-Flare-Leg-Pants-p-16082480.html,https://sc.ltwebstatic.com/she_dist/images/bg-grey-solid-color-fc04c1310d.png,2026-06-02T16:26:47+08:00,,,,,SAVE S$2.53,https://sg.shein.com/SHEIN-MOD-Solid-Flare-Leg-Pants-p-16082480.html?mallCode=1&pageListType=4&detailBusinessFrom=0-1_16082480%7C0-2,https://sg.shein.com/SHEIN-MOD-Solid-Flare-Leg-Pants-p-16082480.html,True,"mallCode,pageListType,detailBusinessFrom",False,,16082480,True
390072199,5,1,5,"Women's Summer Vacation Ocean Creature & Letter Print Round Neck T-Shirt, Pattern T-Shirt Women White/Black/Pink Casual",S$5.39,https://sg.shein.com/Women-s-Summer-Vacation-Ocean-Creature-Letter-Print-Round-Neck-T-Shirt-Pattern-T-Shirt-Women-White-Black-Pink-Casual-p-390072199.html,https://sc.ltwebstatic.com/she_dist/images/bg-grey-solid-color-fc04c1310d.png,2026-06-02T16:26:47+08:00,,-10%,,,2.1k+ sold,https://sg.shein.com/Women-s-Summer-Vacation-Ocean-Creature-Letter-Print-Round-Neck-T-Shirt-Pattern-T-Shirt-Women-White-Black-Pink-Casual-p-390072199.html?mallCode=1&pageListType=4&detailBusinessFrom=0-1_390072199%7C0-2,https://sg.shein.com/Women-s-Summer-Vacation-Ocean-Creature-Letter-Print-Round-Neck-T-Shirt-Pattern-T-Shirt-Women-White-Black-Pink-Casual-p-390072199.html,True,"mallCode,pageListType,detailBusinessFrom",False,,390072199,True
75908221,5,2,"5,6","SHEIN EZwear 3pcs Women Casual Tight-Fitted Long Sleeve Round Neck T-Shirt Set, Suitable For Summer",S$12.99,https://sg.shein.com/SHEIN-EZwear-3pcs-Women-Casual-Tight-Fitted-Long-Sleeve-Round-Neck-T-Shirt-Set-Suitable-For-Summer-p-75908221.html,https://sc.ltwebstatic.com/she_dist/images/bg-grey-solid-color-fc04c1310d.png,2026-06-02T16:26:47+08:00,,,,,12.6k+ sold,https://sg.shein.com/SHEIN-EZwear-3pcs-Women-Casual-Tight-Fitted-Long-Sleeve-Round-Neck-T-Shirt-Set-Suitable-For-Summer-p-75908221.html?mallCode=1&pageListType=4&detailBusinessFrom=0-1_75908221%7C0-2,https://sg.shein.com/SHEIN-EZwear-3pcs-Women-Casual-Tight-Fitted-Long-Sleeve-Round-Neck-T-Shirt-Set-Suitable-For-Summer-p-75908221.html,True,"mallCode,pageListType,detailBusinessFrom",False,,75908221,True
441345962,5,2,"5,6","Anyi Cute Women's Polka Dot Print Pleated Mini Skirt, Comfortable Fabric, Versatile For Commuting, Photography, Outing White",S$0.97,https://sg.shein.com/Anyi-Cute-Women-s-Polka-Dot-Print-Pleated-Mini-Skirt-Comfortable-Fabric-Versatile-For-Commuting-Photography-Outing-White-p-441345962.html,https://sc.ltwebstatic.com/she_dist/images/bg-grey-solid-color-fc04c1310d.png,2026-06-02T16:26:47+08:00,,,,,SAVE S$0.97,https://sg.shein.com/Anyi-Cute-Women-s-Polka-Dot-Print-Pleated-Mini-Skirt-Comfortable-Fabric-Versatile-For-Commuting-Photography-Outing-White-p-441345962.html?mallCode=1&pageListType=4&detailBusinessFrom=0-1_441345962%7C0-2,https://sg.shein.com/Anyi-Cute-Women-s-Polka-Dot-Print-Pleated-Mini-Skirt-Comfortable-Fabric-Versatile-For-Commuting-Photography-Outing-White-p-441345962.html,True,"mallCode,pageListType,detailBusinessFrom",False,,441345962,True
17952467,5,1,5,"DAZY Women's Solid Color Pleated Straight Leg Business Casual Pants,Women Dress Pants",S$20.49,https://sg.shein.com/DAZY-Women-s-Solid-Color-Pleated-Straight-Leg-Business-Casual-Pants-Women-Dress-Pants-p-17952467.html,https://sc.ltwebstatic.com/she_dist/images/bg-grey-solid-color-fc04c1310d.png,2026-06-02T16:26:47+08:00,,,,,4.9k+ sold,https://sg.shein.com/DAZY-Women-s-Solid-Color-Pleated-Straight-Leg-Business-Casual-Pants-Women-Dress-Pants-p-17952467.html?mallCode=1&pageListType=4&detailBusinessFrom=0-1_17952467%7C0-2,https://sg.shein.com/DAZY-Women-s-Solid-Color-Pleated-Straight-Leg-Business-Casual-Pants-Women-Dress-Pants-p-17952467.html,True,"mallCode,pageListType,detailBusinessFrom",False,,17952467,True
18490325,5,1,5,INAWLY Women's Solid Color Casual Drawstring Shorts,S$0.68,https://sg.shein.com/INAWLY-Women-s-Solid-Color-Casual-Drawstring-Shorts-p-18490325.html,https://sc.ltwebstatic.com/she_dist/images/bg-grey-solid-color-fc04c1310d.png,2026-06-02T16:26:47+08:00,,,,,SAVE S$0.68,https://sg.shein.com/INAWLY-Women-s-Solid-Color-Casual-Drawstring-Shorts-p-18490325.html?mallCode=1&pageListType=4&detailBusinessFrom=0-1_18490325%7C0-2,https://sg.shein.com/INAWLY-Women-s-Solid-Color-Casual-Drawstring-Shorts-p-18490325.html,True,"mallCode,pageListType,detailBusinessFrom",False,,18490325,True
436152829,6,1,6,"Women's Summer Turtle, Floral & Letter Print Casual Loose Round Neck Beach Vacation T-Shirt",S$4.49,https://sg.shein.com/Women-s-Summer-Turtle-Floral-Letter-Print-Casual-Loose-Round-Neck-Beach-Vacation-T-Shirt-p-436152829.html,https://img.ltwebstatic.com/v4/j/spmp/2026/04/07/b0/1775545341d56d46de56853c4bf20a159bd0118dc6_thumbnail_600x.webp,2026-06-02T16:28:31+08:00,,,,,768 sold,https://sg.shein.com/Women-s-Summer-Turtle-Floral-Letter-Print-Casual-Loose-Round-Neck-Beach-Vacation-T-Shirt-p-436152829.html?mallCode=1&pageListType=4&detailBusinessFrom=0-1_436152829%7C0-2,https://sg.shein.com/Women-s-Summer-Turtle-Floral-Letter-Print-Casual-Loose-Round-Neck-Beach-Vacation-T-Shirt-p-436152829.html,True,"mallCode,pageListType,detailBusinessFrom",False,,436152829,True
405443082,6,1,6,"Women's Summer New Arrival Casual Cherry Blossom Print Round Neck Short Sleeve T-Shirt, Fashionable & Versatile Blouse Pink",S$5.59,https://sg.shein.com/Women-s-Summer-New-Arrival-Casual-Cherry-Blossom-Print-Round-Neck-Short-Sleeve-T-Shirt-Fashionable-Versatile-Blouse-Pink-p-405443082.html,https://img.ltwebstatic.com/v4/j/spmp/2026/03/11/db/17732121931a0341db77d76aba8958657797d9d42e_thumbnail_600x.webp,2026-06-02T16:28:31+08:00,,-20%,,,67 sold,https://sg.shein.com/Women-s-Summer-New-Arrival-Casual-Cherry-Blossom-Print-Round-Neck-Short-Sleeve-T-Shirt-Fashionable-Versatile-Blouse-Pink-p-405443082.html?mallCode=1&pageListType=4&detailBusinessFrom=0-1_405443082%7C0-2,https://sg.shein.com/Women-s-Summer-New-Arrival-Casual-Cherry-Blossom-Print-Round-Neck-Short-Sleeve-T-Shirt-Fashionable-Versatile-Blouse-Pink-p-405443082.html,True,"mallCode,pageListType,detailBusinessFrom",False,,405443082,True
399620438,6,1,6,"Amalfi Coast ""Mediterranean Style"" Women's T-Shirt, Regular Fit Hand-Painted Artistic Pattern T-Shirt, Comfortable Italian Summer Short Sleeve Top, Unique Round Neck Retro Culinary Leisurely Style Pinterest Fashion Casual White",S$5.33,https://sg.shein.com/Amalfi-Coast-Mediterranean-Style-Women-s-T-Shirt-Regular-Fit-Hand-Painted-Artistic-Pattern-T-Shirt-Comfortable-Italian-Summer-Short-Sleeve-Top-Unique-Round-Neck-Retro-Culinary-Leisurely-Style-Pinterest-Fashion-Casual-White-p-399620438.html,https://img.ltwebstatic.com/v4/j/spmp/2026/02/11/0e/177079401481ad395ac73d4cde750efa80052e768b_thumbnail_600x.webp,2026-06-02T16:28:31+08:00,,-3%,,,570 sold,https://sg.shein.com/Amalfi-Coast-Mediterranean-Style-Women-s-T-Shirt-Regular-Fit-Hand-Painted-Artistic-Pattern-T-Shirt-Comfortable-Italian-Summer-Short-Sleeve-Top-Unique-Round-Neck-Retro-Culinary-Leisurely-Style-Pinterest-Fashion-Casual-White-p-399620438.html?mallCode=1&pageListType=4&detailBusinessFrom=0-1_399620438%7C0-2,https://sg.shein.com/Amalfi-Coast-Mediterranean-Style-Women-s-T-Shirt-Regular-Fit-Hand-Painted-Artistic-Pattern-T-Shirt-Comfortable-Italian-Summer-Short-Sleeve-Top-Unique-Round-Neck-Retro-Culinary-Leisurely-Style-Pinterest-Fashion-Casual-White-p-399620438.html,True,"mallCode,pageListType,detailBusinessFrom",False,,399620438,True
392071788,6,1,6,"Sweetra Women's Romantic Polka Dot 3-In-1 Design Waist Cinched A-Line Dress, Flattering & Slimming, Suitable For Spring/Summer, Date Or Casual Dining",S$1.26,https://sg.shein.com/Sweetra-Women-s-Romantic-Polka-Dot-3-In-1-Design-Waist-Cinched-A-Line-Dress-Flattering-Slimming-Suitable-For-Spring-Summer-Date-Or-Casual-Dining-p-392071788.html,https://img.ltwebstatic.com/v4/j/pi/2026/01/31/04/1769837676ab4aa53a296aad668d3c67e7ad9bf979_thumbnail_600x.webp,2026-06-02T16:28:31+08:00,,,,,SAVE S$1.26,https://sg.shein.com/Sweetra-Women-s-Romantic-Polka-Dot-3-In-1-Design-Waist-Cinched-A-Line-Dress-Flattering-Slimming-Suitable-For-Spring-Summer-Date-Or-Casual-Dining-p-392071788.html?mallCode=1&pageListType=4&detailBusinessFrom=0-1_392071788%7C0-2,https://sg.shein.com/Sweetra-Women-s-Romantic-Polka-Dot-3-In-1-Design-Waist-Cinched-A-Line-Dress-Flattering-Slimming-Suitable-For-Spring-Summer-Date-Or-Casual-Dining-p-392071788.html,True,"mallCode,pageListType,detailBusinessFrom",False,,392071788,True
438723021,6,1,6,"EMERY ROSE Fashionable Minimalist Off Shoulder T-Shirt, Gift For Friends",S$0.90,https://sg.shein.com/EMERY-ROSE-Fashionable-Minimalist-Off-Shoulder-T-Shirt-Gift-For-Friends-p-438723021.html,https://img.ltwebstatic.com/v4/j/pi/2026/04/08/b7/1775616335372d3539067e966dbc5631ff14cb710b_thumbnail_600x.webp,2026-06-02T16:28:31+08:00,,,,,SAVE S$0.90,https://sg.shein.com/EMERY-ROSE-Fashionable-Minimalist-Off-Shoulder-T-Shirt-Gift-For-Friends-p-438723021.html?mallCode=1&pageListType=4&detailBusinessFrom=0-1_438723021%7C0-2,https://sg.shein.com/EMERY-ROSE-Fashionable-Minimalist-Off-Shoulder-T-Shirt-Gift-For-Friends-p-438723021.html,True,"mallCode,pageListType,detailBusinessFrom",False,,438723021,True
435319975,6,1,6,"Women's Pink Lily Flower Pattern Short Sleeve Round Neck T-Shirt, With Regular Hem And Slightly Stretchy Fabric, Loose Fit Short Sleeve Summer Beach Vacation T-Shirt, Retro Versatile Casual Holiday Top, Vacation Outfit Gift",S$5.45,https://sg.shein.com/Women-s-Pink-Lily-Flower-Pattern-Short-Sleeve-Round-Neck-T-Shirt-With-Regular-Hem-And-Slightly-Stretchy-Fabric-Loose-Fit-Short-Sleeve-Summer-Beach-Vacation-T-Shirt-Retro-Versatile-Casual-Holiday-Top-Vacation-Outfit-Gift-p-435319975.html,https://img.ltwebstatic.com/v4/j/spmp/2026/03/21/0f/17740926558e30f07918c6eb163867321544e088ac_thumbnail_600x.webp,2026-06-02T16:28:31+08:00,,-9%,,,143 sold,https://sg.shein.com/Women-s-Pink-Lily-Flower-Pattern-Short-Sleeve-Round-Neck-T-Shirt-With-Regular-Hem-And-Slightly-Stretchy-Fabric-Loose-Fit-Short-Sleeve-Summer-Beach-Vacation-T-Shirt-Retro-Versatile-Casual-Holiday-Top-Vacation-Outfit-Gift-p-435319975.html?mallCode=1&pageListType=4&detailBusinessFrom=0-1_435319975%7C0-2,https://sg.shein.com/Women-s-Pink-Lily-Flower-Pattern-Short-Sleeve-Round-Neck-T-Shirt-With-Regular-Hem-And-Slightly-Stretchy-Fabric-Loose-Fit-Short-Sleeve-Summer-Beach-Vacation-T-Shirt-Retro-Versatile-Casual-Holiday-Top-Vacation-Outfit-Gift-p-435319975.html,True,"mallCode,pageListType,detailBusinessFrom",False,,435319975,True
420508824,6,2,"6,9",Coolane Women's Summer Streetwear Casual Basic Daily Wear Graphics Striped Comfortable Baggy Low Rise Straight Pants Wide Leg Woman High Waist,S$19.99,https://sg.shein.com/Coolane-Women-s-Summer-Streetwear-Casual-Basic-Daily-Wear-Graphics-Striped-Comfortable-Baggy-Low-Rise-Straight-Pants-Wide-Leg-Woman-High-Waist-p-420508824.html,https://img.ltwebstatic.com/v4/j/pi/2026/03/31/19/17749354730bcf1f1a7b67012934ea4975ccbfbe18_thumbnail_600x.webp,2026-06-02T16:28:31+08:00,,,,,1.8k+ sold,https://sg.shein.com/Coolane-Women-s-Summer-Streetwear-Casual-Basic-Daily-Wear-Graphics-Striped-Comfortable-Baggy-Low-Rise-Straight-Pants-Wide-Leg-Woman-High-Waist-p-420508824.html?mallCode=1&pageListType=4&detailBusinessFrom=0-1_420508824%7C0-2,https://sg.shein.com/Coolane-Women-s-Summer-Streetwear-Casual-Basic-Daily-Wear-Graphics-Striped-Comfortable-Baggy-Low-Rise-Straight-Pants-Wide-Leg-Woman-High-Waist-p-420508824.html,True,"mallCode,pageListType,detailBusinessFrom",False,,420508824,True
23083451,6,1,6,Chiquease 4pcs Solid Tank Top Graphic Tees Women Tops,S$2.01,https://sg.shein.com/Chiquease-4pcs-Solid-Tank-Top-Graphic-Tees-Women-Tops-p-23083451.html,https://img.ltwebstatic.com/v4/j/pi/2025/08/08/6b/17546243102b66d7c8b53def17dcee6b50b930157f_thumbnail_600x.webp,2026-06-02T16:28:31+08:00,,,,,SAVE S$2.01,https://sg.shein.com/Chiquease-4pcs-Solid-Tank-Top-Graphic-Tees-Women-Tops-p-23083451.html?mallCode=1&pageListType=4&detailBusinessFrom=0-1_23083451%7C0-2,https://sg.shein.com/Chiquease-4pcs-Solid-Tank-Top-Graphic-Tees-Women-Tops-p-23083451.html,True,"mallCode,pageListType,detailBusinessFrom",False,,23083451,True
22935068,6,1,6,SHEIN MOD Solid Corduroy Straight Leg Black Mid Rise Pants,S$2.53,https://sg.shein.com/SHEIN-MOD-Solid-Corduroy-Straight-Leg-Black-Mid-Rise-Pants-p-22935068.html,https://img.ltwebstatic.com/images3_pi/2024/10/29/cc/173017905690a3c588d039c8343c2bea5f9bac0860_thumbnail_600x.webp,2026-06-02T16:28:31+08:00,,,,,SAVE S$2.53,https://sg.shein.com/SHEIN-MOD-Solid-Corduroy-Straight-Leg-Black-Mid-Rise-Pants-p-22935068.html?mallCode=1&pageListType=4&detailBusinessFrom=0-1_22935068%7C0-2,https://sg.shein.com/SHEIN-MOD-Solid-Corduroy-Straight-Leg-Black-Mid-Rise-Pants-p-22935068.html,True,"mallCode,pageListType,detailBusinessFrom",False,,22935068,True
389876027,6,1,6,"SHEIN Fashionable Minimalist Off-Shoulder Long Sleeve T-Shirt, Gift For Friends",S$6.99,https://sg.shein.com/SHEIN-Fashionable-Minimalist-Off-Shoulder-Long-Sleeve-T-Shirt-Gift-For-Friends-p-389876027.html,https://img.ltwebstatic.com/v4/j/pi/2026/03/29/b3/17747861483f8aa0a10491e2fff332fd19f6368748_thumbnail_600x.webp,2026-06-02T16:28:31+08:00,,,,,19.1k+ sold,https://sg.shein.com/SHEIN-Fashionable-Minimalist-Off-Shoulder-Long-Sleeve-T-Shirt-Gift-For-Friends-p-389876027.html?mallCode=1&pageListType=4&detailBusinessFrom=0-1_389876027%7C0-2,https://sg.shein.com/SHEIN-Fashionable-Minimalist-Off-Shoulder-Long-Sleeve-T-Shirt-Gift-For-Friends-p-389876027.html,True,"mallCode,pageListType,detailBusinessFrom",False,,389876027,True
34465554,6,1,6,Qadelle Women's Solid Color Side Ruched Sleeveless Top 3-Piece Set For Summer,S$15.49,https://sg.shein.com/Qadelle-Women-s-Solid-Color-Side-Ruched-Sleeveless-Top-3-Piece-Set-For-Summer-p-34465554.html,https://img.ltwebstatic.com/images3_pi/2024/05/06/2f/171496166028a9ad60c4676ce7d1695480029baddf_thumbnail_600x.webp,2026-06-02T16:28:31+08:00,,,,,1.2k+ sold,https://sg.shein.com/Qadelle-Women-s-Solid-Color-Side-Ruched-Sleeveless-Top-3-Piece-Set-For-Summer-p-34465554.html?mallCode=1&pageListType=4&detailBusinessFrom=0-1_34465554%7C0-2,https://sg.shein.com/Qadelle-Women-s-Solid-Color-Side-Ruched-Sleeveless-Top-3-Piece-Set-For-Summer-p-34465554.html,True,"mallCode,pageListType,detailBusinessFrom",False,,34465554,True
363753415,6,1,6,"Mint Green Regular Shoulder Short Sleeve T-Shirt For Women, Summer, Round Neck, Slim Fit, Chic American Style Versatile Sexy Top Casual",S$8.81,https://sg.shein.com/Mint-Green-Regular-Shoulder-Short-Sleeve-T-Shirt-For-Women-Summer-Round-Neck-Slim-Fit-Chic-American-Style-Versatile-Sexy-Top-Casual-p-363753415.html,https://img.ltwebstatic.com/v4/j/spmp/2026/01/08/80/176785903666141d0a134ca3bf3a72ad08f26a46dd_thumbnail_600x.webp,2026-06-02T16:28:31+08:00,,-2%,,,15.6k+ sold,https://sg.shein.com/Mint-Green-Regular-Shoulder-Short-Sleeve-T-Shirt-For-Women-Summer-Round-Neck-Slim-Fit-Chic-American-Style-Versatile-Sexy-Top-Casual-p-363753415.html?mallCode=1&pageListType=4&detailBusinessFrom=0-1_363753415%7C0-2,https://sg.shein.com/Mint-Green-Regular-Shoulder-Short-Sleeve-T-Shirt-For-Women-Summer-Round-Neck-Slim-Fit-Chic-American-Style-Versatile-Sexy-Top-Casual-p-363753415.html,True,"mallCode,pageListType,detailBusinessFrom",False,,363753415,True
63310135,6,1,6,FRIFUL Women's Casual Navy Blue Cropped Jumpsuit With Strap Neckline And Pockets Lounge Sets For Women,S$3.60,https://sg.shein.com/FRIFUL-Women-s-Casual-Navy-Blue-Cropped-Jumpsuit-With-Strap-Neckline-And-Pockets-Lounge-Sets-For-Women-p-63310135.html,https://img.ltwebstatic.com/images3_pi/2025/03/27/b6/1743067157ffe54999f425d9fa026fa8a8d71ad7bd_thumbnail_600x.webp,2026-06-02T16:28:31+08:00,,,,,SAVE S$3.60,https://sg.shein.com/FRIFUL-Women-s-Casual-Navy-Blue-Cropped-Jumpsuit-With-Strap-Neckline-And-Pockets-Lounge-Sets-For-Women-p-63310135.html?mallCode=1&pageListType=4&detailBusinessFrom=0-1_63310135%7C0-2,https://sg.shein.com/FRIFUL-Women-s-Casual-Navy-Blue-Cropped-Jumpsuit-With-Strap-Neckline-And-Pockets-Lounge-Sets-For-Women-p-63310135.html,True,"mallCode,pageListType,detailBusinessFrom",False,,63310135,True
468450372,6,2,"6,9","Tseoso Women's 3-Pack Ribbed Camisole Tops With Built-In Padded Bra,White With Black Polka Dots,Royal Blue,Heather Gray,Summer Casual Everyday Tank Tops,Y2K",S$19.49,https://sg.shein.com/Tseoso-Women-s-3-Pack-Ribbed-Camisole-Tops-With-Built-In-Padded-Bra-White-With-Black-Polka-Dots-Royal-Blue-Heather-Gray-Summer-Casual-Everyday-Tank-Tops-Y2K-p-468450372.html,https://img.ltwebstatic.com/v4/j/pi/2026/05/09/f7/177830375037b7feb087a3d0367561551f0170646d_thumbnail_600x.webp,2026-06-02T16:28:31+08:00,,,,,30.6k+ sold,https://sg.shein.com/Tseoso-Women-s-3-Pack-Ribbed-Camisole-Tops-With-Built-In-Padded-Bra-White-With-Black-Polka-Dots-Royal-Blue-Heather-Gray-Summer-Casual-Everyday-Tank-Tops-Y2K-p-468450372.html?mallCode=1&pageListType=4&detailBusinessFrom=0-1_468450372%7C0-2,https://sg.shein.com/Tseoso-Women-s-3-Pack-Ribbed-Camisole-Tops-With-Built-In-Padded-Bra-White-With-Black-Polka-Dots-Royal-Blue-Heather-Gray-Summer-Casual-Everyday-Tank-Tops-Y2K-p-468450372.html,True,"mallCode,pageListType,detailBusinessFrom",False,,468450372,True
102575501,6,1,6,"Fashionable & Elegant Loose Knit Shawl Cardigan, Women, Relaxed Fit, Lightweight, Highly Versatile, Suitable For Casual Outings, Leisure Travel, Beach - Spring & Summer",S$11.99,https://sg.shein.com/Fashionable-Elegant-Loose-Knit-Shawl-Cardigan-Women-Relaxed-Fit-Lightweight-Highly-Versatile-Suitable-For-Casual-Outings-Leisure-Travel-Beach-Spring-Summer-p-102575501.html,https://img.ltwebstatic.com/v4/j/ssms/2025/11/21/69/17637082960dee020122cf3bc6cc1e436a980ebe9c_thumbnail_600x.webp,2026-06-02T16:28:31+08:00,,,,,35.5k+ sold,https://sg.shein.com/Fashionable-Elegant-Loose-Knit-Shawl-Cardigan-Women-Relaxed-Fit-Lightweight-Highly-Versatile-Suitable-For-Casual-Outings-Leisure-Travel-Beach-Spring-Summer-p-102575501.html?mallCode=1&pageListType=4&detailBusinessFrom=0-1_102575501%7C0-2,https://sg.shein.com/Fashionable-Elegant-Loose-Knit-Shawl-Cardigan-Women-Relaxed-Fit-Lightweight-Highly-Versatile-Suitable-For-Casual-Outings-Leisure-Travel-Beach-Spring-Summer-p-102575501.html,True,"mallCode,pageListType,detailBusinessFrom",False,,102575501,True
389793335,6,2,"6,9","Women's Summer New Letter Print Round Neck Short Sleeve T-Shirt, Casual Loose Versatile Top For Daily Wear",S$1.12,https://sg.shein.com/Women-s-Summer-New-Letter-Print-Round-Neck-Short-Sleeve-T-Shirt-Casual-Loose-Versatile-Top-For-Daily-Wear-p-389793335.html,https://img.ltwebstatic.com/v4/j/spmp/2026/04/01/87/177504228222e563d532f79fe36b949282f8b395d0_thumbnail_600x.webp,2026-06-02T16:28:31+08:00,,,,,SAVE S$1.12,https://sg.shein.com/Women-s-Summer-New-Letter-Print-Round-Neck-Short-Sleeve-T-Shirt-Casual-Loose-Versatile-Top-For-Daily-Wear-p-389793335.html?mallCode=1&pageListType=4&detailBusinessFrom=0-1_389793335%7C0-2,https://sg.shein.com/Women-s-Summer-New-Letter-Print-Round-Neck-Short-Sleeve-T-Shirt-Casual-Loose-Versatile-Top-For-Daily-Wear-p-389793335.html,True,"mallCode,pageListType,detailBusinessFrom",False,,389793335,True
456536763,6,2,"6,10","SHEIN EZwear Women's Striped Round Neck Short Sleeve Contrast Color Oversized T-Shirt,Beige Summer Casual School Top,Fashionable Elegant Y2K Style For Commute",S$7.49,https://sg.shein.com/SHEIN-EZwear-Women-s-Striped-Round-Neck-Short-Sleeve-Contrast-Color-Oversized-T-Shirt-Beige-Summer-Casual-School-Top-Fashionable-Elegant-Y2K-Style-For-Commute-p-456536763.html,https://img.ltwebstatic.com/v4/j/pi/2026/05/20/42/1779265264fff60e8a2684aeecd6d95cfd5ce6f008_thumbnail_600x.webp,2026-06-02T16:28:31+08:00,,,,,14.4k+ sold,https://sg.shein.com/SHEIN-EZwear-Women-s-Striped-Round-Neck-Short-Sleeve-Contrast-Color-Oversized-T-Shirt-Beige-Summer-Casual-School-Top-Fashionable-Elegant-Y2K-Style-For-Commute-p-456536763.html?mallCode=1&pageListType=4&detailBusinessFrom=0-1_456536763%7C0-2,https://sg.shein.com/SHEIN-EZwear-Women-s-Striped-Round-Neck-Short-Sleeve-Contrast-Color-Oversized-T-Shirt-Beige-Summer-Casual-School-Top-Fashionable-Elegant-Y2K-Style-For-Commute-p-456536763.html,True,"mallCode,pageListType,detailBusinessFrom",False,,456536763,True
462225485,6,1,6,"1pc Women's Summer Round Neck Short Sleeve T-Shirt, Vacation Style Printed, Casual Loose Fit, Comfortable, Suitable For Summer Wear, Beach, Street, Daily Activities, Work, Office Gatherings, Etc. White",S$0.46,https://sg.shein.com/1pc-Women-s-Summer-Round-Neck-Short-Sleeve-T-Shirt-Vacation-Style-Printed-Casual-Loose-Fit-Comfortable-Suitable-For-Summer-Wear-Beach-Street-Daily-Activities-Work-Office-Gatherings-Etc-White-p-462225485.html,https://img.ltwebstatic.com/v4/j/spmp/2026/05/08/97/177824272840b558a288b632ce28f5998a2ca8ba31_thumbnail_600x.webp,2026-06-02T16:28:31+08:00,,,,,SAVE S$0.46,https://sg.shein.com/1pc-Women-s-Summer-Round-Neck-Short-Sleeve-T-Shirt-Vacation-Style-Printed-Casual-Loose-Fit-Comfortable-Suitable-For-Summer-Wear-Beach-Street-Daily-Activities-Work-Office-Gatherings-Etc-White-p-462225485.html?mallCode=1&pageListType=4&detailBusinessFrom=0-1_462225485%7C0-2,https://sg.shein.com/1pc-Women-s-Summer-Round-Neck-Short-Sleeve-T-Shirt-Vacation-Style-Printed-Casual-Loose-Fit-Comfortable-Suitable-For-Summer-Wear-Beach-Street-Daily-Activities-Work-Office-Gatherings-Etc-White-p-462225485.html,True,"mallCode,pageListType,detailBusinessFrom",False,,462225485,True
57879736,6,1,6,"Women's Casual Linen Pocket Elasticated Waist Shorts, Suitable For Spring/Summer",S$11.49,https://sg.shein.com/Women-s-Casual-Linen-Pocket-Elasticated-Waist-Shorts-Suitable-For-Spring-Summer-p-57879736.html,https://img.ltwebstatic.com/v4/j/spmp/2025/05/16/d4/1747393537a2239706482c3ca6c75ae8b3deb05961_thumbnail_600x.webp,2026-06-02T16:28:31+08:00,,,,,5.7k+ sold,https://sg.shein.com/Women-s-Casual-Linen-Pocket-Elasticated-Waist-Shorts-Suitable-For-Spring-Summer-p-57879736.html?mallCode=1&pageListType=4&detailBusinessFrom=0-1_57879736%7C0-2,https://sg.shein.com/Women-s-Casual-Linen-Pocket-Elasticated-Waist-Shorts-Suitable-For-Spring-Summer-p-57879736.html,True,"mallCode,pageListType,detailBusinessFrom",False,,57879736,True
312843061,6,1,6,"SHEIN Women's Round Neck Short Sleeve Casual Striped T-Shirt, Versatile For Daily Wear, Summer",S$7.99,https://sg.shein.com/SHEIN-Women-s-Round-Neck-Short-Sleeve-Casual-Striped-T-Shirt-Versatile-For-Daily-Wear-Summer-p-312843061.html,https://img.ltwebstatic.com/v4/j/pi/2026/03/04/92/17726146228184b7138da799a43a31e79f87a5d59c_thumbnail_600x.webp,2026-06-02T16:28:31+08:00,,,,,10.7k+ sold,https://sg.shein.com/SHEIN-Women-s-Round-Neck-Short-Sleeve-Casual-Striped-T-Shirt-Versatile-For-Daily-Wear-Summer-p-312843061.html?mallCode=1&pageListType=4&detailBusinessFrom=0-1_312843061%7C0-2,https://sg.shein.com/SHEIN-Women-s-Round-Neck-Short-Sleeve-Casual-Striped-T-Shirt-Versatile-For-Daily-Wear-Summer-p-312843061.html,True,"mallCode,pageListType,detailBusinessFrom",False,,312843061,True
16496275,6,1,6,BamGleam Mock Neck Ruched Tank Top,S$7.67,https://sg.shein.com/BamGleam-Mock-Neck-Ruched-Tank-Top-p-16496275.html,https://img.ltwebstatic.com/images3_pi/2024/07/23/76/172174270296e007db40ab471051887c9694ec5363_thumbnail_600x.webp,2026-06-02T16:28:31+08:00,,-4%,,,18.2k+ sold,https://sg.shein.com/BamGleam-Mock-Neck-Ruched-Tank-Top-p-16496275.html?mallCode=1&pageListType=4&detailBusinessFrom=0-1_16496275%7C0-2,https://sg.shein.com/BamGleam-Mock-Neck-Ruched-Tank-Top-p-16496275.html,True,"mallCode,pageListType,detailBusinessFrom",False,,16496275,True
413230570,6,1,6,EMERY ROSE Women's Round Neck Letter & Sea Turtle Print Casual Versatile Daily Wear Short Sleeve T-Shirt,S$1.04,https://sg.shein.com/EMERY-ROSE-Women-s-Round-Neck-Letter-Sea-Turtle-Print-Casual-Versatile-Daily-Wear-Short-Sleeve-T-Shirt-p-413230570.html,https://img.ltwebstatic.com/v4/j/pi/2026/03/04/44/1772616563e92a629ea443cd02c8dcb3e693f682e2_thumbnail_600x.webp,2026-06-02T16:28:31+08:00,,,,,SAVE S$1.04,https://sg.shein.com/EMERY-ROSE-Women-s-Round-Neck-Letter-Sea-Turtle-Print-Casual-Versatile-Daily-Wear-Short-Sleeve-T-Shirt-p-413230570.html?mallCode=1&pageListType=4&detailBusinessFrom=0-1_413230570%7C0-2,https://sg.shein.com/EMERY-ROSE-Women-s-Round-Neck-Letter-Sea-Turtle-Print-Casual-Versatile-Daily-Wear-Short-Sleeve-T-Shirt-p-413230570.html,True,"mallCode,pageListType,detailBusinessFrom",False,,413230570,True
352082325,6,2,"6,9","Elamini Women's Vintage Textured Relaxed Fit Low Waist Casual Pants, Slimming Solid Color Straight Leg Trousers, Versatile For Spring",S$12.99,https://sg.shein.com/Elamini-Women-s-Vintage-Textured-Relaxed-Fit-Low-Waist-Casual-Pants-Slimming-Solid-Color-Straight-Leg-Trousers-Versatile-For-Spring-p-352082325.html,https://img.ltwebstatic.com/v4/j/pi/2026/01/04/42/1767513569e2c919c88dcfb8cc3a60617c25dbf981_thumbnail_600x.webp,2026-06-02T16:28:31+08:00,,,,,45.6k+ sold,https://sg.shein.com/Elamini-Women-s-Vintage-Textured-Relaxed-Fit-Low-Waist-Casual-Pants-Slimming-Solid-Color-Straight-Leg-Trousers-Versatile-For-Spring-p-352082325.html?mallCode=1&pageListType=4&detailBusinessFrom=0-1_352082325%7C0-2,https://sg.shein.com/Elamini-Women-s-Vintage-Textured-Relaxed-Fit-Low-Waist-Casual-Pants-Slimming-Solid-Color-Straight-Leg-Trousers-Versatile-For-Spring-p-352082325.html,True,"mallCode,pageListType,detailBusinessFrom",False,,352082325,True
378242119,6,2,"6,9","DAZY Women's Casual Daily Commute Simple Solid Color Stand Collar Short Sleeve Fitted Black T-Shirt, Summer",S$7.49,https://sg.shein.com/DAZY-Women-s-Casual-Daily-Commute-Simple-Solid-Color-Stand-Collar-Short-Sleeve-Fitted-Black-T-Shirt-Summer-p-378242119.html,https://img.ltwebstatic.com/v4/j/pi/2026/01/21/4f/17689660982f437d1b0202487ae64dcb2f4c197867_thumbnail_600x.webp,2026-06-02T16:28:31+08:00,,,,,12k+ sold,https://sg.shein.com/DAZY-Women-s-Casual-Daily-Commute-Simple-Solid-Color-Stand-Collar-Short-Sleeve-Fitted-Black-T-Shirt-Summer-p-378242119.html?mallCode=1&pageListType=4&detailBusinessFrom=0-1_378242119%7C0-2,https://sg.shein.com/DAZY-Women-s-Casual-Daily-Commute-Simple-Solid-Color-Stand-Collar-Short-Sleeve-Fitted-Black-T-Shirt-Summer-p-378242119.html,True,"mallCode,pageListType,detailBusinessFrom",False,,378242119,True
455220773,6,1,6,DAZY Women's Contrast Color Lace Patchwork Hollow Out Embroidery Casual Bow T-Shirt Vacation Outfits Women Summer,S$6.40,https://sg.shein.com/DAZY-Women-s-Contrast-Color-Lace-Patchwork-Hollow-Out-Embroidery-Casual-Bow-T-Shirt-Vacation-Outfits-Women-Summer-p-455220773.html,https://img.ltwebstatic.com/v4/j/pi/2026/04/28/17/177738005320b21c7108aad897ce976335e53ee22a_thumbnail_600x.webp,2026-06-02T16:28:31+08:00,,-20%,,,,https://sg.shein.com/DAZY-Women-s-Contrast-Color-Lace-Patchwork-Hollow-Out-Embroidery-Casual-Bow-T-Shirt-Vacation-Outfits-Women-Summer-p-455220773.html?mallCode=1&pageListType=4&detailBusinessFrom=0-1_455220773%7C0-2,https://sg.shein.com/DAZY-Women-s-Contrast-Color-Lace-Patchwork-Hollow-Out-Embroidery-Casual-Bow-T-Shirt-Vacation-Outfits-Women-Summer-p-455220773.html,True,"mallCode,pageListType,detailBusinessFrom",False,,455220773,True
85227956,6,2,"6,9",Sweet Girl Puff Sleeve Lace Trim Tie Waist Slim Fit White Blouse Summer,S$16.99,https://sg.shein.com/Sweet-Girl-Puff-Sleeve-Lace-Trim-Tie-Waist-Slim-Fit-White-Blouse-Summer-p-85227956.html,https://img.ltwebstatic.com/v4/j/ssms/2026/04/28/d0/17773480540c651f5b3e0ed199a9c9bcab4752517b_thumbnail_600x.webp,2026-06-02T16:28:31+08:00,,,,,10.1k+ sold,https://sg.shein.com/Sweet-Girl-Puff-Sleeve-Lace-Trim-Tie-Waist-Slim-Fit-White-Blouse-Summer-p-85227956.html?mallCode=1&pageListType=4&detailBusinessFrom=0-1_85227956%7C0-2,https://sg.shein.com/Sweet-Girl-Puff-Sleeve-Lace-Trim-Tie-Waist-Slim-Fit-White-Blouse-Summer-p-85227956.html,True,"mallCode,pageListType,detailBusinessFrom",False,,85227956,True
154433802,6,1,6,"XLLAIS Women's Solid Color Casual Versatile Double-Layer Yoga High Stretch Fabric Sexy U-Neck Sleeveless Tank Top, Summer White",S$9.49,https://sg.shein.com/XLLAIS-Women-s-Solid-Color-Casual-Versatile-Double-Layer-Yoga-High-Stretch-Fabric-Sexy-U-Neck-Sleeveless-Tank-Top-Summer-White-p-154433802.html,https://img.ltwebstatic.com/v4/j/spmp/2025/12/17/6f/17659391249fa94437b972f5b149a6d6a3c2a119a2_thumbnail_600x.webp,2026-06-02T16:28:31+08:00,,,,,12.6k+ sold,https://sg.shein.com/XLLAIS-Women-s-Solid-Color-Casual-Versatile-Double-Layer-Yoga-High-Stretch-Fabric-Sexy-U-Neck-Sleeveless-Tank-Top-Summer-White-p-154433802.html?mallCode=1&pageListType=4&detailBusinessFrom=0-1_154433802%7C0-2,https://sg.shein.com/XLLAIS-Women-s-Solid-Color-Casual-Versatile-Double-Layer-Yoga-High-Stretch-Fabric-Sexy-U-Neck-Sleeveless-Tank-Top-Summer-White-p-154433802.html,True,"mallCode,pageListType,detailBusinessFrom",False,,154433802,True
426960240,6,1,6,Flexra Women's Street Style Elastic Casual Sports Denim Wide Leg Pants,S$23.49,https://sg.shein.com/Flexra-Women-s-Street-Style-Elastic-Casual-Sports-Denim-Wide-Leg-Pants-p-426960240.html,https://img.ltwebstatic.com/v4/j/pi/2026/03/20/03/177396901862e7ca2dd25014a0f194b51ec84b3f00_thumbnail_600x.webp,2026-06-02T16:28:31+08:00,,,,,4.4k+ sold,https://sg.shein.com/Flexra-Women-s-Street-Style-Elastic-Casual-Sports-Denim-Wide-Leg-Pants-p-426960240.html?mallCode=1&pageListType=4&detailBusinessFrom=0-1_426960240%7C0-2,https://sg.shein.com/Flexra-Women-s-Street-Style-Elastic-Casual-Sports-Denim-Wide-Leg-Pants-p-426960240.html,True,"mallCode,pageListType,detailBusinessFrom",False,,426960240,True
453472507,6,1,6,"Women's ""POSITIVE"" Cherry Blossom Print Short Sleeve T-Shirt, HeavySoft & Breathable Loose Fit Retro American Style, Suitable For Spring City Strolling, Cherry Blossom Viewing And Daily Commute Casual Summer",S$0.60,https://sg.shein.com/Women-s-POSITIVE-Cherry-Blossom-Print-Short-Sleeve-T-Shirt-HeavySoft-Breathable-Loose-Fit-Retro-American-Style-Suitable-For-Spring-City-Strolling-Cherry-Blossom-Viewing-And-Daily-Commute-Casual-Summer-p-453472507.html,https://img.ltwebstatic.com/v4/j/spmp/2026/05/06/34/17780798263efa386df416373427977b19faa04b94_thumbnail_600x.webp,2026-06-02T16:28:31+08:00,,,,,SAVE S$0.60,https://sg.shein.com/Women-s-POSITIVE-Cherry-Blossom-Print-Short-Sleeve-T-Shirt-HeavySoft-Breathable-Loose-Fit-Retro-American-Style-Suitable-For-Spring-City-Strolling-Cherry-Blossom-Viewing-And-Daily-Commute-Casual-Summer-p-453472507.html?mallCode=1&pageListType=4&detailBusinessFrom=0-1_453472507%7C0-2,https://sg.shein.com/Women-s-POSITIVE-Cherry-Blossom-Print-Short-Sleeve-T-Shirt-HeavySoft-Breathable-Loose-Fit-Retro-American-Style-Suitable-For-Spring-City-Strolling-Cherry-Blossom-Viewing-And-Daily-Commute-Casual-Summer-p-453472507.html,True,"mallCode,pageListType,detailBusinessFrom",False,,453472507,True
64529092,6,1,6,"Joudiya Women Casual Solid Color Drawstring Waist Shorts, Summer Sweater Shorts",S$1.69,https://sg.shein.com/Joudiya-Women-Casual-Solid-Color-Drawstring-Waist-Shorts-Summer-Sweater-Shorts-p-64529092.html,https://img.ltwebstatic.com/v4/j/pi/2026/01/14/f9/176838231107e6f662ddcd5c7a38f6aae5286275de_thumbnail_600x.webp,2026-06-02T16:28:31+08:00,,,,,SAVE S$1.69,https://sg.shein.com/Joudiya-Women-Casual-Solid-Color-Drawstring-Waist-Shorts-Summer-Sweater-Shorts-p-64529092.html?mallCode=1&pageListType=4&detailBusinessFrom=0-1_64529092%7C0-2,https://sg.shein.com/Joudiya-Women-Casual-Solid-Color-Drawstring-Waist-Shorts-Summer-Sweater-Shorts-p-64529092.html,True,"mallCode,pageListType,detailBusinessFrom",False,,64529092,True
456266317,6,1,6,"Elamini Women's Casual Fashionable Everyday Versatile Party Commute Chiffon Polka Dot Jacquard Multi-Layer Ruffle Tie Neck Bow Camisole Top, Pink",S$13.49,https://sg.shein.com/Elamini-Women-s-Casual-Fashionable-Everyday-Versatile-Party-Commute-Chiffon-Polka-Dot-Jacquard-Multi-Layer-Ruffle-Tie-Neck-Bow-Camisole-Top-Pink-p-456266317.html,https://img.ltwebstatic.com/v4/j/pi/2026/04/29/03/177747117541de7ae59c7a4b45d735bb0ce6774a0d_thumbnail_600x.webp,2026-06-02T16:28:31+08:00,,,,,,https://sg.shein.com/Elamini-Women-s-Casual-Fashionable-Everyday-Versatile-Party-Commute-Chiffon-Polka-Dot-Jacquard-Multi-Layer-Ruffle-Tie-Neck-Bow-Camisole-Top-Pink-p-456266317.html?mallCode=1&pageListType=4&detailBusinessFrom=0-1_456266317%7C0-2,https://sg.shein.com/Elamini-Women-s-Casual-Fashionable-Everyday-Versatile-Party-Commute-Chiffon-Polka-Dot-Jacquard-Multi-Layer-Ruffle-Tie-Neck-Bow-Camisole-Top-Pink-p-456266317.html,True,"mallCode,pageListType,detailBusinessFrom",False,,456266317,True
223438315,6,2,"6,9","Radiana Women's Minimalist High Waisted Wide Leg Pants,Black Business Casual Office Autumn Commuter Trousers,Oversized Pleated Brown Suit Pants Fall Clothes",S$21.49,https://sg.shein.com/Radiana-Women-s-Minimalist-High-Waisted-Wide-Leg-Pants-Black-Business-Casual-Office-Autumn-Commuter-Trousers-Oversized-Pleated-Brown-Suit-Pants-Fall-Clothes-p-223438315.html,https://img.ltwebstatic.com/v4/j/pi/2025/10/20/c8/1760931881f7c512c2daa42047cd4d96bbb9d96a7c_thumbnail_600x.webp,2026-06-02T16:28:31+08:00,,,,,11.6k+ sold,https://sg.shein.com/Radiana-Women-s-Minimalist-High-Waisted-Wide-Leg-Pants-Black-Business-Casual-Office-Autumn-Commuter-Trousers-Oversized-Pleated-Brown-Suit-Pants-Fall-Clothes-p-223438315.html?mallCode=1&pageListType=4&detailBusinessFrom=0-1_223438315%7C0-2,https://sg.shein.com/Radiana-Women-s-Minimalist-High-Waisted-Wide-Leg-Pants-Black-Business-Casual-Office-Autumn-Commuter-Trousers-Oversized-Pleated-Brown-Suit-Pants-Fall-Clothes-p-223438315.html,True,"mallCode,pageListType,detailBusinessFrom",False,,223438315,True
63327401,6,1,6,SHEIN EZwear Summer Loose Casual Pink Drawstring Waist Patch Detail Sports Shorts,S$1.23,https://sg.shein.com/SHEIN-EZwear-Summer-Loose-Casual-Pink-Drawstring-Waist-Patch-Detail-Sports-Shorts-p-63327401.html,https://img.ltwebstatic.com/images3_pi/2025/03/28/cc/17431336512605660ca863a777bc636ecaf26acad8_thumbnail_600x.webp,2026-06-02T16:28:31+08:00,,,,,SAVE S$1.23,https://sg.shein.com/SHEIN-EZwear-Summer-Loose-Casual-Pink-Drawstring-Waist-Patch-Detail-Sports-Shorts-p-63327401.html?mallCode=1&pageListType=4&detailBusinessFrom=0-1_63327401%7C0-2,https://sg.shein.com/SHEIN-EZwear-Summer-Loose-Casual-Pink-Drawstring-Waist-Patch-Detail-Sports-Shorts-p-63327401.html,True,"mallCode,pageListType,detailBusinessFrom",False,,63327401,True
394621455,6,1,6,"Sweetra Petite Classic Black & White Design Minimalist Casual Commuter All-Match French Chic Relaxed Fit Straight Leg Women Pants, Summer New Arrival",S$2.64,https://sg.shein.com/Sweetra-Petite-Classic-Black-White-Design-Minimalist-Casual-Commuter-All-Match-French-Chic-Relaxed-Fit-Straight-Leg-Women-Pants-Summer-New-Arrival-p-394621455.html,https://img.ltwebstatic.com/v4/j/pi/2026/02/02/86/17700000279d52f8d09c14155f8a09d1d23491577b_thumbnail_600x.webp,2026-06-02T16:28:31+08:00,,,,,SAVE S$2.64,https://sg.shein.com/Sweetra-Petite-Classic-Black-White-Design-Minimalist-Casual-Commuter-All-Match-French-Chic-Relaxed-Fit-Straight-Leg-Women-Pants-Summer-New-Arrival-p-394621455.html?mallCode=1&pageListType=4&detailBusinessFrom=0-1_394621455%7C0-2,https://sg.shein.com/Sweetra-Petite-Classic-Black-White-Design-Minimalist-Casual-Commuter-All-Match-French-Chic-Relaxed-Fit-Straight-Leg-Women-Pants-Summer-New-Arrival-p-394621455.html,True,"mallCode,pageListType,detailBusinessFrom",False,,394621455,True
412454656,6,1,6,"New Retro Cartoon Print Short Sleeve T-Shirt, Unique Design Slim Fit Casual Top Suitable For Summer",S$6.49,https://sg.shein.com/New-Retro-Cartoon-Print-Short-Sleeve-T-Shirt-Unique-Design-Slim-Fit-Casual-Top-Suitable-For-Summer-p-412454656.html,https://img.ltwebstatic.com/v4/j/spmp/2026/03/02/09/1772438831a80fbdb76acef35c3d870201a6f6424f_thumbnail_600x.webp,2026-06-02T16:28:31+08:00,,,,,5.9k+ sold,https://sg.shein.com/New-Retro-Cartoon-Print-Short-Sleeve-T-Shirt-Unique-Design-Slim-Fit-Casual-Top-Suitable-For-Summer-p-412454656.html?mallCode=1&pageListType=4&detailBusinessFrom=0-1_412454656%7C0-2,https://sg.shein.com/New-Retro-Cartoon-Print-Short-Sleeve-T-Shirt-Unique-Design-Slim-Fit-Casual-Top-Suitable-For-Summer-p-412454656.html,True,"mallCode,pageListType,detailBusinessFrom",False,,412454656,True
81608630,6,1,6,Jeanoix High Waist Slant Pocket Casual Ripped Wide Leg Jeans,S$1.88,https://sg.shein.com/Jeanoix-High-Waist-Slant-Pocket-Casual-Ripped-Wide-Leg-Jeans-p-81608630.html,https://img.ltwebstatic.com/v4/j/spmp/2025/05/27/f5/1748325179a8fd9313c2bde012d87799c4c1c65ba1_thumbnail_600x.webp,2026-06-02T16:28:31+08:00,,,,,SAVE S$1.88,https://sg.shein.com/Jeanoix-High-Waist-Slant-Pocket-Casual-Ripped-Wide-Leg-Jeans-p-81608630.html?mallCode=1&pageListType=4&detailBusinessFrom=0-1_81608630%7C0-2,https://sg.shein.com/Jeanoix-High-Waist-Slant-Pocket-Casual-Ripped-Wide-Leg-Jeans-p-81608630.html,True,"mallCode,pageListType,detailBusinessFrom",False,,81608630,True
37501230,6,1,6,Flirla High Waist Flare Leg Pants Fall Cloth For Women,S$15.49,https://sg.shein.com/Flirla-High-Waist-Flare-Leg-Pants-Fall-Cloth-For-Women-p-37501230.html,https://img.ltwebstatic.com/v4/j/pi/2026/05/14/02/1778753378ab6e8ac09cf1ac915904d9042c7c117b_thumbnail_600x.webp,2026-06-02T16:28:31+08:00,,,,,7.3k+ sold,https://sg.shein.com/Flirla-High-Waist-Flare-Leg-Pants-Fall-Cloth-For-Women-p-37501230.html?mallCode=1&pageListType=4&detailBusinessFrom=0-1_37501230%7C0-2,https://sg.shein.com/Flirla-High-Waist-Flare-Leg-Pants-Fall-Cloth-For-Women-p-37501230.html,True,"mallCode,pageListType,detailBusinessFrom",False,,37501230,True
43831059,6,1,6,SHEIN PETITE Casual Classic Solid Color Loose Straight Leg Jeans,S$24.99,https://sg.shein.com/SHEIN-PETITE-Casual-Classic-Solid-Color-Loose-Straight-Leg-Jeans-p-43831059.html,https://img.ltwebstatic.com/v4/j/pi/2026/04/01/20/177501586457a41515bff2103d8402a8a9062d17b7_thumbnail_600x.webp,2026-06-02T16:28:31+08:00,,,,,21.5k+ sold,https://sg.shein.com/SHEIN-PETITE-Casual-Classic-Solid-Color-Loose-Straight-Leg-Jeans-p-43831059.html?mallCode=1&pageListType=4&detailBusinessFrom=0-1_43831059%7C0-2,https://sg.shein.com/SHEIN-PETITE-Casual-Classic-Solid-Color-Loose-Straight-Leg-Jeans-p-43831059.html,True,"mallCode,pageListType,detailBusinessFrom",False,,43831059,True
40970378,6,1,6,Women's Plain Color Casual Capri Capri Pants With Large Pockets Summer,S$12.99,https://sg.shein.com/Women-s-Plain-Color-Casual-Capri-Capri-Pants-With-Large-Pockets-Summer-p-40970378.html,https://img.ltwebstatic.com/images3_spmp/2024/08/10/b1/1723297215c02a8279d6476c8a6e5571c73780dbaa_thumbnail_600x.webp,2026-06-02T16:28:31+08:00,,,,,7.2k+ sold,https://sg.shein.com/Women-s-Plain-Color-Casual-Capri-Capri-Pants-With-Large-Pockets-Summer-p-40970378.html?mallCode=1&pageListType=4&detailBusinessFrom=0-1_40970378%7C0-2,https://sg.shein.com/Women-s-Plain-Color-Casual-Capri-Capri-Pants-With-Large-Pockets-Summer-p-40970378.html,True,"mallCode,pageListType,detailBusinessFrom",False,,40970378,True
441547678,6,1,6,Korean Sweet & Spicy Style Asymmetric Neck Asymmetric Neck Short Sleeve T-Shirt Women's English Print Side Drawstring Slimming Fit Hot Girl Top American Vintage Dream Letter Asymmetric Neck T-Shirt Side Drawstring Waist Design Niche Asymmetric Neck Top Sweet & Cool Girl Style White Asymmetric Neck Asymmetric Neck Short Sleeve,S$0.90,https://sg.shein.com/Korean-Sweet-Spicy-Style-Asymmetric-Neck-Asymmetric-Neck-Short-Sleeve-T-Shirt-Women-s-English-Print-Side-Drawstring-Slimming-Fit-Hot-Girl-Top-American-Vintage-Dream-Letter-Asymmetric-Neck-T-Shirt-Side-Drawstring-Waist-Design-Niche-Asymmetric-Neck-Top-Sweet-Cool-Girl-Style-White-Asymmetric-Neck-Asymmetric-Neck-Short-Sleeve-p-441547678.html,https://img.ltwebstatic.com/v4/j/spmp/2026/03/30/c4/1774874560ca53ebf21727ccec3908349af07ea1c5_thumbnail_600x.webp,2026-06-02T16:28:31+08:00,,,,,SAVE S$0.90,https://sg.shein.com/Korean-Sweet-Spicy-Style-Asymmetric-Neck-Asymmetric-Neck-Short-Sleeve-T-Shirt-Women-s-English-Print-Side-Drawstring-Slimming-Fit-Hot-Girl-Top-American-Vintage-Dream-Letter-Asymmetric-Neck-T-Shirt-Side-Drawstring-Waist-Design-Niche-Asymmetric-Neck-Top-Sweet-Cool-Girl-Style-White-Asymmetric-Neck-Asymmetric-Neck-Short-Sleeve-p-441547678.html?mallCode=1&pageListType=4&detailBusinessFrom=0-1_441547678%7C0-2,https://sg.shein.com/Korean-Sweet-Spicy-Style-Asymmetric-Neck-Asymmetric-Neck-Short-Sleeve-T-Shirt-Women-s-English-Print-Side-Drawstring-Slimming-Fit-Hot-Girl-Top-American-Vintage-Dream-Letter-Asymmetric-Neck-T-Shirt-Side-Drawstring-Waist-Design-Niche-Asymmetric-Neck-Top-Sweet-Cool-Girl-Style-White-Asymmetric-Neck-Asymmetric-Neck-Short-Sleeve-p-441547678.html,True,"mallCode,pageListType,detailBusinessFrom",False,,441547678,True
332334528,6,1,6,"Women's Grey Button Cardigan - Casual & Fashionable Short Sleeve Cardigan, Stretchy, H-Shaped Silhouette, Suitable For Spring & Summer, Ribbed Detail Design, Button Closure, Breathable Fabric, Cardigan Style, Essential Spring/Summer Item",S$15.35,https://sg.shein.com/Women-s-Grey-Button-Cardigan-Casual-Fashionable-Short-Sleeve-Cardigan-Stretchy-H-Shaped-Silhouette-Suitable-For-Spring-Summer-Ribbed-Detail-Design-Button-Closure-Breathable-Fabric-Cardigan-Style-Essential-Spring-Summer-Item-p-332334528.html,https://img.ltwebstatic.com/v4/j/spmp/2025/12/08/e4/176518181944e331390a5a534b1889825c44cac70f_thumbnail_600x.webp,2026-06-02T16:28:31+08:00,,-4%,,,11k+ sold,https://sg.shein.com/Women-s-Grey-Button-Cardigan-Casual-Fashionable-Short-Sleeve-Cardigan-Stretchy-H-Shaped-Silhouette-Suitable-For-Spring-Summer-Ribbed-Detail-Design-Button-Closure-Breathable-Fabric-Cardigan-Style-Essential-Spring-Summer-Item-p-332334528.html?mallCode=1&pageListType=4&detailBusinessFrom=0-1_332334528%7C0-2,https://sg.shein.com/Women-s-Grey-Button-Cardigan-Casual-Fashionable-Short-Sleeve-Cardigan-Stretchy-H-Shaped-Silhouette-Suitable-For-Spring-Summer-Ribbed-Detail-Design-Button-Closure-Breathable-Fabric-Cardigan-Style-Essential-Spring-Summer-Item-p-332334528.html,True,"mallCode,pageListType,detailBusinessFrom",False,,332334528,True
433630970,6,1,6,"Muchica Women's Chic All White Batwing Sleeve T-Shirt,Fashionable Versatile Basic Cropped Top For Everyday Summmer,Business Casual Street Wear Plain Tshirt",S$6.99,https://sg.shein.com/Muchica-Women-s-Chic-All-White-Batwing-Sleeve-T-Shirt-Fashionable-Versatile-Basic-Cropped-Top-For-Everyday-Summmer-Business-Casual-Street-Wear-Plain-Tshirt-p-433630970.html,https://img.ltwebstatic.com/v4/j/pi/2026/03/31/d8/1774934211eddd59d9d9ba2b7d2939ff4b6861cd9e_thumbnail_600x.webp,2026-06-02T16:28:31+08:00,,,,,5k+ sold,https://sg.shein.com/Muchica-Women-s-Chic-All-White-Batwing-Sleeve-T-Shirt-Fashionable-Versatile-Basic-Cropped-Top-For-Everyday-Summmer-Business-Casual-Street-Wear-Plain-Tshirt-p-433630970.html?mallCode=1&pageListType=4&detailBusinessFrom=0-1_433630970%7C0-2,https://sg.shein.com/Muchica-Women-s-Chic-All-White-Batwing-Sleeve-T-Shirt-Fashionable-Versatile-Basic-Cropped-Top-For-Everyday-Summmer-Business-Casual-Street-Wear-Plain-Tshirt-p-433630970.html,True,"mallCode,pageListType,detailBusinessFrom",False,,433630970,True
462320901,6,1,6,"MainGRL Printed Woven Women's Vacation Set,Summer Outfits For Women",S$4.20,https://sg.shein.com/MainGRL-Printed-Woven-Women-s-Vacation-Set-Summer-Outfits-For-Women-p-462320901.html,https://img.ltwebstatic.com/v4/j/pi/2026/05/08/36/1778206356e7dfa46cfefaf9d15cc581abd47221cb_thumbnail_600x.webp,2026-06-02T16:28:31+08:00,,,,,Save S$4.20,https://sg.shein.com/MainGRL-Printed-Woven-Women-s-Vacation-Set-Summer-Outfits-For-Women-p-462320901.html?mallCode=1&pageListType=4&detailBusinessFrom=0-1_462320901%7C0-2,https://sg.shein.com/MainGRL-Printed-Woven-Women-s-Vacation-Set-Summer-Outfits-For-Women-p-462320901.html,True,"mallCode,pageListType,detailBusinessFrom",False,,462320901,True
93948539,6,1,6,SHEIN Unity Women's Summer Cropped T-Shirt With Hibiscus Flower Y2K Exposed Midriff Short Sleeve White Baby Tee,S$0.78,https://sg.shein.com/SHEIN-Unity-Women-s-Summer-Cropped-T-Shirt-With-Hibiscus-Flower-Y2K-Exposed-Midriff-Short-Sleeve-White-Baby-Tee-p-93948539.html,https://img.ltwebstatic.com/v4/j/pi/2025/06/05/a8/1749130613be72390a8216ad083ef4d27e62c615f6_thumbnail_600x.webp,2026-06-02T16:28:31+08:00,,,,,SAVE S$0.78,https://sg.shein.com/SHEIN-Unity-Women-s-Summer-Cropped-T-Shirt-With-Hibiscus-Flower-Y2K-Exposed-Midriff-Short-Sleeve-White-Baby-Tee-p-93948539.html?mallCode=1&pageListType=4&detailBusinessFrom=0-1_93948539%7C0-2,https://sg.shein.com/SHEIN-Unity-Women-s-Summer-Cropped-T-Shirt-With-Hibiscus-Flower-Y2K-Exposed-Midriff-Short-Sleeve-White-Baby-Tee-p-93948539.html,True,"mallCode,pageListType,detailBusinessFrom",False,,93948539,True
321477208,6,1,6,ii Casual Solid Color Lace Patchwork Ruffle Trim Long Sleeve Blouse Spring,S$17.49,https://sg.shein.com/ii-Casual-Solid-Color-Lace-Patchwork-Ruffle-Trim-Long-Sleeve-Blouse-Spring-p-321477208.html,https://img.ltwebstatic.com/v4/j/spmp/2025/12/11/bb/1765451117921a4938a2a8931317e233fe5800040a_thumbnail_600x.webp,2026-06-02T16:28:31+08:00,,,,,14.9k+ sold,https://sg.shein.com/ii-Casual-Solid-Color-Lace-Patchwork-Ruffle-Trim-Long-Sleeve-Blouse-Spring-p-321477208.html?mallCode=1&pageListType=4&detailBusinessFrom=0-1_321477208%7C0-2,https://sg.shein.com/ii-Casual-Solid-Color-Lace-Patchwork-Ruffle-Trim-Long-Sleeve-Blouse-Spring-p-321477208.html,True,"mallCode,pageListType,detailBusinessFrom",False,,321477208,True
183015135,6,1,6,"SHEIN MOD Women's Solid Color Draped Neck Versatile Fashion Tank Top,1 Top 3 Ways",S$5.71,https://sg.shein.com/SHEIN-MOD-Women-s-Solid-Color-Draped-Neck-Versatile-Fashion-Tank-Top-1-Top-3-Ways-p-183015135.html,https://img.ltwebstatic.com/v4/j/pi/2025/09/15/78/1757904630bce47add65645292cd5e869c1b843618_thumbnail_600x.webp,2026-06-02T16:28:31+08:00,,-12%,,,11k+ sold,https://sg.shein.com/SHEIN-MOD-Women-s-Solid-Color-Draped-Neck-Versatile-Fashion-Tank-Top-1-Top-3-Ways-p-183015135.html?mallCode=1&pageListType=4&detailBusinessFrom=0-1_183015135%7C0-2,https://sg.shein.com/SHEIN-MOD-Women-s-Solid-Color-Draped-Neck-Versatile-Fashion-Tank-Top-1-Top-3-Ways-p-183015135.html,True,"mallCode,pageListType,detailBusinessFrom",False,,183015135,True
218804428,6,1,6,Resyla 2pcs Women Letter Print Round Neck Short Sleeve Top And Elastic Waist Pants Casual Set,S$19.49,https://sg.shein.com/Resyla-2pcs-Women-Letter-Print-Round-Neck-Short-Sleeve-Top-And-Elastic-Waist-Pants-Casual-Set-p-218804428.html,https://img.ltwebstatic.com/v4/j/pi/2025/10/18/42/1760783788a1aaf5fe06e134355780d6305ff6976a_thumbnail_600x.webp,2026-06-02T16:28:31+08:00,,,,,16.7k+ sold,https://sg.shein.com/Resyla-2pcs-Women-Letter-Print-Round-Neck-Short-Sleeve-Top-And-Elastic-Waist-Pants-Casual-Set-p-218804428.html?mallCode=1&pageListType=4&detailBusinessFrom=0-1_218804428%7C0-2,https://sg.shein.com/Resyla-2pcs-Women-Letter-Print-Round-Neck-Short-Sleeve-Top-And-Elastic-Waist-Pants-Casual-Set-p-218804428.html,True,"mallCode,pageListType,detailBusinessFrom",False,,218804428,True
419407991,6,1,6,"Plaid Shirt For Women, New Arrival Summer Casual Loose Blouse Top Spring",S$10.99,https://sg.shein.com/Plaid-Shirt-For-Women-New-Arrival-Summer-Casual-Loose-Blouse-Top-Spring-p-419407991.html,https://img.ltwebstatic.com/v4/j/spmp/2026/03/10/5e/177312609668a1fc71b8e0798c1918deb862bf9223_thumbnail_600x.webp,2026-06-02T16:28:31+08:00,,,,,10.6k+ sold,https://sg.shein.com/Plaid-Shirt-For-Women-New-Arrival-Summer-Casual-Loose-Blouse-Top-Spring-p-419407991.html?mallCode=1&pageListType=4&detailBusinessFrom=0-1_419407991%7C0-2,https://sg.shein.com/Plaid-Shirt-For-Women-New-Arrival-Summer-Casual-Loose-Blouse-Top-Spring-p-419407991.html,True,"mallCode,pageListType,detailBusinessFrom",False,,419407991,True
105122531,6,1,6,"Sweetra Women's Elegant French Style Polka Dot Bow Shoulder Tie Waist Slim Fit Casual Versatile Tank Top, Spring/Summer",S$8.49,https://sg.shein.com/Sweetra-Women-s-Elegant-French-Style-Polka-Dot-Bow-Shoulder-Tie-Waist-Slim-Fit-Casual-Versatile-Tank-Top-Spring-Summer-p-105122531.html,https://img.ltwebstatic.com/v4/j/pi/2025/06/21/09/1750489216bff34261274297b4979012f8304c68e9_thumbnail_600x.webp,2026-06-02T16:28:31+08:00,,,,,40.6k+ sold,https://sg.shein.com/Sweetra-Women-s-Elegant-French-Style-Polka-Dot-Bow-Shoulder-Tie-Waist-Slim-Fit-Casual-Versatile-Tank-Top-Spring-Summer-p-105122531.html?mallCode=1&pageListType=4&detailBusinessFrom=0-1_105122531%7C0-2,https://sg.shein.com/Sweetra-Women-s-Elegant-French-Style-Polka-Dot-Bow-Shoulder-Tie-Waist-Slim-Fit-Casual-Versatile-Tank-Top-Spring-Summer-p-105122531.html,True,"mallCode,pageListType,detailBusinessFrom",False,,105122531,True
299444616,6,1,6,Resyla 2pcs Women Casual Pleated Short Sleeve Top & Pants Set,S$20.49,https://sg.shein.com/Resyla-2pcs-Women-Casual-Pleated-Short-Sleeve-Top-Pants-Set-p-299444616.html,https://img.ltwebstatic.com/v4/j/pi/2025/11/26/ca/1764138034b735a145746fad8506503251732a5f43_thumbnail_600x.webp,2026-06-02T16:28:31+08:00,,,,,6.8k+ sold,https://sg.shein.com/Resyla-2pcs-Women-Casual-Pleated-Short-Sleeve-Top-Pants-Set-p-299444616.html?mallCode=1&pageListType=4&detailBusinessFrom=0-1_299444616%7C0-2,https://sg.shein.com/Resyla-2pcs-Women-Casual-Pleated-Short-Sleeve-Top-Pants-Set-p-299444616.html,True,"mallCode,pageListType,detailBusinessFrom",False,,299444616,True
94097719,6,1,6,"Flirla Spring/Summer Back To School Sleeveless V-Neck Mini Dress For Women, Blue Striped School Girl Style",S$11.49,https://sg.shein.com/Flirla-Spring-Summer-Back-To-School-Sleeveless-V-Neck-Mini-Dress-For-Women-Blue-Striped-School-Girl-Style-p-94097719.html,https://img.ltwebstatic.com/v4/j/pi/2025/06/09/03/1749453328b418cdd0dc91017b001140978a82a4da_thumbnail_600x.webp,2026-06-02T16:28:31+08:00,,,,,4.4k+ sold,https://sg.shein.com/Flirla-Spring-Summer-Back-To-School-Sleeveless-V-Neck-Mini-Dress-For-Women-Blue-Striped-School-Girl-Style-p-94097719.html?mallCode=1&pageListType=4&detailBusinessFrom=0-1_94097719%7C0-2,https://sg.shein.com/Flirla-Spring-Summer-Back-To-School-Sleeveless-V-Neck-Mini-Dress-For-Women-Blue-Striped-School-Girl-Style-p-94097719.html,True,"mallCode,pageListType,detailBusinessFrom",False,,94097719,True
331315387,6,1,6,"SHEIN Frenchy Women's Casual, Commuting, Vacation Style Solid Color Sleeveless Button-Up Vest And Wide Leg Pants 2-Piece Set, Spring/Summer/Autumn",S$2.16,https://sg.shein.com/SHEIN-Frenchy-Women-s-Casual-Commuting-Vacation-Style-Solid-Color-Sleeveless-Button-Up-Vest-And-Wide-Leg-Pants-2-Piece-Set-Spring-Summer-Autumn-p-331315387.html,https://img.ltwebstatic.com/v4/j/pi/2025/12/20/3f/1766201987368aafed107bea2d94a9bb6ce0dbf9d1_thumbnail_600x.webp,2026-06-02T16:28:31+08:00,,,,,SAVE S$2.16,https://sg.shein.com/SHEIN-Frenchy-Women-s-Casual-Commuting-Vacation-Style-Solid-Color-Sleeveless-Button-Up-Vest-And-Wide-Leg-Pants-2-Piece-Set-Spring-Summer-Autumn-p-331315387.html?mallCode=1&pageListType=4&detailBusinessFrom=0-1_331315387%7C0-2,https://sg.shein.com/SHEIN-Frenchy-Women-s-Casual-Commuting-Vacation-Style-Solid-Color-Sleeveless-Button-Up-Vest-And-Wide-Leg-Pants-2-Piece-Set-Spring-Summer-Autumn-p-331315387.html,True,"mallCode,pageListType,detailBusinessFrom",False,,331315387,True
149300382,6,1,6,"SHEIN EZwear Casual Minimalist Solid White Square Neck Ruched Bust Pad Bra-Free Camisole, Suitable For Summer Travel & Vacation, Built-In Bra",S$9.49,https://sg.shein.com/SHEIN-EZwear-Casual-Minimalist-Solid-White-Square-Neck-Ruched-Bust-Pad-Bra-Free-Camisole-Suitable-For-Summer-Travel-Vacation-Built-In-Bra-p-149300382.html,https://img.ltwebstatic.com/images3_pi/2024/04/11/d0/17128281893e5c95231e4d977ede9bc87d9132d155_thumbnail_600x.webp,2026-06-02T16:28:31+08:00,,,,,12.4k+ sold,https://sg.shein.com/SHEIN-EZwear-Casual-Minimalist-Solid-White-Square-Neck-Ruched-Bust-Pad-Bra-Free-Camisole-Suitable-For-Summer-Travel-Vacation-Built-In-Bra-p-149300382.html?mallCode=1&pageListType=4&detailBusinessFrom=0-1_149300382%7C0-2,https://sg.shein.com/SHEIN-EZwear-Casual-Minimalist-Solid-White-Square-Neck-Ruched-Bust-Pad-Bra-Free-Camisole-Suitable-For-Summer-Travel-Vacation-Built-In-Bra-p-149300382.html,True,"mallCode,pageListType,detailBusinessFrom",False,,149300382,True
135961508,6,1,6,"Women's Solid Color Casual Long Sleeve Shirt, Versatile Pink Spring",S$14.49,https://sg.shein.com/Women-s-Solid-Color-Casual-Long-Sleeve-Shirt-Versatile-Pink-Spring-p-135961508.html,https://img.ltwebstatic.com/v4/j/spmp/2025/07/24/82/175333841780a7470c6978f5b6532cbcae9251e4ae_thumbnail_600x.webp,2026-06-02T16:28:31+08:00,,,,,8.8k+ sold,https://sg.shein.com/Women-s-Solid-Color-Casual-Long-Sleeve-Shirt-Versatile-Pink-Spring-p-135961508.html?mallCode=1&pageListType=4&detailBusinessFrom=0-1_135961508%7C0-2,https://sg.shein.com/Women-s-Solid-Color-Casual-Long-Sleeve-Shirt-Versatile-Pink-Spring-p-135961508.html,True,"mallCode,pageListType,detailBusinessFrom",False,,135961508,True
187076742,6,1,6,Sweetra Women's Solid Color Y2K Sexy Mock Neck Ruched Long Sleeve T-Shirt,S$14.99,https://sg.shein.com/Sweetra-Women-s-Solid-Color-Y2K-Sexy-Mock-Neck-Ruched-Long-Sleeve-T-Shirt-p-187076742.html,https://img.ltwebstatic.com/v4/j/pi/2025/09/18/41/1758175196072c06af2e9f6fb1a11747d277eed971_thumbnail_600x.webp,2026-06-02T16:28:31+08:00,,,,,19.9k+ sold,https://sg.shein.com/Sweetra-Women-s-Solid-Color-Y2K-Sexy-Mock-Neck-Ruched-Long-Sleeve-T-Shirt-p-187076742.html?mallCode=1&pageListType=4&detailBusinessFrom=0-1_187076742%7C0-2,https://sg.shein.com/Sweetra-Women-s-Solid-Color-Y2K-Sexy-Mock-Neck-Ruched-Long-Sleeve-T-Shirt-p-187076742.html,True,"mallCode,pageListType,detailBusinessFrom",False,,187076742,True
460860342,6,1,6,"SHEIN PariChic Women's Lace-Embellished Backless Top,Elegant Silk-Embroidered Summer Wear,Seductive Date Night Outfit,Cream And Black Summer Casual Beachwear",S$9.49,https://sg.shein.com/SHEIN-PariChic-Women-s-Lace-Embellished-Backless-Top-Elegant-Silk-Embroidered-Summer-Wear-Seductive-Date-Night-Outfit-Cream-And-Black-Summer-Casual-Beachwear-p-460860342.html,https://img.ltwebstatic.com/v4/j/pi/2026/05/06/7c/177803032214078eef622dfc1d373b837f8988e1e8_thumbnail_600x.webp,2026-06-02T16:28:31+08:00,,,,,17.2k+ sold,https://sg.shein.com/SHEIN-PariChic-Women-s-Lace-Embellished-Backless-Top-Elegant-Silk-Embroidered-Summer-Wear-Seductive-Date-Night-Outfit-Cream-And-Black-Summer-Casual-Beachwear-p-460860342.html?mallCode=1&pageListType=4&detailBusinessFrom=0-1_460860342%7C0-2,https://sg.shein.com/SHEIN-PariChic-Women-s-Lace-Embellished-Backless-Top-Elegant-Silk-Embroidered-Summer-Wear-Seductive-Date-Night-Outfit-Cream-And-Black-Summer-Casual-Beachwear-p-460860342.html,True,"mallCode,pageListType,detailBusinessFrom",False,,460860342,True
425516457,6,1,6,"Franclia Women's Casual Knotted Halter Top And Wide Leg Pants 2 Pieces Set, Spring/Summer, Suitable For Daily And Commuting",S$3.00,https://sg.shein.com/Franclia-Women-s-Casual-Knotted-Halter-Top-And-Wide-Leg-Pants-2-Pieces-Set-Spring-Summer-Suitable-For-Daily-And-Commuting-p-425516457.html,https://img.ltwebstatic.com/v4/j/pi/2026/03/19/7c/177389028684ee3244e1801b82013b5b7a55c7b2b4_thumbnail_600x.webp,2026-06-02T16:28:31+08:00,,,,,SAVE S$3.00,https://sg.shein.com/Franclia-Women-s-Casual-Knotted-Halter-Top-And-Wide-Leg-Pants-2-Pieces-Set-Spring-Summer-Suitable-For-Daily-And-Commuting-p-425516457.html?mallCode=1&pageListType=4&detailBusinessFrom=0-1_425516457%7C0-2,https://sg.shein.com/Franclia-Women-s-Casual-Knotted-Halter-Top-And-Wide-Leg-Pants-2-Pieces-Set-Spring-Summer-Suitable-For-Daily-And-Commuting-p-425516457.html,True,"mallCode,pageListType,detailBusinessFrom",False,,425516457,True
352305773,6,1,6,"Women's Summer New Simple Letter, Sea Animal, Turtle Shell, Floral Casual Vacation Loose Fit Round Neck Light Blue Short Sleeve T-Shirt, Fashionable For Daily And Vacation Wear",S$4.49,https://sg.shein.com/Women-s-Summer-New-Simple-Letter-Sea-Animal-Turtle-Shell-Floral-Casual-Vacation-Loose-Fit-Round-Neck-Light-Blue-Short-Sleeve-T-Shirt-Fashionable-For-Daily-And-Vacation-Wear-p-352305773.html,https://img.ltwebstatic.com/v4/j/spmp/2026/02/15/ff/1771143499abc17d3f27eca8424c84e86efc82b520_thumbnail_600x.webp,2026-06-02T16:28:31+08:00,,,,,2.9k+ sold,https://sg.shein.com/Women-s-Summer-New-Simple-Letter-Sea-Animal-Turtle-Shell-Floral-Casual-Vacation-Loose-Fit-Round-Neck-Light-Blue-Short-Sleeve-T-Shirt-Fashionable-For-Daily-And-Vacation-Wear-p-352305773.html?mallCode=1&pageListType=4&detailBusinessFrom=0-1_352305773%7C0-2,https://sg.shein.com/Women-s-Summer-New-Simple-Letter-Sea-Animal-Turtle-Shell-Floral-Casual-Vacation-Loose-Fit-Round-Neck-Light-Blue-Short-Sleeve-T-Shirt-Fashionable-For-Daily-And-Vacation-Wear-p-352305773.html,True,"mallCode,pageListType,detailBusinessFrom",False,,352305773,True
439631443,6,1,6,"Siren Gaze Women's Black And White Striped Summer Casual Elegent Office Camisole,Halter Neck Pleated Sleeveless Tank Top,Backless Cinched Waist Fashion Vest",S$8.49,https://sg.shein.com/Siren-Gaze-Women-s-Black-And-White-Striped-Summer-Casual-Elegent-Office-Camisole-Halter-Neck-Pleated-Sleeveless-Tank-Top-Backless-Cinched-Waist-Fashion-Vest-p-439631443.html,https://img.ltwebstatic.com/v4/j/pi/2026/04/20/2b/17766643929ab74de09cf1e4f9032f598ff4749891_thumbnail_600x.webp,2026-06-02T16:28:31+08:00,,,,,805 sold,https://sg.shein.com/Siren-Gaze-Women-s-Black-And-White-Striped-Summer-Casual-Elegent-Office-Camisole-Halter-Neck-Pleated-Sleeveless-Tank-Top-Backless-Cinched-Waist-Fashion-Vest-p-439631443.html?mallCode=1&pageListType=4&detailBusinessFrom=0-1_439631443%7C0-2,https://sg.shein.com/Siren-Gaze-Women-s-Black-And-White-Striped-Summer-Casual-Elegent-Office-Camisole-Halter-Neck-Pleated-Sleeveless-Tank-Top-Backless-Cinched-Waist-Fashion-Vest-p-439631443.html,True,"mallCode,pageListType,detailBusinessFrom",False,,439631443,True
396118095,6,1,6,"Franclia Women Summer Casual Smart Office Wide Leg Pants,Black Winter Loose Pleated Trousers Pockets,Belted Waist Workwear Business Teacher Holiday Outfit",S$18.49,https://sg.shein.com/Franclia-Women-Summer-Casual-Smart-Office-Wide-Leg-Pants-Black-Winter-Loose-Pleated-Trousers-Pockets-Belted-Waist-Workwear-Business-Teacher-Holiday-Outfit-p-396118095.html,https://img.ltwebstatic.com/v4/j/pi/2026/04/16/ed/17763279391defca3bac71487f8faab4e00bbf3563_thumbnail_600x.webp,2026-06-02T16:28:31+08:00,,,,,2.8k+ sold,https://sg.shein.com/Franclia-Women-Summer-Casual-Smart-Office-Wide-Leg-Pants-Black-Winter-Loose-Pleated-Trousers-Pockets-Belted-Waist-Workwear-Business-Teacher-Holiday-Outfit-p-396118095.html?mallCode=1&pageListType=4&detailBusinessFrom=0-1_396118095%7C0-2,https://sg.shein.com/Franclia-Women-Summer-Casual-Smart-Office-Wide-Leg-Pants-Black-Winter-Loose-Pleated-Trousers-Pockets-Belted-Waist-Workwear-Business-Teacher-Holiday-Outfit-p-396118095.html,True,"mallCode,pageListType,detailBusinessFrom",False,,396118095,True
166102380,6,1,6,Sweetra Women's Casual Asymmetrical Shoulder T-Shirt,S$1.80,https://sg.shein.com/Sweetra-Women-s-Casual-Asymmetrical-Shoulder-T-Shirt-p-166102380.html,https://img.ltwebstatic.com/v4/j/pi/2025/08/28/55/175638075144c7cf9d8b0e4f1277fcbc3a96782683_thumbnail_600x.webp,2026-06-02T16:28:31+08:00,,,,,SAVE S$1.80,https://sg.shein.com/Sweetra-Women-s-Casual-Asymmetrical-Shoulder-T-Shirt-p-166102380.html?mallCode=1&pageListType=4&detailBusinessFrom=0-1_166102380%7C0-2,https://sg.shein.com/Sweetra-Women-s-Casual-Asymmetrical-Shoulder-T-Shirt-p-166102380.html,True,"mallCode,pageListType,detailBusinessFrom",False,,166102380,True
430722334,6,1,6,"Women's Round Neck Short Sleeve T-Shirt, Summer New Letter Print, Fashion Casual Versatile Loose Top",S$6.49,https://sg.shein.com/Women-s-Round-Neck-Short-Sleeve-T-Shirt-Summer-New-Letter-Print-Fashion-Casual-Versatile-Loose-Top-p-430722334.html,https://img.ltwebstatic.com/v4/j/spmp/2026/04/15/f9/17762253897e8df111cc40c9cbd7cd93e9c16908a4_thumbnail_600x.webp,2026-06-02T16:28:31+08:00,,,,,3.9k+ sold,https://sg.shein.com/Women-s-Round-Neck-Short-Sleeve-T-Shirt-Summer-New-Letter-Print-Fashion-Casual-Versatile-Loose-Top-p-430722334.html?mallCode=1&pageListType=4&detailBusinessFrom=0-1_430722334%7C0-2,https://sg.shein.com/Women-s-Round-Neck-Short-Sleeve-T-Shirt-Summer-New-Letter-Print-Fashion-Casual-Versatile-Loose-Top-p-430722334.html,True,"mallCode,pageListType,detailBusinessFrom",False,,430722334,True
382155297,6,1,6,"Franclia Women's Elegant Halter Neck Ruched Crop Tank Top Bra Free Comfortable Fabric Summer,Night Out,All Shades Of Brown Casual Blouses Festival Y2k Top",S$16.49,https://sg.shein.com/Franclia-Women-s-Elegant-Halter-Neck-Ruched-Crop-Tank-Top-Bra-Free-Comfortable-Fabric-Summer-Night-Out-All-Shades-Of-Brown-Casual-Blouses-Festival-Y2k-Top-p-382155297.html,https://img.ltwebstatic.com/v4/j/pi/2026/02/26/90/177211081559c8c993686b706555f3ac497b3c6d1e_thumbnail_600x.webp,2026-06-02T16:28:31+08:00,,,,,5.2k+ sold,https://sg.shein.com/Franclia-Women-s-Elegant-Halter-Neck-Ruched-Crop-Tank-Top-Bra-Free-Comfortable-Fabric-Summer-Night-Out-All-Shades-Of-Brown-Casual-Blouses-Festival-Y2k-Top-p-382155297.html?mallCode=1&pageListType=4&detailBusinessFrom=0-1_382155297%7C0-2,https://sg.shein.com/Franclia-Women-s-Elegant-Halter-Neck-Ruched-Crop-Tank-Top-Bra-Free-Comfortable-Fabric-Summer-Night-Out-All-Shades-Of-Brown-Casual-Blouses-Festival-Y2k-Top-p-382155297.html,True,"mallCode,pageListType,detailBusinessFrom",False,,382155297,True
437908926,6,1,6,Trelyra Button Down Pleated Striped Blouse For Women Women's Striped Short Sleeve Top Casual Women's Blouse Zanzea Blouses For Women Women's Fashion Top,S$11.99,https://sg.shein.com/Trelyra-Button-Down-Pleated-Striped-Blouse-For-Women-Women-s-Striped-Short-Sleeve-Top-Casual-Women-s-Blouse-Zanzea-Blouses-For-Women-Women-s-Fashion-Top-p-437908926.html,https://img.ltwebstatic.com/v4/j/pi/2026/04/07/11/1775551087b343bdd5baf25b3cce2c46cb31ec6357_thumbnail_600x.webp,2026-06-02T16:28:31+08:00,,,,,11.4k+ sold,https://sg.shein.com/Trelyra-Button-Down-Pleated-Striped-Blouse-For-Women-Women-s-Striped-Short-Sleeve-Top-Casual-Women-s-Blouse-Zanzea-Blouses-For-Women-Women-s-Fashion-Top-p-437908926.html?mallCode=1&pageListType=4&detailBusinessFrom=0-1_437908926%7C0-2,https://sg.shein.com/Trelyra-Button-Down-Pleated-Striped-Blouse-For-Women-Women-s-Striped-Short-Sleeve-Top-Casual-Women-s-Blouse-Zanzea-Blouses-For-Women-Women-s-Fashion-Top-p-437908926.html,True,"mallCode,pageListType,detailBusinessFrom",False,,437908926,True
465850607,6,1,6,"EMERY ROSE Summer Casual Party White Floral Sleeveless Shirt,Light Yellow Three-Dimensional Embroidered Daisies Wooden Edging Top,Korean Fresh Japanese Style",S$17.20,https://sg.shein.com/EMERY-ROSE-Summer-Casual-Party-White-Floral-Sleeveless-Shirt-Light-Yellow-Three-Dimensional-Embroidered-Daisies-Wooden-Edging-Top-Korean-Fresh-Japanese-Style-p-465850607.html,https://img.ltwebstatic.com/v4/j/pi/2026/05/11/14/17784635003c973167201b887da354707ea449e742_thumbnail_600x.webp,2026-06-02T16:28:31+08:00,,-7%,,,4.1k+ sold,https://sg.shein.com/EMERY-ROSE-Summer-Casual-Party-White-Floral-Sleeveless-Shirt-Light-Yellow-Three-Dimensional-Embroidered-Daisies-Wooden-Edging-Top-Korean-Fresh-Japanese-Style-p-465850607.html?mallCode=1&pageListType=4&detailBusinessFrom=0-1_465850607%7C0-2,https://sg.shein.com/EMERY-ROSE-Summer-Casual-Party-White-Floral-Sleeveless-Shirt-Light-Yellow-Three-Dimensional-Embroidered-Daisies-Wooden-Edging-Top-Korean-Fresh-Japanese-Style-p-465850607.html,True,"mallCode,pageListType,detailBusinessFrom",False,,465850607,True
469670203,6,1,6,"Everyssa 2026 New Summer White And Black Striped Drawstring Elastic Waist Wide Leg Pants,Loose Straight Leg Casual School Back-To-School Relaxed Style Pants",S$15.99,https://sg.shein.com/Everyssa-2026-New-Summer-White-And-Black-Striped-Drawstring-Elastic-Waist-Wide-Leg-Pants-Loose-Straight-Leg-Casual-School-Back-To-School-Relaxed-Style-Pants-p-469670203.html,https://img.ltwebstatic.com/v4/j/pi/2026/05/26/98/1779804317f7aac1c6645671c7c7ed6df368527a8d_thumbnail_600x.webp,2026-06-02T16:28:31+08:00,,,,,NEW,https://sg.shein.com/Everyssa-2026-New-Summer-White-And-Black-Striped-Drawstring-Elastic-Waist-Wide-Leg-Pants-Loose-Straight-Leg-Casual-School-Back-To-School-Relaxed-Style-Pants-p-469670203.html?mallCode=1&pageListType=4&detailBusinessFrom=0-1_469670203%7C0-2,https://sg.shein.com/Everyssa-2026-New-Summer-White-And-Black-Striped-Drawstring-Elastic-Waist-Wide-Leg-Pants-Loose-Straight-Leg-Casual-School-Back-To-School-Relaxed-Style-Pants-p-469670203.html,True,"mallCode,pageListType,detailBusinessFrom",False,,469670203,True
457883698,6,1,6,"Comfortcana Summer Knit Camisole Top & Shorts Lace Trim Set,Summer Outfits For Women",S$18.99,https://sg.shein.com/Comfortcana-Summer-Knit-Camisole-Top-Shorts-Lace-Trim-Set-Summer-Outfits-For-Women-p-457883698.html,https://sc.ltwebstatic.com/she_dist/images/bg-grey-solid-color-fc04c1310d.png,2026-06-02T16:28:31+08:00,,,,,,https://sg.shein.com/Comfortcana-Summer-Knit-Camisole-Top-Shorts-Lace-Trim-Set-Summer-Outfits-For-Women-p-457883698.html?mallCode=1&pageListType=4&detailBusinessFrom=0-1_457883698%7C0-2,https://sg.shein.com/Comfortcana-Summer-Knit-Camisole-Top-Shorts-Lace-Trim-Set-Summer-Outfits-For-Women-p-457883698.html,True,"mallCode,pageListType,detailBusinessFrom",False,,457883698,True
465320682,6,1,6,"Coolane Women's Summer Casual Street Wear Y2k City Break Navy Blue Letter Print Raglan Sleeve Cropped T-Shirt,Vintage Sportswear Loose Cotton Knit Top",S$8.99,https://sg.shein.com/Coolane-Women-s-Summer-Casual-Street-Wear-Y2k-City-Break-Navy-Blue-Letter-Print-Raglan-Sleeve-Cropped-T-Shirt-Vintage-Sportswear-Loose-Cotton-Knit-Top-p-465320682.html,https://sc.ltwebstatic.com/she_dist/images/bg-grey-solid-color-fc04c1310d.png,2026-06-02T16:28:31+08:00,,,,,1.1k+ sold,https://sg.shein.com/Coolane-Women-s-Summer-Casual-Street-Wear-Y2k-City-Break-Navy-Blue-Letter-Print-Raglan-Sleeve-Cropped-T-Shirt-Vintage-Sportswear-Loose-Cotton-Knit-Top-p-465320682.html?mallCode=1&pageListType=4&detailBusinessFrom=0-1_465320682%7C0-2,https://sg.shein.com/Coolane-Women-s-Summer-Casual-Street-Wear-Y2k-City-Break-Navy-Blue-Letter-Print-Raglan-Sleeve-Cropped-T-Shirt-Vintage-Sportswear-Loose-Cotton-Knit-Top-p-465320682.html,True,"mallCode,pageListType,detailBusinessFrom",False,,465320682,True
455122380,6,1,6,TOM AND JERRY X DAZY Women's Letter Print 2 In 1 Short Sleeve T-Shirt And Skort Casual 2-Piece Set Summer,S$24.17,https://sg.shein.com/TOM-AND-JERRY-X-DAZY-Women-s-Letter-Print-2-In-1-Short-Sleeve-T-Shirt-And-Skort-Casual-2-Piece-Set-Summer-p-455122380.html,https://sc.ltwebstatic.com/she_dist/images/bg-grey-solid-color-fc04c1310d.png,2026-06-02T16:28:31+08:00,,-18%,,,,https://sg.shein.com/TOM-AND-JERRY-X-DAZY-Women-s-Letter-Print-2-In-1-Short-Sleeve-T-Shirt-And-Skort-Casual-2-Piece-Set-Summer-p-455122380.html?mallCode=1&pageListType=4&detailBusinessFrom=0-1_455122380%7C0-2,https://sg.shein.com/TOM-AND-JERRY-X-DAZY-Women-s-Letter-Print-2-In-1-Short-Sleeve-T-Shirt-And-Skort-Casual-2-Piece-Set-Summer-p-455122380.html,True,"mallCode,pageListType,detailBusinessFrom",False,,455122380,True
442281638,6,1,6,"Gingham Patch Drawstring Waist Wide Leg Pants For Women, Grey Loose Fit Casual Trousers, Y2K Aesthetic Streetwear Sweatpants, Comfy High Street Daily Wear Bottoms",S$19.74,https://sg.shein.com/Gingham-Patch-Drawstring-Waist-Wide-Leg-Pants-For-Women-Grey-Loose-Fit-Casual-Trousers-Y2K-Aesthetic-Streetwear-Sweatpants-Comfy-High-Street-Daily-Wear-Bottoms-p-442281638.html,https://sc.ltwebstatic.com/she_dist/images/bg-grey-solid-color-fc04c1310d.png,2026-06-02T16:28:31+08:00,,-18%,,,,https://sg.shein.com/Gingham-Patch-Drawstring-Waist-Wide-Leg-Pants-For-Women-Grey-Loose-Fit-Casual-Trousers-Y2K-Aesthetic-Streetwear-Sweatpants-Comfy-High-Street-Daily-Wear-Bottoms-p-442281638.html?mallCode=1&pageListType=4&detailBusinessFrom=0-1_442281638%7C0-2,https://sg.shein.com/Gingham-Patch-Drawstring-Waist-Wide-Leg-Pants-For-Women-Grey-Loose-Fit-Casual-Trousers-Y2K-Aesthetic-Streetwear-Sweatpants-Comfy-High-Street-Daily-Wear-Bottoms-p-442281638.html,True,"mallCode,pageListType,detailBusinessFrom",False,,442281638,True
475529136,6,1,6,"Hauture Women's Plaid Pleated Casual Versatile Daily Wear Bubble Shorts, Old Money Commuter, Sophisticated Shorts For Work Brunch Baby Showers Wedding",S$25.99,https://sg.shein.com/Hauture-Women-s-Plaid-Pleated-Casual-Versatile-Daily-Wear-Bubble-Shorts-Old-Money-Commuter-Sophisticated-Shorts-For-Work-Brunch-Baby-Showers-Wedding-p-475529136.html,https://sc.ltwebstatic.com/she_dist/images/bg-grey-solid-color-fc04c1310d.png,2026-06-02T16:28:31+08:00,,,,,NEW,https://sg.shein.com/Hauture-Women-s-Plaid-Pleated-Casual-Versatile-Daily-Wear-Bubble-Shorts-Old-Money-Commuter-Sophisticated-Shorts-For-Work-Brunch-Baby-Showers-Wedding-p-475529136.html?mallCode=1&pageListType=4&detailBusinessFrom=0-1_475529136%7C0-2,https://sg.shein.com/Hauture-Women-s-Plaid-Pleated-Casual-Versatile-Daily-Wear-Bubble-Shorts-Old-Money-Commuter-Sophisticated-Shorts-For-Work-Brunch-Baby-Showers-Wedding-p-475529136.html,True,"mallCode,pageListType,detailBusinessFrom",False,,475529136,True
464237960,6,1,6,"Elamini Elegant Solid Color Lace Halter Top, Summer",S$7.49,https://sg.shein.com/Elamini-Elegant-Solid-Color-Lace-Halter-Top-Summer-p-464237960.html,https://sc.ltwebstatic.com/she_dist/images/bg-grey-solid-color-fc04c1310d.png,2026-06-02T16:28:31+08:00,,,,,,https://sg.shein.com/Elamini-Elegant-Solid-Color-Lace-Halter-Top-Summer-p-464237960.html?mallCode=1&pageListType=4&detailBusinessFrom=0-1_464237960%7C0-2,https://sg.shein.com/Elamini-Elegant-Solid-Color-Lace-Halter-Top-Summer-p-464237960.html,True,"mallCode,pageListType,detailBusinessFrom",False,,464237960,True
451942938,6,1,6,Resyla Women's Fashionable Versatile Floral Print Round Neck Short Sleeve T-Shirt,S$7.99,https://sg.shein.com/Resyla-Women-s-Fashionable-Versatile-Floral-Print-Round-Neck-Short-Sleeve-T-Shirt-p-451942938.html,https://sc.ltwebstatic.com/she_dist/images/bg-grey-solid-color-fc04c1310d.png,2026-06-02T16:28:31+08:00,,,,,9k+ sold,https://sg.shein.com/Resyla-Women-s-Fashionable-Versatile-Floral-Print-Round-Neck-Short-Sleeve-T-Shirt-p-451942938.html?mallCode=1&pageListType=4&detailBusinessFrom=0-1_451942938%7C0-2,https://sg.shein.com/Resyla-Women-s-Fashionable-Versatile-Floral-Print-Round-Neck-Short-Sleeve-T-Shirt-p-451942938.html,True,"mallCode,pageListType,detailBusinessFrom",False,,451942938,True
462236375,6,1,6,"SHEIN PETITE Women's Casual Fashionable Minimalist Pleated Skirt, Versatile For Spring/Summer",S$12.49,https://sg.shein.com/SHEIN-PETITE-Women-s-Casual-Fashionable-Minimalist-Pleated-Skirt-Versatile-For-Spring-Summer-p-462236375.html,https://sc.ltwebstatic.com/she_dist/images/bg-grey-solid-color-fc04c1310d.png,2026-06-02T16:28:31+08:00,,,,,NEW,https://sg.shein.com/SHEIN-PETITE-Women-s-Casual-Fashionable-Minimalist-Pleated-Skirt-Versatile-For-Spring-Summer-p-462236375.html?mallCode=1&pageListType=4&detailBusinessFrom=0-1_462236375%7C0-2,https://sg.shein.com/SHEIN-PETITE-Women-s-Casual-Fashionable-Minimalist-Pleated-Skirt-Versatile-For-Spring-Summer-p-462236375.html,True,"mallCode,pageListType,detailBusinessFrom",False,,462236375,True
443950542,6,1,6,"ARA CHIC Women's Purple-Red Retro Style Tie-Waist Wide-Leg Pants, High-Waisted Straight Leg Pants, American Y2K Casual Style",S$13.47,https://sg.shein.com/ARA-CHIC-Women-s-Purple-Red-Retro-Style-Tie-Waist-Wide-Leg-Pants-High-Waisted-Straight-Leg-Pants-American-Y2K-Casual-Style-p-443950542.html,https://sc.ltwebstatic.com/she_dist/images/bg-grey-solid-color-fc04c1310d.png,2026-06-02T16:28:31+08:00,,-56%,,,,https://sg.shein.com/ARA-CHIC-Women-s-Purple-Red-Retro-Style-Tie-Waist-Wide-Leg-Pants-High-Waisted-Straight-Leg-Pants-American-Y2K-Casual-Style-p-443950542.html?mallCode=1&pageListType=4&detailBusinessFrom=0-1_443950542%7C0-2,https://sg.shein.com/ARA-CHIC-Women-s-Purple-Red-Retro-Style-Tie-Waist-Wide-Leg-Pants-High-Waisted-Straight-Leg-Pants-American-Y2K-Casual-Style-p-443950542.html,True,"mallCode,pageListType,detailBusinessFrom",False,,443950542,True
451457792,6,1,6,"Ukiyo-E Koi Fish Print Short Sleeve T-Shirt, Women's Loose Fit Round Neck Casual Versatile Top For Summer Black",S$4.03,https://sg.shein.com/Ukiyo-E-Koi-Fish-Print-Short-Sleeve-T-Shirt-Women-s-Loose-Fit-Round-Neck-Casual-Versatile-Top-For-Summer-Black-p-451457792.html,https://sc.ltwebstatic.com/she_dist/images/bg-grey-solid-color-fc04c1310d.png,2026-06-02T16:28:31+08:00,,-10%,,,,https://sg.shein.com/Ukiyo-E-Koi-Fish-Print-Short-Sleeve-T-Shirt-Women-s-Loose-Fit-Round-Neck-Casual-Versatile-Top-For-Summer-Black-p-451457792.html?mallCode=1&pageListType=4&detailBusinessFrom=0-1_451457792%7C0-2,https://sg.shein.com/Ukiyo-E-Koi-Fish-Print-Short-Sleeve-T-Shirt-Women-s-Loose-Fit-Round-Neck-Casual-Versatile-Top-For-Summer-Black-p-451457792.html,True,"mallCode,pageListType,detailBusinessFrom",False,,451457792,True
481302311,6,1,6,Modelyn Women Skirts Black Seksi Chic Summer Tassel,S$19.99,https://sg.shein.com/Modelyn-Women-Skirts-Black-Seksi-Chic-Summer-Tassel-p-481302311.html,https://sc.ltwebstatic.com/she_dist/images/bg-grey-solid-color-fc04c1310d.png,2026-06-02T16:28:31+08:00,,,,,NEW,https://sg.shein.com/Modelyn-Women-Skirts-Black-Seksi-Chic-Summer-Tassel-p-481302311.html?mallCode=1&pageListType=4&detailBusinessFrom=0-1_481302311%7C0-2,https://sg.shein.com/Modelyn-Women-Skirts-Black-Seksi-Chic-Summer-Tassel-p-481302311.html,True,"mallCode,pageListType,detailBusinessFrom",False,,481302311,True
447608456,6,1,6,"Joudiya Women's 2-Piece Set Grey Summmer Lace Patchwork Satin Camisole Top,Champagne Seductive Dinner Date Fitted,Elegant Wedding Party Evening Gown Fashion",S$23.99,https://sg.shein.com/Joudiya-Women-s-2-Piece-Set-Grey-Summmer-Lace-Patchwork-Satin-Camisole-Top-Champagne-Seductive-Dinner-Date-Fitted-Elegant-Wedding-Party-Evening-Gown-Fashion-p-447608456.html,https://sc.ltwebstatic.com/she_dist/images/bg-grey-solid-color-fc04c1310d.png,2026-06-02T16:28:31+08:00,,,,,,https://sg.shein.com/Joudiya-Women-s-2-Piece-Set-Grey-Summmer-Lace-Patchwork-Satin-Camisole-Top-Champagne-Seductive-Dinner-Date-Fitted-Elegant-Wedding-Party-Evening-Gown-Fashion-p-447608456.html?mallCode=1&pageListType=4&detailBusinessFrom=0-1_447608456%7C0-2,https://sg.shein.com/Joudiya-Women-s-2-Piece-Set-Grey-Summmer-Lace-Patchwork-Satin-Camisole-Top-Champagne-Seductive-Dinner-Date-Fitted-Elegant-Wedding-Party-Evening-Gown-Fashion-p-447608456.html,True,"mallCode,pageListType,detailBusinessFrom",False,,447608456,True
473810031,6,1,6,"SHEIN Tall Women's Casual Simple Solid Color Loose Wide Leg Sweatpants Graduation,Back To School Outfits,Graduation,Teacher Outfits For Women,Back To School",S$14.49,https://sg.shein.com/SHEIN-Tall-Women-s-Casual-Simple-Solid-Color-Loose-Wide-Leg-Sweatpants-Graduation-Back-To-School-Outfits-Graduation-Teacher-Outfits-For-Women-Back-To-School-p-473810031.html,https://sc.ltwebstatic.com/she_dist/images/bg-grey-solid-color-fc04c1310d.png,2026-06-02T16:28:31+08:00,,,,,NEW,https://sg.shein.com/SHEIN-Tall-Women-s-Casual-Simple-Solid-Color-Loose-Wide-Leg-Sweatpants-Graduation-Back-To-School-Outfits-Graduation-Teacher-Outfits-For-Women-Back-To-School-p-473810031.html?mallCode=1&pageListType=4&detailBusinessFrom=0-1_473810031%7C0-2,https://sg.shein.com/SHEIN-Tall-Women-s-Casual-Simple-Solid-Color-Loose-Wide-Leg-Sweatpants-Graduation-Back-To-School-Outfits-Graduation-Teacher-Outfits-For-Women-Back-To-School-p-473810031.html,True,"mallCode,pageListType,detailBusinessFrom",False,,473810031,True
467795817,6,1,6,"Poéselle Polka Dot Print Lace Collar Elegant Camisole,Party Top,Brown Top",S$11.99,https://sg.shein.com/Po-selle-Polka-Dot-Print-Lace-Collar-Elegant-Camisole-Party-Top-Brown-Top-p-467795817.html,https://sc.ltwebstatic.com/she_dist/images/bg-grey-solid-color-fc04c1310d.png,2026-06-02T16:28:31+08:00,,,,,4.3k+ sold,https://sg.shein.com/Po-selle-Polka-Dot-Print-Lace-Collar-Elegant-Camisole-Party-Top-Brown-Top-p-467795817.html?mallCode=1&pageListType=4&detailBusinessFrom=0-1_467795817%7C0-2,https://sg.shein.com/Po-selle-Polka-Dot-Print-Lace-Collar-Elegant-Camisole-Party-Top-Brown-Top-p-467795817.html,True,"mallCode,pageListType,detailBusinessFrom",False,,467795817,True
464764845,6,1,6,DAZY Women's Floral All-Over Print 2 In 1 Short Sleeve T-Shirt,S$9.45,https://sg.shein.com/DAZY-Women-s-Floral-All-Over-Print-2-In-1-Short-Sleeve-T-Shirt-p-464764845.html,https://sc.ltwebstatic.com/she_dist/images/bg-grey-solid-color-fc04c1310d.png,2026-06-02T16:28:31+08:00,,-21%,,,,https://sg.shein.com/DAZY-Women-s-Floral-All-Over-Print-2-In-1-Short-Sleeve-T-Shirt-p-464764845.html?mallCode=1&pageListType=4&detailBusinessFrom=0-1_464764845%7C0-2,https://sg.shein.com/DAZY-Women-s-Floral-All-Over-Print-2-In-1-Short-Sleeve-T-Shirt-p-464764845.html,True,"mallCode,pageListType,detailBusinessFrom",False,,464764845,True
476725203,6,1,6,"SHEIN Tall Women's Classic 91% Cotton Black Knit Elastic Capri Pants Leggings,Summer Classy Date Outfit,Versatile Sporty Chic Beach Vacation Boho Music Festival",S$11.49,https://sg.shein.com/SHEIN-Tall-Women-s-Classic-91-Cotton-Black-Knit-Elastic-Capri-Pants-Leggings-Summer-Classy-Date-Outfit-Versatile-Sporty-Chic-Beach-Vacation-Boho-Music-Festival-p-476725203.html,https://sc.ltwebstatic.com/she_dist/images/bg-grey-solid-color-fc04c1310d.png,2026-06-02T16:28:31+08:00,,91%,,,NEW,https://sg.shein.com/SHEIN-Tall-Women-s-Classic-91-Cotton-Black-Knit-Elastic-Capri-Pants-Leggings-Summer-Classy-Date-Outfit-Versatile-Sporty-Chic-Beach-Vacation-Boho-Music-Festival-p-476725203.html?mallCode=1&pageListType=4&detailBusinessFrom=0-1_476725203%7C0-2,https://sg.shein.com/SHEIN-Tall-Women-s-Classic-91-Cotton-Black-Knit-Elastic-Capri-Pants-Leggings-Summer-Classy-Date-Outfit-Versatile-Sporty-Chic-Beach-Vacation-Boho-Music-Festival-p-476725203.html,True,"mallCode,pageListType,detailBusinessFrom",False,,476725203,True
448340550,6,1,6,"Resyla Women's Allover Floral Print Casual T-Shirt,Shell Embroidery Craft,Cute Summer Black Floral Tee For City Break,Fashionable Y2K Back To School Top",S$6.56,https://sg.shein.com/Resyla-Women-s-Allover-Floral-Print-Casual-T-Shirt-Shell-Embroidery-Craft-Cute-Summer-Black-Floral-Tee-For-City-Break-Fashionable-Y2K-Back-To-School-Top-p-448340550.html,https://sc.ltwebstatic.com/she_dist/images/bg-grey-solid-color-fc04c1310d.png,2026-06-02T16:28:31+08:00,,-6%,,,6.6k+ sold,https://sg.shein.com/Resyla-Women-s-Allover-Floral-Print-Casual-T-Shirt-Shell-Embroidery-Craft-Cute-Summer-Black-Floral-Tee-For-City-Break-Fashionable-Y2K-Back-To-School-Top-p-448340550.html?mallCode=1&pageListType=4&detailBusinessFrom=0-1_448340550%7C0-2,https://sg.shein.com/Resyla-Women-s-Allover-Floral-Print-Casual-T-Shirt-Shell-Embroidery-Craft-Cute-Summer-Black-Floral-Tee-For-City-Break-Fashionable-Y2K-Back-To-School-Top-p-448340550.html,True,"mallCode,pageListType,detailBusinessFrom",False,,448340550,True
453441237,6,1,6,"3pcs Women's New Casual Cute Pattern Loose Versatile Round Neck Short Sleeve T-Shirt, Fashionable Daily Vacation Wear Summer",S$3.30,https://sg.shein.com/3pcs-Women-s-New-Casual-Cute-Pattern-Loose-Versatile-Round-Neck-Short-Sleeve-T-Shirt-Fashionable-Daily-Vacation-Wear-Summer-p-453441237.html,https://sc.ltwebstatic.com/she_dist/images/bg-grey-solid-color-fc04c1310d.png,2026-06-02T16:28:31+08:00,,,,,SAVE S$3.30,https://sg.shein.com/3pcs-Women-s-New-Casual-Cute-Pattern-Loose-Versatile-Round-Neck-Short-Sleeve-T-Shirt-Fashionable-Daily-Vacation-Wear-Summer-p-453441237.html?mallCode=1&pageListType=4&detailBusinessFrom=0-1_453441237%7C0-2,https://sg.shein.com/3pcs-Women-s-New-Casual-Cute-Pattern-Loose-Versatile-Round-Neck-Short-Sleeve-T-Shirt-Fashionable-Daily-Vacation-Wear-Summer-p-453441237.html,True,"mallCode,pageListType,detailBusinessFrom",False,,453441237,True
244141413,6,1,6,"Aloruh Dark Grey Young Lady Mini Skirt With Rivets, Super Low Waist, New Autumn/Winter Design",S$14.49,https://sg.shein.com/Aloruh-Dark-Grey-Young-Lady-Mini-Skirt-With-Rivets-Super-Low-Waist-New-Autumn-Winter-Design-p-244141413.html,https://sc.ltwebstatic.com/she_dist/images/bg-grey-solid-color-fc04c1310d.png,2026-06-02T16:28:31+08:00,,,,,NEW,https://sg.shein.com/Aloruh-Dark-Grey-Young-Lady-Mini-Skirt-With-Rivets-Super-Low-Waist-New-Autumn-Winter-Design-p-244141413.html?mallCode=1&pageListType=4&detailBusinessFrom=0-1_244141413%7C0-2,https://sg.shein.com/Aloruh-Dark-Grey-Young-Lady-Mini-Skirt-With-Rivets-Super-Low-Waist-New-Autumn-Winter-Design-p-244141413.html,True,"mallCode,pageListType,detailBusinessFrom",False,,244141413,True
443075320,6,1,6,"EMERY ROSE Women's Floral Print Round Neck Short Sleeve T-Shirt, Fashionable For Vacation",S$7.49,https://sg.shein.com/EMERY-ROSE-Women-s-Floral-Print-Round-Neck-Short-Sleeve-T-Shirt-Fashionable-For-Vacation-p-443075320.html,https://sc.ltwebstatic.com/she_dist/images/bg-grey-solid-color-fc04c1310d.png,2026-06-02T16:28:31+08:00,,,,,2.1k+ sold,https://sg.shein.com/EMERY-ROSE-Women-s-Floral-Print-Round-Neck-Short-Sleeve-T-Shirt-Fashionable-For-Vacation-p-443075320.html?mallCode=1&pageListType=4&detailBusinessFrom=0-1_443075320%7C0-2,https://sg.shein.com/EMERY-ROSE-Women-s-Floral-Print-Round-Neck-Short-Sleeve-T-Shirt-Fashionable-For-Vacation-p-443075320.html,True,"mallCode,pageListType,detailBusinessFrom",False,,443075320,True
463429143,6,1,6,"Lavishia Women's Metal Single-Breasted Striped Halter Top And Shorts 2 Pieces Set,Summer Outfits For Women",S$15.49,https://sg.shein.com/Lavishia-Women-s-Metal-Single-Breasted-Striped-Halter-Top-And-Shorts-2-Pieces-Set-Summer-Outfits-For-Women-p-463429143.html,https://sc.ltwebstatic.com/she_dist/images/bg-grey-solid-color-fc04c1310d.png,2026-06-02T16:28:31+08:00,,,,,3.1k+ sold,https://sg.shein.com/Lavishia-Women-s-Metal-Single-Breasted-Striped-Halter-Top-And-Shorts-2-Pieces-Set-Summer-Outfits-For-Women-p-463429143.html?mallCode=1&pageListType=4&detailBusinessFrom=0-1_463429143%7C0-2,https://sg.shein.com/Lavishia-Women-s-Metal-Single-Breasted-Striped-Halter-Top-And-Shorts-2-Pieces-Set-Summer-Outfits-For-Women-p-463429143.html,True,"mallCode,pageListType,detailBusinessFrom",False,,463429143,True
448376143,6,1,6,Glimmora Women's Musical Note Print Bow Decor Bandeau Top,S$7.03,https://sg.shein.com/Glimmora-Women-s-Musical-Note-Print-Bow-Decor-Bandeau-Top-p-448376143.html,https://sc.ltwebstatic.com/she_dist/images/bg-grey-solid-color-fc04c1310d.png,2026-06-02T16:28:31+08:00,,-6%,,,6.1k+ sold,https://sg.shein.com/Glimmora-Women-s-Musical-Note-Print-Bow-Decor-Bandeau-Top-p-448376143.html?mallCode=1&pageListType=4&detailBusinessFrom=0-1_448376143%7C0-2,https://sg.shein.com/Glimmora-Women-s-Musical-Note-Print-Bow-Decor-Bandeau-Top-p-448376143.html,True,"mallCode,pageListType,detailBusinessFrom",False,,448376143,True
466446609,6,1,6,Easowa Women's Casual Elegant Hollow-Out Embroidered Blouse Tea Party White And Blue Floral Summer Festa Junina Vacation Outfits,S$11.49,https://sg.shein.com/Easowa-Women-s-Casual-Elegant-Hollow-Out-Embroidered-Blouse-Tea-Party-White-And-Blue-Floral-Summer-Festa-Junina-Vacation-Outfits-p-466446609.html,https://sc.ltwebstatic.com/she_dist/images/bg-grey-solid-color-fc04c1310d.png,2026-06-02T16:28:31+08:00,,,,,2.3k+ sold,https://sg.shein.com/Easowa-Women-s-Casual-Elegant-Hollow-Out-Embroidered-Blouse-Tea-Party-White-And-Blue-Floral-Summer-Festa-Junina-Vacation-Outfits-p-466446609.html?mallCode=1&pageListType=4&detailBusinessFrom=0-1_466446609%7C0-2,https://sg.shein.com/Easowa-Women-s-Casual-Elegant-Hollow-Out-Embroidered-Blouse-Tea-Party-White-And-Blue-Floral-Summer-Festa-Junina-Vacation-Outfits-p-466446609.html,True,"mallCode,pageListType,detailBusinessFrom",False,,466446609,True
453868740,6,1,6,"SHEIN ICON Women's Sexy Hollow Out Fitted Cropped Camisole And Flare Leg Pants Set, Beach Vacation Style,Summer Outfits For Women",S$5.85,https://sg.shein.com/SHEIN-ICON-Women-s-Sexy-Hollow-Out-Fitted-Cropped-Camisole-And-Flare-Leg-Pants-Set-Beach-Vacation-Style-Summer-Outfits-For-Women-p-453868740.html,https://sc.ltwebstatic.com/she_dist/images/bg-grey-solid-color-fc04c1310d.png,2026-06-02T16:28:31+08:00,,,,,SAVE S$5.85,https://sg.shein.com/SHEIN-ICON-Women-s-Sexy-Hollow-Out-Fitted-Cropped-Camisole-And-Flare-Leg-Pants-Set-Beach-Vacation-Style-Summer-Outfits-For-Women-p-453868740.html?mallCode=1&pageListType=4&detailBusinessFrom=0-1_453868740%7C0-2,https://sg.shein.com/SHEIN-ICON-Women-s-Sexy-Hollow-Out-Fitted-Cropped-Camisole-And-Flare-Leg-Pants-Set-Beach-Vacation-Style-Summer-Outfits-For-Women-p-453868740.html,True,"mallCode,pageListType,detailBusinessFrom",False,,453868740,True
464778773,6,1,6,"DAZY Women's Polka Dot Square Collar Ruffle Sleeve Fitted Blouse, Spring & Summer",S$10.92,https://sg.shein.com/DAZY-Women-s-Polka-Dot-Square-Collar-Ruffle-Sleeve-Fitted-Blouse-Spring-Summer-p-464778773.html,https://sc.ltwebstatic.com/she_dist/images/bg-grey-solid-color-fc04c1310d.png,2026-06-02T16:28:31+08:00,,-22%,,,,https://sg.shein.com/DAZY-Women-s-Polka-Dot-Square-Collar-Ruffle-Sleeve-Fitted-Blouse-Spring-Summer-p-464778773.html?mallCode=1&pageListType=4&detailBusinessFrom=0-1_464778773%7C0-2,https://sg.shein.com/DAZY-Women-s-Polka-Dot-Square-Collar-Ruffle-Sleeve-Fitted-Blouse-Spring-Summer-p-464778773.html,True,"mallCode,pageListType,detailBusinessFrom",False,,464778773,True
445246985,6,1,6,"Black Regular Shoulder 2 In 1 Short Sleeve T-Shirt, Polka Dot Korean Stylish Design, Beautiful Top For Summer Casual",S$9.99,https://sg.shein.com/Black-Regular-Shoulder-2-In-1-Short-Sleeve-T-Shirt-Polka-Dot-Korean-Stylish-Design-Beautiful-Top-For-Summer-Casual-p-445246985.html,https://sc.ltwebstatic.com/she_dist/images/bg-grey-solid-color-fc04c1310d.png,2026-06-02T16:28:31+08:00,,,,,61 sold,https://sg.shein.com/Black-Regular-Shoulder-2-In-1-Short-Sleeve-T-Shirt-Polka-Dot-Korean-Stylish-Design-Beautiful-Top-For-Summer-Casual-p-445246985.html?mallCode=1&pageListType=4&detailBusinessFrom=0-1_445246985%7C0-2,https://sg.shein.com/Black-Regular-Shoulder-2-In-1-Short-Sleeve-T-Shirt-Polka-Dot-Korean-Stylish-Design-Beautiful-Top-For-Summer-Casual-p-445246985.html,True,"mallCode,pageListType,detailBusinessFrom",False,,445246985,True
449950553,6,1,6,Sweetra New Spring/Summer Women's Stylish High Street Chic Slim Fit Sporty Versatile Comfortable Casual Yellow Outfit,S$2.40,https://sg.shein.com/Sweetra-New-Spring-Summer-Women-s-Stylish-High-Street-Chic-Slim-Fit-Sporty-Versatile-Comfortable-Casual-Yellow-Outfit-p-449950553.html,https://sc.ltwebstatic.com/she_dist/images/bg-grey-solid-color-fc04c1310d.png,2026-06-02T16:28:31+08:00,,,,,SAVE S$2.40,https://sg.shein.com/Sweetra-New-Spring-Summer-Women-s-Stylish-High-Street-Chic-Slim-Fit-Sporty-Versatile-Comfortable-Casual-Yellow-Outfit-p-449950553.html?mallCode=1&pageListType=4&detailBusinessFrom=0-1_449950553%7C0-2,https://sg.shein.com/Sweetra-New-Spring-Summer-Women-s-Stylish-High-Street-Chic-Slim-Fit-Sporty-Versatile-Comfortable-Casual-Yellow-Outfit-p-449950553.html,True,"mallCode,pageListType,detailBusinessFrom",False,,449950553,True
457444323,6,1,6,"Qadelle Women's Loose Fit Short Sleeve Top,Beige,White Animal Print,Summer,Elegant Unique,Everyday,Beaded Embroidery Leopard Print,Fashionable Top",S$10.84,https://sg.shein.com/Qadelle-Women-s-Loose-Fit-Short-Sleeve-Top-Beige-White-Animal-Print-Summer-Elegant-Unique-Everyday-Beaded-Embroidery-Leopard-Print-Fashionable-Top-p-457444323.html,https://sc.ltwebstatic.com/she_dist/images/bg-grey-solid-color-fc04c1310d.png,2026-06-02T16:28:31+08:00,,-6%,,,378 sold,https://sg.shein.com/Qadelle-Women-s-Loose-Fit-Short-Sleeve-Top-Beige-White-Animal-Print-Summer-Elegant-Unique-Everyday-Beaded-Embroidery-Leopard-Print-Fashionable-Top-p-457444323.html?mallCode=1&pageListType=4&detailBusinessFrom=0-1_457444323%7C0-2,https://sg.shein.com/Qadelle-Women-s-Loose-Fit-Short-Sleeve-Top-Beige-White-Animal-Print-Summer-Elegant-Unique-Everyday-Beaded-Embroidery-Leopard-Print-Fashionable-Top-p-457444323.html,True,"mallCode,pageListType,detailBusinessFrom",False,,457444323,True
464242954,6,1,6,Resyla Casual Minimalist Whale Pattern Round Neck Short Sleeve T-Shirt,S$6.99,https://sg.shein.com/Resyla-Casual-Minimalist-Whale-Pattern-Round-Neck-Short-Sleeve-T-Shirt-p-464242954.html,https://sc.ltwebstatic.com/she_dist/images/bg-grey-solid-color-fc04c1310d.png,2026-06-02T16:28:31+08:00,,,,,1.7k+ sold,https://sg.shein.com/Resyla-Casual-Minimalist-Whale-Pattern-Round-Neck-Short-Sleeve-T-Shirt-p-464242954.html?mallCode=1&pageListType=4&detailBusinessFrom=0-1_464242954%7C0-2,https://sg.shein.com/Resyla-Casual-Minimalist-Whale-Pattern-Round-Neck-Short-Sleeve-T-Shirt-p-464242954.html,True,"mallCode,pageListType,detailBusinessFrom",False,,464242954,True
444722888,6,1,6,"Loose Casual Suit Pants, Versatile Trousers With Pockets",S$14.98,https://sg.shein.com/Loose-Casual-Suit-Pants-Versatile-Trousers-With-Pockets-p-444722888.html,https://sc.ltwebstatic.com/she_dist/images/bg-grey-solid-color-fc04c1310d.png,2026-06-02T16:28:31+08:00,,-12%,,,,https://sg.shein.com/Loose-Casual-Suit-Pants-Versatile-Trousers-With-Pockets-p-444722888.html?mallCode=1&pageListType=4&detailBusinessFrom=0-1_444722888%7C0-2,https://sg.shein.com/Loose-Casual-Suit-Pants-Versatile-Trousers-With-Pockets-p-444722888.html,True,"mallCode,pageListType,detailBusinessFrom",False,,444722888,True
462504649,6,1,6,"Aloruh Women's Music Festival Fringe Decor Metal Accent Sexy Camisole, Spring/Summer,Summer Top",S$10.49,https://sg.shein.com/Aloruh-Women-s-Music-Festival-Fringe-Decor-Metal-Accent-Sexy-Camisole-Spring-Summer-Summer-Top-p-462504649.html,https://sc.ltwebstatic.com/she_dist/images/bg-grey-solid-color-fc04c1310d.png,2026-06-02T16:28:31+08:00,,,,,,https://sg.shein.com/Aloruh-Women-s-Music-Festival-Fringe-Decor-Metal-Accent-Sexy-Camisole-Spring-Summer-Summer-Top-p-462504649.html?mallCode=1&pageListType=4&detailBusinessFrom=0-1_462504649%7C0-2,https://sg.shein.com/Aloruh-Women-s-Music-Festival-Fringe-Decor-Metal-Accent-Sexy-Camisole-Spring-Summer-Summer-Top-p-462504649.html,True,"mallCode,pageListType,detailBusinessFrom",False,,462504649,True
469682055,6,1,6,"Elamini Summer Super Low-Waist Polka Dot Print Knit Wide-Leg Pants, Versatile Minimalist Casual Long Trousers, Suitable For Home, Campus Style, Vacation",S$16.49,https://sg.shein.com/Elamini-Summer-Super-Low-Waist-Polka-Dot-Print-Knit-Wide-Leg-Pants-Versatile-Minimalist-Casual-Long-Trousers-Suitable-For-Home-Campus-Style-Vacation-p-469682055.html,https://sc.ltwebstatic.com/she_dist/images/bg-grey-solid-color-fc04c1310d.png,2026-06-02T16:28:31+08:00,,,,,9.5k+ sold,https://sg.shein.com/Elamini-Summer-Super-Low-Waist-Polka-Dot-Print-Knit-Wide-Leg-Pants-Versatile-Minimalist-Casual-Long-Trousers-Suitable-For-Home-Campus-Style-Vacation-p-469682055.html?mallCode=1&pageListType=4&detailBusinessFrom=0-1_469682055%7C0-2,https://sg.shein.com/Elamini-Summer-Super-Low-Waist-Polka-Dot-Print-Knit-Wide-Leg-Pants-Versatile-Minimalist-Casual-Long-Trousers-Suitable-For-Home-Campus-Style-Vacation-p-469682055.html,True,"mallCode,pageListType,detailBusinessFrom",False,,469682055,True
444656303,6,1,6,"1pc Women's Loose Short Sleeve T-Shirt Top, Vacation Tee With ""Morning Matcha Club"" Matcha Lover Themed Print Casual",S$0.96,https://sg.shein.com/1pc-Women-s-Loose-Short-Sleeve-T-Shirt-Top-Vacation-Tee-With-Morning-Matcha-Club-Matcha-Lover-Themed-Print-Casual-p-444656303.html,https://sc.ltwebstatic.com/she_dist/images/bg-grey-solid-color-fc04c1310d.png,2026-06-02T16:28:31+08:00,,,,,SAVE S$0.96,https://sg.shein.com/1pc-Women-s-Loose-Short-Sleeve-T-Shirt-Top-Vacation-Tee-With-Morning-Matcha-Club-Matcha-Lover-Themed-Print-Casual-p-444656303.html?mallCode=1&pageListType=4&detailBusinessFrom=0-1_444656303%7C0-2,https://sg.shein.com/1pc-Women-s-Loose-Short-Sleeve-T-Shirt-Top-Vacation-Tee-With-Morning-Matcha-Club-Matcha-Lover-Themed-Print-Casual-p-444656303.html,True,"mallCode,pageListType,detailBusinessFrom",False,,444656303,True
442310947,6,1,6,Normani Women's Solid Color Pleated Casual Versatile Wide Leg Pants For Daily Wear,S$18.49,https://sg.shein.com/Normani-Women-s-Solid-Color-Pleated-Casual-Versatile-Wide-Leg-Pants-For-Daily-Wear-p-442310947.html,https://sc.ltwebstatic.com/she_dist/images/bg-grey-solid-color-fc04c1310d.png,2026-06-02T16:28:31+08:00,,,,,NEW,https://sg.shein.com/Normani-Women-s-Solid-Color-Pleated-Casual-Versatile-Wide-Leg-Pants-For-Daily-Wear-p-442310947.html?mallCode=1&pageListType=4&detailBusinessFrom=0-1_442310947%7C0-2,https://sg.shein.com/Normani-Women-s-Solid-Color-Pleated-Casual-Versatile-Wide-Leg-Pants-For-Daily-Wear-p-442310947.html,True,"mallCode,pageListType,detailBusinessFrom",False,,442310947,True
456903499,6,1,6,"Easowa Women's Summer Casual Commuter Striped Wrap Tie Sleeveless Top And Shorts 2-Piece Set,Summer Outfits For Women Festa Junina Vacation Outfits",S$11.49,https://sg.shein.com/Easowa-Women-s-Summer-Casual-Commuter-Striped-Wrap-Tie-Sleeveless-Top-And-Shorts-2-Piece-Set-Summer-Outfits-For-Women-Festa-Junina-Vacation-Outfits-p-456903499.html,https://sc.ltwebstatic.com/she_dist/images/bg-grey-solid-color-fc04c1310d.png,2026-06-02T16:28:31+08:00,,,,,652 sold,https://sg.shein.com/Easowa-Women-s-Summer-Casual-Commuter-Striped-Wrap-Tie-Sleeveless-Top-And-Shorts-2-Piece-Set-Summer-Outfits-For-Women-Festa-Junina-Vacation-Outfits-p-456903499.html?mallCode=1&pageListType=4&detailBusinessFrom=0-1_456903499%7C0-2,https://sg.shein.com/Easowa-Women-s-Summer-Casual-Commuter-Striped-Wrap-Tie-Sleeveless-Top-And-Shorts-2-Piece-Set-Summer-Outfits-For-Women-Festa-Junina-Vacation-Outfits-p-456903499.html,True,"mallCode,pageListType,detailBusinessFrom",False,,456903499,True
468268072,6,1,6,SHEIN PETITE Comfortable And Casual Solid Color Knitted Wide-Leg Women's Sweatpants Baggy,S$19.99,https://sg.shein.com/SHEIN-PETITE-Comfortable-And-Casual-Solid-Color-Knitted-Wide-Leg-Women-s-Sweatpants-Baggy-p-468268072.html,https://sc.ltwebstatic.com/she_dist/images/bg-grey-solid-color-fc04c1310d.png,2026-06-02T16:28:31+08:00,,,,,12.6k+ sold,https://sg.shein.com/SHEIN-PETITE-Comfortable-And-Casual-Solid-Color-Knitted-Wide-Leg-Women-s-Sweatpants-Baggy-p-468268072.html?mallCode=1&pageListType=4&detailBusinessFrom=0-1_468268072%7C0-2,https://sg.shein.com/SHEIN-PETITE-Comfortable-And-Casual-Solid-Color-Knitted-Wide-Leg-Women-s-Sweatpants-Baggy-p-468268072.html,True,"mallCode,pageListType,detailBusinessFrom",False,,468268072,True
449920846,6,2,"6,7","Es Trus Women's Summer Funny Graphic Tee, Streetwear Cartoon Portrait Letter Print, Comfortable Retro Basic Casual Commute Multipurpose Y2K Style Top, Regular Niche Punk Slim Fit Black Round Neck Short Sleeve Washed T-Shirt",S$4.49,https://sg.shein.com/Es-Trus-Women-s-Summer-Funny-Graphic-Tee-Streetwear-Cartoon-Portrait-Letter-Print-Comfortable-Retro-Basic-Casual-Commute-Multipurpose-Y2K-Style-Top-Regular-Niche-Punk-Slim-Fit-Black-Round-Neck-Short-Sleeve-Washed-T-Shirt-p-449920846.html,https://sc.ltwebstatic.com/she_dist/images/bg-grey-solid-color-fc04c1310d.png,2026-06-02T16:28:31+08:00,,,,,High Repeat Customers,https://sg.shein.com/Es-Trus-Women-s-Summer-Funny-Graphic-Tee-Streetwear-Cartoon-Portrait-Letter-Print-Comfortable-Retro-Basic-Casual-Commute-Multipurpose-Y2K-Style-Top-Regular-Niche-Punk-Slim-Fit-Black-Round-Neck-Short-Sleeve-Washed-T-Shirt-p-449920846.html?mallCode=1&pageListType=4&detailBusinessFrom=0-1_449920846%7C0-2,https://sg.shein.com/Es-Trus-Women-s-Summer-Funny-Graphic-Tee-Streetwear-Cartoon-Portrait-Letter-Print-Comfortable-Retro-Basic-Casual-Commute-Multipurpose-Y2K-Style-Top-Regular-Niche-Punk-Slim-Fit-Black-Round-Neck-Short-Sleeve-Washed-T-Shirt-p-449920846.html,True,"mallCode,pageListType,detailBusinessFrom",False,,449920846,True
424603154,6,2,"6,7","Modern Filipiniana Blouse With Butterfly Sleeves, Women's Short Sleeve Cardigan Top For Daily Wear In Spring And Summer",S$13.21,https://sg.shein.com/Modern-Filipiniana-Blouse-With-Butterfly-Sleeves-Women-s-Short-Sleeve-Cardigan-Top-For-Daily-Wear-In-Spring-And-Summer-p-424603154.html,https://sc.ltwebstatic.com/she_dist/images/bg-grey-solid-color-fc04c1310d.png,2026-06-02T16:28:31+08:00,,-15%,,,,https://sg.shein.com/Modern-Filipiniana-Blouse-With-Butterfly-Sleeves-Women-s-Short-Sleeve-Cardigan-Top-For-Daily-Wear-In-Spring-And-Summer-p-424603154.html?mallCode=1&pageListType=4&detailBusinessFrom=0-1_424603154%7C0-2,https://sg.shein.com/Modern-Filipiniana-Blouse-With-Butterfly-Sleeves-Women-s-Short-Sleeve-Cardigan-Top-For-Daily-Wear-In-Spring-And-Summer-p-424603154.html,True,"mallCode,pageListType,detailBusinessFrom",False,,424603154,True
467235250,6,2,"6,7",Livesso Women's Asymmetric Hem Frill Trim Tube Top,S$8.39,https://sg.shein.com/Livesso-Women-s-Asymmetric-Hem-Frill-Trim-Tube-Top-p-467235250.html,https://sc.ltwebstatic.com/she_dist/images/bg-grey-solid-color-fc04c1310d.png,2026-06-02T16:28:31+08:00,,-20%,,,,https://sg.shein.com/Livesso-Women-s-Asymmetric-Hem-Frill-Trim-Tube-Top-p-467235250.html?mallCode=1&pageListType=4&detailBusinessFrom=0-1_467235250%7C0-2,https://sg.shein.com/Livesso-Women-s-Asymmetric-Hem-Frill-Trim-Tube-Top-p-467235250.html,True,"mallCode,pageListType,detailBusinessFrom",False,,467235250,True
468803068,6,2,"6,7","LYSMO Women's Striped Short Sleeve Single-Breasted Side Tie Waist Casual Shirt,Summer Top",S$23.99,https://sg.shein.com/LYSMO-Women-s-Striped-Short-Sleeve-Single-Breasted-Side-Tie-Waist-Casual-Shirt-Summer-Top-p-468803068.html,https://sc.ltwebstatic.com/she_dist/images/bg-grey-solid-color-fc04c1310d.png,2026-06-02T16:28:31+08:00,,,,,,https://sg.shein.com/LYSMO-Women-s-Striped-Short-Sleeve-Single-Breasted-Side-Tie-Waist-Casual-Shirt-Summer-Top-p-468803068.html?mallCode=1&pageListType=4&detailBusinessFrom=0-1_468803068%7C0-2,https://sg.shein.com/LYSMO-Women-s-Striped-Short-Sleeve-Single-Breasted-Side-Tie-Waist-Casual-Shirt-Summer-Top-p-468803068.html,True,"mallCode,pageListType,detailBusinessFrom",False,,468803068,True
466181366,6,1,6,"SHEIN ICON Women's Green Sequined Trousers, Sophisticated And Elegant, With Upgraded Texture, Perfect For The Beach, Parties, And Music Festivals.",S$38.99,https://sg.shein.com/SHEIN-ICON-Women-s-Green-Sequined-Trousers-Sophisticated-And-Elegant-With-Upgraded-Texture-Perfect-For-The-Beach-Parties-And-Music-Festivals-p-466181366.html,https://sc.ltwebstatic.com/she_dist/images/bg-grey-solid-color-fc04c1310d.png,2026-06-02T16:28:31+08:00,,,,,NEW,https://sg.shein.com/SHEIN-ICON-Women-s-Green-Sequined-Trousers-Sophisticated-And-Elegant-With-Upgraded-Texture-Perfect-For-The-Beach-Parties-And-Music-Festivals-p-466181366.html?mallCode=1&pageListType=4&detailBusinessFrom=0-1_466181366%7C0-2,https://sg.shein.com/SHEIN-ICON-Women-s-Green-Sequined-Trousers-Sophisticated-And-Elegant-With-Upgraded-Texture-Perfect-For-The-Beach-Parties-And-Music-Festivals-p-466181366.html,True,"mallCode,pageListType,detailBusinessFrom",False,,466181366,True
446304946,7,1,7,"Swim Vcay Spring/Summer Women's One-Piece Leopard Print Sexy Sling Swimsuit, Beach Vacation Swimwear",S$16.49,https://sg.shein.com/Swim-Vcay-Spring-Summer-Women-s-One-Piece-Leopard-Print-Sexy-Sling-Swimsuit-Beach-Vacation-Swimwear-p-446304946.html,https://img.ltwebstatic.com/v4/j/pi/2026/05/12/fd/17785568305089cf9fe0d1749759416f0c8f2d5ebc_thumbnail_600x.webp,2026-06-02T16:30:14+08:00,,,,,,https://sg.shein.com/Swim-Vcay-Spring-Summer-Women-s-One-Piece-Leopard-Print-Sexy-Sling-Swimsuit-Beach-Vacation-Swimwear-p-446304946.html?mallCode=1&pageListType=4&detailBusinessFrom=0-1_446304946%7C0-2,https://sg.shein.com/Swim-Vcay-Spring-Summer-Women-s-One-Piece-Leopard-Print-Sexy-Sling-Swimsuit-Beach-Vacation-Swimwear-p-446304946.html,True,"mallCode,pageListType,detailBusinessFrom",False,,446304946,True
455239599,7,1,7,"Poéselle Women's Black Summer Classy Elegant Date Night Low-Rise Tailored Mini Skirt With Delicate Lace Waist Trim,Trouser Lining,Y2K Chic Street Style Skirt",S$14.99,https://sg.shein.com/Po-selle-Women-s-Black-Summer-Classy-Elegant-Date-Night-Low-Rise-Tailored-Mini-Skirt-With-Delicate-Lace-Waist-Trim-Trouser-Lining-Y2K-Chic-Street-Style-Skirt-p-455239599.html,https://img.ltwebstatic.com/v4/j/pi/2026/05/21/a7/1779367530e5cee9491609a0ef16b335ed14437d25_thumbnail_600x.webp,2026-06-02T16:30:14+08:00,,,,,,https://sg.shein.com/Po-selle-Women-s-Black-Summer-Classy-Elegant-Date-Night-Low-Rise-Tailored-Mini-Skirt-With-Delicate-Lace-Waist-Trim-Trouser-Lining-Y2K-Chic-Street-Style-Skirt-p-455239599.html?mallCode=1&pageListType=4&detailBusinessFrom=0-1_455239599%7C0-2,https://sg.shein.com/Po-selle-Women-s-Black-Summer-Classy-Elegant-Date-Night-Low-Rise-Tailored-Mini-Skirt-With-Delicate-Lace-Waist-Trim-Trouser-Lining-Y2K-Chic-Street-Style-Skirt-p-455239599.html,True,"mallCode,pageListType,detailBusinessFrom",False,,455239599,True
481065831,7,1,7,LYSMO 2026 New Arrive Minimalism Spring/Summer Women's Pleated Wide Leg Loose Deconstructed Pants,S$49.49,https://sg.shein.com/LYSMO-2026-New-Arrive-Minimalism-Spring-Summer-Women-s-Pleated-Wide-Leg-Loose-Deconstructed-Pants-p-481065831.html,https://img.ltwebstatic.com/v4/j/pi/2026/05/26/01/1779759862873aecc2c949c6687799e1d7ca727435_thumbnail_600x.webp,2026-06-02T16:30:14+08:00,,,,,NEW,https://sg.shein.com/LYSMO-2026-New-Arrive-Minimalism-Spring-Summer-Women-s-Pleated-Wide-Leg-Loose-Deconstructed-Pants-p-481065831.html?mallCode=1&pageListType=4&detailBusinessFrom=0-1_481065831%7C0-2,https://sg.shein.com/LYSMO-2026-New-Arrive-Minimalism-Spring-Summer-Women-s-Pleated-Wide-Leg-Loose-Deconstructed-Pants-p-481065831.html,True,"mallCode,pageListType,detailBusinessFrom",False,,481065831,True
462725090,7,1,7,Soleia Women's Floral Embroidery Pattern Casual Versatile Date Night Outing Mini Skirt,S$16.49,https://sg.shein.com/Soleia-Women-s-Floral-Embroidery-Pattern-Casual-Versatile-Date-Night-Outing-Mini-Skirt-p-462725090.html,https://img.ltwebstatic.com/v4/j/pi/2026/05/08/2f/1778208133be1df4e47b278a2ac1d953e7d31e3062_thumbnail_600x.webp,2026-06-02T16:30:14+08:00,,,,,NEW,https://sg.shein.com/Soleia-Women-s-Floral-Embroidery-Pattern-Casual-Versatile-Date-Night-Outing-Mini-Skirt-p-462725090.html?mallCode=1&pageListType=4&detailBusinessFrom=0-1_462725090%7C0-2,https://sg.shein.com/Soleia-Women-s-Floral-Embroidery-Pattern-Casual-Versatile-Date-Night-Outing-Mini-Skirt-p-462725090.html,True,"mallCode,pageListType,detailBusinessFrom",False,,462725090,True
482095758,7,1,7,"SHEIN Tall Women's Vintage Textured Relaxed Fit Low Waist Casual Pants, Slimming Solid Color Straight Leg Trousers For Summer",S$15.49,https://sg.shein.com/SHEIN-Tall-Women-s-Vintage-Textured-Relaxed-Fit-Low-Waist-Casual-Pants-Slimming-Solid-Color-Straight-Leg-Trousers-For-Summer-p-482095758.html,https://img.ltwebstatic.com/v4/j/pi/2026/05/25/5d/1779687709e789643e0ec8c0791ce8bf708bfc823c_thumbnail_600x.webp,2026-06-02T16:30:14+08:00,,,,,NEW,https://sg.shein.com/SHEIN-Tall-Women-s-Vintage-Textured-Relaxed-Fit-Low-Waist-Casual-Pants-Slimming-Solid-Color-Straight-Leg-Trousers-For-Summer-p-482095758.html?mallCode=1&pageListType=4&detailBusinessFrom=0-1_482095758%7C0-2,https://sg.shein.com/SHEIN-Tall-Women-s-Vintage-Textured-Relaxed-Fit-Low-Waist-Casual-Pants-Slimming-Solid-Color-Straight-Leg-Trousers-For-Summer-p-482095758.html,True,"mallCode,pageListType,detailBusinessFrom",False,,482095758,True
145930970,7,1,7,Sweetra Women's Solid Color Square Neck Pleated Fitted Casual Tank Top,S$17.99,https://sg.shein.com/Sweetra-Women-s-Solid-Color-Square-Neck-Pleated-Fitted-Casual-Tank-Top-p-145930970.html,https://img.ltwebstatic.com/v4/j/pi/2025/08/06/8e/175447589944d4a520a5bf2510fb614ca1776f340c_thumbnail_600x.webp,2026-06-02T16:30:14+08:00,,,,,28.6k+ sold,https://sg.shein.com/Sweetra-Women-s-Solid-Color-Square-Neck-Pleated-Fitted-Casual-Tank-Top-p-145930970.html?mallCode=1&pageListType=4&detailBusinessFrom=0-1_145930970%7C0-2,https://sg.shein.com/Sweetra-Women-s-Solid-Color-Square-Neck-Pleated-Fitted-Casual-Tank-Top-p-145930970.html,True,"mallCode,pageListType,detailBusinessFrom",False,,145930970,True
254305233,7,1,7,"Vela Rue Minimalist Design Pants, Camel Solid Color Loose Fit Zipper Hook Flare Leg Trousers, Fashionable All Season Spring",S$13.91,https://sg.shein.com/Vela-Rue-Minimalist-Design-Pants-Camel-Solid-Color-Loose-Fit-Zipper-Hook-Flare-Leg-Trousers-Fashionable-All-Season-Spring-p-254305233.html,https://img.ltwebstatic.com/v4/j/spmp/2026/01/14/a7/1768403038d1d4db10adf602742dd3cb26f1a83bf2_thumbnail_600x.webp,2026-06-02T16:30:14+08:00,,-4%,,,90k+ sold,https://sg.shein.com/Vela-Rue-Minimalist-Design-Pants-Camel-Solid-Color-Loose-Fit-Zipper-Hook-Flare-Leg-Trousers-Fashionable-All-Season-Spring-p-254305233.html?mallCode=1&pageListType=4&detailBusinessFrom=0-1_254305233%7C0-2,https://sg.shein.com/Vela-Rue-Minimalist-Design-Pants-Camel-Solid-Color-Loose-Fit-Zipper-Hook-Flare-Leg-Trousers-Fashionable-All-Season-Spring-p-254305233.html,True,"mallCode,pageListType,detailBusinessFrom",False,,254305233,True
281753263,7,1,7,"Vela Rue Minimalist Design Pants, Hook & Zipper Closure Thin Solid Gray Wide Leg Trousers, Flattering Silhouette, Fashionable Wide Leg Pants For All Seasons Spring",S$13.91,https://sg.shein.com/Vela-Rue-Minimalist-Design-Pants-Hook-Zipper-Closure-Thin-Solid-Gray-Wide-Leg-Trousers-Flattering-Silhouette-Fashionable-Wide-Leg-Pants-For-All-Seasons-Spring-p-281753263.html,https://img.ltwebstatic.com/v4/j/spmp/2026/01/14/d4/17684030668a9e7114ce708a394b50fe1eed57e5ef_thumbnail_600x.webp,2026-06-02T16:30:14+08:00,,-4%,,,90k+ sold,https://sg.shein.com/Vela-Rue-Minimalist-Design-Pants-Hook-Zipper-Closure-Thin-Solid-Gray-Wide-Leg-Trousers-Flattering-Silhouette-Fashionable-Wide-Leg-Pants-For-All-Seasons-Spring-p-281753263.html?mallCode=1&pageListType=4&detailBusinessFrom=0-1_281753263%7C0-2,https://sg.shein.com/Vela-Rue-Minimalist-Design-Pants-Hook-Zipper-Closure-Thin-Solid-Gray-Wide-Leg-Trousers-Flattering-Silhouette-Fashionable-Wide-Leg-Pants-For-All-Seasons-Spring-p-281753263.html,True,"mallCode,pageListType,detailBusinessFrom",False,,281753263,True
39283446,7,2,"7,8","Qadelle Women's Plain Strap Simple Camisole, Casual Daily Wear",S$22.49,https://sg.shein.com/Qadelle-Women-s-Plain-Strap-Simple-Camisole-Casual-Daily-Wear-p-39283446.html,https://img.ltwebstatic.com/images3_pi/2024/09/06/a6/172558717063c8fa2eb5b08fe4956cbc9c4596bdf4_thumbnail_600x.webp,2026-06-02T16:30:14+08:00,,,,,16.2k+ sold,https://sg.shein.com/Qadelle-Women-s-Plain-Strap-Simple-Camisole-Casual-Daily-Wear-p-39283446.html?mallCode=1&pageListType=4&detailBusinessFrom=0-1_39283446%7C0-2,https://sg.shein.com/Qadelle-Women-s-Plain-Strap-Simple-Camisole-Casual-Daily-Wear-p-39283446.html,True,"mallCode,pageListType,detailBusinessFrom",False,,39283446,True
51535552,7,1,7,Sweetra Women Square Neck Ruffle Trim Fitted Casual Tank Top,S$17.99,https://sg.shein.com/Sweetra-Women-Square-Neck-Ruffle-Trim-Fitted-Casual-Tank-Top-p-51535552.html,https://img.ltwebstatic.com/images3_pi/2024/12/26/6b/1735189617d65441230db747cee86ffbde4eb3f88a_thumbnail_600x.webp,2026-06-02T16:30:14+08:00,,,,,28.6k+ sold,https://sg.shein.com/Sweetra-Women-Square-Neck-Ruffle-Trim-Fitted-Casual-Tank-Top-p-51535552.html?mallCode=1&pageListType=4&detailBusinessFrom=0-1_51535552%7C0-2,https://sg.shein.com/Sweetra-Women-Square-Neck-Ruffle-Trim-Fitted-Casual-Tank-Top-p-51535552.html,True,"mallCode,pageListType,detailBusinessFrom",False,,51535552,True
208801966,7,1,7,Sweetra Women's Solid Color Square Neck Pleated Casual Versatile Tank Top,S$16.99,https://sg.shein.com/Sweetra-Women-s-Solid-Color-Square-Neck-Pleated-Casual-Versatile-Tank-Top-p-208801966.html,https://img.ltwebstatic.com/v4/j/pi/2025/10/09/60/1759976357e05031c4c08d42c523a95dfc0eccea15_thumbnail_600x.webp,2026-06-02T16:30:14+08:00,,,,,28.6k+ sold,https://sg.shein.com/Sweetra-Women-s-Solid-Color-Square-Neck-Pleated-Casual-Versatile-Tank-Top-p-208801966.html?mallCode=1&pageListType=4&detailBusinessFrom=0-1_208801966%7C0-2,https://sg.shein.com/Sweetra-Women-s-Solid-Color-Square-Neck-Pleated-Casual-Versatile-Tank-Top-p-208801966.html,True,"mallCode,pageListType,detailBusinessFrom",False,,208801966,True
42827379,7,2,"7,8","Draping Minimalist Design Office Pants, New European And American Fashion Straight-Leg Casual Loose Trousers, All Seasons Spring",S$17.27,https://sg.shein.com/Draping-Minimalist-Design-Office-Pants-New-European-And-American-Fashion-Straight-Leg-Casual-Loose-Trousers-All-Seasons-Spring-p-42827379.html,https://img.ltwebstatic.com/images3_spmp/2024/09/12/66/1726110679a9d8c90083a98814f6bdf06b08a96dae_thumbnail_600x.webp,2026-06-02T16:30:14+08:00,,-4%,,,22.2k+ sold,https://sg.shein.com/Draping-Minimalist-Design-Office-Pants-New-European-And-American-Fashion-Straight-Leg-Casual-Loose-Trousers-All-Seasons-Spring-p-42827379.html?mallCode=1&pageListType=4&detailBusinessFrom=0-1_42827379%7C0-2,https://sg.shein.com/Draping-Minimalist-Design-Office-Pants-New-European-And-American-Fashion-Straight-Leg-Casual-Loose-Trousers-All-Seasons-Spring-p-42827379.html,True,"mallCode,pageListType,detailBusinessFrom",False,,42827379,True
179826060,7,1,7,"Vela Rue Minimalist Design Jumpsuit Pants, Hook & Zipper Closure, Thin Polyester Twill Straight Leg Trousers, Solid Black Color, Wide Leg Flattering Silhouette, Fashionable All Season",S$14.39,https://sg.shein.com/Vela-Rue-Minimalist-Design-Jumpsuit-Pants-Hook-Zipper-Closure-Thin-Polyester-Twill-Straight-Leg-Trousers-Solid-Black-Color-Wide-Leg-Flattering-Silhouette-Fashionable-All-Season-p-179826060.html,https://img.ltwebstatic.com/v4/j/spmp/2026/01/14/95/1768402443cd675390af38e66472fef275444be247_thumbnail_600x.webp,2026-06-02T16:30:14+08:00,,-4%,,,90k+ sold,https://sg.shein.com/Vela-Rue-Minimalist-Design-Jumpsuit-Pants-Hook-Zipper-Closure-Thin-Polyester-Twill-Straight-Leg-Trousers-Solid-Black-Color-Wide-Leg-Flattering-Silhouette-Fashionable-All-Season-p-179826060.html?mallCode=1&pageListType=4&detailBusinessFrom=0-1_179826060%7C0-2,https://sg.shein.com/Vela-Rue-Minimalist-Design-Jumpsuit-Pants-Hook-Zipper-Closure-Thin-Polyester-Twill-Straight-Leg-Trousers-Solid-Black-Color-Wide-Leg-Flattering-Silhouette-Fashionable-All-Season-p-179826060.html,True,"mallCode,pageListType,detailBusinessFrom",False,,179826060,True
64603795,7,1,7,Resyla 3pcs/Set Women Versatile Casual Minimalist Summer Short Sleeve T-Shirt Set,S$13.99,https://sg.shein.com/Resyla-3pcs-Set-Women-Versatile-Casual-Minimalist-Summer-Short-Sleeve-T-Shirt-Set-p-64603795.html,https://img.ltwebstatic.com/images3_pi/2025/04/02/17/1743583839ebd19545e7e35bd999027390a1782a3d_thumbnail_600x.webp,2026-06-02T16:30:14+08:00,,,,,63.2k+ sold,https://sg.shein.com/Resyla-3pcs-Set-Women-Versatile-Casual-Minimalist-Summer-Short-Sleeve-T-Shirt-Set-p-64603795.html?mallCode=1&pageListType=4&detailBusinessFrom=0-1_64603795%7C0-2,https://sg.shein.com/Resyla-3pcs-Set-Women-Versatile-Casual-Minimalist-Summer-Short-Sleeve-T-Shirt-Set-p-64603795.html,True,"mallCode,pageListType,detailBusinessFrom",False,,64603795,True
450485113,7,1,7,"SHEIN Navy Blue Summer Casual Plus Size Top For Women,Flowers Patten Graphic Tee,Women's Beach Tank Top,Vacation Holiday Beach Outfit,Y2k T-Shirt,Gift",S$7.49,https://sg.shein.com/SHEIN-Navy-Blue-Summer-Casual-Plus-Size-Top-For-Women-Flowers-Patten-Graphic-Tee-Women-s-Beach-Tank-Top-Vacation-Holiday-Beach-Outfit-Y2k-T-Shirt-Gift-p-450485113.html,https://img.ltwebstatic.com/v4/j/pi/2026/04/23/df/1776938274e3d0d28593c324241502a911a6ee63c1_thumbnail_600x.webp,2026-06-02T16:30:14+08:00,,,,,19.1k+ sold,https://sg.shein.com/SHEIN-Navy-Blue-Summer-Casual-Plus-Size-Top-For-Women-Flowers-Patten-Graphic-Tee-Women-s-Beach-Tank-Top-Vacation-Holiday-Beach-Outfit-Y2k-T-Shirt-Gift-p-450485113.html?mallCode=1&pageListType=4&detailBusinessFrom=0-1_450485113%7C0-2,https://sg.shein.com/SHEIN-Navy-Blue-Summer-Casual-Plus-Size-Top-For-Women-Flowers-Patten-Graphic-Tee-Women-s-Beach-Tank-Top-Vacation-Holiday-Beach-Outfit-Y2k-T-Shirt-Gift-p-450485113.html,True,"mallCode,pageListType,detailBusinessFrom",False,,450485113,True
34205752,7,1,7,"Qadelle 3pcs Anti-Flashing Integrated Padded Camisole, Comfortable & Breathable",S$23.99,https://sg.shein.com/Qadelle-3pcs-Anti-Flashing-Integrated-Padded-Camisole-Comfortable-Breathable-p-34205752.html,https://img.ltwebstatic.com/v4/j/pi/2025/08/13/3f/17550900734c671091c11216571b5f4011c06cb757_thumbnail_600x.webp,2026-06-02T16:30:14+08:00,,,,,16.2k+ sold,https://sg.shein.com/Qadelle-3pcs-Anti-Flashing-Integrated-Padded-Camisole-Comfortable-Breathable-p-34205752.html?mallCode=1&pageListType=4&detailBusinessFrom=0-1_34205752%7C0-2,https://sg.shein.com/Qadelle-3pcs-Anti-Flashing-Integrated-Padded-Camisole-Comfortable-Breathable-p-34205752.html,True,"mallCode,pageListType,detailBusinessFrom",False,,34205752,True
433902724,7,1,7,Resyla Women's Solid Color Pleated Casual Versatile Daily Wear Short Sleeve T-Shirt,S$6.99,https://sg.shein.com/Resyla-Women-s-Solid-Color-Pleated-Casual-Versatile-Daily-Wear-Short-Sleeve-T-Shirt-p-433902724.html,https://img.ltwebstatic.com/v4/j/pi/2026/03/31/ea/1774952832430afb9b5533f1eaf9d4f4fe7f6cd74a_thumbnail_600x.webp,2026-06-02T16:30:14+08:00,,,,,29.1k+ sold,https://sg.shein.com/Resyla-Women-s-Solid-Color-Pleated-Casual-Versatile-Daily-Wear-Short-Sleeve-T-Shirt-p-433902724.html?mallCode=1&pageListType=4&detailBusinessFrom=0-1_433902724%7C0-2,https://sg.shein.com/Resyla-Women-s-Solid-Color-Pleated-Casual-Versatile-Daily-Wear-Short-Sleeve-T-Shirt-p-433902724.html,True,"mallCode,pageListType,detailBusinessFrom",False,,433902724,True
52503135,7,1,7,"Sweetra Women Vintage Elegant Jacquard Crinkle Pleated Wide Leg Pants,Autumn/Winter Fall Cloth For Women",S$16.49,https://sg.shein.com/Sweetra-Women-Vintage-Elegant-Jacquard-Crinkle-Pleated-Wide-Leg-Pants-Autumn-Winter-Fall-Cloth-For-Women-p-52503135.html,https://img.ltwebstatic.com/images3_pi/2025/01/06/b3/173612821796af8953db8324515b9735c3d745bc99_thumbnail_600x.webp,2026-06-02T16:30:14+08:00,,,,,51.5k+ sold,https://sg.shein.com/Sweetra-Women-Vintage-Elegant-Jacquard-Crinkle-Pleated-Wide-Leg-Pants-Autumn-Winter-Fall-Cloth-For-Women-p-52503135.html?mallCode=1&pageListType=4&detailBusinessFrom=0-1_52503135%7C0-2,https://sg.shein.com/Sweetra-Women-Vintage-Elegant-Jacquard-Crinkle-Pleated-Wide-Leg-Pants-Autumn-Winter-Fall-Cloth-For-Women-p-52503135.html,True,"mallCode,pageListType,detailBusinessFrom",False,,52503135,True
395330263,7,2,"7,8","Siren Gaze 2026 Women's Lace-Trimmed Camisole,Elegant Beige Summmer Vacation Milkmaid Top,Square Neck Crocheted Lace Trim Peplum Cami Spaghetti Strap",S$1.21,https://sg.shein.com/Siren-Gaze-2026-Women-s-Lace-Trimmed-Camisole-Elegant-Beige-Summmer-Vacation-Milkmaid-Top-Square-Neck-Crocheted-Lace-Trim-Peplum-Cami-Spaghetti-Strap-p-395330263.html,https://img.ltwebstatic.com/v4/j/pi/2026/02/25/9f/1771985611ec57c06b5f4c5186b1027fe0e0de2e2e_thumbnail_600x.webp,2026-06-02T16:30:14+08:00,,,,,SAVE S$1.21,https://sg.shein.com/Siren-Gaze-2026-Women-s-Lace-Trimmed-Camisole-Elegant-Beige-Summmer-Vacation-Milkmaid-Top-Square-Neck-Crocheted-Lace-Trim-Peplum-Cami-Spaghetti-Strap-p-395330263.html?mallCode=1&pageListType=4&detailBusinessFrom=0-1_395330263%7C0-2,https://sg.shein.com/Siren-Gaze-2026-Women-s-Lace-Trimmed-Camisole-Elegant-Beige-Summmer-Vacation-Milkmaid-Top-Square-Neck-Crocheted-Lace-Trim-Peplum-Cami-Spaghetti-Strap-p-395330263.html,True,"mallCode,pageListType,detailBusinessFrom",False,,395330263,True
150107521,7,1,7,"Vela Rue Minimalist Design Pants, Thin Solid Navy Blue Suit Pants With Zipper & Hook Closure, Flared Leg Slimming Trousers, Fashionable All Season Spring",S$14.39,https://sg.shein.com/Vela-Rue-Minimalist-Design-Pants-Thin-Solid-Navy-Blue-Suit-Pants-With-Zipper-Hook-Closure-Flared-Leg-Slimming-Trousers-Fashionable-All-Season-Spring-p-150107521.html,https://img.ltwebstatic.com/v4/j/spmp/2026/01/14/95/176840240384be0e40489fbdafa7d930f54f4d00f9_thumbnail_600x.webp,2026-06-02T16:30:14+08:00,,-4%,(1000+),,90k+ sold,https://sg.shein.com/Vela-Rue-Minimalist-Design-Pants-Thin-Solid-Navy-Blue-Suit-Pants-With-Zipper-Hook-Closure-Flared-Leg-Slimming-Trousers-Fashionable-All-Season-Spring-p-150107521.html?mallCode=1&pageListType=4&detailBusinessFrom=0-1_150107521%7C0-2,https://sg.shein.com/Vela-Rue-Minimalist-Design-Pants-Thin-Solid-Navy-Blue-Suit-Pants-With-Zipper-Hook-Closure-Flared-Leg-Slimming-Trousers-Fashionable-All-Season-Spring-p-150107521.html,True,"mallCode,pageListType,detailBusinessFrom",False,,150107521,True
53024029,7,1,7,DAZY Women's Casual Loose Wide Leg Jeans Low Rise Jeans,S$27.99,https://sg.shein.com/DAZY-Women-s-Casual-Loose-Wide-Leg-Jeans-Low-Rise-Jeans-p-53024029.html,https://img.ltwebstatic.com/images3_pi/2025/01/09/6f/1736389210625028438e9b7d382b118125e670c009_thumbnail_600x.webp,2026-06-02T16:30:14+08:00,,,(1000+),,40.2k+ sold,https://sg.shein.com/DAZY-Women-s-Casual-Loose-Wide-Leg-Jeans-Low-Rise-Jeans-p-53024029.html?mallCode=1&pageListType=4&detailBusinessFrom=0-1_53024029%7C0-2,https://sg.shein.com/DAZY-Women-s-Casual-Loose-Wide-Leg-Jeans-Low-Rise-Jeans-p-53024029.html,True,"mallCode,pageListType,detailBusinessFrom",False,,53024029,True
94866877,7,2,"7,8","Sweetra Women's Solid Color Casual Sleeveless Tank Top, Summer",S$17.49,https://sg.shein.com/Sweetra-Women-s-Solid-Color-Casual-Sleeveless-Tank-Top-Summer-p-94866877.html,https://img.ltwebstatic.com/v4/j/pi/2025/06/09/06/1749459031e26c71db0c3860ff4f8e2b0dd8b40a99_thumbnail_600x.webp,2026-06-02T16:30:14+08:00,,,,,28.6k+ sold,https://sg.shein.com/Sweetra-Women-s-Solid-Color-Casual-Sleeveless-Tank-Top-Summer-p-94866877.html?mallCode=1&pageListType=4&detailBusinessFrom=0-1_94866877%7C0-2,https://sg.shein.com/Sweetra-Women-s-Solid-Color-Casual-Sleeveless-Tank-Top-Summer-p-94866877.html,True,"mallCode,pageListType,detailBusinessFrom",False,,94866877,True
34923195,7,1,7,SHEIN EZwear Summer 3 Packs Rib-Knit Slim Fit Base Tank Top,S$14.99,https://sg.shein.com/SHEIN-EZwear-Summer-3-Packs-Rib-Knit-Slim-Fit-Base-Tank-Top-p-34923195.html,https://img.ltwebstatic.com/images3_pi/2024/05/11/16/17154129253e7d5cb480d6505272116d177e640423_thumbnail_600x.webp,2026-06-02T16:30:14+08:00,,,,,11k+ sold,https://sg.shein.com/SHEIN-EZwear-Summer-3-Packs-Rib-Knit-Slim-Fit-Base-Tank-Top-p-34923195.html?mallCode=1&pageListType=4&detailBusinessFrom=0-1_34923195%7C0-2,https://sg.shein.com/SHEIN-EZwear-Summer-3-Packs-Rib-Knit-Slim-Fit-Base-Tank-Top-p-34923195.html,True,"mallCode,pageListType,detailBusinessFrom",False,,34923195,True
416645182,7,1,7,"SHEIN Women's Casual Solid Color Side Drawstring T-Shirt, Summer",S$6.99,https://sg.shein.com/SHEIN-Women-s-Casual-Solid-Color-Side-Drawstring-T-Shirt-Summer-p-416645182.html,https://img.ltwebstatic.com/v4/j/pi/2026/03/20/eb/1773971439d2eeb9bfcc6eab77b6bcc69b4ee249cf_thumbnail_600x.webp,2026-06-02T16:30:14+08:00,,,,,29.1k+ sold,https://sg.shein.com/SHEIN-Women-s-Casual-Solid-Color-Side-Drawstring-T-Shirt-Summer-p-416645182.html?mallCode=1&pageListType=4&detailBusinessFrom=0-1_416645182%7C0-2,https://sg.shein.com/SHEIN-Women-s-Casual-Solid-Color-Side-Drawstring-T-Shirt-Summer-p-416645182.html,True,"mallCode,pageListType,detailBusinessFrom",False,,416645182,True
208781627,7,1,7,Sweetra Women's Solid Color Square Neck Pleated Casual Camisole,S$1.08,https://sg.shein.com/Sweetra-Women-s-Solid-Color-Square-Neck-Pleated-Casual-Camisole-p-208781627.html,https://img.ltwebstatic.com/v4/j/pi/2025/10/09/66/175997662911f7f3140674fd6ff23581581dbe0b60_thumbnail_600x.webp,2026-06-02T16:30:14+08:00,,,,,SAVE S$1.08,https://sg.shein.com/Sweetra-Women-s-Solid-Color-Square-Neck-Pleated-Casual-Camisole-p-208781627.html?mallCode=1&pageListType=4&detailBusinessFrom=0-1_208781627%7C0-2,https://sg.shein.com/Sweetra-Women-s-Solid-Color-Square-Neck-Pleated-Casual-Camisole-p-208781627.html,True,"mallCode,pageListType,detailBusinessFrom",False,,208781627,True
291475547,7,1,7,"INAWLY 3pcs Women Fitted Ruched T-Shirt Set,All Shades Of Brown,Summer,Casual,Everyday,Short Sleeve Outdoor Tops,Champagne,Mocha Brown,Black,Back To School",S$14.49,https://sg.shein.com/INAWLY-3pcs-Women-Fitted-Ruched-T-Shirt-Set-All-Shades-Of-Brown-Summer-Casual-Everyday-Short-Sleeve-Outdoor-Tops-Champagne-Mocha-Brown-Black-Back-To-School-p-291475547.html,https://img.ltwebstatic.com/v4/j/pi/2025/11/18/42/17634612890328670ddce061165fed805f32ec1f0b_thumbnail_600x.webp,2026-06-02T16:30:14+08:00,,,,,63.2k+ sold,https://sg.shein.com/INAWLY-3pcs-Women-Fitted-Ruched-T-Shirt-Set-All-Shades-Of-Brown-Summer-Casual-Everyday-Short-Sleeve-Outdoor-Tops-Champagne-Mocha-Brown-Black-Back-To-School-p-291475547.html?mallCode=1&pageListType=4&detailBusinessFrom=0-1_291475547%7C0-2,https://sg.shein.com/INAWLY-3pcs-Women-Fitted-Ruched-T-Shirt-Set-All-Shades-Of-Brown-Summer-Casual-Everyday-Short-Sleeve-Outdoor-Tops-Champagne-Mocha-Brown-Black-Back-To-School-p-291475547.html,True,"mallCode,pageListType,detailBusinessFrom",False,,291475547,True
88698711,7,1,7,"Sweetra Women Casual Pleated Scoop Neck Tank Top, Summer",S$14.99,https://sg.shein.com/Sweetra-Women-Casual-Pleated-Scoop-Neck-Tank-Top-Summer-p-88698711.html,https://img.ltwebstatic.com/v4/j/pi/2025/05/28/30/17484442490b3156b96f686ec25a90ee8a1fe5d706_thumbnail_600x.webp,2026-06-02T16:30:14+08:00,,,,,11.8k+ sold,https://sg.shein.com/Sweetra-Women-Casual-Pleated-Scoop-Neck-Tank-Top-Summer-p-88698711.html?mallCode=1&pageListType=4&detailBusinessFrom=0-1_88698711%7C0-2,https://sg.shein.com/Sweetra-Women-Casual-Pleated-Scoop-Neck-Tank-Top-Summer-p-88698711.html,True,"mallCode,pageListType,detailBusinessFrom",False,,88698711,True
47131565,7,1,7,"Sweetra Women's Retro Elegant Jacquard Crimp Pleated Wide-Leg Pants, Autumn/Winter Fall Cloth For Women",S$16.49,https://sg.shein.com/Sweetra-Women-s-Retro-Elegant-Jacquard-Crimp-Pleated-Wide-Leg-Pants-Autumn-Winter-Fall-Cloth-For-Women-p-47131565.html,https://img.ltwebstatic.com/images3_pi/2024/11/08/9c/1731063483c081895b04d19e38e25e236b8a4d1933_thumbnail_600x.webp,2026-06-02T16:30:14+08:00,,,,,51.5k+ sold,https://sg.shein.com/Sweetra-Women-s-Retro-Elegant-Jacquard-Crimp-Pleated-Wide-Leg-Pants-Autumn-Winter-Fall-Cloth-For-Women-p-47131565.html?mallCode=1&pageListType=4&detailBusinessFrom=0-1_47131565%7C0-2,https://sg.shein.com/Sweetra-Women-s-Retro-Elegant-Jacquard-Crimp-Pleated-Wide-Leg-Pants-Autumn-Winter-Fall-Cloth-For-Women-p-47131565.html,True,"mallCode,pageListType,detailBusinessFrom",False,,47131565,True
281754105,7,1,7,"Vela Rue Minimalist Design Pants With Hook & Zipper Closure, Lightweight Semi-Sheer Solid Blue Wide Leg Trousers, Fashionable Wide Leg Pants For All Seasons Spring",S$13.91,https://sg.shein.com/Vela-Rue-Minimalist-Design-Pants-With-Hook-Zipper-Closure-Lightweight-Semi-Sheer-Solid-Blue-Wide-Leg-Trousers-Fashionable-Wide-Leg-Pants-For-All-Seasons-Spring-p-281754105.html,https://img.ltwebstatic.com/v4/j/spmp/2026/01/14/df/1768403167fd19e9dd1e84f6d4ed5c65ca3f41132e_thumbnail_600x.webp,2026-06-02T16:30:14+08:00,,-4%,,,90k+ sold,https://sg.shein.com/Vela-Rue-Minimalist-Design-Pants-With-Hook-Zipper-Closure-Lightweight-Semi-Sheer-Solid-Blue-Wide-Leg-Trousers-Fashionable-Wide-Leg-Pants-For-All-Seasons-Spring-p-281754105.html?mallCode=1&pageListType=4&detailBusinessFrom=0-1_281754105%7C0-2,https://sg.shein.com/Vela-Rue-Minimalist-Design-Pants-With-Hook-Zipper-Closure-Lightweight-Semi-Sheer-Solid-Blue-Wide-Leg-Trousers-Fashionable-Wide-Leg-Pants-For-All-Seasons-Spring-p-281754105.html,True,"mallCode,pageListType,detailBusinessFrom",False,,281754105,True
327502937,7,1,7,"New Fashionable Elegant Solid Color Casual Versatile Waist Ruched T-Shirt, Suitable For Daily, School, Beach, Vacation, And Home Wear White Summer",S$6.99,https://sg.shein.com/New-Fashionable-Elegant-Solid-Color-Casual-Versatile-Waist-Ruched-T-Shirt-Suitable-For-Daily-School-Beach-Vacation-And-Home-Wear-White-Summer-p-327502937.html,https://img.ltwebstatic.com/v4/j/spmp/2026/01/14/df/176836008043bc4695c984e7d236a2d8f7f7d20868_thumbnail_600x.webp,2026-06-02T16:30:14+08:00,,,,,37.4k+ sold,https://sg.shein.com/New-Fashionable-Elegant-Solid-Color-Casual-Versatile-Waist-Ruched-T-Shirt-Suitable-For-Daily-School-Beach-Vacation-And-Home-Wear-White-Summer-p-327502937.html?mallCode=1&pageListType=4&detailBusinessFrom=0-1_327502937%7C0-2,https://sg.shein.com/New-Fashionable-Elegant-Solid-Color-Casual-Versatile-Waist-Ruched-T-Shirt-Suitable-For-Daily-School-Beach-Vacation-And-Home-Wear-White-Summer-p-327502937.html,True,"mallCode,pageListType,detailBusinessFrom",False,,327502937,True
33026451,7,1,7,INAWLY Women Solid Color Simple Style Button-Up Daily Shirt Fall Cloth For Women,S$10.99,https://sg.shein.com/INAWLY-Women-Solid-Color-Simple-Style-Button-Up-Daily-Shirt-Fall-Cloth-For-Women-p-33026451.html,https://img.ltwebstatic.com/v4/j/pi/2026/01/08/b8/1767848713489696a7efb76fb493e90aa6fe0fb339_thumbnail_600x.webp,2026-06-02T16:30:14+08:00,,,,,90k+ sold,https://sg.shein.com/INAWLY-Women-Solid-Color-Simple-Style-Button-Up-Daily-Shirt-Fall-Cloth-For-Women-p-33026451.html?mallCode=1&pageListType=4&detailBusinessFrom=0-1_33026451%7C0-2,https://sg.shein.com/INAWLY-Women-Solid-Color-Simple-Style-Button-Up-Daily-Shirt-Fall-Cloth-For-Women-p-33026451.html,True,"mallCode,pageListType,detailBusinessFrom",False,,33026451,True
431647020,7,1,7,"Sweetra Women's Casual Pleated Scoop Neck Tank Top, Summer",S$1.86,https://sg.shein.com/Sweetra-Women-s-Casual-Pleated-Scoop-Neck-Tank-Top-Summer-p-431647020.html,https://img.ltwebstatic.com/v4/j/pi/2026/03/27/5b/17746053257f4785dad78a8972fc9ba234b32f8901_thumbnail_600x.webp,2026-06-02T16:30:14+08:00,,,,,SAVE S$1.86,https://sg.shein.com/Sweetra-Women-s-Casual-Pleated-Scoop-Neck-Tank-Top-Summer-p-431647020.html?mallCode=1&pageListType=4&detailBusinessFrom=0-1_431647020%7C0-2,https://sg.shein.com/Sweetra-Women-s-Casual-Pleated-Scoop-Neck-Tank-Top-Summer-p-431647020.html,True,"mallCode,pageListType,detailBusinessFrom",False,,431647020,True
438556173,7,1,7,Firerie Women's Minimalist Casual Fashion Back To School High Waist Textured Wide Leg Pants,S$2.47,https://sg.shein.com/Firerie-Women-s-Minimalist-Casual-Fashion-Back-To-School-High-Waist-Textured-Wide-Leg-Pants-p-438556173.html,https://img.ltwebstatic.com/v4/j/pi/2026/04/08/71/1775617299c04ca2c3f71a532fdbeb8f4be566e21c_thumbnail_600x.webp,2026-06-02T16:30:14+08:00,,,,,SAVE S$2.47,https://sg.shein.com/Firerie-Women-s-Minimalist-Casual-Fashion-Back-To-School-High-Waist-Textured-Wide-Leg-Pants-p-438556173.html?mallCode=1&pageListType=4&detailBusinessFrom=0-1_438556173%7C0-2,https://sg.shein.com/Firerie-Women-s-Minimalist-Casual-Fashion-Back-To-School-High-Waist-Textured-Wide-Leg-Pants-p-438556173.html,True,"mallCode,pageListType,detailBusinessFrom",False,,438556173,True
462736583,7,1,7,"Summer Casual Matcha Club Print Short Sleeve T-Shirt, Women's Round Neck Front & Back Double Print Daily Commute Streetwear Top Vacation Black",S$0.35,https://sg.shein.com/Summer-Casual-Matcha-Club-Print-Short-Sleeve-T-Shirt-Women-s-Round-Neck-Front-Back-Double-Print-Daily-Commute-Streetwear-Top-Vacation-Black-p-462736583.html,https://img.ltwebstatic.com/v4/j/spmp/2026/05/10/dd/17784117693a6eac7761df9b24c53fdce284baa79a_thumbnail_600x.webp,2026-06-02T16:30:14+08:00,,,,,SAVE S$0.35,https://sg.shein.com/Summer-Casual-Matcha-Club-Print-Short-Sleeve-T-Shirt-Women-s-Round-Neck-Front-Back-Double-Print-Daily-Commute-Streetwear-Top-Vacation-Black-p-462736583.html?mallCode=1&pageListType=4&detailBusinessFrom=0-1_462736583%7C0-2,https://sg.shein.com/Summer-Casual-Matcha-Club-Print-Short-Sleeve-T-Shirt-Women-s-Round-Neck-Front-Back-Double-Print-Daily-Commute-Streetwear-Top-Vacation-Black-p-462736583.html,True,"mallCode,pageListType,detailBusinessFrom",False,,462736583,True
463862582,7,1,7,"Women's ""European Summer"" Aesthetic: Amalfi Capri Island Lemon Print T-Shirt. Vintage Italian Vacation Style Top. Fashionable Beach And Holiday Wear. Casual",S$0.60,https://sg.shein.com/Women-s-European-Summer-Aesthetic-Amalfi-Capri-Island-Lemon-Print-T-Shirt-Vintage-Italian-Vacation-Style-Top-Fashionable-Beach-And-Holiday-Wear-Casual-p-463862582.html,https://img.ltwebstatic.com/v4/j/spmp/2026/05/12/9b/1778572639293901f821a40c8c8aef266e03991ba1_thumbnail_600x.webp,2026-06-02T16:30:14+08:00,,,,,SAVE S$0.60,https://sg.shein.com/Women-s-European-Summer-Aesthetic-Amalfi-Capri-Island-Lemon-Print-T-Shirt-Vintage-Italian-Vacation-Style-Top-Fashionable-Beach-And-Holiday-Wear-Casual-p-463862582.html?mallCode=1&pageListType=4&detailBusinessFrom=0-1_463862582%7C0-2,https://sg.shein.com/Women-s-European-Summer-Aesthetic-Amalfi-Capri-Island-Lemon-Print-T-Shirt-Vintage-Italian-Vacation-Style-Top-Fashionable-Beach-And-Holiday-Wear-Casual-p-463862582.html,True,"mallCode,pageListType,detailBusinessFrom",False,,463862582,True
98537085,7,1,7,"Sweetra Women Casual Pleated Square Neck Camisole, Summer",S$13.29,https://sg.shein.com/Sweetra-Women-Casual-Pleated-Square-Neck-Camisole-Summer-p-98537085.html,https://img.ltwebstatic.com/v4/j/pi/2025/06/13/8a/1749784569364cfb5a815715fee6c986232e1cacaa_thumbnail_600x.webp,2026-06-02T16:30:14+08:00,,-5%,,,17.5k+ sold,https://sg.shein.com/Sweetra-Women-Casual-Pleated-Square-Neck-Camisole-Summer-p-98537085.html?mallCode=1&pageListType=4&detailBusinessFrom=0-1_98537085%7C0-2,https://sg.shein.com/Sweetra-Women-Casual-Pleated-Square-Neck-Camisole-Summer-p-98537085.html,True,"mallCode,pageListType,detailBusinessFrom",False,,98537085,True
440349112,7,2,"7,8","Women's Loose Fit White Short Sleeve T-Shirt, Summer New Design Sense Minimalist Casual Top Black",S$5.49,https://sg.shein.com/Women-s-Loose-Fit-White-Short-Sleeve-T-Shirt-Summer-New-Design-Sense-Minimalist-Casual-Top-Black-p-440349112.html,https://img.ltwebstatic.com/v4/j/spmp/2026/04/04/35/1775308753bdfa239623c08bffbef0d11acee70fa6_thumbnail_600x.webp,2026-06-02T16:30:14+08:00,,,,,8.8k+ sold,https://sg.shein.com/Women-s-Loose-Fit-White-Short-Sleeve-T-Shirt-Summer-New-Design-Sense-Minimalist-Casual-Top-Black-p-440349112.html?mallCode=1&pageListType=4&detailBusinessFrom=0-1_440349112%7C0-2,https://sg.shein.com/Women-s-Loose-Fit-White-Short-Sleeve-T-Shirt-Summer-New-Design-Sense-Minimalist-Casual-Top-Black-p-440349112.html,True,"mallCode,pageListType,detailBusinessFrom",False,,440349112,True
59630157,7,1,7,Sweetra Women's Casual Versatile Solid Color Camisole Green Capri,S$1.08,https://sg.shein.com/Sweetra-Women-s-Casual-Versatile-Solid-Color-Camisole-Green-Capri-p-59630157.html,https://img.ltwebstatic.com/images3_pi/2025/02/19/fd/1739934849bce6670d3f498f68267aa7b5cb889dc8_thumbnail_600x.webp,2026-06-02T16:30:14+08:00,,,,,SAVE S$1.08,https://sg.shein.com/Sweetra-Women-s-Casual-Versatile-Solid-Color-Camisole-Green-Capri-p-59630157.html?mallCode=1&pageListType=4&detailBusinessFrom=0-1_59630157%7C0-2,https://sg.shein.com/Sweetra-Women-s-Casual-Versatile-Solid-Color-Camisole-Green-Capri-p-59630157.html,True,"mallCode,pageListType,detailBusinessFrom",False,,59630157,True
59169913,7,1,7,Sweetra Women's Casual Versatile Solid Color Tank Top White,S$17.99,https://sg.shein.com/Sweetra-Women-s-Casual-Versatile-Solid-Color-Tank-Top-White-p-59169913.html,https://img.ltwebstatic.com/images3_pi/2025/03/03/fd/1740992975656fbf9ab0772f03cebe595cbf2ec9b2_thumbnail_600x.webp,2026-06-02T16:30:14+08:00,,,,,28.6k+ sold,https://sg.shein.com/Sweetra-Women-s-Casual-Versatile-Solid-Color-Tank-Top-White-p-59169913.html?mallCode=1&pageListType=4&detailBusinessFrom=0-1_59169913%7C0-2,https://sg.shein.com/Sweetra-Women-s-Casual-Versatile-Solid-Color-Tank-Top-White-p-59169913.html,True,"mallCode,pageListType,detailBusinessFrom",False,,59169913,True
208818891,7,1,7,"SHEIN EZwear 4pcs Women's Cropped Tight Fit Casual Tank Tops, Suitable For Summer",S$12.99,https://sg.shein.com/SHEIN-EZwear-4pcs-Women-s-Cropped-Tight-Fit-Casual-Tank-Tops-Suitable-For-Summer-p-208818891.html,https://img.ltwebstatic.com/v4/j/pi/2025/10/09/be/1760010857c47a6182e9d9dda586119d1d36ec3d1e_thumbnail_600x.webp,2026-06-02T16:30:14+08:00,,,,,39k+ sold,https://sg.shein.com/SHEIN-EZwear-4pcs-Women-s-Cropped-Tight-Fit-Casual-Tank-Tops-Suitable-For-Summer-p-208818891.html?mallCode=1&pageListType=4&detailBusinessFrom=0-1_208818891%7C0-2,https://sg.shein.com/SHEIN-EZwear-4pcs-Women-s-Cropped-Tight-Fit-Casual-Tank-Tops-Suitable-For-Summer-p-208818891.html,True,"mallCode,pageListType,detailBusinessFrom",False,,208818891,True
454003553,7,1,7,"Women's Summer New Letter Print Round Neck Short Sleeve T-Shirt, Casual Loose Versatile Top For Daily Wear Pink",S$0.40,https://sg.shein.com/Women-s-Summer-New-Letter-Print-Round-Neck-Short-Sleeve-T-Shirt-Casual-Loose-Versatile-Top-For-Daily-Wear-Pink-p-454003553.html,https://img.ltwebstatic.com/v4/j/spmp/2026/04/20/a6/1776688196c24053232e60b54945566754a1b850e0_thumbnail_600x.webp,2026-06-02T16:30:14+08:00,,,,,SAVE S$0.40,https://sg.shein.com/Women-s-Summer-New-Letter-Print-Round-Neck-Short-Sleeve-T-Shirt-Casual-Loose-Versatile-Top-For-Daily-Wear-Pink-p-454003553.html?mallCode=1&pageListType=4&detailBusinessFrom=0-1_454003553%7C0-2,https://sg.shein.com/Women-s-Summer-New-Letter-Print-Round-Neck-Short-Sleeve-T-Shirt-Casual-Loose-Versatile-Top-For-Daily-Wear-Pink-p-454003553.html,True,"mallCode,pageListType,detailBusinessFrom",False,,454003553,True
209091585,7,1,7,"Vela Rue Minimalist Design Pants, Hook & Zipper Closure Thin Solid Brown Wide Leg Trousers, Flattering Silhouette, Fashionable Wide Leg Pants For All Seasons Spring",S$13.91,https://sg.shein.com/Vela-Rue-Minimalist-Design-Pants-Hook-Zipper-Closure-Thin-Solid-Brown-Wide-Leg-Trousers-Flattering-Silhouette-Fashionable-Wide-Leg-Pants-For-All-Seasons-Spring-p-209091585.html,https://img.ltwebstatic.com/v4/j/spmp/2026/01/14/df/17684028829b3403746f1cf1e7479f94032927aa3e_thumbnail_600x.webp,2026-06-02T16:30:14+08:00,,-7%,,,90k+ sold,https://sg.shein.com/Vela-Rue-Minimalist-Design-Pants-Hook-Zipper-Closure-Thin-Solid-Brown-Wide-Leg-Trousers-Flattering-Silhouette-Fashionable-Wide-Leg-Pants-For-All-Seasons-Spring-p-209091585.html?mallCode=1&pageListType=4&detailBusinessFrom=0-1_209091585%7C0-2,https://sg.shein.com/Vela-Rue-Minimalist-Design-Pants-Hook-Zipper-Closure-Thin-Solid-Brown-Wide-Leg-Trousers-Flattering-Silhouette-Fashionable-Wide-Leg-Pants-For-All-Seasons-Spring-p-209091585.html,True,"mallCode,pageListType,detailBusinessFrom",False,,209091585,True
62603347,7,1,7,Sweetra 3pcs/Set Women Cutout Back Moisture-Wicking Breathable Fitted Short Sleeve Top & T-Shirt,S$12.99,https://sg.shein.com/Sweetra-3pcs-Set-Women-Cutout-Back-Moisture-Wicking-Breathable-Fitted-Short-Sleeve-Top-T-Shirt-p-62603347.html,https://img.ltwebstatic.com/images3_pi/2025/03/25/fb/1742876923e9c7d768e7afba3a6d2ee1f7c1380bbd_thumbnail_600x.webp,2026-06-02T16:30:14+08:00,,,,,32.9k+ sold,https://sg.shein.com/Sweetra-3pcs-Set-Women-Cutout-Back-Moisture-Wicking-Breathable-Fitted-Short-Sleeve-Top-T-Shirt-p-62603347.html?mallCode=1&pageListType=4&detailBusinessFrom=0-1_62603347%7C0-2,https://sg.shein.com/Sweetra-3pcs-Set-Women-Cutout-Back-Moisture-Wicking-Breathable-Fitted-Short-Sleeve-Top-T-Shirt-p-62603347.html,True,"mallCode,pageListType,detailBusinessFrom",False,,62603347,True
442691782,7,1,7,"Franclia Women's Solid Color Minimalist Sleeveless Tank Top, Casual Everyday Wear",S$5.99,https://sg.shein.com/Franclia-Women-s-Solid-Color-Minimalist-Sleeveless-Tank-Top-Casual-Everyday-Wear-p-442691782.html,https://img.ltwebstatic.com/v4/j/pi/2026/04/14/ef/1776131613f8a694c1d5076c0715e599fb0db4d6e5_thumbnail_600x.webp,2026-06-02T16:30:14+08:00,,,,,10.6k+ sold,https://sg.shein.com/Franclia-Women-s-Solid-Color-Minimalist-Sleeveless-Tank-Top-Casual-Everyday-Wear-p-442691782.html?mallCode=1&pageListType=4&detailBusinessFrom=0-1_442691782%7C0-2,https://sg.shein.com/Franclia-Women-s-Solid-Color-Minimalist-Sleeveless-Tank-Top-Casual-Everyday-Wear-p-442691782.html,True,"mallCode,pageListType,detailBusinessFrom",False,,442691782,True
114346598,7,1,7,"Women's Versatile Minimalist Wide Leg Pants, High Waist Commuter Slimming Straight Trousers Black Spring",S$2.14,https://sg.shein.com/Women-s-Versatile-Minimalist-Wide-Leg-Pants-High-Waist-Commuter-Slimming-Straight-Trousers-Black-Spring-p-114346598.html,https://img.ltwebstatic.com/v4/j/spmp/2025/07/02/1f/17514521908f06e4d05337f9ddb442d75056187b90_thumbnail_600x.webp,2026-06-02T16:30:14+08:00,,,,,SAVE S$2.14,https://sg.shein.com/Women-s-Versatile-Minimalist-Wide-Leg-Pants-High-Waist-Commuter-Slimming-Straight-Trousers-Black-Spring-p-114346598.html?mallCode=1&pageListType=4&detailBusinessFrom=0-1_114346598%7C0-2,https://sg.shein.com/Women-s-Versatile-Minimalist-Wide-Leg-Pants-High-Waist-Commuter-Slimming-Straight-Trousers-Black-Spring-p-114346598.html,True,"mallCode,pageListType,detailBusinessFrom",False,,114346598,True
73347029,7,1,7,"Sweetra Women's Retro Elegant Jacquard Pleated Wide Leg Pants, Autumn/Winter Fall Cloth For Women",S$15.99,https://sg.shein.com/Sweetra-Women-s-Retro-Elegant-Jacquard-Pleated-Wide-Leg-Pants-Autumn-Winter-Fall-Cloth-For-Women-p-73347029.html,https://img.ltwebstatic.com/v4/j/pi/2025/05/06/4f/17464946634b48b3f6854c183b5c3dfbb7166d521d_thumbnail_600x.webp,2026-06-02T16:30:14+08:00,,,,,51.5k+ sold,https://sg.shein.com/Sweetra-Women-s-Retro-Elegant-Jacquard-Pleated-Wide-Leg-Pants-Autumn-Winter-Fall-Cloth-For-Women-p-73347029.html?mallCode=1&pageListType=4&detailBusinessFrom=0-1_73347029%7C0-2,https://sg.shein.com/Sweetra-Women-s-Retro-Elegant-Jacquard-Pleated-Wide-Leg-Pants-Autumn-Winter-Fall-Cloth-For-Women-p-73347029.html,True,"mallCode,pageListType,detailBusinessFrom",False,,73347029,True
165995872,7,1,7,"Women's Versatile Minimalist Wide Leg Pants, High Waist Commuter Slimming Straight Trousers Spring",S$2.14,https://sg.shein.com/Women-s-Versatile-Minimalist-Wide-Leg-Pants-High-Waist-Commuter-Slimming-Straight-Trousers-Spring-p-165995872.html,https://img.ltwebstatic.com/v4/p/spmp/2025/08/27/43/1756297155cee2534d7da467c0c77ddfcf7531af16_thumbnail_600x.webp,2026-06-02T16:30:14+08:00,,,,,SAVE S$2.14,https://sg.shein.com/Women-s-Versatile-Minimalist-Wide-Leg-Pants-High-Waist-Commuter-Slimming-Straight-Trousers-Spring-p-165995872.html?mallCode=1&pageListType=4&detailBusinessFrom=0-1_165995872%7C0-2,https://sg.shein.com/Women-s-Versatile-Minimalist-Wide-Leg-Pants-High-Waist-Commuter-Slimming-Straight-Trousers-Spring-p-165995872.html,True,"mallCode,pageListType,detailBusinessFrom",False,,165995872,True
463259162,7,1,7,"Women's ""European Summer"" Aesthetic: Amalfi Capri Island Lemon Print T-Shirt. Vintage Italian Vacation Style Top. Fashionable Beach And Holiday Wear. Casual",S$0.65,https://sg.shein.com/Women-s-European-Summer-Aesthetic-Amalfi-Capri-Island-Lemon-Print-T-Shirt-Vintage-Italian-Vacation-Style-Top-Fashionable-Beach-And-Holiday-Wear-Casual-p-463259162.html,https://img.ltwebstatic.com/v4/j/spmp/2026/05/12/c4/177857333769e053f8219dc2978d052b3aaedbbef4_thumbnail_600x.webp,2026-06-02T16:30:14+08:00,,,,,SAVE S$0.65,https://sg.shein.com/Women-s-European-Summer-Aesthetic-Amalfi-Capri-Island-Lemon-Print-T-Shirt-Vintage-Italian-Vacation-Style-Top-Fashionable-Beach-And-Holiday-Wear-Casual-p-463259162.html?mallCode=1&pageListType=4&detailBusinessFrom=0-1_463259162%7C0-2,https://sg.shein.com/Women-s-European-Summer-Aesthetic-Amalfi-Capri-Island-Lemon-Print-T-Shirt-Vintage-Italian-Vacation-Style-Top-Fashionable-Beach-And-Holiday-Wear-Casual-p-463259162.html,True,"mallCode,pageListType,detailBusinessFrom",False,,463259162,True
288683299,7,1,7,"Sweetra Women's Vintage Elegant Jacquard Pleated Wide Leg Pants, Autumn/Winter",S$16.49,https://sg.shein.com/Sweetra-Women-s-Vintage-Elegant-Jacquard-Pleated-Wide-Leg-Pants-Autumn-Winter-p-288683299.html,https://img.ltwebstatic.com/v4/j/pi/2025/11/17/f6/17633505811980160ce0b649e9a102fd6f2a1337b5_thumbnail_600x.webp,2026-06-02T16:30:14+08:00,,,,,21.4k+ sold,https://sg.shein.com/Sweetra-Women-s-Vintage-Elegant-Jacquard-Pleated-Wide-Leg-Pants-Autumn-Winter-p-288683299.html?mallCode=1&pageListType=4&detailBusinessFrom=0-1_288683299%7C0-2,https://sg.shein.com/Sweetra-Women-s-Vintage-Elegant-Jacquard-Pleated-Wide-Leg-Pants-Autumn-Winter-p-288683299.html,True,"mallCode,pageListType,detailBusinessFrom",False,,288683299,True
57267606,7,2,"7,8","SHEIN EZwear 4pcs Women Tight-Fitting Cropped Casual Camisole Tank Tops, Suitable For Summer Back To School",S$12.49,https://sg.shein.com/SHEIN-EZwear-4pcs-Women-Tight-Fitting-Cropped-Casual-Camisole-Tank-Tops-Suitable-For-Summer-Back-To-School-p-57267606.html,https://img.ltwebstatic.com/images3_pi/2025/02/19/fc/1739955807b53b0c4539fea9fbebfd20dab81d2a2e_thumbnail_600x.webp,2026-06-02T16:30:14+08:00,,,,,39k+ sold,https://sg.shein.com/SHEIN-EZwear-4pcs-Women-Tight-Fitting-Cropped-Casual-Camisole-Tank-Tops-Suitable-For-Summer-Back-To-School-p-57267606.html?mallCode=1&pageListType=4&detailBusinessFrom=0-1_57267606%7C0-2,https://sg.shein.com/SHEIN-EZwear-4pcs-Women-Tight-Fitting-Cropped-Casual-Camisole-Tank-Tops-Suitable-For-Summer-Back-To-School-p-57267606.html,True,"mallCode,pageListType,detailBusinessFrom",False,,57267606,True
78964519,7,1,7,DAZY Women's Summer Plain Square Collar Ribbed Casual Versatile Tank Yellow Top,S$6.49,https://sg.shein.com/DAZY-Women-s-Summer-Plain-Square-Collar-Ribbed-Casual-Versatile-Tank-Yellow-Top-p-78964519.html,https://img.ltwebstatic.com/v4/j/pi/2026/05/25/df/1779703096bc8125edcf09047b3b3a46b2569283bb_thumbnail_600x.webp,2026-06-02T16:30:14+08:00,,,,,45.8k+ sold,https://sg.shein.com/DAZY-Women-s-Summer-Plain-Square-Collar-Ribbed-Casual-Versatile-Tank-Yellow-Top-p-78964519.html?mallCode=1&pageListType=4&detailBusinessFrom=0-1_78964519%7C0-2,https://sg.shein.com/DAZY-Women-s-Summer-Plain-Square-Collar-Ribbed-Casual-Versatile-Tank-Yellow-Top-p-78964519.html,True,"mallCode,pageListType,detailBusinessFrom",False,,78964519,True
454414083,7,1,7,"Women's Summer New Letter Print Round Neck Short Sleeve T-Shirt, Casual Loose Versatile Top For Daily Wear",S$0.40,https://sg.shein.com/Women-s-Summer-New-Letter-Print-Round-Neck-Short-Sleeve-T-Shirt-Casual-Loose-Versatile-Top-For-Daily-Wear-p-454414083.html,https://img.ltwebstatic.com/v4/j/spmp/2026/04/20/9c/17766882328ca41abf70172497f1e22e5f8ff1d542_thumbnail_600x.webp,2026-06-02T16:30:14+08:00,,,,,SAVE S$0.40,https://sg.shein.com/Women-s-Summer-New-Letter-Print-Round-Neck-Short-Sleeve-T-Shirt-Casual-Loose-Versatile-Top-For-Daily-Wear-p-454414083.html?mallCode=1&pageListType=4&detailBusinessFrom=0-1_454414083%7C0-2,https://sg.shein.com/Women-s-Summer-New-Letter-Print-Round-Neck-Short-Sleeve-T-Shirt-Casual-Loose-Versatile-Top-For-Daily-Wear-p-454414083.html,True,"mallCode,pageListType,detailBusinessFrom",False,,454414083,True
292473539,7,1,7,"Sweetra Women's Casual Pleated Scoop Neck Tank Top, Summer",S$1.92,https://sg.shein.com/Sweetra-Women-s-Casual-Pleated-Scoop-Neck-Tank-Top-Summer-p-292473539.html,https://img.ltwebstatic.com/v4/j/pi/2025/11/19/de/1763535238c9c9cadf27d33272167d1c14d7887170_thumbnail_600x.webp,2026-06-02T16:30:14+08:00,,,,,SAVE S$1.92,https://sg.shein.com/Sweetra-Women-s-Casual-Pleated-Scoop-Neck-Tank-Top-Summer-p-292473539.html?mallCode=1&pageListType=4&detailBusinessFrom=0-1_292473539%7C0-2,https://sg.shein.com/Sweetra-Women-s-Casual-Pleated-Scoop-Neck-Tank-Top-Summer-p-292473539.html,True,"mallCode,pageListType,detailBusinessFrom",False,,292473539,True
379950298,7,1,7,"Vela Rue Minimalist Design PantsWith Hook & Zipper Closure, Lightweight Sheer White Solid Color Wide Leg Pants, Fashionable Wide Leg Trousers For All Seasons Spring",S$13.91,https://sg.shein.com/Vela-Rue-Minimalist-Design-PantsWith-Hook-Zipper-Closure-Lightweight-Sheer-White-Solid-Color-Wide-Leg-Pants-Fashionable-Wide-Leg-Trousers-For-All-Seasons-Spring-p-379950298.html,https://img.ltwebstatic.com/v4/j/spmp/2026/03/26/35/1774493490f5dec27bb7f37d2f3913b14e69410844_thumbnail_600x.webp,2026-06-02T16:30:14+08:00,,-4%,,,90k+ sold,https://sg.shein.com/Vela-Rue-Minimalist-Design-PantsWith-Hook-Zipper-Closure-Lightweight-Sheer-White-Solid-Color-Wide-Leg-Pants-Fashionable-Wide-Leg-Trousers-For-All-Seasons-Spring-p-379950298.html?mallCode=1&pageListType=4&detailBusinessFrom=0-1_379950298%7C0-2,https://sg.shein.com/Vela-Rue-Minimalist-Design-PantsWith-Hook-Zipper-Closure-Lightweight-Sheer-White-Solid-Color-Wide-Leg-Pants-Fashionable-Wide-Leg-Trousers-For-All-Seasons-Spring-p-379950298.html,True,"mallCode,pageListType,detailBusinessFrom",False,,379950298,True
292474895,7,1,7,"Sweetra Women's Casual Pleated Square Neck Tank Top, Summer",S$16.49,https://sg.shein.com/Sweetra-Women-s-Casual-Pleated-Square-Neck-Tank-Top-Summer-p-292474895.html,https://img.ltwebstatic.com/v4/j/pi/2025/11/19/50/176353525945306215fbe2301edc1fdd9beab1a4c3_thumbnail_600x.webp,2026-06-02T16:30:14+08:00,,,,,11.8k+ sold,https://sg.shein.com/Sweetra-Women-s-Casual-Pleated-Square-Neck-Tank-Top-Summer-p-292474895.html?mallCode=1&pageListType=4&detailBusinessFrom=0-1_292474895%7C0-2,https://sg.shein.com/Sweetra-Women-s-Casual-Pleated-Square-Neck-Tank-Top-Summer-p-292474895.html,True,"mallCode,pageListType,detailBusinessFrom",False,,292474895,True
146076371,7,1,7,"SHEIN EZwear Women's Casual Vacation Multi-Layer Cake Skirt, Suitable For Summer Chic Dress",S$13.99,https://sg.shein.com/SHEIN-EZwear-Women-s-Casual-Vacation-Multi-Layer-Cake-Skirt-Suitable-For-Summer-Chic-Dress-p-146076371.html,https://img.ltwebstatic.com/v4/j/pi/2025/08/06/57/175445867693db8740d931c37a1a5e42347fcf5891_thumbnail_600x.webp,2026-06-02T16:30:14+08:00,,,,,32.7k+ sold,https://sg.shein.com/SHEIN-EZwear-Women-s-Casual-Vacation-Multi-Layer-Cake-Skirt-Suitable-For-Summer-Chic-Dress-p-146076371.html?mallCode=1&pageListType=4&detailBusinessFrom=0-1_146076371%7C0-2,https://sg.shein.com/SHEIN-EZwear-Women-s-Casual-Vacation-Multi-Layer-Cake-Skirt-Suitable-For-Summer-Chic-Dress-p-146076371.html,True,"mallCode,pageListType,detailBusinessFrom",False,,146076371,True
370459046,7,1,7,Women's Satin Lace Trim Spaghetti Strap Cami Top - Alluring Side Slit Khaki Summer Camisole Casual,S$8.99,https://sg.shein.com/Women-s-Satin-Lace-Trim-Spaghetti-Strap-Cami-Top-Alluring-Side-Slit-Khaki-Summer-Camisole-Casual-p-370459046.html,https://img.ltwebstatic.com/v4/j/ssms/2026/03/17/81/1773730945db202890c3ae07bfaf7168a5e221dc64_thumbnail_600x.webp,2026-06-02T16:30:14+08:00,,,,,13k+ sold,https://sg.shein.com/Women-s-Satin-Lace-Trim-Spaghetti-Strap-Cami-Top-Alluring-Side-Slit-Khaki-Summer-Camisole-Casual-p-370459046.html?mallCode=1&pageListType=4&detailBusinessFrom=0-1_370459046%7C0-2,https://sg.shein.com/Women-s-Satin-Lace-Trim-Spaghetti-Strap-Cami-Top-Alluring-Side-Slit-Khaki-Summer-Camisole-Casual-p-370459046.html,True,"mallCode,pageListType,detailBusinessFrom",False,,370459046,True
441697896,7,1,7,"Summer American Retro Front & Back Print Round Neck Short Sleeve T-Shirt For Women, Loose Fit Slimming Toast Letter Graphic Casual Versatile Top Pink",S$0.58,https://sg.shein.com/Summer-American-Retro-Front-Back-Print-Round-Neck-Short-Sleeve-T-Shirt-For-Women-Loose-Fit-Slimming-Toast-Letter-Graphic-Casual-Versatile-Top-Pink-p-441697896.html,https://img.ltwebstatic.com/v4/j/spmp/2026/04/18/cd/1776497487a434dd7405762ce2093656c846f2c0e4_thumbnail_600x.webp,2026-06-02T16:30:14+08:00,,,,,SAVE S$0.58,https://sg.shein.com/Summer-American-Retro-Front-Back-Print-Round-Neck-Short-Sleeve-T-Shirt-For-Women-Loose-Fit-Slimming-Toast-Letter-Graphic-Casual-Versatile-Top-Pink-p-441697896.html?mallCode=1&pageListType=4&detailBusinessFrom=0-1_441697896%7C0-2,https://sg.shein.com/Summer-American-Retro-Front-Back-Print-Round-Neck-Short-Sleeve-T-Shirt-For-Women-Loose-Fit-Slimming-Toast-Letter-Graphic-Casual-Versatile-Top-Pink-p-441697896.html,True,"mallCode,pageListType,detailBusinessFrom",False,,441697896,True
31296868,7,1,7,"SHEIN EZwear 3pcs Casual Camisole Set, Versatile Sexy Slim Fit Women Tank Top For Summer",S$10.49,https://sg.shein.com/SHEIN-EZwear-3pcs-Casual-Camisole-Set-Versatile-Sexy-Slim-Fit-Women-Tank-Top-For-Summer-p-31296868.html,https://img.ltwebstatic.com/v4/j/pi/2025/08/14/0c/1755175048d1a8aeb2ea0c40453e4aef1ebde7c4ca_thumbnail_600x.webp,2026-06-02T16:30:14+08:00,,,,,31.8k+ sold,https://sg.shein.com/SHEIN-EZwear-3pcs-Casual-Camisole-Set-Versatile-Sexy-Slim-Fit-Women-Tank-Top-For-Summer-p-31296868.html?mallCode=1&pageListType=4&detailBusinessFrom=0-1_31296868%7C0-2,https://sg.shein.com/SHEIN-EZwear-3pcs-Casual-Camisole-Set-Versatile-Sexy-Slim-Fit-Women-Tank-Top-For-Summer-p-31296868.html,True,"mallCode,pageListType,detailBusinessFrom",False,,31296868,True
34200043,7,1,7,"Dazy Designer Grey Women's High Waist Wide Leg Pleated Loose Casual Commute Pants,Women Dress Pants",S$2.53,https://sg.shein.com/Dazy-Designer-Grey-Women-s-High-Waist-Wide-Leg-Pleated-Loose-Casual-Commute-Pants-Women-Dress-Pants-p-34200043.html,https://img.ltwebstatic.com/images3_pi/2024/04/28/65/171426907060e6e667905cb27a50f985dd1c196398_thumbnail_600x.webp,2026-06-02T16:30:14+08:00,,,,,SAVE S$2.53,https://sg.shein.com/Dazy-Designer-Grey-Women-s-High-Waist-Wide-Leg-Pleated-Loose-Casual-Commute-Pants-Women-Dress-Pants-p-34200043.html?mallCode=1&pageListType=4&detailBusinessFrom=0-1_34200043%7C0-2,https://sg.shein.com/Dazy-Designer-Grey-Women-s-High-Waist-Wide-Leg-Pleated-Loose-Casual-Commute-Pants-Women-Dress-Pants-p-34200043.html,True,"mallCode,pageListType,detailBusinessFrom",False,,34200043,True
51551965,7,2,"7,8",Sweetra Women's Solid Color Wide Strap Casual Slim Fit Tank Top,S$17.99,https://sg.shein.com/Sweetra-Women-s-Solid-Color-Wide-Strap-Casual-Slim-Fit-Tank-Top-p-51551965.html,https://img.ltwebstatic.com/images3_pi/2024/12/26/7f/1735189716013a249688b18b29a4cb58e0f58a48f5_thumbnail_600x.webp,2026-06-02T16:30:14+08:00,,,,,17.5k+ sold,https://sg.shein.com/Sweetra-Women-s-Solid-Color-Wide-Strap-Casual-Slim-Fit-Tank-Top-p-51551965.html?mallCode=1&pageListType=4&detailBusinessFrom=0-1_51551965%7C0-2,https://sg.shein.com/Sweetra-Women-s-Solid-Color-Wide-Strap-Casual-Slim-Fit-Tank-Top-p-51551965.html,True,"mallCode,pageListType,detailBusinessFrom",False,,51551965,True
105936677,7,2,"7,8","Sweetra Women's Casual Solid Color Camisole Top, Versatile For Summer",S$1.08,https://sg.shein.com/Sweetra-Women-s-Casual-Solid-Color-Camisole-Top-Versatile-For-Summer-p-105936677.html,https://img.ltwebstatic.com/v4/j/pi/2025/06/23/61/1750641619019f5beba1b9709c963aeccb5f5caac3_thumbnail_600x.webp,2026-06-02T16:30:14+08:00,,,,,SAVE S$1.08,https://sg.shein.com/Sweetra-Women-s-Casual-Solid-Color-Camisole-Top-Versatile-For-Summer-p-105936677.html?mallCode=1&pageListType=4&detailBusinessFrom=0-1_105936677%7C0-2,https://sg.shein.com/Sweetra-Women-s-Casual-Solid-Color-Camisole-Top-Versatile-For-Summer-p-105936677.html,True,"mallCode,pageListType,detailBusinessFrom",False,,105936677,True
242735557,7,1,7,"Sweetra Women's Casual Pleated Scoop Neck Tank Top, Summer",S$15.67,https://sg.shein.com/Sweetra-Women-s-Casual-Pleated-Scoop-Neck-Tank-Top-Summer-p-242735557.html,https://img.ltwebstatic.com/v4/j/pi/2025/10/27/fb/1761551089035077b89cc84f47f02e35a820ca5308_thumbnail_600x.webp,2026-06-02T16:30:14+08:00,,-5%,,,11.8k+ sold,https://sg.shein.com/Sweetra-Women-s-Casual-Pleated-Scoop-Neck-Tank-Top-Summer-p-242735557.html?mallCode=1&pageListType=4&detailBusinessFrom=0-1_242735557%7C0-2,https://sg.shein.com/Sweetra-Women-s-Casual-Pleated-Scoop-Neck-Tank-Top-Summer-p-242735557.html,True,"mallCode,pageListType,detailBusinessFrom",False,,242735557,True
72775778,7,1,7,"Sweetra Women's Vintage Elegant Jacquard Pleated Wide Leg Pants, Autumn/Winter Fall Cloth For Women",S$16.49,https://sg.shein.com/Sweetra-Women-s-Vintage-Elegant-Jacquard-Pleated-Wide-Leg-Pants-Autumn-Winter-Fall-Cloth-For-Women-p-72775778.html,https://img.ltwebstatic.com/v4/j/pi/2025/08/21/a0/175578468013d3814c9b0a168dd1f618d9ce4b8e08_thumbnail_600x.webp,2026-06-02T16:30:14+08:00,,,,,51.5k+ sold,https://sg.shein.com/Sweetra-Women-s-Vintage-Elegant-Jacquard-Pleated-Wide-Leg-Pants-Autumn-Winter-Fall-Cloth-For-Women-p-72775778.html?mallCode=1&pageListType=4&detailBusinessFrom=0-1_72775778%7C0-2,https://sg.shein.com/Sweetra-Women-s-Vintage-Elegant-Jacquard-Pleated-Wide-Leg-Pants-Autumn-Winter-Fall-Cloth-For-Women-p-72775778.html,True,"mallCode,pageListType,detailBusinessFrom",False,,72775778,True
332155056,7,1,7,"SHEIN EZwear 4pcs/Set Casual Round Neck Short Sleeve Fitted Women T-Shirts, Suitable For Summer Spring",S$13.99,https://sg.shein.com/SHEIN-EZwear-4pcs-Set-Casual-Round-Neck-Short-Sleeve-Fitted-Women-T-Shirts-Suitable-For-Summer-Spring-p-332155056.html,https://img.ltwebstatic.com/v4/j/pi/2025/12/20/a8/1766217736d36bc401985eb2811d037eff8c28aa96_thumbnail_600x.webp,2026-06-02T16:30:14+08:00,,,,,46.5k+ sold,https://sg.shein.com/SHEIN-EZwear-4pcs-Set-Casual-Round-Neck-Short-Sleeve-Fitted-Women-T-Shirts-Suitable-For-Summer-Spring-p-332155056.html?mallCode=1&pageListType=4&detailBusinessFrom=0-1_332155056%7C0-2,https://sg.shein.com/SHEIN-EZwear-4pcs-Set-Casual-Round-Neck-Short-Sleeve-Fitted-Women-T-Shirts-Suitable-For-Summer-Spring-p-332155056.html,True,"mallCode,pageListType,detailBusinessFrom",False,,332155056,True
208643065,7,2,"7,9","Sweetra Women's Casual Versatile Tank Top, Summer Graphic Cheetah Print Tees Women Tops",S$1.92,https://sg.shein.com/Sweetra-Women-s-Casual-Versatile-Tank-Top-Summer-Graphic-Cheetah-Print-Tees-Women-Tops-p-208643065.html,https://img.ltwebstatic.com/v4/j/pi/2025/10/09/be/17599764267bbb29e22513d600f1a5c6059d1830a5_thumbnail_600x.webp,2026-06-02T16:30:14+08:00,,,,,SAVE S$1.92,https://sg.shein.com/Sweetra-Women-s-Casual-Versatile-Tank-Top-Summer-Graphic-Cheetah-Print-Tees-Women-Tops-p-208643065.html?mallCode=1&pageListType=4&detailBusinessFrom=0-1_208643065%7C0-2,https://sg.shein.com/Sweetra-Women-s-Casual-Versatile-Tank-Top-Summer-Graphic-Cheetah-Print-Tees-Women-Tops-p-208643065.html,True,"mallCode,pageListType,detailBusinessFrom",False,,208643065,True
58934173,7,1,7,"Sweetra Women's Vintage Elegant Textured Pleated Wide Leg Pants, Autumn/Winter Fall Cloth For Women",S$16.49,https://sg.shein.com/Sweetra-Women-s-Vintage-Elegant-Textured-Pleated-Wide-Leg-Pants-Autumn-Winter-Fall-Cloth-For-Women-p-58934173.html,https://img.ltwebstatic.com/images3_pi/2025/02/27/24/17406516130173d33597ce7f829f727bf15b6b818a_thumbnail_600x.webp,2026-06-02T16:30:14+08:00,,,,,51.5k+ sold,https://sg.shein.com/Sweetra-Women-s-Vintage-Elegant-Textured-Pleated-Wide-Leg-Pants-Autumn-Winter-Fall-Cloth-For-Women-p-58934173.html?mallCode=1&pageListType=4&detailBusinessFrom=0-1_58934173%7C0-2,https://sg.shein.com/Sweetra-Women-s-Vintage-Elegant-Textured-Pleated-Wide-Leg-Pants-Autumn-Winter-Fall-Cloth-For-Women-p-58934173.html,True,"mallCode,pageListType,detailBusinessFrom",False,,58934173,True
59153513,7,1,7,Sweetra 3pcs/Set Women Sexy Hollow Out Backless Comfortable And Breathable Fitted Short Sleeve T-Shirts,S$12.99,https://sg.shein.com/Sweetra-3pcs-Set-Women-Sexy-Hollow-Out-Backless-Comfortable-And-Breathable-Fitted-Short-Sleeve-T-Shirts-p-59153513.html,https://img.ltwebstatic.com/images3_pi/2025/03/03/c1/1740967451b133c6ceaf5d358bbfef3cbf878b056c_thumbnail_600x.webp,2026-06-02T16:30:14+08:00,,,,,32.9k+ sold,https://sg.shein.com/Sweetra-3pcs-Set-Women-Sexy-Hollow-Out-Backless-Comfortable-And-Breathable-Fitted-Short-Sleeve-T-Shirts-p-59153513.html?mallCode=1&pageListType=4&detailBusinessFrom=0-1_59153513%7C0-2,https://sg.shein.com/Sweetra-3pcs-Set-Women-Sexy-Hollow-Out-Backless-Comfortable-And-Breathable-Fitted-Short-Sleeve-T-Shirts-p-59153513.html,True,"mallCode,pageListType,detailBusinessFrom",False,,59153513,True
307971017,7,2,"7,8","Sweetra Women's Vintage Elegant Jacquard Pleated Wide Leg Pants, Autumn/Winter",S$16.49,https://sg.shein.com/Sweetra-Women-s-Vintage-Elegant-Jacquard-Pleated-Wide-Leg-Pants-Autumn-Winter-p-307971017.html,https://img.ltwebstatic.com/v4/j/pi/2025/11/27/69/17642082492584bb41574ed4edfa8fa1e0dccf8d97_thumbnail_600x.webp,2026-06-02T16:30:14+08:00,,,,,21.4k+ sold,https://sg.shein.com/Sweetra-Women-s-Vintage-Elegant-Jacquard-Pleated-Wide-Leg-Pants-Autumn-Winter-p-307971017.html?mallCode=1&pageListType=4&detailBusinessFrom=0-1_307971017%7C0-2,https://sg.shein.com/Sweetra-Women-s-Vintage-Elegant-Jacquard-Pleated-Wide-Leg-Pants-Autumn-Winter-p-307971017.html,True,"mallCode,pageListType,detailBusinessFrom",False,,307971017,True
74403544,7,2,"7,8","Sweetra Women's Vintage Elegant Color Woven Jacquard Pleated Wide Leg Pants, For Autumn/Winter Fall Cloth For Women",S$16.49,https://sg.shein.com/Sweetra-Women-s-Vintage-Elegant-Color-Woven-Jacquard-Pleated-Wide-Leg-Pants-For-Autumn-Winter-Fall-Cloth-For-Women-p-74403544.html,https://img.ltwebstatic.com/v4/j/pi/2025/05/08/9f/17466714176d221b087fa47b270d3f4514e99e115a_thumbnail_600x.webp,2026-06-02T16:30:14+08:00,,,(1000+),,51.5k+ sold,https://sg.shein.com/Sweetra-Women-s-Vintage-Elegant-Color-Woven-Jacquard-Pleated-Wide-Leg-Pants-For-Autumn-Winter-Fall-Cloth-For-Women-p-74403544.html?mallCode=1&pageListType=4&detailBusinessFrom=0-1_74403544%7C0-2,https://sg.shein.com/Sweetra-Women-s-Vintage-Elegant-Color-Woven-Jacquard-Pleated-Wide-Leg-Pants-For-Autumn-Winter-Fall-Cloth-For-Women-p-74403544.html,True,"mallCode,pageListType,detailBusinessFrom",False,,74403544,True
49262922,7,1,7,Sweetra Women Square Neck Ruching Slim Fit Camisole Tank Top,S$17.99,https://sg.shein.com/Sweetra-Women-Square-Neck-Ruching-Slim-Fit-Camisole-Tank-Top-p-49262922.html,https://img.ltwebstatic.com/v4/j/pi/2026/04/23/ef/1776934716c5a1e52b0351789f5fa17f2b1bae0f3b_thumbnail_600x.webp,2026-06-02T16:30:14+08:00,,,,,17.5k+ sold,https://sg.shein.com/Sweetra-Women-Square-Neck-Ruching-Slim-Fit-Camisole-Tank-Top-p-49262922.html?mallCode=1&pageListType=4&detailBusinessFrom=0-1_49262922%7C0-2,https://sg.shein.com/Sweetra-Women-Square-Neck-Ruching-Slim-Fit-Camisole-Tank-Top-p-49262922.html,True,"mallCode,pageListType,detailBusinessFrom",False,,49262922,True
238602557,7,1,7,"Sweetra Women's Vintage Elegant Jacquard Pleated Wide Leg Pants, Autumn/Winter",S$15.19,https://sg.shein.com/Sweetra-Women-s-Vintage-Elegant-Jacquard-Pleated-Wide-Leg-Pants-Autumn-Winter-p-238602557.html,https://img.ltwebstatic.com/v4/j/pi/2025/10/27/bb/17615313379162526b2e060de8036ce341c84fbaee_thumbnail_600x.webp,2026-06-02T16:30:14+08:00,,-5%,,,21.4k+ sold,https://sg.shein.com/Sweetra-Women-s-Vintage-Elegant-Jacquard-Pleated-Wide-Leg-Pants-Autumn-Winter-p-238602557.html?mallCode=1&pageListType=4&detailBusinessFrom=0-1_238602557%7C0-2,https://sg.shein.com/Sweetra-Women-s-Vintage-Elegant-Jacquard-Pleated-Wide-Leg-Pants-Autumn-Winter-p-238602557.html,True,"mallCode,pageListType,detailBusinessFrom",False,,238602557,True
57292026,7,1,7,DAZY Women's Solid Color Round Neck Ribbed Casual Fitted Tank Top Preppy Tops,S$0.78,https://sg.shein.com/DAZY-Women-s-Solid-Color-Round-Neck-Ribbed-Casual-Fitted-Tank-Top-Preppy-Tops-p-57292026.html,https://img.ltwebstatic.com/v4/j/pi/2025/04/10/e9/1744286316a48b3659368c64297a4555628ccdc161_thumbnail_600x.webp,2026-06-02T16:30:14+08:00,,,,,SAVE S$0.78,https://sg.shein.com/DAZY-Women-s-Solid-Color-Round-Neck-Ribbed-Casual-Fitted-Tank-Top-Preppy-Tops-p-57292026.html?mallCode=1&pageListType=4&detailBusinessFrom=0-1_57292026%7C0-2,https://sg.shein.com/DAZY-Women-s-Solid-Color-Round-Neck-Ribbed-Casual-Fitted-Tank-Top-Preppy-Tops-p-57292026.html,True,"mallCode,pageListType,detailBusinessFrom",False,,57292026,True
374102559,7,1,7,DAZY Women's Casual Everyday Washed Slant Pocket Wide Leg Jeans,S$3.41,https://sg.shein.com/DAZY-Women-s-Casual-Everyday-Washed-Slant-Pocket-Wide-Leg-Jeans-p-374102559.html,https://img.ltwebstatic.com/v4/j/pi/2026/01/17/21/1768617062ac3a0648929bde64ad18076b17550c22_thumbnail_600x.webp,2026-06-02T16:30:14+08:00,,,,,SAVE S$3.41,https://sg.shein.com/DAZY-Women-s-Casual-Everyday-Washed-Slant-Pocket-Wide-Leg-Jeans-p-374102559.html?mallCode=1&pageListType=4&detailBusinessFrom=0-1_374102559%7C0-2,https://sg.shein.com/DAZY-Women-s-Casual-Everyday-Washed-Slant-Pocket-Wide-Leg-Jeans-p-374102559.html,True,"mallCode,pageListType,detailBusinessFrom",False,,374102559,True
52915517,7,1,7,"Sweetra Vintage Elegant Jacquard Pleated Wide-Leg Women Pants, Autumn/Winter Fall Cloth For Women",S$16.49,https://sg.shein.com/Sweetra-Vintage-Elegant-Jacquard-Pleated-Wide-Leg-Women-Pants-Autumn-Winter-Fall-Cloth-For-Women-p-52915517.html,https://img.ltwebstatic.com/v4/j/pi/2025/04/24/1b/17454650015b3fbf842a3fab0e1550229c64fe999c_thumbnail_600x.webp,2026-06-02T16:30:14+08:00,,,,,51.5k+ sold,https://sg.shein.com/Sweetra-Vintage-Elegant-Jacquard-Pleated-Wide-Leg-Women-Pants-Autumn-Winter-Fall-Cloth-For-Women-p-52915517.html?mallCode=1&pageListType=4&detailBusinessFrom=0-1_52915517%7C0-2,https://sg.shein.com/Sweetra-Vintage-Elegant-Jacquard-Pleated-Wide-Leg-Women-Pants-Autumn-Winter-Fall-Cloth-For-Women-p-52915517.html,True,"mallCode,pageListType,detailBusinessFrom",False,,52915517,True
31307565,7,1,7,"SHEIN EZwear 3pcs Casual Sexy Camisole Tank Top Set, Slim Fit For Summer, Summer Outfits , Beach Outfits For Women, Summer Holiday Outfits, Holiday Outfits",S$10.49,https://sg.shein.com/SHEIN-EZwear-3pcs-Casual-Sexy-Camisole-Tank-Top-Set-Slim-Fit-For-Summer-Summer-Outfits-Beach-Outfits-For-Women-Summer-Holiday-Outfits-Holiday-Outfits-p-31307565.html,https://sc.ltwebstatic.com/she_dist/images/bg-grey-solid-color-fc04c1310d.png,2026-06-02T16:30:14+08:00,,,,,31.8k+ sold,https://sg.shein.com/SHEIN-EZwear-3pcs-Casual-Sexy-Camisole-Tank-Top-Set-Slim-Fit-For-Summer-Summer-Outfits-Beach-Outfits-For-Women-Summer-Holiday-Outfits-Holiday-Outfits-p-31307565.html?mallCode=1&pageListType=4&detailBusinessFrom=0-1_31307565%7C0-2,https://sg.shein.com/SHEIN-EZwear-3pcs-Casual-Sexy-Camisole-Tank-Top-Set-Slim-Fit-For-Summer-Summer-Outfits-Beach-Outfits-For-Women-Summer-Holiday-Outfits-Holiday-Outfits-p-31307565.html,True,"mallCode,pageListType,detailBusinessFrom",False,,31307565,True
439462664,7,1,7,"Loose Fit White Short Sleeve T-Shirt For Women, Summer New Design Minimalist Casual Top",S$6.99,https://sg.shein.com/Loose-Fit-White-Short-Sleeve-T-Shirt-For-Women-Summer-New-Design-Minimalist-Casual-Top-p-439462664.html,https://sc.ltwebstatic.com/she_dist/images/bg-grey-solid-color-fc04c1310d.png,2026-06-02T16:30:14+08:00,,,,,8.8k+ sold,https://sg.shein.com/Loose-Fit-White-Short-Sleeve-T-Shirt-For-Women-Summer-New-Design-Minimalist-Casual-Top-p-439462664.html?mallCode=1&pageListType=4&detailBusinessFrom=0-1_439462664%7C0-2,https://sg.shein.com/Loose-Fit-White-Short-Sleeve-T-Shirt-For-Women-Summer-New-Design-Minimalist-Casual-Top-p-439462664.html,True,"mallCode,pageListType,detailBusinessFrom",False,,439462664,True
61649877,7,1,7,DAZY Casual Plain Color Wide Leg Jeans Low Rise Jeans,S$3.30,https://sg.shein.com/DAZY-Casual-Plain-Color-Wide-Leg-Jeans-Low-Rise-Jeans-p-61649877.html,https://sc.ltwebstatic.com/she_dist/images/bg-grey-solid-color-fc04c1310d.png,2026-06-02T16:30:14+08:00,,,,,SAVE S$3.30,https://sg.shein.com/DAZY-Casual-Plain-Color-Wide-Leg-Jeans-Low-Rise-Jeans-p-61649877.html?mallCode=1&pageListType=4&detailBusinessFrom=0-1_61649877%7C0-2,https://sg.shein.com/DAZY-Casual-Plain-Color-Wide-Leg-Jeans-Low-Rise-Jeans-p-61649877.html,True,"mallCode,pageListType,detailBusinessFrom",False,,61649877,True
57291902,7,1,7,Mid-Waist Solid Color Elegant Straight Leg Pants With Belt Black Spring,S$18.10,https://sg.shein.com/Mid-Waist-Solid-Color-Elegant-Straight-Leg-Pants-With-Belt-Black-Spring-p-57291902.html,https://sc.ltwebstatic.com/she_dist/images/bg-grey-solid-color-fc04c1310d.png,2026-06-02T16:30:14+08:00,,-2%,,,42.5k+ sold,https://sg.shein.com/Mid-Waist-Solid-Color-Elegant-Straight-Leg-Pants-With-Belt-Black-Spring-p-57291902.html?mallCode=1&pageListType=4&detailBusinessFrom=0-1_57291902%7C0-2,https://sg.shein.com/Mid-Waist-Solid-Color-Elegant-Straight-Leg-Pants-With-Belt-Black-Spring-p-57291902.html,True,"mallCode,pageListType,detailBusinessFrom",False,,57291902,True
125304291,7,1,7,Sweetra 3pcs Women's Summer Casual Basic Solid Color Square Neck Pleated Fitted Tank Tops,S$17.99,https://sg.shein.com/Sweetra-3pcs-Women-s-Summer-Casual-Basic-Solid-Color-Square-Neck-Pleated-Fitted-Tank-Tops-p-125304291.html,https://sc.ltwebstatic.com/she_dist/images/bg-grey-solid-color-fc04c1310d.png,2026-06-02T16:30:14+08:00,,,,,28.6k+ sold,https://sg.shein.com/Sweetra-3pcs-Women-s-Summer-Casual-Basic-Solid-Color-Square-Neck-Pleated-Fitted-Tank-Tops-p-125304291.html?mallCode=1&pageListType=4&detailBusinessFrom=0-1_125304291%7C0-2,https://sg.shein.com/Sweetra-3pcs-Women-s-Summer-Casual-Basic-Solid-Color-Square-Neck-Pleated-Fitted-Tank-Tops-p-125304291.html,True,"mallCode,pageListType,detailBusinessFrom",False,,125304291,True
436495192,7,1,7,"Comfortcana 3pcs Women's Solid Color Casual Versatile Camisole Tank Top,95% Cotton Black And White,Summmer,Basics,Everyday Spaghetti Cami Multipack Body Tops",S$13.49,https://sg.shein.com/Comfortcana-3pcs-Women-s-Solid-Color-Casual-Versatile-Camisole-Tank-Top-95-Cotton-Black-And-White-Summmer-Basics-Everyday-Spaghetti-Cami-Multipack-Body-Tops-p-436495192.html,https://sc.ltwebstatic.com/she_dist/images/bg-grey-solid-color-fc04c1310d.png,2026-06-02T16:30:14+08:00,,95%,,,23.1k+ sold,https://sg.shein.com/Comfortcana-3pcs-Women-s-Solid-Color-Casual-Versatile-Camisole-Tank-Top-95-Cotton-Black-And-White-Summmer-Basics-Everyday-Spaghetti-Cami-Multipack-Body-Tops-p-436495192.html?mallCode=1&pageListType=4&detailBusinessFrom=0-1_436495192%7C0-2,https://sg.shein.com/Comfortcana-3pcs-Women-s-Solid-Color-Casual-Versatile-Camisole-Tank-Top-95-Cotton-Black-And-White-Summmer-Basics-Everyday-Spaghetti-Cami-Multipack-Body-Tops-p-436495192.html,True,"mallCode,pageListType,detailBusinessFrom",False,,436495192,True
3148752,7,1,7,SHEIN EZwear 3 Packs Rib-Knit Tank Top,S$16.99,https://sg.shein.com/SHEIN-EZwear-3-Packs-Rib-Knit-Tank-Top-p-3148752.html,https://sc.ltwebstatic.com/she_dist/images/bg-grey-solid-color-fc04c1310d.png,2026-06-02T16:30:14+08:00,,,,,11k+ sold,https://sg.shein.com/SHEIN-EZwear-3-Packs-Rib-Knit-Tank-Top-p-3148752.html?mallCode=1&pageListType=4&detailBusinessFrom=0-1_3148752%7C0-2,https://sg.shein.com/SHEIN-EZwear-3-Packs-Rib-Knit-Tank-Top-p-3148752.html,True,"mallCode,pageListType,detailBusinessFrom",False,,3148752,True
170681277,7,1,7,SHEIN Unity Women's Solid Color Square Neck Pleated Cropped Fitted Casual Versatile Tank Top,S$5.99,https://sg.shein.com/SHEIN-Unity-Women-s-Solid-Color-Square-Neck-Pleated-Cropped-Fitted-Casual-Versatile-Tank-Top-p-170681277.html,https://sc.ltwebstatic.com/she_dist/images/bg-grey-solid-color-fc04c1310d.png,2026-06-02T16:30:14+08:00,,,,,49.6k+ sold,https://sg.shein.com/SHEIN-Unity-Women-s-Solid-Color-Square-Neck-Pleated-Cropped-Fitted-Casual-Versatile-Tank-Top-p-170681277.html?mallCode=1&pageListType=4&detailBusinessFrom=0-1_170681277%7C0-2,https://sg.shein.com/SHEIN-Unity-Women-s-Solid-Color-Square-Neck-Pleated-Cropped-Fitted-Casual-Versatile-Tank-Top-p-170681277.html,True,"mallCode,pageListType,detailBusinessFrom",False,,170681277,True
318470690,7,1,7,"Sweetra Women's Vintage Elegant Jacquard Pleated Wide Leg Pants, Autumn/Winter",S$16.49,https://sg.shein.com/Sweetra-Women-s-Vintage-Elegant-Jacquard-Pleated-Wide-Leg-Pants-Autumn-Winter-p-318470690.html,https://sc.ltwebstatic.com/she_dist/images/bg-grey-solid-color-fc04c1310d.png,2026-06-02T16:30:14+08:00,,,,,21.4k+ sold,https://sg.shein.com/Sweetra-Women-s-Vintage-Elegant-Jacquard-Pleated-Wide-Leg-Pants-Autumn-Winter-p-318470690.html?mallCode=1&pageListType=4&detailBusinessFrom=0-1_318470690%7C0-2,https://sg.shein.com/Sweetra-Women-s-Vintage-Elegant-Jacquard-Pleated-Wide-Leg-Pants-Autumn-Winter-p-318470690.html,True,"mallCode,pageListType,detailBusinessFrom",False,,318470690,True
447050609,7,1,7,"Vela Rue Minimalist Design Jumpsuit, Thin Transparent Long Pants, Solid Navy Blue Suit Pants, Zipper Hook Closure, Wide Leg Slimming, Fashionable Wide Leg Pants For All Seasons",S$13.70,https://sg.shein.com/Vela-Rue-Minimalist-Design-Jumpsuit-Thin-Transparent-Long-Pants-Solid-Navy-Blue-Suit-Pants-Zipper-Hook-Closure-Wide-Leg-Slimming-Fashionable-Wide-Leg-Pants-For-All-Seasons-p-447050609.html,https://sc.ltwebstatic.com/she_dist/images/bg-grey-solid-color-fc04c1310d.png,2026-06-02T16:30:14+08:00,,-5%,,,90k+ sold,https://sg.shein.com/Vela-Rue-Minimalist-Design-Jumpsuit-Thin-Transparent-Long-Pants-Solid-Navy-Blue-Suit-Pants-Zipper-Hook-Closure-Wide-Leg-Slimming-Fashionable-Wide-Leg-Pants-For-All-Seasons-p-447050609.html?mallCode=1&pageListType=4&detailBusinessFrom=0-1_447050609%7C0-2,https://sg.shein.com/Vela-Rue-Minimalist-Design-Jumpsuit-Thin-Transparent-Long-Pants-Solid-Navy-Blue-Suit-Pants-Zipper-Hook-Closure-Wide-Leg-Slimming-Fashionable-Wide-Leg-Pants-For-All-Seasons-p-447050609.html,True,"mallCode,pageListType,detailBusinessFrom",False,,447050609,True
467480804,7,1,7,"Vintage Leopard Print & Graphic Oversized T-Shirt, Y2K Style Casual Short Sleeve Top, Urban Streetwear White Summer",S$0.94,https://sg.shein.com/Vintage-Leopard-Print-Graphic-Oversized-T-Shirt-Y2K-Style-Casual-Short-Sleeve-Top-Urban-Streetwear-White-Summer-p-467480804.html,https://sc.ltwebstatic.com/she_dist/images/bg-grey-solid-color-fc04c1310d.png,2026-06-02T16:30:14+08:00,,,,,SAVE S$0.94,https://sg.shein.com/Vintage-Leopard-Print-Graphic-Oversized-T-Shirt-Y2K-Style-Casual-Short-Sleeve-Top-Urban-Streetwear-White-Summer-p-467480804.html?mallCode=1&pageListType=4&detailBusinessFrom=0-1_467480804%7C0-2,https://sg.shein.com/Vintage-Leopard-Print-Graphic-Oversized-T-Shirt-Y2K-Style-Casual-Short-Sleeve-Top-Urban-Streetwear-White-Summer-p-467480804.html,True,"mallCode,pageListType,detailBusinessFrom",False,,467480804,True
59290966,7,1,7,Sweetra 3Pcs/Set Women Sexy Hollow Out & Backless Comfortable Moisture Wicking Slim Fit Short Sleeve T-Shirt Top,S$13.49,https://sg.shein.com/Sweetra-3Pcs-Set-Women-Sexy-Hollow-Out-Backless-Comfortable-Moisture-Wicking-Slim-Fit-Short-Sleeve-T-Shirt-Top-p-59290966.html,https://sc.ltwebstatic.com/she_dist/images/bg-grey-solid-color-fc04c1310d.png,2026-06-02T16:30:14+08:00,,,,,32.9k+ sold,https://sg.shein.com/Sweetra-3Pcs-Set-Women-Sexy-Hollow-Out-Backless-Comfortable-Moisture-Wicking-Slim-Fit-Short-Sleeve-T-Shirt-Top-p-59290966.html?mallCode=1&pageListType=4&detailBusinessFrom=0-1_59290966%7C0-2,https://sg.shein.com/Sweetra-3Pcs-Set-Women-Sexy-Hollow-Out-Backless-Comfortable-Moisture-Wicking-Slim-Fit-Short-Sleeve-T-Shirt-Top-p-59290966.html,True,"mallCode,pageListType,detailBusinessFrom",False,,59290966,True
35374574,7,1,7,"SHEIN EZwear 3pcs Women's Versatile Square Neck Short Sleeve Cropped Casual Fitted T-Shirt, Suitable For Summer",S$1.50,https://sg.shein.com/SHEIN-EZwear-3pcs-Women-s-Versatile-Square-Neck-Short-Sleeve-Cropped-Casual-Fitted-T-Shirt-Suitable-For-Summer-p-35374574.html,https://sc.ltwebstatic.com/she_dist/images/bg-grey-solid-color-fc04c1310d.png,2026-06-02T16:30:14+08:00,,,,,SAVE S$1.50,https://sg.shein.com/SHEIN-EZwear-3pcs-Women-s-Versatile-Square-Neck-Short-Sleeve-Cropped-Casual-Fitted-T-Shirt-Suitable-For-Summer-p-35374574.html?mallCode=1&pageListType=4&detailBusinessFrom=0-1_35374574%7C0-2,https://sg.shein.com/SHEIN-EZwear-3pcs-Women-s-Versatile-Square-Neck-Short-Sleeve-Cropped-Casual-Fitted-T-Shirt-Suitable-For-Summer-p-35374574.html,True,"mallCode,pageListType,detailBusinessFrom",False,,35374574,True
28800355,7,1,7,"SHEIN EZwear 4pcs/Set Solid Color Cropped Round Neck Short Sleeve Fitted Women T-Shirt, Suitable For Summer",S$13.99,https://sg.shein.com/SHEIN-EZwear-4pcs-Set-Solid-Color-Cropped-Round-Neck-Short-Sleeve-Fitted-Women-T-Shirt-Suitable-For-Summer-p-28800355.html,https://sc.ltwebstatic.com/she_dist/images/bg-grey-solid-color-fc04c1310d.png,2026-06-02T16:30:14+08:00,,,,,46.5k+ sold,https://sg.shein.com/SHEIN-EZwear-4pcs-Set-Solid-Color-Cropped-Round-Neck-Short-Sleeve-Fitted-Women-T-Shirt-Suitable-For-Summer-p-28800355.html?mallCode=1&pageListType=4&detailBusinessFrom=0-1_28800355%7C0-2,https://sg.shein.com/SHEIN-EZwear-4pcs-Set-Solid-Color-Cropped-Round-Neck-Short-Sleeve-Fitted-Women-T-Shirt-Suitable-For-Summer-p-28800355.html,True,"mallCode,pageListType,detailBusinessFrom",False,,28800355,True
73895640,7,1,7,"Sweetra Women's Vintage Elegant Jacquard Pleated Wide-Leg Pants, Autumn/Winter Fall Cloth For Women",S$16.49,https://sg.shein.com/Sweetra-Women-s-Vintage-Elegant-Jacquard-Pleated-Wide-Leg-Pants-Autumn-Winter-Fall-Cloth-For-Women-p-73895640.html,https://sc.ltwebstatic.com/she_dist/images/bg-grey-solid-color-fc04c1310d.png,2026-06-02T16:30:14+08:00,,,,,51.5k+ sold,https://sg.shein.com/Sweetra-Women-s-Vintage-Elegant-Jacquard-Pleated-Wide-Leg-Pants-Autumn-Winter-Fall-Cloth-For-Women-p-73895640.html?mallCode=1&pageListType=4&detailBusinessFrom=0-1_73895640%7C0-2,https://sg.shein.com/Sweetra-Women-s-Vintage-Elegant-Jacquard-Pleated-Wide-Leg-Pants-Autumn-Winter-Fall-Cloth-For-Women-p-73895640.html,True,"mallCode,pageListType,detailBusinessFrom",False,,73895640,True
278208928,7,1,7,"Women's Faux Suede Collar Solid Color Zip-Up Jacket, Casual Wear For School, Airport, Spring/Autumn",S$17.27,https://sg.shein.com/Women-s-Faux-Suede-Collar-Solid-Color-Zip-Up-Jacket-Casual-Wear-For-School-Airport-Spring-Autumn-p-278208928.html,https://sc.ltwebstatic.com/she_dist/images/bg-grey-solid-color-fc04c1310d.png,2026-06-02T16:30:14+08:00,,-4%,,,27.9k+ sold,https://sg.shein.com/Women-s-Faux-Suede-Collar-Solid-Color-Zip-Up-Jacket-Casual-Wear-For-School-Airport-Spring-Autumn-p-278208928.html?mallCode=1&pageListType=4&detailBusinessFrom=0-1_278208928%7C0-2,https://sg.shein.com/Women-s-Faux-Suede-Collar-Solid-Color-Zip-Up-Jacket-Casual-Wear-For-School-Airport-Spring-Autumn-p-278208928.html,True,"mallCode,pageListType,detailBusinessFrom",False,,278208928,True
56220894,7,1,7,Sweetra Autumn And Winter Retro Elegant Yarn-Dyed Twill Pleated Wide-Leg Women's Trousers Fall Cloth For Women,S$16.49,https://sg.shein.com/Sweetra-Autumn-And-Winter-Retro-Elegant-Yarn-Dyed-Twill-Pleated-Wide-Leg-Women-s-Trousers-Fall-Cloth-For-Women-p-56220894.html,https://sc.ltwebstatic.com/she_dist/images/bg-grey-solid-color-fc04c1310d.png,2026-06-02T16:30:14+08:00,,,,,51.5k+ sold,https://sg.shein.com/Sweetra-Autumn-And-Winter-Retro-Elegant-Yarn-Dyed-Twill-Pleated-Wide-Leg-Women-s-Trousers-Fall-Cloth-For-Women-p-56220894.html?mallCode=1&pageListType=4&detailBusinessFrom=0-1_56220894%7C0-2,https://sg.shein.com/Sweetra-Autumn-And-Winter-Retro-Elegant-Yarn-Dyed-Twill-Pleated-Wide-Leg-Women-s-Trousers-Fall-Cloth-For-Women-p-56220894.html,True,"mallCode,pageListType,detailBusinessFrom",False,,56220894,True
163902125,7,1,7,"Women's Versatile Minimalist Wide Leg Pants, High Waist, Slimming, Straight Leg, Suitable For All Seasons Spring",S$2.53,https://sg.shein.com/Women-s-Versatile-Minimalist-Wide-Leg-Pants-High-Waist-Slimming-Straight-Leg-Suitable-For-All-Seasons-Spring-p-163902125.html,https://sc.ltwebstatic.com/she_dist/images/bg-grey-solid-color-fc04c1310d.png,2026-06-02T16:30:14+08:00,,,,,SAVE S$2.53,https://sg.shein.com/Women-s-Versatile-Minimalist-Wide-Leg-Pants-High-Waist-Slimming-Straight-Leg-Suitable-For-All-Seasons-Spring-p-163902125.html?mallCode=1&pageListType=4&detailBusinessFrom=0-1_163902125%7C0-2,https://sg.shein.com/Women-s-Versatile-Minimalist-Wide-Leg-Pants-High-Waist-Slimming-Straight-Leg-Suitable-For-All-Seasons-Spring-p-163902125.html,True,"mallCode,pageListType,detailBusinessFrom",False,,163902125,True
34887224,7,1,7,"SHEIN EZwear 3pcs/Set Women's Casual Sexy Tight Fitting Camisole Tops, Suitable For Summer",S$10.49,https://sg.shein.com/SHEIN-EZwear-3pcs-Set-Women-s-Casual-Sexy-Tight-Fitting-Camisole-Tops-Suitable-For-Summer-p-34887224.html,https://sc.ltwebstatic.com/she_dist/images/bg-grey-solid-color-fc04c1310d.png,2026-06-02T16:30:14+08:00,,,,,31.8k+ sold,https://sg.shein.com/SHEIN-EZwear-3pcs-Set-Women-s-Casual-Sexy-Tight-Fitting-Camisole-Tops-Suitable-For-Summer-p-34887224.html?mallCode=1&pageListType=4&detailBusinessFrom=0-1_34887224%7C0-2,https://sg.shein.com/SHEIN-EZwear-3pcs-Set-Women-s-Casual-Sexy-Tight-Fitting-Camisole-Tops-Suitable-For-Summer-p-34887224.html,True,"mallCode,pageListType,detailBusinessFrom",False,,34887224,True
395190121,7,1,7,"Sweetra New Shiny Fabric Elegant Commuter Everyday Slim Waist Women Tank Top, Autumn",S$10.49,https://sg.shein.com/Sweetra-New-Shiny-Fabric-Elegant-Commuter-Everyday-Slim-Waist-Women-Tank-Top-Autumn-p-395190121.html,https://sc.ltwebstatic.com/she_dist/images/bg-grey-solid-color-fc04c1310d.png,2026-06-02T16:30:14+08:00,,,,,49.6k+ sold,https://sg.shein.com/Sweetra-New-Shiny-Fabric-Elegant-Commuter-Everyday-Slim-Waist-Women-Tank-Top-Autumn-p-395190121.html?mallCode=1&pageListType=4&detailBusinessFrom=0-1_395190121%7C0-2,https://sg.shein.com/Sweetra-New-Shiny-Fabric-Elegant-Commuter-Everyday-Slim-Waist-Women-Tank-Top-Autumn-p-395190121.html,True,"mallCode,pageListType,detailBusinessFrom",False,,395190121,True
43367316,7,1,7,"SHEIN EZwear 4pcs/Set Women Casual Round Neck Slim-Fit Short Sleeve T-Shirts, Suitable For Summer Suitable For Going Out",S$13.99,https://sg.shein.com/SHEIN-EZwear-4pcs-Set-Women-Casual-Round-Neck-Slim-Fit-Short-Sleeve-T-Shirts-Suitable-For-Summer-Suitable-For-Going-Out-p-43367316.html,https://sc.ltwebstatic.com/she_dist/images/bg-grey-solid-color-fc04c1310d.png,2026-06-02T16:30:14+08:00,,,,,46.5k+ sold,https://sg.shein.com/SHEIN-EZwear-4pcs-Set-Women-Casual-Round-Neck-Slim-Fit-Short-Sleeve-T-Shirts-Suitable-For-Summer-Suitable-For-Going-Out-p-43367316.html?mallCode=1&pageListType=4&detailBusinessFrom=0-1_43367316%7C0-2,https://sg.shein.com/SHEIN-EZwear-4pcs-Set-Women-Casual-Round-Neck-Slim-Fit-Short-Sleeve-T-Shirts-Suitable-For-Summer-Suitable-For-Going-Out-p-43367316.html,True,"mallCode,pageListType,detailBusinessFrom",False,,43367316,True
51393971,7,1,7,"SHEIN EZwear 3pcs Women Short Sleeve Cropped Casual Fitted T-Shirts, Suitable For Summer Suitable For Going Out",S$11.99,https://sg.shein.com/SHEIN-EZwear-3pcs-Women-Short-Sleeve-Cropped-Casual-Fitted-T-Shirts-Suitable-For-Summer-Suitable-For-Going-Out-p-51393971.html,https://sc.ltwebstatic.com/she_dist/images/bg-grey-solid-color-fc04c1310d.png,2026-06-02T16:30:14+08:00,,,,,31.9k+ sold,https://sg.shein.com/SHEIN-EZwear-3pcs-Women-Short-Sleeve-Cropped-Casual-Fitted-T-Shirts-Suitable-For-Summer-Suitable-For-Going-Out-p-51393971.html?mallCode=1&pageListType=4&detailBusinessFrom=0-1_51393971%7C0-2,https://sg.shein.com/SHEIN-EZwear-3pcs-Women-Short-Sleeve-Cropped-Casual-Fitted-T-Shirts-Suitable-For-Summer-Suitable-For-Going-Out-p-51393971.html,True,"mallCode,pageListType,detailBusinessFrom",False,,51393971,True
170291268,7,1,7,"Women's Spring/Summer High-Waisted Draped Pleated Tailored Suit Trousers, Coffee Color, Suitable For Daily Commute, Workplace And Casual Wear",S$15.65,https://sg.shein.com/Women-s-Spring-Summer-High-Waisted-Draped-Pleated-Tailored-Suit-Trousers-Coffee-Color-Suitable-For-Daily-Commute-Workplace-And-Casual-Wear-p-170291268.html,https://sc.ltwebstatic.com/she_dist/images/bg-grey-solid-color-fc04c1310d.png,2026-06-02T16:30:14+08:00,,-13%,,,50.7k+ sold,https://sg.shein.com/Women-s-Spring-Summer-High-Waisted-Draped-Pleated-Tailored-Suit-Trousers-Coffee-Color-Suitable-For-Daily-Commute-Workplace-And-Casual-Wear-p-170291268.html?mallCode=1&pageListType=4&detailBusinessFrom=0-1_170291268%7C0-2,https://sg.shein.com/Women-s-Spring-Summer-High-Waisted-Draped-Pleated-Tailored-Suit-Trousers-Coffee-Color-Suitable-For-Daily-Commute-Workplace-And-Casual-Wear-p-170291268.html,True,"mallCode,pageListType,detailBusinessFrom",False,,170291268,True
467477488,7,1,7,"New York Leopard Print Retro College Logo T-Shirt, Y2K Aesthetic Casual Short Sleeve, Urban Street Style Pink",S$0.60,https://sg.shein.com/New-York-Leopard-Print-Retro-College-Logo-T-Shirt-Y2K-Aesthetic-Casual-Short-Sleeve-Urban-Street-Style-Pink-p-467477488.html,https://sc.ltwebstatic.com/she_dist/images/bg-grey-solid-color-fc04c1310d.png,2026-06-02T16:30:14+08:00,,,,,SAVE S$0.60,https://sg.shein.com/New-York-Leopard-Print-Retro-College-Logo-T-Shirt-Y2K-Aesthetic-Casual-Short-Sleeve-Urban-Street-Style-Pink-p-467477488.html?mallCode=1&pageListType=4&detailBusinessFrom=0-1_467477488%7C0-2,https://sg.shein.com/New-York-Leopard-Print-Retro-College-Logo-T-Shirt-Y2K-Aesthetic-Casual-Short-Sleeve-Urban-Street-Style-Pink-p-467477488.html,True,"mallCode,pageListType,detailBusinessFrom",False,,467477488,True
427972931,7,1,7,"Women's Summer New Casual Slogan Print Loose Fit Round Neck Short Sleeve T-Shirt, Fashionable Daily Vacation Wear, Suitable For Everyday And Holiday Occasions. Women's T-Shirt Top.",S$4.26,https://sg.shein.com/Women-s-Summer-New-Casual-Slogan-Print-Loose-Fit-Round-Neck-Short-Sleeve-T-Shirt-Fashionable-Daily-Vacation-Wear-Suitable-For-Everyday-And-Holiday-Occasions-Women-s-T-Shirt-Top-p-427972931.html,https://sc.ltwebstatic.com/she_dist/images/bg-grey-solid-color-fc04c1310d.png,2026-06-02T16:30:14+08:00,,-5%,,,3.4k+ sold,https://sg.shein.com/Women-s-Summer-New-Casual-Slogan-Print-Loose-Fit-Round-Neck-Short-Sleeve-T-Shirt-Fashionable-Daily-Vacation-Wear-Suitable-For-Everyday-And-Holiday-Occasions-Women-s-T-Shirt-Top-p-427972931.html?mallCode=1&pageListType=4&detailBusinessFrom=0-1_427972931%7C0-2,https://sg.shein.com/Women-s-Summer-New-Casual-Slogan-Print-Loose-Fit-Round-Neck-Short-Sleeve-T-Shirt-Fashionable-Daily-Vacation-Wear-Suitable-For-Everyday-And-Holiday-Occasions-Women-s-T-Shirt-Top-p-427972931.html,True,"mallCode,pageListType,detailBusinessFrom",False,,427972931,True
86336943,7,1,7,"INAWLY 3pcs/Set Women Simple Versatile T-Shirts With Waist Design, Summer",S$13.99,https://sg.shein.com/INAWLY-3pcs-Set-Women-Simple-Versatile-T-Shirts-With-Waist-Design-Summer-p-86336943.html,https://sc.ltwebstatic.com/she_dist/images/bg-grey-solid-color-fc04c1310d.png,2026-06-02T16:30:14+08:00,,,,,63.2k+ sold,https://sg.shein.com/INAWLY-3pcs-Set-Women-Simple-Versatile-T-Shirts-With-Waist-Design-Summer-p-86336943.html?mallCode=1&pageListType=4&detailBusinessFrom=0-1_86336943%7C0-2,https://sg.shein.com/INAWLY-3pcs-Set-Women-Simple-Versatile-T-Shirts-With-Waist-Design-Summer-p-86336943.html,True,"mallCode,pageListType,detailBusinessFrom",False,,86336943,True
30975239,7,1,7,"SHEIN EZwear 4pcs Simple Slim-Fit Casual Crop Cami Top, Summer Back To School",S$1.62,https://sg.shein.com/SHEIN-EZwear-4pcs-Simple-Slim-Fit-Casual-Crop-Cami-Top-Summer-Back-To-School-p-30975239.html,https://sc.ltwebstatic.com/she_dist/images/bg-grey-solid-color-fc04c1310d.png,2026-06-02T16:30:14+08:00,,,,,SAVE S$1.62,https://sg.shein.com/SHEIN-EZwear-4pcs-Simple-Slim-Fit-Casual-Crop-Cami-Top-Summer-Back-To-School-p-30975239.html?mallCode=1&pageListType=4&detailBusinessFrom=0-1_30975239%7C0-2,https://sg.shein.com/SHEIN-EZwear-4pcs-Simple-Slim-Fit-Casual-Crop-Cami-Top-Summer-Back-To-School-p-30975239.html,True,"mallCode,pageListType,detailBusinessFrom",False,,30975239,True
447979970,7,2,"7,8",SHEIN PETITE Women's Solid Color Tie Waist Wide Leg Loose Casual Versatile Pants,S$10.99,https://sg.shein.com/SHEIN-PETITE-Women-s-Solid-Color-Tie-Waist-Wide-Leg-Loose-Casual-Versatile-Pants-p-447979970.html,https://sc.ltwebstatic.com/she_dist/images/bg-grey-solid-color-fc04c1310d.png,2026-06-02T16:30:14+08:00,,,,,6k+ sold,https://sg.shein.com/SHEIN-PETITE-Women-s-Solid-Color-Tie-Waist-Wide-Leg-Loose-Casual-Versatile-Pants-p-447979970.html?mallCode=1&pageListType=4&detailBusinessFrom=0-1_447979970%7C0-2,https://sg.shein.com/SHEIN-PETITE-Women-s-Solid-Color-Tie-Waist-Wide-Leg-Loose-Casual-Versatile-Pants-p-447979970.html,True,"mallCode,pageListType,detailBusinessFrom",False,,447979970,True
291694383,7,1,7,Franclia Petite Women's Casual Solid Color Suit Pants,S$18.49,https://sg.shein.com/Franclia-Petite-Women-s-Casual-Solid-Color-Suit-Pants-p-291694383.html,https://sc.ltwebstatic.com/she_dist/images/bg-grey-solid-color-fc04c1310d.png,2026-06-02T16:30:14+08:00,,,,,10.8k+ sold,https://sg.shein.com/Franclia-Petite-Women-s-Casual-Solid-Color-Suit-Pants-p-291694383.html?mallCode=1&pageListType=4&detailBusinessFrom=0-1_291694383%7C0-2,https://sg.shein.com/Franclia-Petite-Women-s-Casual-Solid-Color-Suit-Pants-p-291694383.html,True,"mallCode,pageListType,detailBusinessFrom",False,,291694383,True
33940907,7,1,7,SHEIN Clasi Women Wide Leg Casual Pants With Textured Solid Color Fabric Fall Cloth For Women,S$14.49,https://sg.shein.com/SHEIN-Clasi-Women-Wide-Leg-Casual-Pants-With-Textured-Solid-Color-Fabric-Fall-Cloth-For-Women-p-33940907.html,https://sc.ltwebstatic.com/she_dist/images/bg-grey-solid-color-fc04c1310d.png,2026-06-02T16:30:14+08:00,,,,,13.8k+ sold,https://sg.shein.com/SHEIN-Clasi-Women-Wide-Leg-Casual-Pants-With-Textured-Solid-Color-Fabric-Fall-Cloth-For-Women-p-33940907.html?mallCode=1&pageListType=4&detailBusinessFrom=0-1_33940907%7C0-2,https://sg.shein.com/SHEIN-Clasi-Women-Wide-Leg-Casual-Pants-With-Textured-Solid-Color-Fabric-Fall-Cloth-For-Women-p-33940907.html,True,"mallCode,pageListType,detailBusinessFrom",False,,33940907,True
208827936,7,2,"7,8","Vela Rue Minimalist Design Jumpsuit, Thin Solid Color Suit Pants With Zipper & Hook Closure, Flared Leg Slimming Trousers, Fashion All Season Spring",S$13.91,https://sg.shein.com/Vela-Rue-Minimalist-Design-Jumpsuit-Thin-Solid-Color-Suit-Pants-With-Zipper-Hook-Closure-Flared-Leg-Slimming-Trousers-Fashion-All-Season-Spring-p-208827936.html,https://sc.ltwebstatic.com/she_dist/images/bg-grey-solid-color-fc04c1310d.png,2026-06-02T16:30:14+08:00,,-4%,,,90k+ sold,https://sg.shein.com/Vela-Rue-Minimalist-Design-Jumpsuit-Thin-Solid-Color-Suit-Pants-With-Zipper-Hook-Closure-Flared-Leg-Slimming-Trousers-Fashion-All-Season-Spring-p-208827936.html?mallCode=1&pageListType=4&detailBusinessFrom=0-1_208827936%7C0-2,https://sg.shein.com/Vela-Rue-Minimalist-Design-Jumpsuit-Thin-Solid-Color-Suit-Pants-With-Zipper-Hook-Closure-Flared-Leg-Slimming-Trousers-Fashion-All-Season-Spring-p-208827936.html,True,"mallCode,pageListType,detailBusinessFrom",False,,208827936,True
33291483,7,1,7,"SHEIN EZwear 3pcs Square Neck Short Sleeve Cropped Casual T-Shirt For Women, Summer Suitable For Going Out",S$1.56,https://sg.shein.com/SHEIN-EZwear-3pcs-Square-Neck-Short-Sleeve-Cropped-Casual-T-Shirt-For-Women-Summer-Suitable-For-Going-Out-p-33291483.html,https://sc.ltwebstatic.com/she_dist/images/bg-grey-solid-color-fc04c1310d.png,2026-06-02T16:30:14+08:00,,,,,SAVE S$1.56,https://sg.shein.com/SHEIN-EZwear-3pcs-Square-Neck-Short-Sleeve-Cropped-Casual-T-Shirt-For-Women-Summer-Suitable-For-Going-Out-p-33291483.html?mallCode=1&pageListType=4&detailBusinessFrom=0-1_33291483%7C0-2,https://sg.shein.com/SHEIN-EZwear-3pcs-Square-Neck-Short-Sleeve-Cropped-Casual-T-Shirt-For-Women-Summer-Suitable-For-Going-Out-p-33291483.html,True,"mallCode,pageListType,detailBusinessFrom",False,,33291483,True
169595595,8,1,8,Women's Spring/Summer High-Waisted Draped Pleated Crisp Cut Daily Commute Suitable For Workplace And Casual Beige Suit Pants,S$15.65,https://sg.shein.com/Women-s-Spring-Summer-High-Waisted-Draped-Pleated-Crisp-Cut-Daily-Commute-Suitable-For-Workplace-And-Casual-Beige-Suit-Pants-p-169595595.html,https://img.ltwebstatic.com/v4/j/ssms/2026/01/19/45/17688017216ccdeffef907b6e20acb921224aecee1_thumbnail_600x.webp,2026-06-02T16:31:58+08:00,,-13%,,,50.7k+ sold,https://sg.shein.com/Women-s-Spring-Summer-High-Waisted-Draped-Pleated-Crisp-Cut-Daily-Commute-Suitable-For-Workplace-And-Casual-Beige-Suit-Pants-p-169595595.html?mallCode=1&pageListType=4&detailBusinessFrom=0-1_169595595%7C0-2,https://sg.shein.com/Women-s-Spring-Summer-High-Waisted-Draped-Pleated-Crisp-Cut-Daily-Commute-Suitable-For-Workplace-And-Casual-Beige-Suit-Pants-p-169595595.html,True,"mallCode,pageListType,detailBusinessFrom",False,,169595595,True
69636137,8,1,8,"Resyla Women's Minimalist Faux Pearl Heart Studded Round Neck Short Sleeve T-Shirt, Summer",S$5.49,https://sg.shein.com/Resyla-Women-s-Minimalist-Faux-Pearl-Heart-Studded-Round-Neck-Short-Sleeve-T-Shirt-Summer-p-69636137.html,https://img.ltwebstatic.com/v4/j/pi/2025/06/16/7d/1750041664717882f8235686c2a05efffbb847ba1c_thumbnail_600x.webp,2026-06-02T16:31:58+08:00,,,,,51.6k+ sold,https://sg.shein.com/Resyla-Women-s-Minimalist-Faux-Pearl-Heart-Studded-Round-Neck-Short-Sleeve-T-Shirt-Summer-p-69636137.html?mallCode=1&pageListType=4&detailBusinessFrom=0-1_69636137%7C0-2,https://sg.shein.com/Resyla-Women-s-Minimalist-Faux-Pearl-Heart-Studded-Round-Neck-Short-Sleeve-T-Shirt-Summer-p-69636137.html,True,"mallCode,pageListType,detailBusinessFrom",False,,69636137,True
36237524,8,1,8,INAWLY Women's Summer Solid Color Round Neck Short Sleeve Casual T-Shirt,S$6.71,https://sg.shein.com/INAWLY-Women-s-Summer-Solid-Color-Round-Neck-Short-Sleeve-Casual-T-Shirt-p-36237524.html,https://img.ltwebstatic.com/images3_pi/2024/06/04/13/17174913041308fe6f24bef561222de87b09b6cf1e_thumbnail_600x.webp,2026-06-02T16:31:58+08:00,,-4%,(1000+),,90k+ sold,https://sg.shein.com/INAWLY-Women-s-Summer-Solid-Color-Round-Neck-Short-Sleeve-Casual-T-Shirt-p-36237524.html?mallCode=1&pageListType=4&detailBusinessFrom=0-1_36237524%7C0-2,https://sg.shein.com/INAWLY-Women-s-Summer-Solid-Color-Round-Neck-Short-Sleeve-Casual-T-Shirt-p-36237524.html,True,"mallCode,pageListType,detailBusinessFrom",False,,36237524,True
47671471,8,1,8,"DAZY Women Business Casual Pants,Women Dress Pants Fall Low Rise",S$23.49,https://sg.shein.com/DAZY-Women-Business-Casual-Pants-Women-Dress-Pants-Fall-Low-Rise-p-47671471.html,https://img.ltwebstatic.com/images3_pi/2024/11/15/5e/17316340416ffe08afce6a13c77fb7b5313844d852_thumbnail_600x.webp,2026-06-02T16:31:58+08:00,,,,,12.2k+ sold,https://sg.shein.com/DAZY-Women-Business-Casual-Pants-Women-Dress-Pants-Fall-Low-Rise-p-47671471.html?mallCode=1&pageListType=4&detailBusinessFrom=0-1_47671471%7C0-2,https://sg.shein.com/DAZY-Women-Business-Casual-Pants-Women-Dress-Pants-Fall-Low-Rise-p-47671471.html,True,"mallCode,pageListType,detailBusinessFrom",False,,47671471,True
34628601,8,2,"8,9",Dazy Designer Women's Fashionable Loose Fit Solid Color Shorts With Drawstring Waist Design Summer Sweater Shorts,S$1.30,https://sg.shein.com/Dazy-Designer-Women-s-Fashionable-Loose-Fit-Solid-Color-Shorts-With-Drawstring-Waist-Design-Summer-Sweater-Shorts-p-34628601.html,https://img.ltwebstatic.com/images3_pi/2024/05/08/33/17151362726ae84bbb5257b1494ad8bde1419edc6c_thumbnail_600x.webp,2026-06-02T16:31:58+08:00,,,,,SAVE S$1.30,https://sg.shein.com/Dazy-Designer-Women-s-Fashionable-Loose-Fit-Solid-Color-Shorts-With-Drawstring-Waist-Design-Summer-Sweater-Shorts-p-34628601.html?mallCode=1&pageListType=4&detailBusinessFrom=0-1_34628601%7C0-2,https://sg.shein.com/Dazy-Designer-Women-s-Fashionable-Loose-Fit-Solid-Color-Shorts-With-Drawstring-Waist-Design-Summer-Sweater-Shorts-p-34628601.html,True,"mallCode,pageListType,detailBusinessFrom",False,,34628601,True
17027747,8,1,8,SHEIN EZwear Casual Versatile Solid Color High Waisted Wide Leg Pants,S$17.49,https://sg.shein.com/SHEIN-EZwear-Casual-Versatile-Solid-Color-High-Waisted-Wide-Leg-Pants-p-17027747.html,https://img.ltwebstatic.com/images3_pi/2023/05/31/16855155165c9b2213a86ec0a670569b7f67b729a7_thumbnail_600x.webp,2026-06-02T16:31:58+08:00,,,(1000+),,28.8k+ sold,https://sg.shein.com/SHEIN-EZwear-Casual-Versatile-Solid-Color-High-Waisted-Wide-Leg-Pants-p-17027747.html?mallCode=1&pageListType=4&detailBusinessFrom=0-1_17027747%7C0-2,https://sg.shein.com/SHEIN-EZwear-Casual-Versatile-Solid-Color-High-Waisted-Wide-Leg-Pants-p-17027747.html,True,"mallCode,pageListType,detailBusinessFrom",False,,17027747,True
59026143,8,1,8,Mid-Waist Solid Color Elegant Straight Leg Pants With Belt Spring,S$18.49,https://sg.shein.com/Mid-Waist-Solid-Color-Elegant-Straight-Leg-Pants-With-Belt-Spring-p-59026143.html,https://img.ltwebstatic.com/v4/j/spmp/2026/05/18/c8/1779116291b9f8eaa7c330ec876dc7490db705165d_thumbnail_600x.webp,2026-06-02T16:31:58+08:00,,,,,42.5k+ sold,https://sg.shein.com/Mid-Waist-Solid-Color-Elegant-Straight-Leg-Pants-With-Belt-Spring-p-59026143.html?mallCode=1&pageListType=4&detailBusinessFrom=0-1_59026143%7C0-2,https://sg.shein.com/Mid-Waist-Solid-Color-Elegant-Straight-Leg-Pants-With-Belt-Spring-p-59026143.html,True,"mallCode,pageListType,detailBusinessFrom",False,,59026143,True
69673811,8,1,8,"Coolane Women's Summer Country Concert Going Out Boho Beach Vacation Basic Minimalist Washed 100% Cotton White Pants Curved Hem Pants, Fall Women Clothes",S$15.99,https://sg.shein.com/Coolane-Women-s-Summer-Country-Concert-Going-Out-Boho-Beach-Vacation-Basic-Minimalist-Washed-100-Cotton-White-Pants-Curved-Hem-Pants-Fall-Women-Clothes-p-69673811.html,https://img.ltwebstatic.com/v4/j/pi/2025/06/05/ce/1749103043b6498e4efa8b0f84dfcbcafb715cabbb_thumbnail_600x.webp,2026-06-02T16:31:58+08:00,,00%,(1000+),,27.9k+ sold,https://sg.shein.com/Coolane-Women-s-Summer-Country-Concert-Going-Out-Boho-Beach-Vacation-Basic-Minimalist-Washed-100-Cotton-White-Pants-Curved-Hem-Pants-Fall-Women-Clothes-p-69673811.html?mallCode=1&pageListType=4&detailBusinessFrom=0-1_69673811%7C0-2,https://sg.shein.com/Coolane-Women-s-Summer-Country-Concert-Going-Out-Boho-Beach-Vacation-Basic-Minimalist-Washed-100-Cotton-White-Pants-Curved-Hem-Pants-Fall-Women-Clothes-p-69673811.html,True,"mallCode,pageListType,detailBusinessFrom",False,,69673811,True
34921225,8,1,8,"SHEIN EZwear 4pcs Casual Round Neck Short Sleeve Fitted Women T-Shirts, Suitable For Summer Suitable For Going Out",S$8.99,https://sg.shein.com/SHEIN-EZwear-4pcs-Casual-Round-Neck-Short-Sleeve-Fitted-Women-T-Shirts-Suitable-For-Summer-Suitable-For-Going-Out-p-34921225.html,https://img.ltwebstatic.com/images3_pi/2024/04/25/f4/1714038354a74f39b6a7f0e13f990825c6783696ad_thumbnail_600x.webp,2026-06-02T16:31:58+08:00,,,,,15.5k+ sold,https://sg.shein.com/SHEIN-EZwear-4pcs-Casual-Round-Neck-Short-Sleeve-Fitted-Women-T-Shirts-Suitable-For-Summer-Suitable-For-Going-Out-p-34921225.html?mallCode=1&pageListType=4&detailBusinessFrom=0-1_34921225%7C0-2,https://sg.shein.com/SHEIN-EZwear-4pcs-Casual-Round-Neck-Short-Sleeve-Fitted-Women-T-Shirts-Suitable-For-Summer-Suitable-For-Going-Out-p-34921225.html,True,"mallCode,pageListType,detailBusinessFrom",False,,34921225,True
29544855,8,1,8,"SHEIN EZwear 4pcs/Set Casual Solid Color Versatile Round Neck Short Sleeve Women's T-Shirt, Fitted Style, Suitable For Summer",S$13.99,https://sg.shein.com/SHEIN-EZwear-4pcs-Set-Casual-Solid-Color-Versatile-Round-Neck-Short-Sleeve-Women-s-T-Shirt-Fitted-Style-Suitable-For-Summer-p-29544855.html,https://img.ltwebstatic.com/v4/j/pi/2025/08/16/79/1755342611ab248538938d3bfb5badc3da894ed909_thumbnail_600x.webp,2026-06-02T16:31:58+08:00,,,,,15.5k+ sold,https://sg.shein.com/SHEIN-EZwear-4pcs-Set-Casual-Solid-Color-Versatile-Round-Neck-Short-Sleeve-Women-s-T-Shirt-Fitted-Style-Suitable-For-Summer-p-29544855.html?mallCode=1&pageListType=4&detailBusinessFrom=0-1_29544855%7C0-2,https://sg.shein.com/SHEIN-EZwear-4pcs-Set-Casual-Solid-Color-Versatile-Round-Neck-Short-Sleeve-Women-s-T-Shirt-Fitted-Style-Suitable-For-Summer-p-29544855.html,True,"mallCode,pageListType,detailBusinessFrom",False,,29544855,True
372003782,8,1,8,"INAWLY Women's Sexy Cropped Short Sleeve Scoop Neck T-Shirt, Casual",S$5.99,https://sg.shein.com/INAWLY-Women-s-Sexy-Cropped-Short-Sleeve-Scoop-Neck-T-Shirt-Casual-p-372003782.html,https://img.ltwebstatic.com/v4/j/pi/2026/01/15/0e/17684815512a3a66cdf2a7235729fd3f42ee9b21e3_thumbnail_600x.webp,2026-06-02T16:31:58+08:00,,,,,4.6k+ sold,https://sg.shein.com/INAWLY-Women-s-Sexy-Cropped-Short-Sleeve-Scoop-Neck-T-Shirt-Casual-p-372003782.html?mallCode=1&pageListType=4&detailBusinessFrom=0-1_372003782%7C0-2,https://sg.shein.com/INAWLY-Women-s-Sexy-Cropped-Short-Sleeve-Scoop-Neck-T-Shirt-Casual-p-372003782.html,True,"mallCode,pageListType,detailBusinessFrom",False,,372003782,True
59385410,8,1,8,"DAZY Casual Business Style Solid Color Straight Leg Pants,Women Dress Pants Low Rise",S$22.99,https://sg.shein.com/DAZY-Casual-Business-Style-Solid-Color-Straight-Leg-Pants-Women-Dress-Pants-Low-Rise-p-59385410.html,https://img.ltwebstatic.com/images3_pi/2025/02/26/6b/174056202690725fc37a973b14221ff3b9dff55737_thumbnail_600x.webp,2026-06-02T16:31:58+08:00,,,,,12.3k+ sold,https://sg.shein.com/DAZY-Casual-Business-Style-Solid-Color-Straight-Leg-Pants-Women-Dress-Pants-Low-Rise-p-59385410.html?mallCode=1&pageListType=4&detailBusinessFrom=0-1_59385410%7C0-2,https://sg.shein.com/DAZY-Casual-Business-Style-Solid-Color-Straight-Leg-Pants-Women-Dress-Pants-Low-Rise-p-59385410.html,True,"mallCode,pageListType,detailBusinessFrom",False,,59385410,True
90399529,8,1,8,"Sweetra Retro Elegant Jacquard Pleated Wide Leg Women Pants, Autumn/Winter Fall Cloth For Women",S$16.49,https://sg.shein.com/Sweetra-Retro-Elegant-Jacquard-Pleated-Wide-Leg-Women-Pants-Autumn-Winter-Fall-Cloth-For-Women-p-90399529.html,https://img.ltwebstatic.com/v4/j/pi/2025/05/31/40/174862228502feef967601426eea2c2bddc56b3314_thumbnail_600x.webp,2026-06-02T16:31:58+08:00,,,,,51.5k+ sold,https://sg.shein.com/Sweetra-Retro-Elegant-Jacquard-Pleated-Wide-Leg-Women-Pants-Autumn-Winter-Fall-Cloth-For-Women-p-90399529.html?mallCode=1&pageListType=4&detailBusinessFrom=0-1_90399529%7C0-2,https://sg.shein.com/Sweetra-Retro-Elegant-Jacquard-Pleated-Wide-Leg-Women-Pants-Autumn-Winter-Fall-Cloth-For-Women-p-90399529.html,True,"mallCode,pageListType,detailBusinessFrom",False,,90399529,True
63310094,8,1,8,Mid-Waist Solid Color Elegant Straight Leg Pants With Belt Spring,S$17.99,https://sg.shein.com/Mid-Waist-Solid-Color-Elegant-Straight-Leg-Pants-With-Belt-Spring-p-63310094.html,https://img.ltwebstatic.com/v4/j/spmp/2026/05/18/72/17791164317cb12e57dfd545766d67c0e9bde5478e_thumbnail_600x.webp,2026-06-02T16:31:58+08:00,,,,,42.5k+ sold,https://sg.shein.com/Mid-Waist-Solid-Color-Elegant-Straight-Leg-Pants-With-Belt-Spring-p-63310094.html?mallCode=1&pageListType=4&detailBusinessFrom=0-1_63310094%7C0-2,https://sg.shein.com/Mid-Waist-Solid-Color-Elegant-Straight-Leg-Pants-With-Belt-Spring-p-63310094.html,True,"mallCode,pageListType,detailBusinessFrom",False,,63310094,True
153281594,8,1,8,"Straight Leg Casual Pants, Wide Leg Trousers Spring",S$2.85,https://sg.shein.com/Straight-Leg-Casual-Pants-Wide-Leg-Trousers-Spring-p-153281594.html,https://img.ltwebstatic.com/v4/j/spmp/2025/09/29/8c/1759148216219fd2362deef1589d1dbbc268a5f0ae_thumbnail_600x.webp,2026-06-02T16:31:58+08:00,,,,,SAVE S$2.85,https://sg.shein.com/Straight-Leg-Casual-Pants-Wide-Leg-Trousers-Spring-p-153281594.html?mallCode=1&pageListType=4&detailBusinessFrom=0-1_153281594%7C0-2,https://sg.shein.com/Straight-Leg-Casual-Pants-Wide-Leg-Trousers-Spring-p-153281594.html,True,"mallCode,pageListType,detailBusinessFrom",False,,153281594,True
14461491,8,1,8,DAZY Women's Solid Color Pleated Straight Leg Casual Business Pants Women Dress Pants Fall,S$20.99,https://sg.shein.com/DAZY-Women-s-Solid-Color-Pleated-Straight-Leg-Casual-Business-Pants-Women-Dress-Pants-Fall-p-14461491.html,https://img.ltwebstatic.com/images3_pi/2023/04/24/1682323218a4874967418a43ffb47013a2c673014c_thumbnail_600x.webp,2026-06-02T16:31:58+08:00,,,,,24.5k+ sold,https://sg.shein.com/DAZY-Women-s-Solid-Color-Pleated-Straight-Leg-Casual-Business-Pants-Women-Dress-Pants-Fall-p-14461491.html?mallCode=1&pageListType=4&detailBusinessFrom=0-1_14461491%7C0-2,https://sg.shein.com/DAZY-Women-s-Solid-Color-Pleated-Straight-Leg-Casual-Business-Pants-Women-Dress-Pants-Fall-p-14461491.html,True,"mallCode,pageListType,detailBusinessFrom",False,,14461491,True
30519355,8,1,8,"Dazy-Less Solid Color Short Sleeve T-Shirt Old Money Style Summer,Crop Tops Women Business Casual Woman Work Clothes",S$8.49,https://sg.shein.com/Dazy-Less-Solid-Color-Short-Sleeve-T-Shirt-Old-Money-Style-Summer-Crop-Tops-Women-Business-Casual-Woman-Work-Clothes-p-30519355.html,https://img.ltwebstatic.com/images3_pi/2025/02/20/c9/174001707837e24bcccf5a3f2dfba7a7503fa0792e_thumbnail_600x.webp,2026-06-02T16:31:58+08:00,,,(1000+),,38.8k+ sold,https://sg.shein.com/Dazy-Less-Solid-Color-Short-Sleeve-T-Shirt-Old-Money-Style-Summer-Crop-Tops-Women-Business-Casual-Woman-Work-Clothes-p-30519355.html?mallCode=1&pageListType=4&detailBusinessFrom=0-1_30519355%7C0-2,https://sg.shein.com/Dazy-Less-Solid-Color-Short-Sleeve-T-Shirt-Old-Money-Style-Summer-Crop-Tops-Women-Business-Casual-Woman-Work-Clothes-p-30519355.html,True,"mallCode,pageListType,detailBusinessFrom",False,,30519355,True
48324267,8,1,8,Jouncy Women Casual Versatile Fitted White Cropped Round Neck T-Shirt,S$6.71,https://sg.shein.com/Jouncy-Women-Casual-Versatile-Fitted-White-Cropped-Round-Neck-T-Shirt-p-48324267.html,https://img.ltwebstatic.com/images3_pi/2025/02/22/0d/1740214153beb36a19e58458dece662d376362b093_thumbnail_600x.webp,2026-06-02T16:31:58+08:00,,-4%,(1000+),,90k+ sold,https://sg.shein.com/Jouncy-Women-Casual-Versatile-Fitted-White-Cropped-Round-Neck-T-Shirt-p-48324267.html?mallCode=1&pageListType=4&detailBusinessFrom=0-1_48324267%7C0-2,https://sg.shein.com/Jouncy-Women-Casual-Versatile-Fitted-White-Cropped-Round-Neck-T-Shirt-p-48324267.html,True,"mallCode,pageListType,detailBusinessFrom",False,,48324267,True
20681257,8,1,8,"DAZY High Waist Plicated Detail Wide Leg Pants,Women Dress Pants,Back To School Clothes Fall",S$2.66,https://sg.shein.com/DAZY-High-Waist-Plicated-Detail-Wide-Leg-Pants-Women-Dress-Pants-Back-To-School-Clothes-Fall-p-20681257.html,https://img.ltwebstatic.com/images3_pi/2023/08/02/1690954839f9b4ded6f94e2fe71f09eee37f2355e7_thumbnail_600x.webp,2026-06-02T16:31:58+08:00,,,,,SAVE S$2.66,https://sg.shein.com/DAZY-High-Waist-Plicated-Detail-Wide-Leg-Pants-Women-Dress-Pants-Back-To-School-Clothes-Fall-p-20681257.html?mallCode=1&pageListType=4&detailBusinessFrom=0-1_20681257%7C0-2,https://sg.shein.com/DAZY-High-Waist-Plicated-Detail-Wide-Leg-Pants-Women-Dress-Pants-Back-To-School-Clothes-Fall-p-20681257.html,True,"mallCode,pageListType,detailBusinessFrom",False,,20681257,True
429192659,8,1,8,"Franclia Women's Solid Elegant Mini Skirt, Casual Summer Outfit,Women's Simple Casual Mini Skirt, Fashion Daily Wear",S$8.49,https://sg.shein.com/Franclia-Women-s-Solid-Elegant-Mini-Skirt-Casual-Summer-Outfit-Women-s-Simple-Casual-Mini-Skirt-Fashion-Daily-Wear-p-429192659.html,https://img.ltwebstatic.com/v4/j/pi/2026/04/28/53/1777366939e6330ca5b2a367f011b7576aa92a7b90_thumbnail_600x.webp,2026-06-02T16:31:58+08:00,,,,,22.4k+ sold,https://sg.shein.com/Franclia-Women-s-Solid-Elegant-Mini-Skirt-Casual-Summer-Outfit-Women-s-Simple-Casual-Mini-Skirt-Fashion-Daily-Wear-p-429192659.html?mallCode=1&pageListType=4&detailBusinessFrom=0-1_429192659%7C0-2,https://sg.shein.com/Franclia-Women-s-Solid-Elegant-Mini-Skirt-Casual-Summer-Outfit-Women-s-Simple-Casual-Mini-Skirt-Fashion-Daily-Wear-p-429192659.html,True,"mallCode,pageListType,detailBusinessFrom",False,,429192659,True
52014624,8,1,8,"DAZY Women's Business Casual Pants, All Season,Women Dress Pants,Back To School Clothes",S$20.49,https://sg.shein.com/DAZY-Women-s-Business-Casual-Pants-All-Season-Women-Dress-Pants-Back-To-School-Clothes-p-52014624.html,https://img.ltwebstatic.com/images3_pi/2024/12/31/78/17356274242a160d022d160959e6ceca418879b9c0_thumbnail_600x.webp,2026-06-02T16:31:58+08:00,,,,,17.3k+ sold,https://sg.shein.com/DAZY-Women-s-Business-Casual-Pants-All-Season-Women-Dress-Pants-Back-To-School-Clothes-p-52014624.html?mallCode=1&pageListType=4&detailBusinessFrom=0-1_52014624%7C0-2,https://sg.shein.com/DAZY-Women-s-Business-Casual-Pants-All-Season-Women-Dress-Pants-Back-To-School-Clothes-p-52014624.html,True,"mallCode,pageListType,detailBusinessFrom",False,,52014624,True
149061645,8,3,"8,9,10","SHEIN Essnce 3pcs Set Women's Blue And White Stripe Nautical Style Casual Summer Vacation Waist Tie Pants With Pockets,Straight Leg Black & White Striped Clothes",S$30.99,https://sg.shein.com/SHEIN-Essnce-3pcs-Set-Women-s-Blue-And-White-Stripe-Nautical-Style-Casual-Summer-Vacation-Waist-Tie-Pants-With-Pockets-Straight-Leg-Black-White-Striped-Clothes-p-149061645.html,https://img.ltwebstatic.com/v4/j/pi/2025/08/05/07/175436097358968cc847cca6d9391c5f1f89702da2_thumbnail_600x.webp,2026-06-02T16:31:58+08:00,,,,,14.1k+ sold,https://sg.shein.com/SHEIN-Essnce-3pcs-Set-Women-s-Blue-And-White-Stripe-Nautical-Style-Casual-Summer-Vacation-Waist-Tie-Pants-With-Pockets-Straight-Leg-Black-White-Striped-Clothes-p-149061645.html?mallCode=1&pageListType=4&detailBusinessFrom=0-1_149061645%7C0-2,https://sg.shein.com/SHEIN-Essnce-3pcs-Set-Women-s-Blue-And-White-Stripe-Nautical-Style-Casual-Summer-Vacation-Waist-Tie-Pants-With-Pockets-Straight-Leg-Black-White-Striped-Clothes-p-149061645.html,True,"mallCode,pageListType,detailBusinessFrom",False,,149061645,True
68780690,8,1,8,"INAWLY Women's Solid Color Casual Thin Cardigan, Spring/Summer Fall Winter Cloth For Women",S$7.59,https://sg.shein.com/INAWLY-Women-s-Solid-Color-Casual-Thin-Cardigan-Spring-Summer-Fall-Winter-Cloth-For-Women-p-68780690.html,https://img.ltwebstatic.com/v4/j/pi/2025/04/21/49/1745203154251943d64ed314a874080dd171202ddf_thumbnail_600x.webp,2026-06-02T16:31:58+08:00,,-5%,(1000+),,74.5k+ sold,https://sg.shein.com/INAWLY-Women-s-Solid-Color-Casual-Thin-Cardigan-Spring-Summer-Fall-Winter-Cloth-For-Women-p-68780690.html?mallCode=1&pageListType=4&detailBusinessFrom=0-1_68780690%7C0-2,https://sg.shein.com/INAWLY-Women-s-Solid-Color-Casual-Thin-Cardigan-Spring-Summer-Fall-Winter-Cloth-For-Women-p-68780690.html,True,"mallCode,pageListType,detailBusinessFrom",False,,68780690,True
396537849,8,1,8,Sweetra Women's Solid Color Square Neck Pleated Fitted Casual Tank Top 3 Pack Tops Tank Tops Women Women Vest Top,S$17.99,https://sg.shein.com/Sweetra-Women-s-Solid-Color-Square-Neck-Pleated-Fitted-Casual-Tank-Top-3-Pack-Tops-Tank-Tops-Women-Women-Vest-Top-p-396537849.html,https://img.ltwebstatic.com/v4/j/pi/2026/02/04/c7/1770192750d6a8c776496f3a132b2d529dd78cca9c_thumbnail_600x.webp,2026-06-02T16:31:58+08:00,,,,,28.6k+ sold,https://sg.shein.com/Sweetra-Women-s-Solid-Color-Square-Neck-Pleated-Fitted-Casual-Tank-Top-3-Pack-Tops-Tank-Tops-Women-Women-Vest-Top-p-396537849.html?mallCode=1&pageListType=4&detailBusinessFrom=0-1_396537849%7C0-2,https://sg.shein.com/Sweetra-Women-s-Solid-Color-Square-Neck-Pleated-Fitted-Casual-Tank-Top-3-Pack-Tops-Tank-Tops-Women-Women-Vest-Top-p-396537849.html,True,"mallCode,pageListType,detailBusinessFrom",False,,396537849,True
444573353,8,1,8,"Women's Summer Ice Silk Breathable Running Pants, Quick-Dry Lightweight Sports Pants With Zipper Pockets & Elastic Waistband For Fitness & Jogging Spring",S$11.54,https://sg.shein.com/Women-s-Summer-Ice-Silk-Breathable-Running-Pants-Quick-Dry-Lightweight-Sports-Pants-With-Zipper-Pockets-Elastic-Waistband-For-Fitness-Jogging-Spring-p-444573353.html,https://img.ltwebstatic.com/v4/j/spmp/2026/04/08/64/17756304519107a95e79ac08dceb4f9c8cdfa7b880_thumbnail_600x.webp,2026-06-02T16:31:58+08:00,,-14%,,,14.7k+ sold,https://sg.shein.com/Women-s-Summer-Ice-Silk-Breathable-Running-Pants-Quick-Dry-Lightweight-Sports-Pants-With-Zipper-Pockets-Elastic-Waistband-For-Fitness-Jogging-Spring-p-444573353.html?mallCode=1&pageListType=4&detailBusinessFrom=0-1_444573353%7C0-2,https://sg.shein.com/Women-s-Summer-Ice-Silk-Breathable-Running-Pants-Quick-Dry-Lightweight-Sports-Pants-With-Zipper-Pockets-Elastic-Waistband-For-Fitness-Jogging-Spring-p-444573353.html,True,"mallCode,pageListType,detailBusinessFrom",False,,444573353,True
73865387,8,1,8,"Sweetra Women's Retro Elegant Jacquard Pleated Wide Leg Pants, Autumn/Winter Fall Cloth For Women",S$15.49,https://sg.shein.com/Sweetra-Women-s-Retro-Elegant-Jacquard-Pleated-Wide-Leg-Pants-Autumn-Winter-Fall-Cloth-For-Women-p-73865387.html,https://img.ltwebstatic.com/v4/j/pi/2025/05/07/ee/174658343930969e6655e0a8928df77827a5231678_thumbnail_600x.webp,2026-06-02T16:31:58+08:00,,,,,51.5k+ sold,https://sg.shein.com/Sweetra-Women-s-Retro-Elegant-Jacquard-Pleated-Wide-Leg-Pants-Autumn-Winter-Fall-Cloth-For-Women-p-73865387.html?mallCode=1&pageListType=4&detailBusinessFrom=0-1_73865387%7C0-2,https://sg.shein.com/Sweetra-Women-s-Retro-Elegant-Jacquard-Pleated-Wide-Leg-Pants-Autumn-Winter-Fall-Cloth-For-Women-p-73865387.html,True,"mallCode,pageListType,detailBusinessFrom",False,,73865387,True
29217793,8,1,8,SHEIN EZwear Knitted Leisure Tank Top In Multicolor,S$2.08,https://sg.shein.com/SHEIN-EZwear-Knitted-Leisure-Tank-Top-In-Multicolor-p-29217793.html,https://img.ltwebstatic.com/images3_pi/2024/01/17/3e/17054612556df27aa87124cca3ea1ff16bf8316111_thumbnail_600x.webp,2026-06-02T16:31:58+08:00,,,,,Save S$2.08,https://sg.shein.com/SHEIN-EZwear-Knitted-Leisure-Tank-Top-In-Multicolor-p-29217793.html?mallCode=1&pageListType=4&detailBusinessFrom=0-1_29217793%7C0-2,https://sg.shein.com/SHEIN-EZwear-Knitted-Leisure-Tank-Top-In-Multicolor-p-29217793.html,True,"mallCode,pageListType,detailBusinessFrom",False,,29217793,True
438213921,8,1,8,"Women's ""European Summer"" Aesthetic Style: Amalfi Capri Island Lemon Print T-Shirt. Vintage Italian Vacation Vibe Top. Fashionable Beach And Holiday Wear. Casual Pink",S$0.65,https://sg.shein.com/Women-s-European-Summer-Aesthetic-Style-Amalfi-Capri-Island-Lemon-Print-T-Shirt-Vintage-Italian-Vacation-Vibe-Top-Fashionable-Beach-And-Holiday-Wear-Casual-Pink-p-438213921.html,https://img.ltwebstatic.com/v4/j/spmp/2026/05/01/92/1777604797a2920ba87a9ef63fe76d745ff044f032_thumbnail_600x.webp,2026-06-02T16:31:58+08:00,,,,,SAVE S$0.65,https://sg.shein.com/Women-s-European-Summer-Aesthetic-Style-Amalfi-Capri-Island-Lemon-Print-T-Shirt-Vintage-Italian-Vacation-Vibe-Top-Fashionable-Beach-And-Holiday-Wear-Casual-Pink-p-438213921.html?mallCode=1&pageListType=4&detailBusinessFrom=0-1_438213921%7C0-2,https://sg.shein.com/Women-s-European-Summer-Aesthetic-Style-Amalfi-Capri-Island-Lemon-Print-T-Shirt-Vintage-Italian-Vacation-Vibe-Top-Fashionable-Beach-And-Holiday-Wear-Casual-Pink-p-438213921.html,True,"mallCode,pageListType,detailBusinessFrom",False,,438213921,True
444301134,8,1,8,"Women's Summer Ice Silk Breathable Running Pants, Quick-Dry Lightweight Sports Pants With Zipper Pockets & Elastic Waistband For Fitness & Jogging Black",S$5.67,https://sg.shein.com/Women-s-Summer-Ice-Silk-Breathable-Running-Pants-Quick-Dry-Lightweight-Sports-Pants-With-Zipper-Pockets-Elastic-Waistband-For-Fitness-Jogging-Black-p-444301134.html,https://img.ltwebstatic.com/v4/j/spmp/2026/04/08/4a/1775630315358f737f74f54fc2c98ac4672e43da26_thumbnail_600x.webp,2026-06-02T16:31:58+08:00,,,,,SAVE S$5.67,https://sg.shein.com/Women-s-Summer-Ice-Silk-Breathable-Running-Pants-Quick-Dry-Lightweight-Sports-Pants-With-Zipper-Pockets-Elastic-Waistband-For-Fitness-Jogging-Black-p-444301134.html?mallCode=1&pageListType=4&detailBusinessFrom=0-1_444301134%7C0-2,https://sg.shein.com/Women-s-Summer-Ice-Silk-Breathable-Running-Pants-Quick-Dry-Lightweight-Sports-Pants-With-Zipper-Pockets-Elastic-Waistband-For-Fitness-Jogging-Black-p-444301134.html,True,"mallCode,pageListType,detailBusinessFrom",False,,444301134,True
398830422,8,1,8,EMERY ROSE 3pcs Women's Casual Everyday Commute Minimalist Solid Color Ruched Fitted Short Sleeve T-Shirts Occasion White And Brown Summer,S$13.49,https://sg.shein.com/EMERY-ROSE-3pcs-Women-s-Casual-Everyday-Commute-Minimalist-Solid-Color-Ruched-Fitted-Short-Sleeve-T-Shirts-Occasion-White-And-Brown-Summer-p-398830422.html,https://img.ltwebstatic.com/v4/j/pi/2026/02/06/8b/1770307350fd886f712c32912f9677329bf41dfa2f_thumbnail_600x.webp,2026-06-02T16:31:58+08:00,,-10%,,,38.7k+ sold,https://sg.shein.com/EMERY-ROSE-3pcs-Women-s-Casual-Everyday-Commute-Minimalist-Solid-Color-Ruched-Fitted-Short-Sleeve-T-Shirts-Occasion-White-And-Brown-Summer-p-398830422.html?mallCode=1&pageListType=4&detailBusinessFrom=0-1_398830422%7C0-2,https://sg.shein.com/EMERY-ROSE-3pcs-Women-s-Casual-Everyday-Commute-Minimalist-Solid-Color-Ruched-Fitted-Short-Sleeve-T-Shirts-Occasion-White-And-Brown-Summer-p-398830422.html,True,"mallCode,pageListType,detailBusinessFrom",False,,398830422,True
2870075,8,1,8,SHEIN EZwear Summer 3 Packs Rib-Knit Slim Fit Base Tank Top,S$16.49,https://sg.shein.com/SHEIN-EZwear-Summer-3-Packs-Rib-Knit-Slim-Fit-Base-Tank-Top-p-2870075.html,https://img.ltwebstatic.com/images3_pi/2021/07/02/16251929771adaa83845a0f48af3d6c1bada9a0096_thumbnail_600x.webp,2026-06-02T16:31:58+08:00,,,,,11k+ sold,https://sg.shein.com/SHEIN-EZwear-Summer-3-Packs-Rib-Knit-Slim-Fit-Base-Tank-Top-p-2870075.html?mallCode=1&pageListType=4&detailBusinessFrom=0-1_2870075%7C0-2,https://sg.shein.com/SHEIN-EZwear-Summer-3-Packs-Rib-Knit-Slim-Fit-Base-Tank-Top-p-2870075.html,True,"mallCode,pageListType,detailBusinessFrom",False,,2870075,True
176199378,8,1,8,"Sweetra 1 Set Solid Color Single-Breasted Vest, Pleated Wide-Leg Pants Suit",S$26.12,https://sg.shein.com/Sweetra-1-Set-Solid-Color-Single-Breasted-Vest-Pleated-Wide-Leg-Pants-Suit-p-176199378.html,https://img.ltwebstatic.com/v4/j/pi/2025/09/08/e8/175731076162a2ec9b194d6718acf49717e73cd408_thumbnail_600x.webp,2026-06-02T16:31:58+08:00,,-5%,,,7.4k+ sold,https://sg.shein.com/Sweetra-1-Set-Solid-Color-Single-Breasted-Vest-Pleated-Wide-Leg-Pants-Suit-p-176199378.html?mallCode=1&pageListType=4&detailBusinessFrom=0-1_176199378%7C0-2,https://sg.shein.com/Sweetra-1-Set-Solid-Color-Single-Breasted-Vest-Pleated-Wide-Leg-Pants-Suit-p-176199378.html,True,"mallCode,pageListType,detailBusinessFrom",False,,176199378,True
35519799,8,1,8,"SHEIN EZwear 3pcs/Pack Padded Square Neck Bra-Free Slim-Fit Women's Tank Top, Built-In Bra",S$24.49,https://sg.shein.com/SHEIN-EZwear-3pcs-Pack-Padded-Square-Neck-Bra-Free-Slim-Fit-Women-s-Tank-Top-Built-In-Bra-p-35519799.html,https://img.ltwebstatic.com/images3_pi/2024/05/20/3a/171620376787e27d45aa53a692ba0f0eb3bd94cbde_thumbnail_600x.webp,2026-06-02T16:31:58+08:00,,,,,5.5k+ sold,https://sg.shein.com/SHEIN-EZwear-3pcs-Pack-Padded-Square-Neck-Bra-Free-Slim-Fit-Women-s-Tank-Top-Built-In-Bra-p-35519799.html?mallCode=1&pageListType=4&detailBusinessFrom=0-1_35519799%7C0-2,https://sg.shein.com/SHEIN-EZwear-3pcs-Pack-Padded-Square-Neck-Bra-Free-Slim-Fit-Women-s-Tank-Top-Built-In-Bra-p-35519799.html,True,"mallCode,pageListType,detailBusinessFrom",False,,35519799,True
49987632,8,1,8,"Sweetra Vintage Elegant Jacquard Weave Pleated Wide Leg Women's Pants, Autumn/Winter Fall Cloth For Women",S$16.49,https://sg.shein.com/Sweetra-Vintage-Elegant-Jacquard-Weave-Pleated-Wide-Leg-Women-s-Pants-Autumn-Winter-Fall-Cloth-For-Women-p-49987632.html,https://img.ltwebstatic.com/v4/j/pi/2025/11/22/59/176378795418f7183b725fa199fd5724f368f33d14_thumbnail_600x.webp,2026-06-02T16:31:58+08:00,,,,,51.5k+ sold,https://sg.shein.com/Sweetra-Vintage-Elegant-Jacquard-Weave-Pleated-Wide-Leg-Women-s-Pants-Autumn-Winter-Fall-Cloth-For-Women-p-49987632.html?mallCode=1&pageListType=4&detailBusinessFrom=0-1_49987632%7C0-2,https://sg.shein.com/Sweetra-Vintage-Elegant-Jacquard-Weave-Pleated-Wide-Leg-Women-s-Pants-Autumn-Winter-Fall-Cloth-For-Women-p-49987632.html,True,"mallCode,pageListType,detailBusinessFrom",False,,49987632,True
74142521,8,1,8,Casual Relaxed High-Waist Wide-Leg Wash Denim Jeans,S$21.67,https://sg.shein.com/Casual-Relaxed-High-Waist-Wide-Leg-Wash-Denim-Jeans-p-74142521.html,https://img.ltwebstatic.com/v4/j/pi/2025/05/08/a2/1746682301df1eeff60aa8c8d8d23b381f5651aa17_thumbnail_600x.webp,2026-06-02T16:31:58+08:00,,-15%,,,23k+ sold,https://sg.shein.com/Casual-Relaxed-High-Waist-Wide-Leg-Wash-Denim-Jeans-p-74142521.html?mallCode=1&pageListType=4&detailBusinessFrom=0-1_74142521%7C0-2,https://sg.shein.com/Casual-Relaxed-High-Waist-Wide-Leg-Wash-Denim-Jeans-p-74142521.html,True,"mallCode,pageListType,detailBusinessFrom",False,,74142521,True
66756971,8,1,8,Women's Pocket Design Wide Leg Loose Casual Versatile Denim Jeans,S$23.51,https://sg.shein.com/Women-s-Pocket-Design-Wide-Leg-Loose-Casual-Versatile-Denim-Jeans-p-66756971.html,https://img.ltwebstatic.com/v4/j/pi/2025/04/14/c6/174459660100c6a342ef8990ebd75d071dc567a241_thumbnail_600x.webp,2026-06-02T16:31:58+08:00,,-4%,,,28.5k+ sold,https://sg.shein.com/Women-s-Pocket-Design-Wide-Leg-Loose-Casual-Versatile-Denim-Jeans-p-66756971.html?mallCode=1&pageListType=4&detailBusinessFrom=0-1_66756971%7C0-2,https://sg.shein.com/Women-s-Pocket-Design-Wide-Leg-Loose-Casual-Versatile-Denim-Jeans-p-66756971.html,True,"mallCode,pageListType,detailBusinessFrom",False,,66756971,True
44210513,8,1,8,Mid Waist Solid Color Elegant Office Straight Pants With Belt Spring,S$17.99,https://sg.shein.com/Mid-Waist-Solid-Color-Elegant-Office-Straight-Pants-With-Belt-Spring-p-44210513.html,https://img.ltwebstatic.com/v4/j/spmp/2026/05/18/be/1779115982e167f44e05cd59e3550dd4271368ce96_thumbnail_600x.webp,2026-06-02T16:31:58+08:00,,,(1000+),,42.5k+ sold,https://sg.shein.com/Mid-Waist-Solid-Color-Elegant-Office-Straight-Pants-With-Belt-Spring-p-44210513.html?mallCode=1&pageListType=4&detailBusinessFrom=0-1_44210513%7C0-2,https://sg.shein.com/Mid-Waist-Solid-Color-Elegant-Office-Straight-Pants-With-Belt-Spring-p-44210513.html,True,"mallCode,pageListType,detailBusinessFrom",False,,44210513,True
402289362,8,2,"8,9","DAZY Women's Business Casual Striped Wide Leg Pants, Suitable For Commuting And Daily Wear",S$2.66,https://sg.shein.com/DAZY-Women-s-Business-Casual-Striped-Wide-Leg-Pants-Suitable-For-Commuting-And-Daily-Wear-p-402289362.html,https://img.ltwebstatic.com/v4/j/pi/2026/02/09/5d/177062244999a9157f800556d3cf7fbf1a278f6fc7_thumbnail_600x.webp,2026-06-02T16:31:58+08:00,,,,,SAVE S$2.66,https://sg.shein.com/DAZY-Women-s-Business-Casual-Striped-Wide-Leg-Pants-Suitable-For-Commuting-And-Daily-Wear-p-402289362.html?mallCode=1&pageListType=4&detailBusinessFrom=0-1_402289362%7C0-2,https://sg.shein.com/DAZY-Women-s-Business-Casual-Striped-Wide-Leg-Pants-Suitable-For-Commuting-And-Daily-Wear-p-402289362.html,True,"mallCode,pageListType,detailBusinessFrom",False,,402289362,True
75779883,8,1,8,Mid-Waist Solid Color Elegant Straight Leg Pants With Belt Spring,S$18.49,https://sg.shein.com/Mid-Waist-Solid-Color-Elegant-Straight-Leg-Pants-With-Belt-Spring-p-75779883.html,https://img.ltwebstatic.com/v4/j/spmp/2026/04/23/1e/177688737898507ff6594b158ae2882062e7e562cc_thumbnail_600x.webp,2026-06-02T16:31:58+08:00,,,,,42.5k+ sold,https://sg.shein.com/Mid-Waist-Solid-Color-Elegant-Straight-Leg-Pants-With-Belt-Spring-p-75779883.html?mallCode=1&pageListType=4&detailBusinessFrom=0-1_75779883%7C0-2,https://sg.shein.com/Mid-Waist-Solid-Color-Elegant-Straight-Leg-Pants-With-Belt-Spring-p-75779883.html,True,"mallCode,pageListType,detailBusinessFrom",False,,75779883,True
254270176,8,2,"8,9","Vela Rue Minimalist Design Pants, Hook & Zipper Closure, Thin Solid Green Straight Leg Trousers, Flattering Wide Leg, Fashionable All Season Spring",S$13.91,https://sg.shein.com/Vela-Rue-Minimalist-Design-Pants-Hook-Zipper-Closure-Thin-Solid-Green-Straight-Leg-Trousers-Flattering-Wide-Leg-Fashionable-All-Season-Spring-p-254270176.html,https://img.ltwebstatic.com/v4/j/spmp/2026/01/14/06/1768402979dfe97f235ff389976f8671277d5e1f86_thumbnail_600x.webp,2026-06-02T16:31:58+08:00,,-4%,,,90k+ sold,https://sg.shein.com/Vela-Rue-Minimalist-Design-Pants-Hook-Zipper-Closure-Thin-Solid-Green-Straight-Leg-Trousers-Flattering-Wide-Leg-Fashionable-All-Season-Spring-p-254270176.html?mallCode=1&pageListType=4&detailBusinessFrom=0-1_254270176%7C0-2,https://sg.shein.com/Vela-Rue-Minimalist-Design-Pants-Hook-Zipper-Closure-Thin-Solid-Green-Straight-Leg-Trousers-Flattering-Wide-Leg-Fashionable-All-Season-Spring-p-254270176.html,True,"mallCode,pageListType,detailBusinessFrom",False,,254270176,True
75988791,8,1,8,Mid-Waist Solid Color Elegant Straight-Leg Pants With Belt White Spring,S$18.49,https://sg.shein.com/Mid-Waist-Solid-Color-Elegant-Straight-Leg-Pants-With-Belt-White-Spring-p-75988791.html,https://img.ltwebstatic.com/v4/j/spmp/2026/05/18/8a/17791168692b27e0e8d4853cfc4246c26620110de6_thumbnail_600x.webp,2026-06-02T16:31:58+08:00,,,,,42.5k+ sold,https://sg.shein.com/Mid-Waist-Solid-Color-Elegant-Straight-Leg-Pants-With-Belt-White-Spring-p-75988791.html?mallCode=1&pageListType=4&detailBusinessFrom=0-1_75988791%7C0-2,https://sg.shein.com/Mid-Waist-Solid-Color-Elegant-Straight-Leg-Pants-With-Belt-White-Spring-p-75988791.html,True,"mallCode,pageListType,detailBusinessFrom",False,,75988791,True
33486720,8,1,8,"XLLAIS Women's Basic Solid Color Crew Neck Short Sleeve Fitted Casual T-Shirt, White, Summer Vacation",S$10.49,https://sg.shein.com/XLLAIS-Women-s-Basic-Solid-Color-Crew-Neck-Short-Sleeve-Fitted-Casual-T-Shirt-White-Summer-Vacation-p-33486720.html,https://img.ltwebstatic.com/v4/j/spmp/2025/11/10/c7/176277990061c91a29d7c9856a8ffe2d6d7e165192_thumbnail_600x.webp,2026-06-02T16:31:58+08:00,,,,,15.6k+ sold,https://sg.shein.com/XLLAIS-Women-s-Basic-Solid-Color-Crew-Neck-Short-Sleeve-Fitted-Casual-T-Shirt-White-Summer-Vacation-p-33486720.html?mallCode=1&pageListType=4&detailBusinessFrom=0-1_33486720%7C0-2,https://sg.shein.com/XLLAIS-Women-s-Basic-Solid-Color-Crew-Neck-Short-Sleeve-Fitted-Casual-T-Shirt-White-Summer-Vacation-p-33486720.html,True,"mallCode,pageListType,detailBusinessFrom",False,,33486720,True
112059732,8,1,8,Women's Spring/Summer High-Waisted Draped Pleated Tailored Daily Commute Suitable For Workplace And Casual White Suit Trousers,S$15.65,https://sg.shein.com/Women-s-Spring-Summer-High-Waisted-Draped-Pleated-Tailored-Daily-Commute-Suitable-For-Workplace-And-Casual-White-Suit-Trousers-p-112059732.html,https://img.ltwebstatic.com/v4/j/ssms/2026/01/19/29/17688017239d9ed2d0631f89531792b97b09d16dbb_thumbnail_600x.webp,2026-06-02T16:31:58+08:00,,-13%,,,50.7k+ sold,https://sg.shein.com/Women-s-Spring-Summer-High-Waisted-Draped-Pleated-Tailored-Daily-Commute-Suitable-For-Workplace-And-Casual-White-Suit-Trousers-p-112059732.html?mallCode=1&pageListType=4&detailBusinessFrom=0-1_112059732%7C0-2,https://sg.shein.com/Women-s-Spring-Summer-High-Waisted-Draped-Pleated-Tailored-Daily-Commute-Suitable-For-Workplace-And-Casual-White-Suit-Trousers-p-112059732.html,True,"mallCode,pageListType,detailBusinessFrom",False,,112059732,True
365752192,8,1,8,"Women's High Waist Slim Fit Wide Leg Pants, Bohemian Street Style, Suitable For Casual, Work Commute And Vacation In Spring/Summer White",S$15.76,https://sg.shein.com/Women-s-High-Waist-Slim-Fit-Wide-Leg-Pants-Bohemian-Street-Style-Suitable-For-Casual-Work-Commute-And-Vacation-In-Spring-Summer-White-p-365752192.html,https://img.ltwebstatic.com/v4/j/ssms/2026/01/19/6c/1768819460458d0f58a93c2e6358cd4725bf3c188c_thumbnail_600x.webp,2026-06-02T16:31:58+08:00,,-17%,,,59.7k+ sold,https://sg.shein.com/Women-s-High-Waist-Slim-Fit-Wide-Leg-Pants-Bohemian-Street-Style-Suitable-For-Casual-Work-Commute-And-Vacation-In-Spring-Summer-White-p-365752192.html?mallCode=1&pageListType=4&detailBusinessFrom=0-1_365752192%7C0-2,https://sg.shein.com/Women-s-High-Waist-Slim-Fit-Wide-Leg-Pants-Bohemian-Street-Style-Suitable-For-Casual-Work-Commute-And-Vacation-In-Spring-Summer-White-p-365752192.html,True,"mallCode,pageListType,detailBusinessFrom",False,,365752192,True
417730925,8,1,8,DAZY Women's Solid Color Pleated Casual Versatile Commuting Pants,S$2.79,https://sg.shein.com/DAZY-Women-s-Solid-Color-Pleated-Casual-Versatile-Commuting-Pants-p-417730925.html,https://img.ltwebstatic.com/v4/j/pi/2026/03/10/5d/1773137531496e7c77f2e2576ceb37de68e6c1db40_thumbnail_600x.webp,2026-06-02T16:31:58+08:00,,,,,SAVE S$2.79,https://sg.shein.com/DAZY-Women-s-Solid-Color-Pleated-Casual-Versatile-Commuting-Pants-p-417730925.html?mallCode=1&pageListType=4&detailBusinessFrom=0-1_417730925%7C0-2,https://sg.shein.com/DAZY-Women-s-Solid-Color-Pleated-Casual-Versatile-Commuting-Pants-p-417730925.html,True,"mallCode,pageListType,detailBusinessFrom",False,,417730925,True
11587146,8,1,8,"DAZY Fold Pleated Slant Pocket Pants,Women Dress Pants,Teacher Pants Fall",S$20.99,https://sg.shein.com/DAZY-Fold-Pleated-Slant-Pocket-Pants-Women-Dress-Pants-Teacher-Pants-Fall-p-11587146.html,https://img.ltwebstatic.com/images3_pi/2022/09/26/166418013253b828187aac764b7e56a2103b7c079d_thumbnail_600x.webp,2026-06-02T16:31:58+08:00,,,,,13.2k+ sold,https://sg.shein.com/DAZY-Fold-Pleated-Slant-Pocket-Pants-Women-Dress-Pants-Teacher-Pants-Fall-p-11587146.html?mallCode=1&pageListType=4&detailBusinessFrom=0-1_11587146%7C0-2,https://sg.shein.com/DAZY-Fold-Pleated-Slant-Pocket-Pants-Women-Dress-Pants-Teacher-Pants-Fall-p-11587146.html,True,"mallCode,pageListType,detailBusinessFrom",False,,11587146,True
28233436,8,1,8,LYSMO Solid Color High Waisted Pants,S$20.49,https://sg.shein.com/LYSMO-Solid-Color-High-Waisted-Pants-p-28233436.html,https://img.ltwebstatic.com/v4/j/pi/2025/12/12/15/176551146503d860cd144adc78223c21ad19ef41e5_thumbnail_600x.webp,2026-06-02T16:31:58+08:00,,,,,28.8k+ sold,https://sg.shein.com/LYSMO-Solid-Color-High-Waisted-Pants-p-28233436.html?mallCode=1&pageListType=4&detailBusinessFrom=0-1_28233436%7C0-2,https://sg.shein.com/LYSMO-Solid-Color-High-Waisted-Pants-p-28233436.html,True,"mallCode,pageListType,detailBusinessFrom",False,,28233436,True
208905594,8,1,8,"Sweetra Women's Casual Versatile Tank Top, Summer Graphic Cheetah Print Tees Women Tops",S$17.99,https://sg.shein.com/Sweetra-Women-s-Casual-Versatile-Tank-Top-Summer-Graphic-Cheetah-Print-Tees-Women-Tops-p-208905594.html,https://img.ltwebstatic.com/v4/j/pi/2025/10/09/c3/1759976632c05e168cb2f8a0b6ef08b7659f3d630a_thumbnail_600x.webp,2026-06-02T16:31:58+08:00,,,,,17.5k+ sold,https://sg.shein.com/Sweetra-Women-s-Casual-Versatile-Tank-Top-Summer-Graphic-Cheetah-Print-Tees-Women-Tops-p-208905594.html?mallCode=1&pageListType=4&detailBusinessFrom=0-1_208905594%7C0-2,https://sg.shein.com/Sweetra-Women-s-Casual-Versatile-Tank-Top-Summer-Graphic-Cheetah-Print-Tees-Women-Tops-p-208905594.html,True,"mallCode,pageListType,detailBusinessFrom",False,,208905594,True
35474738,8,2,"8,10",SHEIN PETITE Ladies' Plain & Simple Daily Wear Long Pants Fall Cloth For Women,S$14.02,https://sg.shein.com/SHEIN-PETITE-Ladies-Plain-Simple-Daily-Wear-Long-Pants-Fall-Cloth-For-Women-p-35474738.html,https://img.ltwebstatic.com/images3_pi/2024/05/21/00/1716280596d7b33e968fb7d67981b9450aae1fb365_thumbnail_600x.webp,2026-06-02T16:31:58+08:00,,-15%,,,13.8k+ sold,https://sg.shein.com/SHEIN-PETITE-Ladies-Plain-Simple-Daily-Wear-Long-Pants-Fall-Cloth-For-Women-p-35474738.html?mallCode=1&pageListType=4&detailBusinessFrom=0-1_35474738%7C0-2,https://sg.shein.com/SHEIN-PETITE-Ladies-Plain-Simple-Daily-Wear-Long-Pants-Fall-Cloth-For-Women-p-35474738.html,True,"mallCode,pageListType,detailBusinessFrom",False,,35474738,True
212971551,8,1,8,"SHEIN Essnce 3pcs Women Casual Solid Color Versatile High Waist Drawstring Pocket Straight Loose Pants Set, Suitable For Spring/Summer,Fall,Fall Clothes For Women",S$29.99,https://sg.shein.com/SHEIN-Essnce-3pcs-Women-Casual-Solid-Color-Versatile-High-Waist-Drawstring-Pocket-Straight-Loose-Pants-Set-Suitable-For-Spring-Summer-Fall-Fall-Clothes-For-Women-p-212971551.html,https://img.ltwebstatic.com/v4/j/pi/2025/10/12/a6/176025531559ee8d2810909b15db1ca4b7be194791_thumbnail_600x.webp,2026-06-02T16:31:58+08:00,,,,,14.1k+ sold,https://sg.shein.com/SHEIN-Essnce-3pcs-Women-Casual-Solid-Color-Versatile-High-Waist-Drawstring-Pocket-Straight-Loose-Pants-Set-Suitable-For-Spring-Summer-Fall-Fall-Clothes-For-Women-p-212971551.html?mallCode=1&pageListType=4&detailBusinessFrom=0-1_212971551%7C0-2,https://sg.shein.com/SHEIN-Essnce-3pcs-Women-Casual-Solid-Color-Versatile-High-Waist-Drawstring-Pocket-Straight-Loose-Pants-Set-Suitable-For-Spring-Summer-Fall-Fall-Clothes-For-Women-p-212971551.html,True,"mallCode,pageListType,detailBusinessFrom",False,,212971551,True
439507047,8,1,8,"Women's Retro American Style Hibiscus & ""Imperfect"" Slogan Print T-Shirt, Loose Fit Flattering Silhouette, Artistic Healing Style Short Sleeve Top, Suitable For School, City Walks, Spring Outings Casual Pink Summer",S$5.99,https://sg.shein.com/Women-s-Retro-American-Style-Hibiscus-Imperfect-Slogan-Print-T-Shirt-Loose-Fit-Flattering-Silhouette-Artistic-Healing-Style-Short-Sleeve-Top-Suitable-For-School-City-Walks-Spring-Outings-Casual-Pink-Summer-p-439507047.html,https://img.ltwebstatic.com/v4/j/spmp/2026/04/03/a6/17752062656e242c02b66c40bee4110d6de0ecf81d_thumbnail_600x.webp,2026-06-02T16:31:58+08:00,,,,,2.7k+ sold,https://sg.shein.com/Women-s-Retro-American-Style-Hibiscus-Imperfect-Slogan-Print-T-Shirt-Loose-Fit-Flattering-Silhouette-Artistic-Healing-Style-Short-Sleeve-Top-Suitable-For-School-City-Walks-Spring-Outings-Casual-Pink-Summer-p-439507047.html?mallCode=1&pageListType=4&detailBusinessFrom=0-1_439507047%7C0-2,https://sg.shein.com/Women-s-Retro-American-Style-Hibiscus-Imperfect-Slogan-Print-T-Shirt-Loose-Fit-Flattering-Silhouette-Artistic-Healing-Style-Short-Sleeve-Top-Suitable-For-School-City-Walks-Spring-Outings-Casual-Pink-Summer-p-439507047.html,True,"mallCode,pageListType,detailBusinessFrom",False,,439507047,True
367894814,8,1,8,Franclia Women's Solid Color Button Casual Versatile Commuting Wide Leg Pants,S$11.99,https://sg.shein.com/Franclia-Women-s-Solid-Color-Button-Casual-Versatile-Commuting-Wide-Leg-Pants-p-367894814.html,https://img.ltwebstatic.com/v4/j/pi/2026/03/10/75/1773115214f0d595382184f5e319eeb5a76d85a9d1_thumbnail_600x.webp,2026-06-02T16:31:58+08:00,,-27%,,,2.1k+ sold,https://sg.shein.com/Franclia-Women-s-Solid-Color-Button-Casual-Versatile-Commuting-Wide-Leg-Pants-p-367894814.html?mallCode=1&pageListType=4&detailBusinessFrom=0-1_367894814%7C0-2,https://sg.shein.com/Franclia-Women-s-Solid-Color-Button-Casual-Versatile-Commuting-Wide-Leg-Pants-p-367894814.html,True,"mallCode,pageListType,detailBusinessFrom",False,,367894814,True
100304018,8,1,8,"Sweetra Women's Solid Color Ruched Scoop Neck Slim Fit Tank Top, Summer Fashion",S$17.99,https://sg.shein.com/Sweetra-Women-s-Solid-Color-Ruched-Scoop-Neck-Slim-Fit-Tank-Top-Summer-Fashion-p-100304018.html,https://sc.ltwebstatic.com/she_dist/images/bg-grey-solid-color-fc04c1310d.png,2026-06-02T16:31:58+08:00,,,,,28.6k+ sold,https://sg.shein.com/Sweetra-Women-s-Solid-Color-Ruched-Scoop-Neck-Slim-Fit-Tank-Top-Summer-Fashion-p-100304018.html?mallCode=1&pageListType=4&detailBusinessFrom=0-1_100304018%7C0-2,https://sg.shein.com/Sweetra-Women-s-Solid-Color-Ruched-Scoop-Neck-Slim-Fit-Tank-Top-Summer-Fashion-p-100304018.html,True,"mallCode,pageListType,detailBusinessFrom",False,,100304018,True
96098292,8,1,8,"Sweetra Women's Casual Short Square Neck Ruffle Camisole, Summer",S$2.08,https://sg.shein.com/Sweetra-Women-s-Casual-Short-Square-Neck-Ruffle-Camisole-Summer-p-96098292.html,https://sc.ltwebstatic.com/she_dist/images/bg-grey-solid-color-fc04c1310d.png,2026-06-02T16:31:58+08:00,,,,,SAVE S$2.08,https://sg.shein.com/Sweetra-Women-s-Casual-Short-Square-Neck-Ruffle-Camisole-Summer-p-96098292.html?mallCode=1&pageListType=4&detailBusinessFrom=0-1_96098292%7C0-2,https://sg.shein.com/Sweetra-Women-s-Casual-Short-Square-Neck-Ruffle-Camisole-Summer-p-96098292.html,True,"mallCode,pageListType,detailBusinessFrom",False,,96098292,True
388827165,8,1,8,Sweetra Women's Solid Color Metal Buckle Waist Wide Leg Casual Pants,S$14.99,https://sg.shein.com/Sweetra-Women-s-Solid-Color-Metal-Buckle-Waist-Wide-Leg-Casual-Pants-p-388827165.html,https://sc.ltwebstatic.com/she_dist/images/bg-grey-solid-color-fc04c1310d.png,2026-06-02T16:31:58+08:00,,,,,9.6k+ sold,https://sg.shein.com/Sweetra-Women-s-Solid-Color-Metal-Buckle-Waist-Wide-Leg-Casual-Pants-p-388827165.html?mallCode=1&pageListType=4&detailBusinessFrom=0-1_388827165%7C0-2,https://sg.shein.com/Sweetra-Women-s-Solid-Color-Metal-Buckle-Waist-Wide-Leg-Casual-Pants-p-388827165.html,True,"mallCode,pageListType,detailBusinessFrom",False,,388827165,True
292377197,8,1,8,"Sweetra Women's Solid Color Minimalist Sleeveless Ruffle Hem Tank Top, Everyday Wear",S$2.01,https://sg.shein.com/Sweetra-Women-s-Solid-Color-Minimalist-Sleeveless-Ruffle-Hem-Tank-Top-Everyday-Wear-p-292377197.html,https://sc.ltwebstatic.com/she_dist/images/bg-grey-solid-color-fc04c1310d.png,2026-06-02T16:31:58+08:00,,,,,SAVE S$2.01,https://sg.shein.com/Sweetra-Women-s-Solid-Color-Minimalist-Sleeveless-Ruffle-Hem-Tank-Top-Everyday-Wear-p-292377197.html?mallCode=1&pageListType=4&detailBusinessFrom=0-1_292377197%7C0-2,https://sg.shein.com/Sweetra-Women-s-Solid-Color-Minimalist-Sleeveless-Ruffle-Hem-Tank-Top-Everyday-Wear-p-292377197.html,True,"mallCode,pageListType,detailBusinessFrom",False,,292377197,True
242760806,8,1,8,Sweetra Women Casual Solid Color Tank Top For Summer,S$15.99,https://sg.shein.com/Sweetra-Women-Casual-Solid-Color-Tank-Top-For-Summer-p-242760806.html,https://sc.ltwebstatic.com/she_dist/images/bg-grey-solid-color-fc04c1310d.png,2026-06-02T16:31:58+08:00,,,,,11.8k+ sold,https://sg.shein.com/Sweetra-Women-Casual-Solid-Color-Tank-Top-For-Summer-p-242760806.html?mallCode=1&pageListType=4&detailBusinessFrom=0-1_242760806%7C0-2,https://sg.shein.com/Sweetra-Women-Casual-Solid-Color-Tank-Top-For-Summer-p-242760806.html,True,"mallCode,pageListType,detailBusinessFrom",False,,242760806,True
72840876,8,1,8,"Women's Washed Wide Leg Jeans, Loose Casual Fashion Versatile Pants White Spring",S$28.99,https://sg.shein.com/Women-s-Washed-Wide-Leg-Jeans-Loose-Casual-Fashion-Versatile-Pants-White-Spring-p-72840876.html,https://sc.ltwebstatic.com/she_dist/images/bg-grey-solid-color-fc04c1310d.png,2026-06-02T16:31:58+08:00,,,,,21k+ sold,https://sg.shein.com/Women-s-Washed-Wide-Leg-Jeans-Loose-Casual-Fashion-Versatile-Pants-White-Spring-p-72840876.html?mallCode=1&pageListType=4&detailBusinessFrom=0-1_72840876%7C0-2,https://sg.shein.com/Women-s-Washed-Wide-Leg-Jeans-Loose-Casual-Fashion-Versatile-Pants-White-Spring-p-72840876.html,True,"mallCode,pageListType,detailBusinessFrom",False,,72840876,True
126004530,8,1,8,EMERY ROSE Women's Casual Solid Color Suit Pants Fall Cloth For Women,S$2.10,https://sg.shein.com/EMERY-ROSE-Women-s-Casual-Solid-Color-Suit-Pants-Fall-Cloth-For-Women-p-126004530.html,https://sc.ltwebstatic.com/she_dist/images/bg-grey-solid-color-fc04c1310d.png,2026-06-02T16:31:58+08:00,,,,,SAVE S$2.10,https://sg.shein.com/EMERY-ROSE-Women-s-Casual-Solid-Color-Suit-Pants-Fall-Cloth-For-Women-p-126004530.html?mallCode=1&pageListType=4&detailBusinessFrom=0-1_126004530%7C0-2,https://sg.shein.com/EMERY-ROSE-Women-s-Casual-Solid-Color-Suit-Pants-Fall-Cloth-For-Women-p-126004530.html,True,"mallCode,pageListType,detailBusinessFrom",False,,126004530,True
26330574,8,1,8,"DAZY Women's Black Winter Business Casual Work Pants,Elegant Solid Color Wide Leg Loose Pocket Zipper Long Trousers,Spring/Fall Daily Teacher Pants",S$22.99,https://sg.shein.com/DAZY-Women-s-Black-Winter-Business-Casual-Work-Pants-Elegant-Solid-Color-Wide-Leg-Loose-Pocket-Zipper-Long-Trousers-Spring-Fall-Daily-Teacher-Pants-p-26330574.html,https://sc.ltwebstatic.com/she_dist/images/bg-grey-solid-color-fc04c1310d.png,2026-06-02T16:31:58+08:00,,,(1000+),,17.3k+ sold,https://sg.shein.com/DAZY-Women-s-Black-Winter-Business-Casual-Work-Pants-Elegant-Solid-Color-Wide-Leg-Loose-Pocket-Zipper-Long-Trousers-Spring-Fall-Daily-Teacher-Pants-p-26330574.html?mallCode=1&pageListType=4&detailBusinessFrom=0-1_26330574%7C0-2,https://sg.shein.com/DAZY-Women-s-Black-Winter-Business-Casual-Work-Pants-Elegant-Solid-Color-Wide-Leg-Loose-Pocket-Zipper-Long-Trousers-Spring-Fall-Daily-Teacher-Pants-p-26330574.html,True,"mallCode,pageListType,detailBusinessFrom",False,,26330574,True
445237932,8,1,8,"Women's High-Waisted Pleated Loose Fit Trousers, Suitable For Work And Casual Occasions, Black Color (Belt Not Included), Spring/Summer",S$2.70,https://sg.shein.com/Women-s-High-Waisted-Pleated-Loose-Fit-Trousers-Suitable-For-Work-And-Casual-Occasions-Black-Color-Belt-Not-Included-Spring-Summer-p-445237932.html,https://sc.ltwebstatic.com/she_dist/images/bg-grey-solid-color-fc04c1310d.png,2026-06-02T16:31:58+08:00,,,,,SAVE S$2.70,https://sg.shein.com/Women-s-High-Waisted-Pleated-Loose-Fit-Trousers-Suitable-For-Work-And-Casual-Occasions-Black-Color-Belt-Not-Included-Spring-Summer-p-445237932.html?mallCode=1&pageListType=4&detailBusinessFrom=0-1_445237932%7C0-2,https://sg.shein.com/Women-s-High-Waisted-Pleated-Loose-Fit-Trousers-Suitable-For-Work-And-Casual-Occasions-Black-Color-Belt-Not-Included-Spring-Summer-p-445237932.html,True,"mallCode,pageListType,detailBusinessFrom",False,,445237932,True
62283515,8,1,8,SHEIN PETITE Casual All-Match White Cami Top With Deep U-Neck And Racerback Sexy,S$3.99,https://sg.shein.com/SHEIN-PETITE-Casual-All-Match-White-Cami-Top-With-Deep-U-Neck-And-Racerback-Sexy-p-62283515.html,https://sc.ltwebstatic.com/she_dist/images/bg-grey-solid-color-fc04c1310d.png,2026-06-02T16:31:58+08:00,,,,,6k+ sold,https://sg.shein.com/SHEIN-PETITE-Casual-All-Match-White-Cami-Top-With-Deep-U-Neck-And-Racerback-Sexy-p-62283515.html?mallCode=1&pageListType=4&detailBusinessFrom=0-1_62283515%7C0-2,https://sg.shein.com/SHEIN-PETITE-Casual-All-Match-White-Cami-Top-With-Deep-U-Neck-And-Racerback-Sexy-p-62283515.html,True,"mallCode,pageListType,detailBusinessFrom",False,,62283515,True
427046872,8,1,8,SHEIN Women's Casual Numeric Print V-Neck Fitted Short Sleeve T-Shirt Ladies Clothes Pink Shirt Women's Outfits V-Neck Top Graphic Tee Jersey,S$1.05,https://sg.shein.com/SHEIN-Women-s-Casual-Numeric-Print-V-Neck-Fitted-Short-Sleeve-T-Shirt-Ladies-Clothes-Pink-Shirt-Women-s-Outfits-V-Neck-Top-Graphic-Tee-Jersey-p-427046872.html,https://sc.ltwebstatic.com/she_dist/images/bg-grey-solid-color-fc04c1310d.png,2026-06-02T16:31:58+08:00,,,,,SAVE S$1.05,https://sg.shein.com/SHEIN-Women-s-Casual-Numeric-Print-V-Neck-Fitted-Short-Sleeve-T-Shirt-Ladies-Clothes-Pink-Shirt-Women-s-Outfits-V-Neck-Top-Graphic-Tee-Jersey-p-427046872.html?mallCode=1&pageListType=4&detailBusinessFrom=0-1_427046872%7C0-2,https://sg.shein.com/SHEIN-Women-s-Casual-Numeric-Print-V-Neck-Fitted-Short-Sleeve-T-Shirt-Ladies-Clothes-Pink-Shirt-Women-s-Outfits-V-Neck-Top-Graphic-Tee-Jersey-p-427046872.html,True,"mallCode,pageListType,detailBusinessFrom",False,,427046872,True
96098634,8,1,8,"Sweetra Women Casual Cropped Square Neck Pleated Tank Top, Summer",S$15.49,https://sg.shein.com/Sweetra-Women-Casual-Cropped-Square-Neck-Pleated-Tank-Top-Summer-p-96098634.html,https://sc.ltwebstatic.com/she_dist/images/bg-grey-solid-color-fc04c1310d.png,2026-06-02T16:31:58+08:00,,,,,9.6k+ sold,https://sg.shein.com/Sweetra-Women-Casual-Cropped-Square-Neck-Pleated-Tank-Top-Summer-p-96098634.html?mallCode=1&pageListType=4&detailBusinessFrom=0-1_96098634%7C0-2,https://sg.shein.com/Sweetra-Women-Casual-Cropped-Square-Neck-Pleated-Tank-Top-Summer-p-96098634.html,True,"mallCode,pageListType,detailBusinessFrom",False,,96098634,True
446883723,8,1,8,"Siren Gaze Women's Summer Casual Vacation Minimalist Solid Color Peplum Cami Top With Embroidery And Mesh Panels,Summer Top",S$10.99,https://sg.shein.com/Siren-Gaze-Women-s-Summer-Casual-Vacation-Minimalist-Solid-Color-Peplum-Cami-Top-With-Embroidery-And-Mesh-Panels-Summer-Top-p-446883723.html,https://sc.ltwebstatic.com/she_dist/images/bg-grey-solid-color-fc04c1310d.png,2026-06-02T16:31:58+08:00,,,,,23.8k+ sold,https://sg.shein.com/Siren-Gaze-Women-s-Summer-Casual-Vacation-Minimalist-Solid-Color-Peplum-Cami-Top-With-Embroidery-And-Mesh-Panels-Summer-Top-p-446883723.html?mallCode=1&pageListType=4&detailBusinessFrom=0-1_446883723%7C0-2,https://sg.shein.com/Siren-Gaze-Women-s-Summer-Casual-Vacation-Minimalist-Solid-Color-Peplum-Cami-Top-With-Embroidery-And-Mesh-Panels-Summer-Top-p-446883723.html,True,"mallCode,pageListType,detailBusinessFrom",False,,446883723,True
28800344,8,1,8,"SHEIN EZwear 4pcs/Set Solid Color Cropped Round Neck Short Sleeve Fitted Women T-Shirt, Suitable For Summer",S$1.68,https://sg.shein.com/SHEIN-EZwear-4pcs-Set-Solid-Color-Cropped-Round-Neck-Short-Sleeve-Fitted-Women-T-Shirt-Suitable-For-Summer-p-28800344.html,https://sc.ltwebstatic.com/she_dist/images/bg-grey-solid-color-fc04c1310d.png,2026-06-02T16:31:58+08:00,,,,,SAVE S$1.68,https://sg.shein.com/SHEIN-EZwear-4pcs-Set-Solid-Color-Cropped-Round-Neck-Short-Sleeve-Fitted-Women-T-Shirt-Suitable-For-Summer-p-28800344.html?mallCode=1&pageListType=4&detailBusinessFrom=0-1_28800344%7C0-2,https://sg.shein.com/SHEIN-EZwear-4pcs-Set-Solid-Color-Cropped-Round-Neck-Short-Sleeve-Fitted-Women-T-Shirt-Suitable-For-Summer-p-28800344.html,True,"mallCode,pageListType,detailBusinessFrom",False,,28800344,True
39284776,8,1,8,"INAWLY Women's Casual Letter Print Asymmetric Neck Loose Short Sleeve T-Shirt, Summer Graphic Tees Women Tops",S$8.49,https://sg.shein.com/INAWLY-Women-s-Casual-Letter-Print-Asymmetric-Neck-Loose-Short-Sleeve-T-Shirt-Summer-Graphic-Tees-Women-Tops-p-39284776.html,https://sc.ltwebstatic.com/she_dist/images/bg-grey-solid-color-fc04c1310d.png,2026-06-02T16:31:58+08:00,,,,,16.5k+ sold,https://sg.shein.com/INAWLY-Women-s-Casual-Letter-Print-Asymmetric-Neck-Loose-Short-Sleeve-T-Shirt-Summer-Graphic-Tees-Women-Tops-p-39284776.html?mallCode=1&pageListType=4&detailBusinessFrom=0-1_39284776%7C0-2,https://sg.shein.com/INAWLY-Women-s-Casual-Letter-Print-Asymmetric-Neck-Loose-Short-Sleeve-T-Shirt-Summer-Graphic-Tees-Women-Tops-p-39284776.html,True,"mallCode,pageListType,detailBusinessFrom",False,,39284776,True
31100281,8,1,8,SHEIN EZwear Summer Outfits 3pcs Solid Tank Top,S$14.49,https://sg.shein.com/SHEIN-EZwear-Summer-Outfits-3pcs-Solid-Tank-Top-p-31100281.html,https://sc.ltwebstatic.com/she_dist/images/bg-grey-solid-color-fc04c1310d.png,2026-06-02T16:31:58+08:00,,,,,3.1k+ sold,https://sg.shein.com/SHEIN-EZwear-Summer-Outfits-3pcs-Solid-Tank-Top-p-31100281.html?mallCode=1&pageListType=4&detailBusinessFrom=0-1_31100281%7C0-2,https://sg.shein.com/SHEIN-EZwear-Summer-Outfits-3pcs-Solid-Tank-Top-p-31100281.html,True,"mallCode,pageListType,detailBusinessFrom",False,,31100281,True
257579002,8,1,8,INAWLY Women's Contrast Color Embroidered Asymmetric Neck Short Sleeve T-Shirt,S$0.78,https://sg.shein.com/INAWLY-Women-s-Contrast-Color-Embroidered-Asymmetric-Neck-Short-Sleeve-T-Shirt-p-257579002.html,https://sc.ltwebstatic.com/she_dist/images/bg-grey-solid-color-fc04c1310d.png,2026-06-02T16:31:58+08:00,,,,,SAVE S$0.78,https://sg.shein.com/INAWLY-Women-s-Contrast-Color-Embroidered-Asymmetric-Neck-Short-Sleeve-T-Shirt-p-257579002.html?mallCode=1&pageListType=4&detailBusinessFrom=0-1_257579002%7C0-2,https://sg.shein.com/INAWLY-Women-s-Contrast-Color-Embroidered-Asymmetric-Neck-Short-Sleeve-T-Shirt-p-257579002.html,True,"mallCode,pageListType,detailBusinessFrom",False,,257579002,True
207298371,8,1,8,"9650# Stretchy Denim Pants, Straight Leg, Elegant & Fashionable, Casual & Versatile, Wide Leg Flare Women Denim Pants Spring",S$26.49,https://sg.shein.com/9650-Stretchy-Denim-Pants-Straight-Leg-Elegant-Fashionable-Casual-Versatile-Wide-Leg-Flare-Women-Denim-Pants-Spring-p-207298371.html,https://sc.ltwebstatic.com/she_dist/images/bg-grey-solid-color-fc04c1310d.png,2026-06-02T16:31:58+08:00,,,,,10.8k+ sold,https://sg.shein.com/9650-Stretchy-Denim-Pants-Straight-Leg-Elegant-Fashionable-Casual-Versatile-Wide-Leg-Flare-Women-Denim-Pants-Spring-p-207298371.html?mallCode=1&pageListType=4&detailBusinessFrom=0-1_207298371%7C0-2,https://sg.shein.com/9650-Stretchy-Denim-Pants-Straight-Leg-Elegant-Fashionable-Casual-Versatile-Wide-Leg-Flare-Women-Denim-Pants-Spring-p-207298371.html,True,"mallCode,pageListType,detailBusinessFrom",False,,207298371,True
443355300,8,1,8,Summer New Casual Minimalist Versatile Holiday Beach Printed Round Neck Short Sleeve T-Shirt For Women Pink,S$5.36,https://sg.shein.com/Summer-New-Casual-Minimalist-Versatile-Holiday-Beach-Printed-Round-Neck-Short-Sleeve-T-Shirt-For-Women-Pink-p-443355300.html,https://sc.ltwebstatic.com/she_dist/images/bg-grey-solid-color-fc04c1310d.png,2026-06-02T16:31:58+08:00,,-17%,,,1.2k+ sold,https://sg.shein.com/Summer-New-Casual-Minimalist-Versatile-Holiday-Beach-Printed-Round-Neck-Short-Sleeve-T-Shirt-For-Women-Pink-p-443355300.html?mallCode=1&pageListType=4&detailBusinessFrom=0-1_443355300%7C0-2,https://sg.shein.com/Summer-New-Casual-Minimalist-Versatile-Holiday-Beach-Printed-Round-Neck-Short-Sleeve-T-Shirt-For-Women-Pink-p-443355300.html,True,"mallCode,pageListType,detailBusinessFrom",False,,443355300,True
431642974,8,1,8,"Sweetra Women's Casual Pleated Square Neck Camisole, Summer",S$2.32,https://sg.shein.com/Sweetra-Women-s-Casual-Pleated-Square-Neck-Camisole-Summer-p-431642974.html,https://sc.ltwebstatic.com/she_dist/images/bg-grey-solid-color-fc04c1310d.png,2026-06-02T16:31:58+08:00,,,,,SAVE S$2.32,https://sg.shein.com/Sweetra-Women-s-Casual-Pleated-Square-Neck-Camisole-Summer-p-431642974.html?mallCode=1&pageListType=4&detailBusinessFrom=0-1_431642974%7C0-2,https://sg.shein.com/Sweetra-Women-s-Casual-Pleated-Square-Neck-Camisole-Summer-p-431642974.html,True,"mallCode,pageListType,detailBusinessFrom",False,,431642974,True
440345688,8,1,8,SHEIN PETITE Women's Simple Casual Fashion Back-To-School Season Old Money Commuting High-Waist Texture Wide-Leg Trousers 100 Cotton,S$23.49,https://sg.shein.com/SHEIN-PETITE-Women-s-Simple-Casual-Fashion-Back-To-School-Season-Old-Money-Commuting-High-Waist-Texture-Wide-Leg-Trousers-100-Cotton-p-440345688.html,https://sc.ltwebstatic.com/she_dist/images/bg-grey-solid-color-fc04c1310d.png,2026-06-02T16:31:58+08:00,,,,,34.3k+ sold,https://sg.shein.com/SHEIN-PETITE-Women-s-Simple-Casual-Fashion-Back-To-School-Season-Old-Money-Commuting-High-Waist-Texture-Wide-Leg-Trousers-100-Cotton-p-440345688.html?mallCode=1&pageListType=4&detailBusinessFrom=0-1_440345688%7C0-2,https://sg.shein.com/SHEIN-PETITE-Women-s-Simple-Casual-Fashion-Back-To-School-Season-Old-Money-Commuting-High-Waist-Texture-Wide-Leg-Trousers-100-Cotton-p-440345688.html,True,"mallCode,pageListType,detailBusinessFrom",False,,440345688,True
60120014,8,1,8,"XLLAIS Women's Basic Crew Neck Short Sleeve Solid Color Fitted Casual T-Shirt, Brown Summer",S$10.49,https://sg.shein.com/XLLAIS-Women-s-Basic-Crew-Neck-Short-Sleeve-Solid-Color-Fitted-Casual-T-Shirt-Brown-Summer-p-60120014.html,https://sc.ltwebstatic.com/she_dist/images/bg-grey-solid-color-fc04c1310d.png,2026-06-02T16:31:58+08:00,,,,,15.6k+ sold,https://sg.shein.com/XLLAIS-Women-s-Basic-Crew-Neck-Short-Sleeve-Solid-Color-Fitted-Casual-T-Shirt-Brown-Summer-p-60120014.html?mallCode=1&pageListType=4&detailBusinessFrom=0-1_60120014%7C0-2,https://sg.shein.com/XLLAIS-Women-s-Basic-Crew-Neck-Short-Sleeve-Solid-Color-Fitted-Casual-T-Shirt-Brown-Summer-p-60120014.html,True,"mallCode,pageListType,detailBusinessFrom",False,,60120014,True
350753790,8,1,8,"Sweetra 2pcs Women Casual Scoop Neck Knit Tank Top Set, Apricot And Coffee Brown, Autumn",S$11.59,https://sg.shein.com/Sweetra-2pcs-Women-Casual-Scoop-Neck-Knit-Tank-Top-Set-Apricot-And-Coffee-Brown-Autumn-p-350753790.html,https://sc.ltwebstatic.com/she_dist/images/bg-grey-solid-color-fc04c1310d.png,2026-06-02T16:31:58+08:00,,-20%,,,4k+ sold,https://sg.shein.com/Sweetra-2pcs-Women-Casual-Scoop-Neck-Knit-Tank-Top-Set-Apricot-And-Coffee-Brown-Autumn-p-350753790.html?mallCode=1&pageListType=4&detailBusinessFrom=0-1_350753790%7C0-2,https://sg.shein.com/Sweetra-2pcs-Women-Casual-Scoop-Neck-Knit-Tank-Top-Set-Apricot-And-Coffee-Brown-Autumn-p-350753790.html,True,"mallCode,pageListType,detailBusinessFrom",False,,350753790,True
106957467,8,1,8,"Slaydiva Multipack 3-Pack Basic Camisole, Women's Narrow Ribbed U-Neck G Racerback Tank Top, Black, White And Gray, Casual 3 Pack Tops",S$14.49,https://sg.shein.com/Slaydiva-Multipack-3-Pack-Basic-Camisole-Women-s-Narrow-Ribbed-U-Neck-G-Racerback-Tank-Top-Black-White-And-Gray-Casual-3-Pack-Tops-p-106957467.html,https://sc.ltwebstatic.com/she_dist/images/bg-grey-solid-color-fc04c1310d.png,2026-06-02T16:31:58+08:00,,,,,657 sold,https://sg.shein.com/Slaydiva-Multipack-3-Pack-Basic-Camisole-Women-s-Narrow-Ribbed-U-Neck-G-Racerback-Tank-Top-Black-White-And-Gray-Casual-3-Pack-Tops-p-106957467.html?mallCode=1&pageListType=4&detailBusinessFrom=0-1_106957467%7C0-2,https://sg.shein.com/Slaydiva-Multipack-3-Pack-Basic-Camisole-Women-s-Narrow-Ribbed-U-Neck-G-Racerback-Tank-Top-Black-White-And-Gray-Casual-3-Pack-Tops-p-106957467.html,True,"mallCode,pageListType,detailBusinessFrom",False,,106957467,True
51552001,8,1,8,Sweetra Women's Plain Color Simple Casual Everyday Tank Top,S$1.92,https://sg.shein.com/Sweetra-Women-s-Plain-Color-Simple-Casual-Everyday-Tank-Top-p-51552001.html,https://sc.ltwebstatic.com/she_dist/images/bg-grey-solid-color-fc04c1310d.png,2026-06-02T16:31:58+08:00,,,,,SAVE S$1.92,https://sg.shein.com/Sweetra-Women-s-Plain-Color-Simple-Casual-Everyday-Tank-Top-p-51552001.html?mallCode=1&pageListType=4&detailBusinessFrom=0-1_51552001%7C0-2,https://sg.shein.com/Sweetra-Women-s-Plain-Color-Simple-Casual-Everyday-Tank-Top-p-51552001.html,True,"mallCode,pageListType,detailBusinessFrom",False,,51552001,True
194808747,8,1,8,"SHEIN EZwear 4pcs Women's Tight Fitted Cropped Casual Tank Tops In Black, Brown, Floral Gray, White",S$12.99,https://sg.shein.com/SHEIN-EZwear-4pcs-Women-s-Tight-Fitted-Cropped-Casual-Tank-Tops-In-Black-Brown-Floral-Gray-White-p-194808747.html,https://sc.ltwebstatic.com/she_dist/images/bg-grey-solid-color-fc04c1310d.png,2026-06-02T16:31:58+08:00,,,,,39k+ sold,https://sg.shein.com/SHEIN-EZwear-4pcs-Women-s-Tight-Fitted-Cropped-Casual-Tank-Tops-In-Black-Brown-Floral-Gray-White-p-194808747.html?mallCode=1&pageListType=4&detailBusinessFrom=0-1_194808747%7C0-2,https://sg.shein.com/SHEIN-EZwear-4pcs-Women-s-Tight-Fitted-Cropped-Casual-Tank-Tops-In-Black-Brown-Floral-Gray-White-p-194808747.html,True,"mallCode,pageListType,detailBusinessFrom",False,,194808747,True
350760671,8,1,8,"Franclia Fashionable Casual Commuter Versatile Textured Soft Fabric High Waist Slit Women Shorts/Skirt/Culottes/Hot Pants, Spring/Autumn",S$9.99,https://sg.shein.com/Franclia-Fashionable-Casual-Commuter-Versatile-Textured-Soft-Fabric-High-Waist-Slit-Women-Shorts-Skirt-Culottes-Hot-Pants-Spring-Autumn-p-350760671.html,https://sc.ltwebstatic.com/she_dist/images/bg-grey-solid-color-fc04c1310d.png,2026-06-02T16:31:58+08:00,,,,,90k+ sold,https://sg.shein.com/Franclia-Fashionable-Casual-Commuter-Versatile-Textured-Soft-Fabric-High-Waist-Slit-Women-Shorts-Skirt-Culottes-Hot-Pants-Spring-Autumn-p-350760671.html?mallCode=1&pageListType=4&detailBusinessFrom=0-1_350760671%7C0-2,https://sg.shein.com/Franclia-Fashionable-Casual-Commuter-Versatile-Textured-Soft-Fabric-High-Waist-Slit-Women-Shorts-Skirt-Culottes-Hot-Pants-Spring-Autumn-p-350760671.html,True,"mallCode,pageListType,detailBusinessFrom",False,,350760671,True
435661131,8,1,8,INAWLY Solva Women's Solid Color Fitted Casual Camisole,S$0.82,https://sg.shein.com/INAWLY-Solva-Women-s-Solid-Color-Fitted-Casual-Camisole-p-435661131.html,https://sc.ltwebstatic.com/she_dist/images/bg-grey-solid-color-fc04c1310d.png,2026-06-02T16:31:58+08:00,,,,,SAVE S$0.82,https://sg.shein.com/INAWLY-Solva-Women-s-Solid-Color-Fitted-Casual-Camisole-p-435661131.html?mallCode=1&pageListType=4&detailBusinessFrom=0-1_435661131%7C0-2,https://sg.shein.com/INAWLY-Solva-Women-s-Solid-Color-Fitted-Casual-Camisole-p-435661131.html,True,"mallCode,pageListType,detailBusinessFrom",False,,435661131,True
252202552,8,1,8,"Vela Rue Minimalist Design Jumpsuit With Hook & Zipper Closure, Sheer Lightweight Full Length Pants, Solid Navy Blue Suit Pants, Wide Leg Slimming Trousers, Fashionable All Season Pink Spring",S$13.91,https://sg.shein.com/Vela-Rue-Minimalist-Design-Jumpsuit-With-Hook-Zipper-Closure-Sheer-Lightweight-Full-Length-Pants-Solid-Navy-Blue-Suit-Pants-Wide-Leg-Slimming-Trousers-Fashionable-All-Season-Pink-Spring-p-252202552.html,https://sc.ltwebstatic.com/she_dist/images/bg-grey-solid-color-fc04c1310d.png,2026-06-02T16:31:58+08:00,,-4%,,,90k+ sold,https://sg.shein.com/Vela-Rue-Minimalist-Design-Jumpsuit-With-Hook-Zipper-Closure-Sheer-Lightweight-Full-Length-Pants-Solid-Navy-Blue-Suit-Pants-Wide-Leg-Slimming-Trousers-Fashionable-All-Season-Pink-Spring-p-252202552.html?mallCode=1&pageListType=4&detailBusinessFrom=0-1_252202552%7C0-2,https://sg.shein.com/Vela-Rue-Minimalist-Design-Jumpsuit-With-Hook-Zipper-Closure-Sheer-Lightweight-Full-Length-Pants-Solid-Navy-Blue-Suit-Pants-Wide-Leg-Slimming-Trousers-Fashionable-All-Season-Pink-Spring-p-252202552.html,True,"mallCode,pageListType,detailBusinessFrom",False,,252202552,True
73462359,8,1,8,"Sweetra Y2K Sexy Camisole With Lace Trim & Pleat Detail, Multi-Piece Set",S$16.99,https://sg.shein.com/Sweetra-Y2K-Sexy-Camisole-With-Lace-Trim-Pleat-Detail-Multi-Piece-Set-p-73462359.html,https://sc.ltwebstatic.com/she_dist/images/bg-grey-solid-color-fc04c1310d.png,2026-06-02T16:31:58+08:00,,,,,10.7k+ sold,https://sg.shein.com/Sweetra-Y2K-Sexy-Camisole-With-Lace-Trim-Pleat-Detail-Multi-Piece-Set-p-73462359.html?mallCode=1&pageListType=4&detailBusinessFrom=0-1_73462359%7C0-2,https://sg.shein.com/Sweetra-Y2K-Sexy-Camisole-With-Lace-Trim-Pleat-Detail-Multi-Piece-Set-p-73462359.html,True,"mallCode,pageListType,detailBusinessFrom",False,,73462359,True
438194289,8,2,"8,9",Women's Satin Lace Trim Spaghetti Strap Cami Top - Alluring Side Slit Khaki Summer Camisole Casual,S$8.99,https://sg.shein.com/Women-s-Satin-Lace-Trim-Spaghetti-Strap-Cami-Top-Alluring-Side-Slit-Khaki-Summer-Camisole-Casual-p-438194289.html,https://sc.ltwebstatic.com/she_dist/images/bg-grey-solid-color-fc04c1310d.png,2026-06-02T16:31:58+08:00,,,,,13k+ sold,https://sg.shein.com/Women-s-Satin-Lace-Trim-Spaghetti-Strap-Cami-Top-Alluring-Side-Slit-Khaki-Summer-Camisole-Casual-p-438194289.html?mallCode=1&pageListType=4&detailBusinessFrom=0-1_438194289%7C0-2,https://sg.shein.com/Women-s-Satin-Lace-Trim-Spaghetti-Strap-Cami-Top-Alluring-Side-Slit-Khaki-Summer-Camisole-Casual-p-438194289.html,True,"mallCode,pageListType,detailBusinessFrom",False,,438194289,True
190931861,8,1,8,"DAZY Women's Casual Solid Color Fitted Tank Top, Summer Y2k",S$7.99,https://sg.shein.com/DAZY-Women-s-Casual-Solid-Color-Fitted-Tank-Top-Summer-Y2k-p-190931861.html,https://sc.ltwebstatic.com/she_dist/images/bg-grey-solid-color-fc04c1310d.png,2026-06-02T16:31:58+08:00,,,,,25.3k+ sold,https://sg.shein.com/DAZY-Women-s-Casual-Solid-Color-Fitted-Tank-Top-Summer-Y2k-p-190931861.html?mallCode=1&pageListType=4&detailBusinessFrom=0-1_190931861%7C0-2,https://sg.shein.com/DAZY-Women-s-Casual-Solid-Color-Fitted-Tank-Top-Summer-Y2k-p-190931861.html,True,"mallCode,pageListType,detailBusinessFrom",False,,190931861,True
446958294,8,2,"8,9","Fitted Cropped Round Neck Short Sleeve Baby Tee, American Y2K Sexy Basic Midriff-Baring T-Shirt Casual Red Summer",S$0.84,https://sg.shein.com/Fitted-Cropped-Round-Neck-Short-Sleeve-Baby-Tee-American-Y2K-Sexy-Basic-Midriff-Baring-T-Shirt-Casual-Red-Summer-p-446958294.html,https://sc.ltwebstatic.com/she_dist/images/bg-grey-solid-color-fc04c1310d.png,2026-06-02T16:31:58+08:00,,,,,SAVE S$0.84,https://sg.shein.com/Fitted-Cropped-Round-Neck-Short-Sleeve-Baby-Tee-American-Y2K-Sexy-Basic-Midriff-Baring-T-Shirt-Casual-Red-Summer-p-446958294.html?mallCode=1&pageListType=4&detailBusinessFrom=0-1_446958294%7C0-2,https://sg.shein.com/Fitted-Cropped-Round-Neck-Short-Sleeve-Baby-Tee-American-Y2K-Sexy-Basic-Midriff-Baring-T-Shirt-Casual-Red-Summer-p-446958294.html,True,"mallCode,pageListType,detailBusinessFrom",False,,446958294,True
350806443,8,2,"8,9","Franclia Fashionable Casual Commute Versatile Textured Soft Fabric High Waist Slit Gray Women Shorts/Skirt/Culottes/Hot Pants, Spring/Autumn",S$11.49,https://sg.shein.com/Franclia-Fashionable-Casual-Commute-Versatile-Textured-Soft-Fabric-High-Waist-Slit-Gray-Women-Shorts-Skirt-Culottes-Hot-Pants-Spring-Autumn-p-350806443.html,https://sc.ltwebstatic.com/she_dist/images/bg-grey-solid-color-fc04c1310d.png,2026-06-02T16:31:58+08:00,,,,,90k+ sold,https://sg.shein.com/Franclia-Fashionable-Casual-Commute-Versatile-Textured-Soft-Fabric-High-Waist-Slit-Gray-Women-Shorts-Skirt-Culottes-Hot-Pants-Spring-Autumn-p-350806443.html?mallCode=1&pageListType=4&detailBusinessFrom=0-1_350806443%7C0-2,https://sg.shein.com/Franclia-Fashionable-Casual-Commute-Versatile-Textured-Soft-Fabric-High-Waist-Slit-Gray-Women-Shorts-Skirt-Culottes-Hot-Pants-Spring-Autumn-p-350806443.html,True,"mallCode,pageListType,detailBusinessFrom",False,,350806443,True
411979316,8,1,8,"Qadelle 3pcs Anti-Flashing Camisole Set With Built-In Padded Bra,Women's Black And White Summer Basic Everyday Tank Tops,3 Pack Yoga Workout Cami Vest Tops",S$23.99,https://sg.shein.com/Qadelle-3pcs-Anti-Flashing-Camisole-Set-With-Built-In-Padded-Bra-Women-s-Black-And-White-Summer-Basic-Everyday-Tank-Tops-3-Pack-Yoga-Workout-Cami-Vest-Tops-p-411979316.html,https://sc.ltwebstatic.com/she_dist/images/bg-grey-solid-color-fc04c1310d.png,2026-06-02T16:31:58+08:00,,,,,16.2k+ sold,https://sg.shein.com/Qadelle-3pcs-Anti-Flashing-Camisole-Set-With-Built-In-Padded-Bra-Women-s-Black-And-White-Summer-Basic-Everyday-Tank-Tops-3-Pack-Yoga-Workout-Cami-Vest-Tops-p-411979316.html?mallCode=1&pageListType=4&detailBusinessFrom=0-1_411979316%7C0-2,https://sg.shein.com/Qadelle-3pcs-Anti-Flashing-Camisole-Set-With-Built-In-Padded-Bra-Women-s-Black-And-White-Summer-Basic-Everyday-Tank-Tops-3-Pack-Yoga-Workout-Cami-Vest-Tops-p-411979316.html,True,"mallCode,pageListType,detailBusinessFrom",False,,411979316,True
343829755,8,1,8,"SHEIN EZwear 4pcs Women's Solid Color Tight Fitting Cropped Casual Camisole Set, Summer Spring",S$12.99,https://sg.shein.com/SHEIN-EZwear-4pcs-Women-s-Solid-Color-Tight-Fitting-Cropped-Casual-Camisole-Set-Summer-Spring-p-343829755.html,https://sc.ltwebstatic.com/she_dist/images/bg-grey-solid-color-fc04c1310d.png,2026-06-02T16:31:58+08:00,,,,,39k+ sold,https://sg.shein.com/SHEIN-EZwear-4pcs-Women-s-Solid-Color-Tight-Fitting-Cropped-Casual-Camisole-Set-Summer-Spring-p-343829755.html?mallCode=1&pageListType=4&detailBusinessFrom=0-1_343829755%7C0-2,https://sg.shein.com/SHEIN-EZwear-4pcs-Women-s-Solid-Color-Tight-Fitting-Cropped-Casual-Camisole-Set-Summer-Spring-p-343829755.html,True,"mallCode,pageListType,detailBusinessFrom",False,,343829755,True
44254649,8,1,8,SHEIN PETITE Casual All-Match White Cami Top With Deep U-Neck And Racerback,S$5.99,https://sg.shein.com/SHEIN-PETITE-Casual-All-Match-White-Cami-Top-With-Deep-U-Neck-And-Racerback-p-44254649.html,https://sc.ltwebstatic.com/she_dist/images/bg-grey-solid-color-fc04c1310d.png,2026-06-02T16:31:58+08:00,,,,,6k+ sold,https://sg.shein.com/SHEIN-PETITE-Casual-All-Match-White-Cami-Top-With-Deep-U-Neck-And-Racerback-p-44254649.html?mallCode=1&pageListType=4&detailBusinessFrom=0-1_44254649%7C0-2,https://sg.shein.com/SHEIN-PETITE-Casual-All-Match-White-Cami-Top-With-Deep-U-Neck-And-Racerback-p-44254649.html,True,"mallCode,pageListType,detailBusinessFrom",False,,44254649,True
441262810,8,1,8,"Casual Sexy Versatile Ribbed Camisole, Spring/Summer",S$5.99,https://sg.shein.com/Casual-Sexy-Versatile-Ribbed-Camisole-Spring-Summer-p-441262810.html,https://sc.ltwebstatic.com/she_dist/images/bg-grey-solid-color-fc04c1310d.png,2026-06-02T16:31:58+08:00,,,,,90k+ sold,https://sg.shein.com/Casual-Sexy-Versatile-Ribbed-Camisole-Spring-Summer-p-441262810.html?mallCode=1&pageListType=4&detailBusinessFrom=0-1_441262810%7C0-2,https://sg.shein.com/Casual-Sexy-Versatile-Ribbed-Camisole-Spring-Summer-p-441262810.html,True,"mallCode,pageListType,detailBusinessFrom",False,,441262810,True
317342804,8,2,"8,9","Franclia Women's High Waist Grey Summer Modest Office Skirt Shorts,A-Line Split Hem Textured Soft Fabric Skorts,Fashionable Casual Commute Versatile Clothing",S$8.09,https://sg.shein.com/Franclia-Women-s-High-Waist-Grey-Summer-Modest-Office-Skirt-Shorts-A-Line-Split-Hem-Textured-Soft-Fabric-Skorts-Fashionable-Casual-Commute-Versatile-Clothing-p-317342804.html,https://sc.ltwebstatic.com/she_dist/images/bg-grey-solid-color-fc04c1310d.png,2026-06-02T16:31:58+08:00,,-19%,,,90k+ sold,https://sg.shein.com/Franclia-Women-s-High-Waist-Grey-Summer-Modest-Office-Skirt-Shorts-A-Line-Split-Hem-Textured-Soft-Fabric-Skorts-Fashionable-Casual-Commute-Versatile-Clothing-p-317342804.html?mallCode=1&pageListType=4&detailBusinessFrom=0-1_317342804%7C0-2,https://sg.shein.com/Franclia-Women-s-High-Waist-Grey-Summer-Modest-Office-Skirt-Shorts-A-Line-Split-Hem-Textured-Soft-Fabric-Skorts-Fashionable-Casual-Commute-Versatile-Clothing-p-317342804.html,True,"mallCode,pageListType,detailBusinessFrom",False,,317342804,True
83300458,8,1,8,Glimmora Women's New Summer Slant Shoulder Bow Embroidered Ruched Fitted Slim Asymmetrical Neck T-Shirt,S$5.99,https://sg.shein.com/Glimmora-Women-s-New-Summer-Slant-Shoulder-Bow-Embroidered-Ruched-Fitted-Slim-Asymmetrical-Neck-T-Shirt-p-83300458.html,https://sc.ltwebstatic.com/she_dist/images/bg-grey-solid-color-fc04c1310d.png,2026-06-02T16:31:58+08:00,,,,,28.3k+ sold,https://sg.shein.com/Glimmora-Women-s-New-Summer-Slant-Shoulder-Bow-Embroidered-Ruched-Fitted-Slim-Asymmetrical-Neck-T-Shirt-p-83300458.html?mallCode=1&pageListType=4&detailBusinessFrom=0-1_83300458%7C0-2,https://sg.shein.com/Glimmora-Women-s-New-Summer-Slant-Shoulder-Bow-Embroidered-Ruched-Fitted-Slim-Asymmetrical-Neck-T-Shirt-p-83300458.html,True,"mallCode,pageListType,detailBusinessFrom",False,,83300458,True
105317468,8,1,8,Sweetra Women's Summer Casual Solid Color Camisole,S$17.99,https://sg.shein.com/Sweetra-Women-s-Summer-Casual-Solid-Color-Camisole-p-105317468.html,https://sc.ltwebstatic.com/she_dist/images/bg-grey-solid-color-fc04c1310d.png,2026-06-02T16:31:58+08:00,,,,,28.6k+ sold,https://sg.shein.com/Sweetra-Women-s-Summer-Casual-Solid-Color-Camisole-p-105317468.html?mallCode=1&pageListType=4&detailBusinessFrom=0-1_105317468%7C0-2,https://sg.shein.com/Sweetra-Women-s-Summer-Casual-Solid-Color-Camisole-p-105317468.html,True,"mallCode,pageListType,detailBusinessFrom",False,,105317468,True
62602894,8,1,8,Sweetra 3pcs Sexy Hollow-Out Back Breathable Moisture-Wicking Fitted Short Sleeve Women Tops Set,S$13.49,https://sg.shein.com/Sweetra-3pcs-Sexy-Hollow-Out-Back-Breathable-Moisture-Wicking-Fitted-Short-Sleeve-Women-Tops-Set-p-62602894.html,https://sc.ltwebstatic.com/she_dist/images/bg-grey-solid-color-fc04c1310d.png,2026-06-02T16:31:58+08:00,,,,,32.9k+ sold,https://sg.shein.com/Sweetra-3pcs-Sexy-Hollow-Out-Back-Breathable-Moisture-Wicking-Fitted-Short-Sleeve-Women-Tops-Set-p-62602894.html?mallCode=1&pageListType=4&detailBusinessFrom=0-1_62602894%7C0-2,https://sg.shein.com/Sweetra-3pcs-Sexy-Hollow-Out-Back-Breathable-Moisture-Wicking-Fitted-Short-Sleeve-Women-Tops-Set-p-62602894.html,True,"mallCode,pageListType,detailBusinessFrom",False,,62602894,True
431685663,8,1,8,"Sweetra Women's Casual Pleated Square Neck Camisole, Summer",S$15.49,https://sg.shein.com/Sweetra-Women-s-Casual-Pleated-Square-Neck-Camisole-Summer-p-431685663.html,https://sc.ltwebstatic.com/she_dist/images/bg-grey-solid-color-fc04c1310d.png,2026-06-02T16:31:58+08:00,,,,,11.8k+ sold,https://sg.shein.com/Sweetra-Women-s-Casual-Pleated-Square-Neck-Camisole-Summer-p-431685663.html?mallCode=1&pageListType=4&detailBusinessFrom=0-1_431685663%7C0-2,https://sg.shein.com/Sweetra-Women-s-Casual-Pleated-Square-Neck-Camisole-Summer-p-431685663.html,True,"mallCode,pageListType,detailBusinessFrom",False,,431685663,True
225667464,8,1,8,"Women's Minimalist Design Flared Leg Casual Trousers, Suitable For Commuting, Office, Daily Wear, All Seasons Spring",S$15.99,https://sg.shein.com/Women-s-Minimalist-Design-Flared-Leg-Casual-Trousers-Suitable-For-Commuting-Office-Daily-Wear-All-Seasons-Spring-p-225667464.html,https://sc.ltwebstatic.com/she_dist/images/bg-grey-solid-color-fc04c1310d.png,2026-06-02T16:31:58+08:00,,,,,22.1k+ sold,https://sg.shein.com/Women-s-Minimalist-Design-Flared-Leg-Casual-Trousers-Suitable-For-Commuting-Office-Daily-Wear-All-Seasons-Spring-p-225667464.html?mallCode=1&pageListType=4&detailBusinessFrom=0-1_225667464%7C0-2,https://sg.shein.com/Women-s-Minimalist-Design-Flared-Leg-Casual-Trousers-Suitable-For-Commuting-Office-Daily-Wear-All-Seasons-Spring-p-225667464.html,True,"mallCode,pageListType,detailBusinessFrom",False,,225667464,True
39516034,9,1,9,Sweetra Women's Summer Casual All-Match Square Neck Top Graphic Tees Women Tops,S$17.99,https://sg.shein.com/Sweetra-Women-s-Summer-Casual-All-Match-Square-Neck-Top-Graphic-Tees-Women-Tops-p-39516034.html,https://img.ltwebstatic.com/images3_pi/2024/07/26/4f/172197714945f1ac12293f85ca175e225cedff644d_thumbnail_600x.webp,2026-06-02T16:33:39+08:00,,,,,17.5k+ sold,https://sg.shein.com/Sweetra-Women-s-Summer-Casual-All-Match-Square-Neck-Top-Graphic-Tees-Women-Tops-p-39516034.html?mallCode=1&pageListType=4&detailBusinessFrom=0-1_39516034%7C0-2,https://sg.shein.com/Sweetra-Women-s-Summer-Casual-All-Match-Square-Neck-Top-Graphic-Tees-Women-Tops-p-39516034.html,True,"mallCode,pageListType,detailBusinessFrom",False,,39516034,True
360289262,9,1,9,"Joudiya Women's Fashionable Brown Slim Fit Cropped Spaghetti Strap Backless Camisole Tank Top, Suitable For Summer & Spring Y2k",S$0.96,https://sg.shein.com/Joudiya-Women-s-Fashionable-Brown-Slim-Fit-Cropped-Spaghetti-Strap-Backless-Camisole-Tank-Top-Suitable-For-Summer-Spring-Y2k-p-360289262.html,https://img.ltwebstatic.com/v4/j/pi/2026/01/12/f6/17682015994a5135bac27294b9d4cd04f3516edbc3_thumbnail_600x.webp,2026-06-02T16:33:39+08:00,,,,,Save S$0.96,https://sg.shein.com/Joudiya-Women-s-Fashionable-Brown-Slim-Fit-Cropped-Spaghetti-Strap-Backless-Camisole-Tank-Top-Suitable-For-Summer-Spring-Y2k-p-360289262.html?mallCode=1&pageListType=4&detailBusinessFrom=0-1_360289262%7C0-2,https://sg.shein.com/Joudiya-Women-s-Fashionable-Brown-Slim-Fit-Cropped-Spaghetti-Strap-Backless-Camisole-Tank-Top-Suitable-For-Summer-Spring-Y2k-p-360289262.html,True,"mallCode,pageListType,detailBusinessFrom",False,,360289262,True
417456021,9,1,9,"Vaiaye Women's Fashion Lingerie Style Top, Spring/Autumn/Summer Striped Print Round Neck Slim Fit Casual Vacation Sexy Camisole, Suitable For Beach & Daily",S$7.49,https://sg.shein.com/Vaiaye-Women-s-Fashion-Lingerie-Style-Top-Spring-Autumn-Summer-Striped-Print-Round-Neck-Slim-Fit-Casual-Vacation-Sexy-Camisole-Suitable-For-Beach-Daily-p-417456021.html,https://img.ltwebstatic.com/v4/j/spmp/2026/03/09/5a/1773053281a3d5ace7c1e9ceaf95012f6a85758308_thumbnail_600x.webp,2026-06-02T16:33:39+08:00,,,,,48.1k+ sold,https://sg.shein.com/Vaiaye-Women-s-Fashion-Lingerie-Style-Top-Spring-Autumn-Summer-Striped-Print-Round-Neck-Slim-Fit-Casual-Vacation-Sexy-Camisole-Suitable-For-Beach-Daily-p-417456021.html?mallCode=1&pageListType=4&detailBusinessFrom=0-1_417456021%7C0-2,https://sg.shein.com/Vaiaye-Women-s-Fashion-Lingerie-Style-Top-Spring-Autumn-Summer-Striped-Print-Round-Neck-Slim-Fit-Casual-Vacation-Sexy-Camisole-Suitable-For-Beach-Daily-p-417456021.html,True,"mallCode,pageListType,detailBusinessFrom",False,,417456021,True
34750833,9,1,9,"DAZY Women's Fashion High-Waist Casual Banana Pants, Full Length,Women Dress Pants",S$23.49,https://sg.shein.com/DAZY-Women-s-Fashion-High-Waist-Casual-Banana-Pants-Full-Length-Women-Dress-Pants-p-34750833.html,https://img.ltwebstatic.com/images3_pi/2024/05/09/3f/1715235290d0adb17dcd1fee0cb63bc7c4e9a3653e_thumbnail_600x.webp,2026-06-02T16:33:39+08:00,,,,,6.4k+ sold,https://sg.shein.com/DAZY-Women-s-Fashion-High-Waist-Casual-Banana-Pants-Full-Length-Women-Dress-Pants-p-34750833.html?mallCode=1&pageListType=4&detailBusinessFrom=0-1_34750833%7C0-2,https://sg.shein.com/DAZY-Women-s-Fashion-High-Waist-Casual-Banana-Pants-Full-Length-Women-Dress-Pants-p-34750833.html,True,"mallCode,pageListType,detailBusinessFrom",False,,34750833,True
143429940,9,1,9,INAWLY Women's Standard Size Solid Color Long Sleeve Frill Trim Cardigan Fall Winter Cloth For Women,S$7.99,https://sg.shein.com/INAWLY-Women-s-Standard-Size-Solid-Color-Long-Sleeve-Frill-Trim-Cardigan-Fall-Winter-Cloth-For-Women-p-143429940.html,https://img.ltwebstatic.com/v4/j/pi/2026/05/13/a6/17786491895e82b5b1ed9348753c1dd7d9d8371ea9_thumbnail_600x.webp,2026-06-02T16:33:39+08:00,,,,,36.2k+ sold,https://sg.shein.com/INAWLY-Women-s-Standard-Size-Solid-Color-Long-Sleeve-Frill-Trim-Cardigan-Fall-Winter-Cloth-For-Women-p-143429940.html?mallCode=1&pageListType=4&detailBusinessFrom=0-1_143429940%7C0-2,https://sg.shein.com/INAWLY-Women-s-Standard-Size-Solid-Color-Long-Sleeve-Frill-Trim-Cardigan-Fall-Winter-Cloth-For-Women-p-143429940.html,True,"mallCode,pageListType,detailBusinessFrom",False,,143429940,True
38768308,9,1,9,"SHEIN Frenchy 2pcs Women's V-Neck Sleeveless Single-Breasted Navy Blue Top&Straight Loose Pants Set,Casual Summer Elegant Vacation Holiday Two-Piece Outfits",S$2.22,https://sg.shein.com/SHEIN-Frenchy-2pcs-Women-s-V-Neck-Sleeveless-Single-Breasted-Navy-Blue-Top-Straight-Loose-Pants-Set-Casual-Summer-Elegant-Vacation-Holiday-Two-Piece-Outfits-p-38768308.html,https://img.ltwebstatic.com/images3_pi/2024/07/16/b7/1721093783d700d5b35f56ccce5d4e6c62280b8cd9_thumbnail_600x.webp,2026-06-02T16:33:39+08:00,,,,,SAVE S$2.22,https://sg.shein.com/SHEIN-Frenchy-2pcs-Women-s-V-Neck-Sleeveless-Single-Breasted-Navy-Blue-Top-Straight-Loose-Pants-Set-Casual-Summer-Elegant-Vacation-Holiday-Two-Piece-Outfits-p-38768308.html?mallCode=1&pageListType=4&detailBusinessFrom=0-1_38768308%7C0-2,https://sg.shein.com/SHEIN-Frenchy-2pcs-Women-s-V-Neck-Sleeveless-Single-Breasted-Navy-Blue-Top-Straight-Loose-Pants-Set-Casual-Summer-Elegant-Vacation-Holiday-Two-Piece-Outfits-p-38768308.html,True,"mallCode,pageListType,detailBusinessFrom",False,,38768308,True
357237614,9,1,9,SHEIN EZwear Women's Casual Holiday Striped Woven Shorts Boxer Women Fourth Of July Red Pajama Summer Beach For Sleep S Board Woman Outfits Boxers,S$7.49,https://sg.shein.com/SHEIN-EZwear-Women-s-Casual-Holiday-Striped-Woven-Shorts-Boxer-Women-Fourth-Of-July-Red-Pajama-Summer-Beach-For-Sleep-S-Board-Woman-Outfits-Boxers-p-357237614.html,https://img.ltwebstatic.com/v4/j/pi/2026/01/07/6c/17677783216c54353e47040f8620ac289ab8216a80_thumbnail_600x.webp,2026-06-02T16:33:39+08:00,,,,,6k+ sold,https://sg.shein.com/SHEIN-EZwear-Women-s-Casual-Holiday-Striped-Woven-Shorts-Boxer-Women-Fourth-Of-July-Red-Pajama-Summer-Beach-For-Sleep-S-Board-Woman-Outfits-Boxers-p-357237614.html?mallCode=1&pageListType=4&detailBusinessFrom=0-1_357237614%7C0-2,https://sg.shein.com/SHEIN-EZwear-Women-s-Casual-Holiday-Striped-Woven-Shorts-Boxer-Women-Fourth-Of-July-Red-Pajama-Summer-Beach-For-Sleep-S-Board-Woman-Outfits-Boxers-p-357237614.html,True,"mallCode,pageListType,detailBusinessFrom",False,,357237614,True
444928284,9,1,9,"Women's High-Waisted Pleated Loose Fit Casual/Office Wear Khaki Suit Pants, Spring/Summer",S$2.70,https://sg.shein.com/Women-s-High-Waisted-Pleated-Loose-Fit-Casual-Office-Wear-Khaki-Suit-Pants-Spring-Summer-p-444928284.html,https://img.ltwebstatic.com/v4/j/spmp/2026/05/28/83/177996587126447edb0f94dd20fe8792df014e974a_thumbnail_600x.webp,2026-06-02T16:33:39+08:00,,,,,SAVE S$2.70,https://sg.shein.com/Women-s-High-Waisted-Pleated-Loose-Fit-Casual-Office-Wear-Khaki-Suit-Pants-Spring-Summer-p-444928284.html?mallCode=1&pageListType=4&detailBusinessFrom=0-1_444928284%7C0-2,https://sg.shein.com/Women-s-High-Waisted-Pleated-Loose-Fit-Casual-Office-Wear-Khaki-Suit-Pants-Spring-Summer-p-444928284.html,True,"mallCode,pageListType,detailBusinessFrom",False,,444928284,True
316521466,9,1,9,"Everyssa Multicolor Knitted Short Sleeve Crop Top For Women, Round Neck With Stylish Unicorn Embroidery",S$19.49,https://sg.shein.com/Everyssa-Multicolor-Knitted-Short-Sleeve-Crop-Top-For-Women-Round-Neck-With-Stylish-Unicorn-Embroidery-p-316521466.html,https://img.ltwebstatic.com/v4/j/pi/2025/12/19/c5/1766115210e7adc84d351a0fdc16998fc085e439d4_thumbnail_600x.webp,2026-06-02T16:33:39+08:00,,,,,12.4k+ sold,https://sg.shein.com/Everyssa-Multicolor-Knitted-Short-Sleeve-Crop-Top-For-Women-Round-Neck-With-Stylish-Unicorn-Embroidery-p-316521466.html?mallCode=1&pageListType=4&detailBusinessFrom=0-1_316521466%7C0-2,https://sg.shein.com/Everyssa-Multicolor-Knitted-Short-Sleeve-Crop-Top-For-Women-Round-Neck-With-Stylish-Unicorn-Embroidery-p-316521466.html,True,"mallCode,pageListType,detailBusinessFrom",False,,316521466,True
365502658,9,1,9,"Women's High Waist Slim Fit Wide Leg Pants In Khaki, Bohemian Street Style, Suitable For Casual, Work Commute And Vacation In Spring/Summer",S$15.76,https://sg.shein.com/Women-s-High-Waist-Slim-Fit-Wide-Leg-Pants-In-Khaki-Bohemian-Street-Style-Suitable-For-Casual-Work-Commute-And-Vacation-In-Spring-Summer-p-365502658.html,https://img.ltwebstatic.com/v4/j/ssms/2026/01/19/44/176881947727470aa6efe1054bb09fec13a1e21bb3_thumbnail_600x.webp,2026-06-02T16:33:39+08:00,,-17%,,,59.7k+ sold,https://sg.shein.com/Women-s-High-Waist-Slim-Fit-Wide-Leg-Pants-In-Khaki-Bohemian-Street-Style-Suitable-For-Casual-Work-Commute-And-Vacation-In-Spring-Summer-p-365502658.html?mallCode=1&pageListType=4&detailBusinessFrom=0-1_365502658%7C0-2,https://sg.shein.com/Women-s-High-Waist-Slim-Fit-Wide-Leg-Pants-In-Khaki-Bohemian-Street-Style-Suitable-For-Casual-Work-Commute-And-Vacation-In-Spring-Summer-p-365502658.html,True,"mallCode,pageListType,detailBusinessFrom",False,,365502658,True
34277237,9,1,9,DAZY Women's Summer Solid Color Slim Fit Ribbed Round Neck Tank Top,S$1.10,https://sg.shein.com/DAZY-Women-s-Summer-Solid-Color-Slim-Fit-Ribbed-Round-Neck-Tank-Top-p-34277237.html,https://img.ltwebstatic.com/images3_pi/2024/04/29/e4/1714353902ca5db1ee2c68144f6c83fff922341844_thumbnail_600x.webp,2026-06-02T16:33:39+08:00,,,,,SAVE S$1.10,https://sg.shein.com/DAZY-Women-s-Summer-Solid-Color-Slim-Fit-Ribbed-Round-Neck-Tank-Top-p-34277237.html?mallCode=1&pageListType=4&detailBusinessFrom=0-1_34277237%7C0-2,https://sg.shein.com/DAZY-Women-s-Summer-Solid-Color-Slim-Fit-Ribbed-Round-Neck-Tank-Top-p-34277237.html,True,"mallCode,pageListType,detailBusinessFrom",False,,34277237,True
33305072,9,1,9,Sweetra Solid Color Funnel Neck Slim Fit T-Shirt For Summer,S$12.49,https://sg.shein.com/Sweetra-Solid-Color-Funnel-Neck-Slim-Fit-T-Shirt-For-Summer-p-33305072.html,https://img.ltwebstatic.com/images3_pi/2024/04/15/e1/1713147332ac8dbb8e8d5a0b60dc3147c3c5ed9a69_thumbnail_600x.webp,2026-06-02T16:33:39+08:00,,,,,42.6k+ sold,https://sg.shein.com/Sweetra-Solid-Color-Funnel-Neck-Slim-Fit-T-Shirt-For-Summer-p-33305072.html?mallCode=1&pageListType=4&detailBusinessFrom=0-1_33305072%7C0-2,https://sg.shein.com/Sweetra-Solid-Color-Funnel-Neck-Slim-Fit-T-Shirt-For-Summer-p-33305072.html,True,"mallCode,pageListType,detailBusinessFrom",False,,33305072,True
434559778,9,1,9,Sweetra 3pcs/Set Sexy Backless Breathable Moisture-Wicking Fitted Short Sleeve Top/T-Shirt For Women,S$1.82,https://sg.shein.com/Sweetra-3pcs-Set-Sexy-Backless-Breathable-Moisture-Wicking-Fitted-Short-Sleeve-Top-T-Shirt-For-Women-p-434559778.html,https://img.ltwebstatic.com/v4/j/pi/2026/04/01/1f/177504069929864e4909a9be32e5ed440f5a5d7bbe_thumbnail_600x.webp,2026-06-02T16:33:39+08:00,,,,,SAVE S$1.82,https://sg.shein.com/Sweetra-3pcs-Set-Sexy-Backless-Breathable-Moisture-Wicking-Fitted-Short-Sleeve-Top-T-Shirt-For-Women-p-434559778.html?mallCode=1&pageListType=4&detailBusinessFrom=0-1_434559778%7C0-2,https://sg.shein.com/Sweetra-3pcs-Set-Sexy-Backless-Breathable-Moisture-Wicking-Fitted-Short-Sleeve-Top-T-Shirt-For-Women-p-434559778.html,True,"mallCode,pageListType,detailBusinessFrom",False,,434559778,True
445552436,9,1,9,"Women's High-Waisted Slim Fit Wide Leg Pants, Bohemian Street Style, Casual & Office Wear For Spring/Summer (Belt Not Included)",S$3.80,https://sg.shein.com/Women-s-High-Waisted-Slim-Fit-Wide-Leg-Pants-Bohemian-Street-Style-Casual-Office-Wear-For-Spring-Summer-Belt-Not-Included-p-445552436.html,https://img.ltwebstatic.com/v4/j/spmp/2026/04/14/4e/17761566402a3ab4b06cf8904a3e03a886af734ddb_thumbnail_600x.webp,2026-06-02T16:33:39+08:00,,,,,SAVE S$3.80,https://sg.shein.com/Women-s-High-Waisted-Slim-Fit-Wide-Leg-Pants-Bohemian-Street-Style-Casual-Office-Wear-For-Spring-Summer-Belt-Not-Included-p-445552436.html?mallCode=1&pageListType=4&detailBusinessFrom=0-1_445552436%7C0-2,https://sg.shein.com/Women-s-High-Waisted-Slim-Fit-Wide-Leg-Pants-Bohemian-Street-Style-Casual-Office-Wear-For-Spring-Summer-Belt-Not-Included-p-445552436.html,True,"mallCode,pageListType,detailBusinessFrom",False,,445552436,True
439308136,9,1,9,"Franclia Women's Solid Color Halter Neck Drape Elegant Fitted Blouse, Summer",S$0.17,https://sg.shein.com/Franclia-Women-s-Solid-Color-Halter-Neck-Drape-Elegant-Fitted-Blouse-Summer-p-439308136.html,https://img.ltwebstatic.com/v4/j/pi/2026/04/09/d7/17757030353151c21f929a7862de92ab9b34e4eca7_thumbnail_600x.webp,2026-06-02T16:33:39+08:00,,,,,SAVE S$0.17,https://sg.shein.com/Franclia-Women-s-Solid-Color-Halter-Neck-Drape-Elegant-Fitted-Blouse-Summer-p-439308136.html?mallCode=1&pageListType=4&detailBusinessFrom=0-1_439308136%7C0-2,https://sg.shein.com/Franclia-Women-s-Solid-Color-Halter-Neck-Drape-Elegant-Fitted-Blouse-Summer-p-439308136.html,True,"mallCode,pageListType,detailBusinessFrom",False,,439308136,True
358965294,9,1,9,"DAZY Women's Casual Vacation Beach Sleeveless Cotton Tank Top, White Basic, Spring/Summer",S$8.99,https://sg.shein.com/DAZY-Women-s-Casual-Vacation-Beach-Sleeveless-Cotton-Tank-Top-White-Basic-Spring-Summer-p-358965294.html,https://img.ltwebstatic.com/v4/j/pi/2026/01/27/af/17695002908b3f461d28c867c08877fc0f0e5454ee_thumbnail_600x.webp,2026-06-02T16:33:39+08:00,,,,,45.8k+ sold,https://sg.shein.com/DAZY-Women-s-Casual-Vacation-Beach-Sleeveless-Cotton-Tank-Top-White-Basic-Spring-Summer-p-358965294.html?mallCode=1&pageListType=4&detailBusinessFrom=0-1_358965294%7C0-2,https://sg.shein.com/DAZY-Women-s-Casual-Vacation-Beach-Sleeveless-Cotton-Tank-Top-White-Basic-Spring-Summer-p-358965294.html,True,"mallCode,pageListType,detailBusinessFrom",False,,358965294,True
429754220,9,1,9,"DAZY Women's Sleeveless Crop Top, Backless, Fitted, Adjustable Strap, Suitable For Summer & Spring",S$1.04,https://sg.shein.com/DAZY-Women-s-Sleeveless-Crop-Top-Backless-Fitted-Adjustable-Strap-Suitable-For-Summer-Spring-p-429754220.html,https://img.ltwebstatic.com/v4/j/pi/2026/03/25/37/17744009760ce7c85f1d13aacfcfa8075bc31106a0_thumbnail_600x.webp,2026-06-02T16:33:39+08:00,,,,,SAVE S$1.04,https://sg.shein.com/DAZY-Women-s-Sleeveless-Crop-Top-Backless-Fitted-Adjustable-Strap-Suitable-For-Summer-Spring-p-429754220.html?mallCode=1&pageListType=4&detailBusinessFrom=0-1_429754220%7C0-2,https://sg.shein.com/DAZY-Women-s-Sleeveless-Crop-Top-Backless-Fitted-Adjustable-Strap-Suitable-For-Summer-Spring-p-429754220.html,True,"mallCode,pageListType,detailBusinessFrom",False,,429754220,True
49546224,9,1,9,"XLLAIS Sexy Backless Women's Camisole, Elastic Casual Spaghetti Strap White Top Summer",S$9.49,https://sg.shein.com/XLLAIS-Sexy-Backless-Women-s-Camisole-Elastic-Casual-Spaghetti-Strap-White-Top-Summer-p-49546224.html,https://img.ltwebstatic.com/v4/j/spmp/2025/11/18/1c/1763466413db923eed7f668d1f6baf23ff387378a7_thumbnail_600x.webp,2026-06-02T16:33:39+08:00,,,,,37.5k+ sold,https://sg.shein.com/XLLAIS-Sexy-Backless-Women-s-Camisole-Elastic-Casual-Spaghetti-Strap-White-Top-Summer-p-49546224.html?mallCode=1&pageListType=4&detailBusinessFrom=0-1_49546224%7C0-2,https://sg.shein.com/XLLAIS-Sexy-Backless-Women-s-Camisole-Elastic-Casual-Spaghetti-Strap-White-Top-Summer-p-49546224.html,True,"mallCode,pageListType,detailBusinessFrom",False,,49546224,True
208318877,9,1,9,"XLLAIS Fashionable Collared Black Camisole Top, Casual Vacation Fitted Women Sleeveless Shirt, Suitable For All Seasons Summer",S$10.49,https://sg.shein.com/XLLAIS-Fashionable-Collared-Black-Camisole-Top-Casual-Vacation-Fitted-Women-Sleeveless-Shirt-Suitable-For-All-Seasons-Summer-p-208318877.html,https://img.ltwebstatic.com/v4/j/spmp/2025/11/18/0a/1763432817adaf14287fe9c17b6d57d5a28868404f_thumbnail_600x.webp,2026-06-02T16:33:39+08:00,,,,,15.6k+ sold,https://sg.shein.com/XLLAIS-Fashionable-Collared-Black-Camisole-Top-Casual-Vacation-Fitted-Women-Sleeveless-Shirt-Suitable-For-All-Seasons-Summer-p-208318877.html?mallCode=1&pageListType=4&detailBusinessFrom=0-1_208318877%7C0-2,https://sg.shein.com/XLLAIS-Fashionable-Collared-Black-Camisole-Top-Casual-Vacation-Fitted-Women-Sleeveless-Shirt-Suitable-For-All-Seasons-Summer-p-208318877.html,True,"mallCode,pageListType,detailBusinessFrom",False,,208318877,True
45680564,9,1,9,"XLLAIS Sexy Strapless Basic Camisole, Fashionable Solid Color Elastic Fitted White Tube Top, Suitable For All Seasons Casual Summer",S$9.49,https://sg.shein.com/XLLAIS-Sexy-Strapless-Basic-Camisole-Fashionable-Solid-Color-Elastic-Fitted-White-Tube-Top-Suitable-For-All-Seasons-Casual-Summer-p-45680564.html,https://img.ltwebstatic.com/v4/j/spmp/2026/05/19/43/1779190778008d6f8fdecfee1623a97bf758a48a24_thumbnail_600x.webp,2026-06-02T16:33:39+08:00,,,(1000+),,53.9k+ sold,https://sg.shein.com/XLLAIS-Sexy-Strapless-Basic-Camisole-Fashionable-Solid-Color-Elastic-Fitted-White-Tube-Top-Suitable-For-All-Seasons-Casual-Summer-p-45680564.html?mallCode=1&pageListType=4&detailBusinessFrom=0-1_45680564%7C0-2,https://sg.shein.com/XLLAIS-Sexy-Strapless-Basic-Camisole-Fashionable-Solid-Color-Elastic-Fitted-White-Tube-Top-Suitable-For-All-Seasons-Casual-Summer-p-45680564.html,True,"mallCode,pageListType,detailBusinessFrom",False,,45680564,True
306682682,9,1,9,"SHEIN MOD 3pcs/Set Women's Solid Color Pleated Off The Shoulder Top,Black,Summer,Seksi Chic,Club,Versatile Fashion Aesthetic Tops For Christmas,New Year,Prom",S$13.49,https://sg.shein.com/SHEIN-MOD-3pcs-Set-Women-s-Solid-Color-Pleated-Off-The-Shoulder-Top-Black-Summer-Seksi-Chic-Club-Versatile-Fashion-Aesthetic-Tops-For-Christmas-New-Year-Prom-p-306682682.html,https://img.ltwebstatic.com/v4/j/pi/2025/11/26/50/17641419750ff4df0240f17ea1a27d17f8fcb80952_thumbnail_600x.webp,2026-06-02T16:33:39+08:00,,,,,29.8k+ sold,https://sg.shein.com/SHEIN-MOD-3pcs-Set-Women-s-Solid-Color-Pleated-Off-The-Shoulder-Top-Black-Summer-Seksi-Chic-Club-Versatile-Fashion-Aesthetic-Tops-For-Christmas-New-Year-Prom-p-306682682.html?mallCode=1&pageListType=4&detailBusinessFrom=0-1_306682682%7C0-2,https://sg.shein.com/SHEIN-MOD-3pcs-Set-Women-s-Solid-Color-Pleated-Off-The-Shoulder-Top-Black-Summer-Seksi-Chic-Club-Versatile-Fashion-Aesthetic-Tops-For-Christmas-New-Year-Prom-p-306682682.html,True,"mallCode,pageListType,detailBusinessFrom",False,,306682682,True
249410468,9,1,9,"2025 New Autumn Women Polo Collar Long Sleeve T-Shirt, Fashionable Outer Wear Pullover Top Casual Spring",S$9.11,https://sg.shein.com/2025-New-Autumn-Women-Polo-Collar-Long-Sleeve-T-Shirt-Fashionable-Outer-Wear-Pullover-Top-Casual-Spring-p-249410468.html,https://img.ltwebstatic.com/v4/j/spmp/2026/04/01/8b/1775029459c8ab297a89a5cdaeccd5b55fbe984e1b_thumbnail_600x.webp,2026-06-02T16:33:39+08:00,,-4%,,,21.1k+ sold,https://sg.shein.com/2025-New-Autumn-Women-Polo-Collar-Long-Sleeve-T-Shirt-Fashionable-Outer-Wear-Pullover-Top-Casual-Spring-p-249410468.html?mallCode=1&pageListType=4&detailBusinessFrom=0-1_249410468%7C0-2,https://sg.shein.com/2025-New-Autumn-Women-Polo-Collar-Long-Sleeve-T-Shirt-Fashionable-Outer-Wear-Pullover-Top-Casual-Spring-p-249410468.html,True,"mallCode,pageListType,detailBusinessFrom",False,,249410468,True
328646900,9,1,9,Siren Gaze Summer Outfits For Women 2pcs Contrast Trim Camisole Top & Solid Color Pants Set Two Piece Comfy Casual Linen Beige Comfortable,S$19.99,https://sg.shein.com/Siren-Gaze-Summer-Outfits-For-Women-2pcs-Contrast-Trim-Camisole-Top-Solid-Color-Pants-Set-Two-Piece-Comfy-Casual-Linen-Beige-Comfortable-p-328646900.html,https://img.ltwebstatic.com/v4/j/pi/2025/12/18/4f/1766025306e0017982d8e4a1dd88d8c07e1a2ec11e_thumbnail_600x.webp,2026-06-02T16:33:39+08:00,,,,,3.2k+ sold,https://sg.shein.com/Siren-Gaze-Summer-Outfits-For-Women-2pcs-Contrast-Trim-Camisole-Top-Solid-Color-Pants-Set-Two-Piece-Comfy-Casual-Linen-Beige-Comfortable-p-328646900.html?mallCode=1&pageListType=4&detailBusinessFrom=0-1_328646900%7C0-2,https://sg.shein.com/Siren-Gaze-Summer-Outfits-For-Women-2pcs-Contrast-Trim-Camisole-Top-Solid-Color-Pants-Set-Two-Piece-Comfy-Casual-Linen-Beige-Comfortable-p-328646900.html,True,"mallCode,pageListType,detailBusinessFrom",False,,328646900,True
110131689,9,1,9,"Sweetra Women Casual Square Neck Ruched Cami Top, Summer",S$1.95,https://sg.shein.com/Sweetra-Women-Casual-Square-Neck-Ruched-Cami-Top-Summer-p-110131689.html,https://img.ltwebstatic.com/v4/j/pi/2025/06/27/75/1751004588e219aa4c3b447551530d6a5e55864619_thumbnail_600x.webp,2026-06-02T16:33:39+08:00,,,,,SAVE S$1.95,https://sg.shein.com/Sweetra-Women-Casual-Square-Neck-Ruched-Cami-Top-Summer-p-110131689.html?mallCode=1&pageListType=4&detailBusinessFrom=0-1_110131689%7C0-2,https://sg.shein.com/Sweetra-Women-Casual-Square-Neck-Ruched-Cami-Top-Summer-p-110131689.html,True,"mallCode,pageListType,detailBusinessFrom",False,,110131689,True
68148874,9,1,9,"SHEIN EZwear 4pcs Women's Casual Cropped Tight-Fitting Camisole Tank Tops, Suitable For Summer Back To School",S$12.99,https://sg.shein.com/SHEIN-EZwear-4pcs-Women-s-Casual-Cropped-Tight-Fitting-Camisole-Tank-Tops-Suitable-For-Summer-Back-To-School-p-68148874.html,https://img.ltwebstatic.com/v4/j/pi/2025/04/18/81/17449406718174751f378bed5377263f3bea729c02_thumbnail_600x.webp,2026-06-02T16:33:39+08:00,,,,,39k+ sold,https://sg.shein.com/SHEIN-EZwear-4pcs-Women-s-Casual-Cropped-Tight-Fitting-Camisole-Tank-Tops-Suitable-For-Summer-Back-To-School-p-68148874.html?mallCode=1&pageListType=4&detailBusinessFrom=0-1_68148874%7C0-2,https://sg.shein.com/SHEIN-EZwear-4pcs-Women-s-Casual-Cropped-Tight-Fitting-Camisole-Tank-Tops-Suitable-For-Summer-Back-To-School-p-68148874.html,True,"mallCode,pageListType,detailBusinessFrom",False,,68148874,True
442995102,9,1,9,Resyla Dog Pattern Striped Print Regular T-Shirt For Women,S$4.99,https://sg.shein.com/Resyla-Dog-Pattern-Striped-Print-Regular-T-Shirt-For-Women-p-442995102.html,https://img.ltwebstatic.com/v4/j/pi/2026/04/14/9e/177614911602d4af383fc6fd398541a48b6ef221b9_thumbnail_600x.webp,2026-06-02T16:33:39+08:00,,,,,4.7k+ sold,https://sg.shein.com/Resyla-Dog-Pattern-Striped-Print-Regular-T-Shirt-For-Women-p-442995102.html?mallCode=1&pageListType=4&detailBusinessFrom=0-1_442995102%7C0-2,https://sg.shein.com/Resyla-Dog-Pattern-Striped-Print-Regular-T-Shirt-For-Women-p-442995102.html,True,"mallCode,pageListType,detailBusinessFrom",False,,442995102,True
110918469,9,1,9,"Slaydiva 3pcs/Pack Black, White & Brown Ribbed Deep V-Neck Camisole For Women, Suitable For Summer Back To School",S$2.21,https://sg.shein.com/Slaydiva-3pcs-Pack-Black-White-Brown-Ribbed-Deep-V-Neck-Camisole-For-Women-Suitable-For-Summer-Back-To-School-p-110918469.html,https://img.ltwebstatic.com/v4/j/pi/2025/06/28/18/17510846255dfd5eea0d1468bf3a00506466b7d52e_thumbnail_600x.webp,2026-06-02T16:33:39+08:00,,,,,SAVE S$2.21,https://sg.shein.com/Slaydiva-3pcs-Pack-Black-White-Brown-Ribbed-Deep-V-Neck-Camisole-For-Women-Suitable-For-Summer-Back-To-School-p-110918469.html?mallCode=1&pageListType=4&detailBusinessFrom=0-1_110918469%7C0-2,https://sg.shein.com/Slaydiva-3pcs-Pack-Black-White-Brown-Ribbed-Deep-V-Neck-Camisole-For-Women-Suitable-For-Summer-Back-To-School-p-110918469.html,True,"mallCode,pageListType,detailBusinessFrom",False,,110918469,True
43078155,9,1,9,EMERY ROSE Plain Front Button Sleeveless Faux Pocket Simple Casual Vest,S$11.99,https://sg.shein.com/EMERY-ROSE-Plain-Front-Button-Sleeveless-Faux-Pocket-Simple-Casual-Vest-p-43078155.html,https://img.ltwebstatic.com/images3_pi/2024/09/19/13/1726724031f7a9be978b986a84184b15b718ac506a_thumbnail_600x.webp,2026-06-02T16:33:39+08:00,,,,,4.9k+ sold,https://sg.shein.com/EMERY-ROSE-Plain-Front-Button-Sleeveless-Faux-Pocket-Simple-Casual-Vest-p-43078155.html?mallCode=1&pageListType=4&detailBusinessFrom=0-1_43078155%7C0-2,https://sg.shein.com/EMERY-ROSE-Plain-Front-Button-Sleeveless-Faux-Pocket-Simple-Casual-Vest-p-43078155.html,True,"mallCode,pageListType,detailBusinessFrom",False,,43078155,True
57042237,9,1,9,"Sweetra Women's Off Shoulder Strapless Tube Top, Fitted Casual Solid Color Shirred Blouse",S$13.99,https://sg.shein.com/Sweetra-Women-s-Off-Shoulder-Strapless-Tube-Top-Fitted-Casual-Solid-Color-Shirred-Blouse-p-57042237.html,https://img.ltwebstatic.com/images3_pi/2025/02/13/60/17394238427d27efab87255d71565026859dab3dba_thumbnail_600x.webp,2026-06-02T16:33:39+08:00,,,,,1.5k+ sold,https://sg.shein.com/Sweetra-Women-s-Off-Shoulder-Strapless-Tube-Top-Fitted-Casual-Solid-Color-Shirred-Blouse-p-57042237.html?mallCode=1&pageListType=4&detailBusinessFrom=0-1_57042237%7C0-2,https://sg.shein.com/Sweetra-Women-s-Off-Shoulder-Strapless-Tube-Top-Fitted-Casual-Solid-Color-Shirred-Blouse-p-57042237.html,True,"mallCode,pageListType,detailBusinessFrom",False,,57042237,True
30478485,9,2,"9,10",DAZY Ladies' Elastic Drawstring Shorts Summer,S$1.69,https://sg.shein.com/DAZY-Ladies-Elastic-Drawstring-Shorts-Summer-p-30478485.html,https://img.ltwebstatic.com/images3_pi/2024/02/25/c3/1708833724947a1b9d3ee3768a594dbb21a7b3f079_thumbnail_600x.webp,2026-06-02T16:33:39+08:00,,,,,SAVE S$1.69,https://sg.shein.com/DAZY-Ladies-Elastic-Drawstring-Shorts-Summer-p-30478485.html?mallCode=1&pageListType=4&detailBusinessFrom=0-1_30478485%7C0-2,https://sg.shein.com/DAZY-Ladies-Elastic-Drawstring-Shorts-Summer-p-30478485.html,True,"mallCode,pageListType,detailBusinessFrom",False,,30478485,True
40835613,9,1,9,"INAWLY Women's Solid Color Round Neck Short Sleeve Casual T-Shirt, Summer",S$6.71,https://sg.shein.com/INAWLY-Women-s-Solid-Color-Round-Neck-Short-Sleeve-Casual-T-Shirt-Summer-p-40835613.html,https://img.ltwebstatic.com/v4/j/pi/2025/09/01/a1/1756704496a339e2ed58f64c78fd59fc5cbf15953d_thumbnail_600x.webp,2026-06-02T16:33:39+08:00,,-4%,(1000+),,90k+ sold,https://sg.shein.com/INAWLY-Women-s-Solid-Color-Round-Neck-Short-Sleeve-Casual-T-Shirt-Summer-p-40835613.html?mallCode=1&pageListType=4&detailBusinessFrom=0-1_40835613%7C0-2,https://sg.shein.com/INAWLY-Women-s-Solid-Color-Round-Neck-Short-Sleeve-Casual-T-Shirt-Summer-p-40835613.html,True,"mallCode,pageListType,detailBusinessFrom",False,,40835613,True
345887528,9,1,9,"Women's New Simple Cute Pattern Casual Vacation Style Loose Versatile Round Neck Short Sleeve T-Shirt, Fashionable Everyday Top, Suitable For Daily Vacation Wear Pink Summer",S$4.94,https://sg.shein.com/Women-s-New-Simple-Cute-Pattern-Casual-Vacation-Style-Loose-Versatile-Round-Neck-Short-Sleeve-T-Shirt-Fashionable-Everyday-Top-Suitable-For-Daily-Vacation-Wear-Pink-Summer-p-345887528.html,https://img.ltwebstatic.com/v4/j/spmp/2026/03/04/77/17726021988081e6dc89788b2adf06595e67a1881c_thumbnail_600x.webp,2026-06-02T16:33:39+08:00,,-10%,,,742 sold,https://sg.shein.com/Women-s-New-Simple-Cute-Pattern-Casual-Vacation-Style-Loose-Versatile-Round-Neck-Short-Sleeve-T-Shirt-Fashionable-Everyday-Top-Suitable-For-Daily-Vacation-Wear-Pink-Summer-p-345887528.html?mallCode=1&pageListType=4&detailBusinessFrom=0-1_345887528%7C0-2,https://sg.shein.com/Women-s-New-Simple-Cute-Pattern-Casual-Vacation-Style-Loose-Versatile-Round-Neck-Short-Sleeve-T-Shirt-Fashionable-Everyday-Top-Suitable-For-Daily-Vacation-Wear-Pink-Summer-p-345887528.html,True,"mallCode,pageListType,detailBusinessFrom",False,,345887528,True
53741314,9,1,9,SHEIN BASICS 3pcs/Set Plain Knit Long Sleeve Slim Fit Square Collar Cropped Tee For Women,S$8.99,https://sg.shein.com/SHEIN-BASICS-3pcs-Set-Plain-Knit-Long-Sleeve-Slim-Fit-Square-Collar-Cropped-Tee-For-Women-p-53741314.html,https://img.ltwebstatic.com/images3_pi/2025/01/16/1a/17369946804ece31a57e611dfd38d29dea10d2bdce_thumbnail_600x.webp,2026-06-02T16:33:39+08:00,,,,,5.5k+ sold,https://sg.shein.com/SHEIN-BASICS-3pcs-Set-Plain-Knit-Long-Sleeve-Slim-Fit-Square-Collar-Cropped-Tee-For-Women-p-53741314.html?mallCode=1&pageListType=4&detailBusinessFrom=0-1_53741314%7C0-2,https://sg.shein.com/SHEIN-BASICS-3pcs-Set-Plain-Knit-Long-Sleeve-Slim-Fit-Square-Collar-Cropped-Tee-For-Women-p-53741314.html,True,"mallCode,pageListType,detailBusinessFrom",False,,53741314,True
7870642,9,1,9,SHEIN PETITE High Waist Plicated Wide Leg Black Dress Pants,S$14.49,https://sg.shein.com/SHEIN-PETITE-High-Waist-Plicated-Wide-Leg-Black-Dress-Pants-p-7870642.html,https://img.ltwebstatic.com/images3_pi/2022/01/05/164135129488779fcec4a7f484c0ae736d071179cc_thumbnail_600x.webp,2026-06-02T16:33:39+08:00,,,,,9.1k+ sold,https://sg.shein.com/SHEIN-PETITE-High-Waist-Plicated-Wide-Leg-Black-Dress-Pants-p-7870642.html?mallCode=1&pageListType=4&detailBusinessFrom=0-1_7870642%7C0-2,https://sg.shein.com/SHEIN-PETITE-High-Waist-Plicated-Wide-Leg-Black-Dress-Pants-p-7870642.html,True,"mallCode,pageListType,detailBusinessFrom",False,,7870642,True
76037851,9,1,9,Women's Casual Solid Color Drawstring Waist Sports Pants Black Spring,S$13.49,https://sg.shein.com/Women-s-Casual-Solid-Color-Drawstring-Waist-Sports-Pants-Black-Spring-p-76037851.html,https://img.ltwebstatic.com/v4/p/ssms/2025/11/22/d1/17637899916762bef79cef0152e513ccfb306757d5_thumbnail_600x.webp,2026-06-02T16:33:39+08:00,,,,,3.8k+ sold,https://sg.shein.com/Women-s-Casual-Solid-Color-Drawstring-Waist-Sports-Pants-Black-Spring-p-76037851.html?mallCode=1&pageListType=4&detailBusinessFrom=0-1_76037851%7C0-2,https://sg.shein.com/Women-s-Casual-Solid-Color-Drawstring-Waist-Sports-Pants-Black-Spring-p-76037851.html,True,"mallCode,pageListType,detailBusinessFrom",False,,76037851,True
66023862,9,1,9,"Pariaura 1pc Women's Solid Color Pleated Wide Leg Loose Pants, Suitable For Commuting & Casual Wear Fall Cloth For Women",S$9.49,https://sg.shein.com/Pariaura-1pc-Women-s-Solid-Color-Pleated-Wide-Leg-Loose-Pants-Suitable-For-Commuting-Casual-Wear-Fall-Cloth-For-Women-p-66023862.html,https://img.ltwebstatic.com/v4/j/pi/2026/04/15/66/1776243709462fcc8f6c6dd79b21035dc2137ff82e_thumbnail_600x.webp,2026-06-02T16:33:39+08:00,,-47%,,,525 sold,https://sg.shein.com/Pariaura-1pc-Women-s-Solid-Color-Pleated-Wide-Leg-Loose-Pants-Suitable-For-Commuting-Casual-Wear-Fall-Cloth-For-Women-p-66023862.html?mallCode=1&pageListType=4&detailBusinessFrom=0-1_66023862%7C0-2,https://sg.shein.com/Pariaura-1pc-Women-s-Solid-Color-Pleated-Wide-Leg-Loose-Pants-Suitable-For-Commuting-Casual-Wear-Fall-Cloth-For-Women-p-66023862.html,True,"mallCode,pageListType,detailBusinessFrom",False,,66023862,True
414858498,9,2,"9,10","Women's Loose Round Neck Tee With Letter Print. Casual Holiday Style, Comfy For Daily And Vacation Wear.",S$0.85,https://sg.shein.com/Women-s-Loose-Round-Neck-Tee-With-Letter-Print-Casual-Holiday-Style-Comfy-For-Daily-And-Vacation-Wear-p-414858498.html,https://img.ltwebstatic.com/v4/j/spmp/2026/03/03/15/17725387314ee8e77b8aeb03363937547949b7d411_thumbnail_600x.webp,2026-06-02T16:33:39+08:00,,,,,SAVE S$0.85,https://sg.shein.com/Women-s-Loose-Round-Neck-Tee-With-Letter-Print-Casual-Holiday-Style-Comfy-For-Daily-And-Vacation-Wear-p-414858498.html?mallCode=1&pageListType=4&detailBusinessFrom=0-1_414858498%7C0-2,https://sg.shein.com/Women-s-Loose-Round-Neck-Tee-With-Letter-Print-Casual-Holiday-Style-Comfy-For-Daily-And-Vacation-Wear-p-414858498.html,True,"mallCode,pageListType,detailBusinessFrom",False,,414858498,True
238860947,9,1,9,"Vaiaye Women's Fashion Lingerie Style Top, Spring/Autumn/Summer Striped Print Round Neck Slim Fit Casual Vacation Sexy Camisole, Suitable For Beach & Daily Wear",S$7.49,https://sg.shein.com/Vaiaye-Women-s-Fashion-Lingerie-Style-Top-Spring-Autumn-Summer-Striped-Print-Round-Neck-Slim-Fit-Casual-Vacation-Sexy-Camisole-Suitable-For-Beach-Daily-Wear-p-238860947.html,https://img.ltwebstatic.com/v4/j/spmp/2026/01/12/ec/1768198653d6ace953541c8492cc174beb2a0e9bcb_thumbnail_600x.webp,2026-06-02T16:33:39+08:00,,,,,48.1k+ sold,https://sg.shein.com/Vaiaye-Women-s-Fashion-Lingerie-Style-Top-Spring-Autumn-Summer-Striped-Print-Round-Neck-Slim-Fit-Casual-Vacation-Sexy-Camisole-Suitable-For-Beach-Daily-Wear-p-238860947.html?mallCode=1&pageListType=4&detailBusinessFrom=0-1_238860947%7C0-2,https://sg.shein.com/Vaiaye-Women-s-Fashion-Lingerie-Style-Top-Spring-Autumn-Summer-Striped-Print-Round-Neck-Slim-Fit-Casual-Vacation-Sexy-Camisole-Suitable-For-Beach-Daily-Wear-p-238860947.html,True,"mallCode,pageListType,detailBusinessFrom",False,,238860947,True
40541668,9,1,9,"SHEIN EZwear Casual Minimalist Oil Painting Watercolor Orange Flower Floral Pattern Round Neck Sleeveless Loose Cropped Women Thin T-Shirt, Suitable For Summer",S$9.49,https://sg.shein.com/SHEIN-EZwear-Casual-Minimalist-Oil-Painting-Watercolor-Orange-Flower-Floral-Pattern-Round-Neck-Sleeveless-Loose-Cropped-Women-Thin-T-Shirt-Suitable-For-Summer-p-40541668.html,https://img.ltwebstatic.com/images3_pi/2024/07/30/5f/172233591814138b7e16da24c91e02d86150f53f1e_thumbnail_600x.webp,2026-06-02T16:33:39+08:00,,,(1000+),,11.4k+ sold,https://sg.shein.com/SHEIN-EZwear-Casual-Minimalist-Oil-Painting-Watercolor-Orange-Flower-Floral-Pattern-Round-Neck-Sleeveless-Loose-Cropped-Women-Thin-T-Shirt-Suitable-For-Summer-p-40541668.html?mallCode=1&pageListType=4&detailBusinessFrom=0-1_40541668%7C0-2,https://sg.shein.com/SHEIN-EZwear-Casual-Minimalist-Oil-Painting-Watercolor-Orange-Flower-Floral-Pattern-Round-Neck-Sleeveless-Loose-Cropped-Women-Thin-T-Shirt-Suitable-For-Summer-p-40541668.html,True,"mallCode,pageListType,detailBusinessFrom",False,,40541668,True
452416362,9,1,9,"3pcs Women's New Casual Cute Pattern Loose Versatile Round Neck Short Sleeve T-Shirt, Fashionable Daily & Holiday Wear Summer",S$1.59,https://sg.shein.com/3pcs-Women-s-New-Casual-Cute-Pattern-Loose-Versatile-Round-Neck-Short-Sleeve-T-Shirt-Fashionable-Daily-Holiday-Wear-Summer-p-452416362.html,https://img.ltwebstatic.com/v4/j/spmp/2026/05/21/0f/177934024071fb9ee0594abce87d6987e63fe0207e_thumbnail_600x.webp,2026-06-02T16:33:39+08:00,,,,,SAVE S$1.59,https://sg.shein.com/3pcs-Women-s-New-Casual-Cute-Pattern-Loose-Versatile-Round-Neck-Short-Sleeve-T-Shirt-Fashionable-Daily-Holiday-Wear-Summer-p-452416362.html?mallCode=1&pageListType=4&detailBusinessFrom=0-1_452416362%7C0-2,https://sg.shein.com/3pcs-Women-s-New-Casual-Cute-Pattern-Loose-Versatile-Round-Neck-Short-Sleeve-T-Shirt-Fashionable-Daily-Holiday-Wear-Summer-p-452416362.html,True,"mallCode,pageListType,detailBusinessFrom",False,,452416362,True
91301319,9,1,9,"Franclia Elegant French Style Woven Collared Long Sleeve Tie Front Cardigan, New Summer White Women Shirt' Fall Cloth For Women",S$1.84,https://sg.shein.com/Franclia-Elegant-French-Style-Woven-Collared-Long-Sleeve-Tie-Front-Cardigan-New-Summer-White-Women-Shirt-Fall-Cloth-For-Women-p-91301319.html,https://img.ltwebstatic.com/v4/j/pi/2025/06/14/41/174989163109711c44547f7689d9886dcf5de38d63_thumbnail_600x.webp,2026-06-02T16:33:39+08:00,,,,,SAVE S$1.84,https://sg.shein.com/Franclia-Elegant-French-Style-Woven-Collared-Long-Sleeve-Tie-Front-Cardigan-New-Summer-White-Women-Shirt-Fall-Cloth-For-Women-p-91301319.html?mallCode=1&pageListType=4&detailBusinessFrom=0-1_91301319%7C0-2,https://sg.shein.com/Franclia-Elegant-French-Style-Woven-Collared-Long-Sleeve-Tie-Front-Cardigan-New-Summer-White-Women-Shirt-Fall-Cloth-For-Women-p-91301319.html,True,"mallCode,pageListType,detailBusinessFrom",False,,91301319,True
36651642,9,1,9,Women's Summer Solid Color Buttoned Half-Placket Short Sleeve Casual T-Shirt Pink,S$12.99,https://sg.shein.com/Women-s-Summer-Solid-Color-Buttoned-Half-Placket-Short-Sleeve-Casual-T-Shirt-Pink-p-36651642.html,https://img.ltwebstatic.com/images3_pi/2024/06/07/1e/17177556103c77f33f2dd5b7efb84f5660c3b0db55_thumbnail_600x.webp,2026-06-02T16:33:39+08:00,,,(1000+),,22.2k+ sold,https://sg.shein.com/Women-s-Summer-Solid-Color-Buttoned-Half-Placket-Short-Sleeve-Casual-T-Shirt-Pink-p-36651642.html?mallCode=1&pageListType=4&detailBusinessFrom=0-1_36651642%7C0-2,https://sg.shein.com/Women-s-Summer-Solid-Color-Buttoned-Half-Placket-Short-Sleeve-Casual-T-Shirt-Pink-p-36651642.html,True,"mallCode,pageListType,detailBusinessFrom",False,,36651642,True
48424297,9,1,9,"Women's Summer Letter Print Loose Casual T-Shirt, Daily Casual Fashion Versatile. Graphic Tee, Vacation",S$6.99,https://sg.shein.com/Women-s-Summer-Letter-Print-Loose-Casual-T-Shirt-Daily-Casual-Fashion-Versatile-Graphic-Tee-Vacation-p-48424297.html,https://img.ltwebstatic.com/v4/j/spmp/2026/02/13/06/1770980753de66c482c763910976b87cca5ef0fb6d_thumbnail_600x.webp,2026-06-02T16:33:39+08:00,,,,,17.7k+ sold,https://sg.shein.com/Women-s-Summer-Letter-Print-Loose-Casual-T-Shirt-Daily-Casual-Fashion-Versatile-Graphic-Tee-Vacation-p-48424297.html?mallCode=1&pageListType=4&detailBusinessFrom=0-1_48424297%7C0-2,https://sg.shein.com/Women-s-Summer-Letter-Print-Loose-Casual-T-Shirt-Daily-Casual-Fashion-Versatile-Graphic-Tee-Vacation-p-48424297.html,True,"mallCode,pageListType,detailBusinessFrom",False,,48424297,True
37023283,9,1,9,"INAWLY Vintage Christian Short Sleeve Shirt With Bible Verses, Casual Shirt, Retro Faith Cross Print Tee, Pray Mom Round Neck Tee Graphic Tees Women Tops",S$0.78,https://sg.shein.com/INAWLY-Vintage-Christian-Short-Sleeve-Shirt-With-Bible-Verses-Casual-Shirt-Retro-Faith-Cross-Print-Tee-Pray-Mom-Round-Neck-Tee-Graphic-Tees-Women-Tops-p-37023283.html,https://img.ltwebstatic.com/images3_pi/2024/06/18/69/1718688312b11a55ee995ffe93c672b8cae7ce73c6_thumbnail_600x.webp,2026-06-02T16:33:39+08:00,,,,,SAVE S$0.78,https://sg.shein.com/INAWLY-Vintage-Christian-Short-Sleeve-Shirt-With-Bible-Verses-Casual-Shirt-Retro-Faith-Cross-Print-Tee-Pray-Mom-Round-Neck-Tee-Graphic-Tees-Women-Tops-p-37023283.html?mallCode=1&pageListType=4&detailBusinessFrom=0-1_37023283%7C0-2,https://sg.shein.com/INAWLY-Vintage-Christian-Short-Sleeve-Shirt-With-Bible-Verses-Casual-Shirt-Retro-Faith-Cross-Print-Tee-Pray-Mom-Round-Neck-Tee-Graphic-Tees-Women-Tops-p-37023283.html,True,"mallCode,pageListType,detailBusinessFrom",False,,37023283,True
471262019,9,1,9,"Beach Club ""Girls Just Wanna Have Sun"" Slogan Print T-Shirt, Casual Short Sleeve Vacation Top For Summer White",S$3.93,https://sg.shein.com/Beach-Club-Girls-Just-Wanna-Have-Sun-Slogan-Print-T-Shirt-Casual-Short-Sleeve-Vacation-Top-For-Summer-White-p-471262019.html,https://img.ltwebstatic.com/v4/j/spmp/2026/05/18/bd/1779093031b4867613df75ed1ed59cfb11c56d2815_thumbnail_600x.webp,2026-06-02T16:33:39+08:00,,-12%,,,,https://sg.shein.com/Beach-Club-Girls-Just-Wanna-Have-Sun-Slogan-Print-T-Shirt-Casual-Short-Sleeve-Vacation-Top-For-Summer-White-p-471262019.html?mallCode=1&pageListType=4&detailBusinessFrom=0-1_471262019%7C0-2,https://sg.shein.com/Beach-Club-Girls-Just-Wanna-Have-Sun-Slogan-Print-T-Shirt-Casual-Short-Sleeve-Vacation-Top-For-Summer-White-p-471262019.html,True,"mallCode,pageListType,detailBusinessFrom",False,,471262019,True
357015266,9,1,9,DAZY Women's Solid Color Loose Fit Bermuda Shorts Y2k,S$1.50,https://sg.shein.com/DAZY-Women-s-Solid-Color-Loose-Fit-Bermuda-Shorts-Y2k-p-357015266.html,https://img.ltwebstatic.com/v4/j/pi/2026/01/07/c6/17677691407586bfe176cb877fad9a10dbbcd54049_thumbnail_600x.webp,2026-06-02T16:33:39+08:00,,,,,SAVE S$1.50,https://sg.shein.com/DAZY-Women-s-Solid-Color-Loose-Fit-Bermuda-Shorts-Y2k-p-357015266.html?mallCode=1&pageListType=4&detailBusinessFrom=0-1_357015266%7C0-2,https://sg.shein.com/DAZY-Women-s-Solid-Color-Loose-Fit-Bermuda-Shorts-Y2k-p-357015266.html,True,"mallCode,pageListType,detailBusinessFrom",False,,357015266,True
259574639,9,1,9,"Chiquease Women's Solid Color Minimalist Sleeveless Round Neck Ribbed Knit Tank Top,Beige Summer Casual Everyday Wear Basic Neutral Tops",S$0.91,https://sg.shein.com/Chiquease-Women-s-Solid-Color-Minimalist-Sleeveless-Round-Neck-Ribbed-Knit-Tank-Top-Beige-Summer-Casual-Everyday-Wear-Basic-Neutral-Tops-p-259574639.html,https://img.ltwebstatic.com/v4/j/pi/2025/10/28/f6/1761616547bae9a7b9a1f95ab22d37a906e16f3de7_thumbnail_600x.webp,2026-06-02T16:33:39+08:00,,,,,SAVE S$0.91,https://sg.shein.com/Chiquease-Women-s-Solid-Color-Minimalist-Sleeveless-Round-Neck-Ribbed-Knit-Tank-Top-Beige-Summer-Casual-Everyday-Wear-Basic-Neutral-Tops-p-259574639.html?mallCode=1&pageListType=4&detailBusinessFrom=0-1_259574639%7C0-2,https://sg.shein.com/Chiquease-Women-s-Solid-Color-Minimalist-Sleeveless-Round-Neck-Ribbed-Knit-Tank-Top-Beige-Summer-Casual-Everyday-Wear-Basic-Neutral-Tops-p-259574639.html,True,"mallCode,pageListType,detailBusinessFrom",False,,259574639,True
459954818,9,1,9,"SHEIN EZwear 3pcs Women's Summer V-Neck Tight T-Shirts, Punk Subculture Anime Solid Color Basic V-Neck Short Sleeve Slim Fit T-Shirts,Summer Top",S$14.99,https://sg.shein.com/SHEIN-EZwear-3pcs-Women-s-Summer-V-Neck-Tight-T-Shirts-Punk-Subculture-Anime-Solid-Color-Basic-V-Neck-Short-Sleeve-Slim-Fit-T-Shirts-Summer-Top-p-459954818.html,https://img.ltwebstatic.com/v4/j/pi/2026/04/27/8d/177725495464e3a2e6dd53792e58df71881e0294f9_thumbnail_600x.webp,2026-06-02T16:33:39+08:00,,,,,4.9k+ sold,https://sg.shein.com/SHEIN-EZwear-3pcs-Women-s-Summer-V-Neck-Tight-T-Shirts-Punk-Subculture-Anime-Solid-Color-Basic-V-Neck-Short-Sleeve-Slim-Fit-T-Shirts-Summer-Top-p-459954818.html?mallCode=1&pageListType=4&detailBusinessFrom=0-1_459954818%7C0-2,https://sg.shein.com/SHEIN-EZwear-3pcs-Women-s-Summer-V-Neck-Tight-T-Shirts-Punk-Subculture-Anime-Solid-Color-Basic-V-Neck-Short-Sleeve-Slim-Fit-T-Shirts-Summer-Top-p-459954818.html,True,"mallCode,pageListType,detailBusinessFrom",False,,459954818,True
209031387,9,1,9,"DAZY Loose High Waist Slimming Straight Leg Jeans, Minimalist & Versatile, Comfortable Ankle-Length Pants For Women",S$3.42,https://sg.shein.com/DAZY-Loose-High-Waist-Slimming-Straight-Leg-Jeans-Minimalist-Versatile-Comfortable-Ankle-Length-Pants-For-Women-p-209031387.html,https://img.ltwebstatic.com/v4/j/pi/2025/11/28/1d/1764313566785cf0dc9b4fd2137e4e3803036d875a_thumbnail_600x.webp,2026-06-02T16:33:39+08:00,,,,,SAVE S$3.42,https://sg.shein.com/DAZY-Loose-High-Waist-Slimming-Straight-Leg-Jeans-Minimalist-Versatile-Comfortable-Ankle-Length-Pants-For-Women-p-209031387.html?mallCode=1&pageListType=4&detailBusinessFrom=0-1_209031387%7C0-2,https://sg.shein.com/DAZY-Loose-High-Waist-Slimming-Straight-Leg-Jeans-Minimalist-Versatile-Comfortable-Ankle-Length-Pants-For-Women-p-209031387.html,True,"mallCode,pageListType,detailBusinessFrom",False,,209031387,True
134991743,9,1,9,"2pcs Women's Loose Cropped Round Neck Short Sleeve T-Shirt, Suitable For Spring/Summer Wear, Casual/Minimalist/Elegant/Sexy/Streetwear/Y2K Style, Suitable For Office/Home/Street And Various Occasions",S$10.99,https://sg.shein.com/2pcs-Women-s-Loose-Cropped-Round-Neck-Short-Sleeve-T-Shirt-Suitable-For-Spring-Summer-Wear-Casual-Minimalist-Elegant-Sexy-Streetwear-Y2K-Style-Suitable-For-Office-Home-Street-And-Various-Occasions-p-134991743.html,https://img.ltwebstatic.com/v4/p/spmp/2025/07/18/9d/1752815373cfb1a51c30235a5125f005a7efb41821_thumbnail_600x.webp,2026-06-02T16:33:39+08:00,,,,,13.1k+ sold,https://sg.shein.com/2pcs-Women-s-Loose-Cropped-Round-Neck-Short-Sleeve-T-Shirt-Suitable-For-Spring-Summer-Wear-Casual-Minimalist-Elegant-Sexy-Streetwear-Y2K-Style-Suitable-For-Office-Home-Street-And-Various-Occasions-p-134991743.html?mallCode=1&pageListType=4&detailBusinessFrom=0-1_134991743%7C0-2,https://sg.shein.com/2pcs-Women-s-Loose-Cropped-Round-Neck-Short-Sleeve-T-Shirt-Suitable-For-Spring-Summer-Wear-Casual-Minimalist-Elegant-Sexy-Streetwear-Y2K-Style-Suitable-For-Office-Home-Street-And-Various-Occasions-p-134991743.html,True,"mallCode,pageListType,detailBusinessFrom",False,,134991743,True
107557707,9,1,9,"INAWLY Women Summer Casual Matching Contrast Color T-Shirt And Shorts Set, Letter Print Graphic",S$17.99,https://sg.shein.com/INAWLY-Women-Summer-Casual-Matching-Contrast-Color-T-Shirt-And-Shorts-Set-Letter-Print-Graphic-p-107557707.html,https://img.ltwebstatic.com/v4/j/pi/2025/06/19/19/175030186437db25813e842716443f3d080acd6a40_thumbnail_600x.webp,2026-06-02T16:33:39+08:00,,,,,15.8k+ sold,https://sg.shein.com/INAWLY-Women-Summer-Casual-Matching-Contrast-Color-T-Shirt-And-Shorts-Set-Letter-Print-Graphic-p-107557707.html?mallCode=1&pageListType=4&detailBusinessFrom=0-1_107557707%7C0-2,https://sg.shein.com/INAWLY-Women-Summer-Casual-Matching-Contrast-Color-T-Shirt-And-Shorts-Set-Letter-Print-Graphic-p-107557707.html,True,"mallCode,pageListType,detailBusinessFrom",False,,107557707,True
48353252,9,1,9,SHEIN EZwear Two-Piece Set Knit Tight-Fitting Basic Tank Top,S$1.43,https://sg.shein.com/SHEIN-EZwear-Two-Piece-Set-Knit-Tight-Fitting-Basic-Tank-Top-p-48353252.html,https://img.ltwebstatic.com/images3_pi/2024/11/22/ce/17322542605e12459299cb7c6730f2e181203090c1_thumbnail_600x.webp,2026-06-02T16:33:39+08:00,,,,,Save S$1.43,https://sg.shein.com/SHEIN-EZwear-Two-Piece-Set-Knit-Tight-Fitting-Basic-Tank-Top-p-48353252.html?mallCode=1&pageListType=4&detailBusinessFrom=0-1_48353252%7C0-2,https://sg.shein.com/SHEIN-EZwear-Two-Piece-Set-Knit-Tight-Fitting-Basic-Tank-Top-p-48353252.html,True,"mallCode,pageListType,detailBusinessFrom",False,,48353252,True
37377145,9,1,9,Sweetra 3pcs Solid Mock Neck Tank Top For Summer,S$12.49,https://sg.shein.com/Sweetra-3pcs-Solid-Mock-Neck-Tank-Top-For-Summer-p-37377145.html,https://img.ltwebstatic.com/images3_pi/2024/06/24/6b/17191936441636a61a12fcf5ab0193dd9ca6580b48_thumbnail_600x.webp,2026-06-02T16:33:39+08:00,,,,,42.6k+ sold,https://sg.shein.com/Sweetra-3pcs-Solid-Mock-Neck-Tank-Top-For-Summer-p-37377145.html?mallCode=1&pageListType=4&detailBusinessFrom=0-1_37377145%7C0-2,https://sg.shein.com/Sweetra-3pcs-Solid-Mock-Neck-Tank-Top-For-Summer-p-37377145.html,True,"mallCode,pageListType,detailBusinessFrom",False,,37377145,True
40221805,9,1,9,"SHEIN EZwear 4pcs Women's Crew Neck Short Sleeve Tight Fit T-Shirts,Black And White Floral Print Grey Multipack,Summer Casual Everyday Basic Fitted Tops",S$13.49,https://sg.shein.com/SHEIN-EZwear-4pcs-Women-s-Crew-Neck-Short-Sleeve-Tight-Fit-T-Shirts-Black-And-White-Floral-Print-Grey-Multipack-Summer-Casual-Everyday-Basic-Fitted-Tops-p-40221805.html,https://img.ltwebstatic.com/images3_pi/2024/08/07/da/1722998003c68d447d3aff2b088fda1e274bea9a2b_thumbnail_600x.webp,2026-06-02T16:33:39+08:00,,,,,15.5k+ sold,https://sg.shein.com/SHEIN-EZwear-4pcs-Women-s-Crew-Neck-Short-Sleeve-Tight-Fit-T-Shirts-Black-And-White-Floral-Print-Grey-Multipack-Summer-Casual-Everyday-Basic-Fitted-Tops-p-40221805.html?mallCode=1&pageListType=4&detailBusinessFrom=0-1_40221805%7C0-2,https://sg.shein.com/SHEIN-EZwear-4pcs-Women-s-Crew-Neck-Short-Sleeve-Tight-Fit-T-Shirts-Black-And-White-Floral-Print-Grey-Multipack-Summer-Casual-Everyday-Basic-Fitted-Tops-p-40221805.html,True,"mallCode,pageListType,detailBusinessFrom",False,,40221805,True
427567998,9,1,9,"1pc Women's Short Sleeve Cropped T-Shirt - Realistic Starfish, Feather Flower And Shell Print, Soft Pink Beachy Style, Breathable Round Neck Crop Top, Ideal For Beach Vacation, Summer Date, Casual Outing, Tropical Feminine Pattern For Ladies And Teens",S$4.99,https://sg.shein.com/1pc-Women-s-Short-Sleeve-Cropped-T-Shirt-Realistic-Starfish-Feather-Flower-And-Shell-Print-Soft-Pink-Beachy-Style-Breathable-Round-Neck-Crop-Top-Ideal-For-Beach-Vacation-Summer-Date-Casual-Outing-Tropical-Feminine-Pattern-For-Ladies-And-Teens-p-427567998.html,https://img.ltwebstatic.com/v4/j/spmp/2026/04/02/81/1775132464cf7b4d05f0911980644cae1c31691e43_thumbnail_600x.webp,2026-06-02T16:33:39+08:00,,,,,669 sold,https://sg.shein.com/1pc-Women-s-Short-Sleeve-Cropped-T-Shirt-Realistic-Starfish-Feather-Flower-And-Shell-Print-Soft-Pink-Beachy-Style-Breathable-Round-Neck-Crop-Top-Ideal-For-Beach-Vacation-Summer-Date-Casual-Outing-Tropical-Feminine-Pattern-For-Ladies-And-Teens-p-427567998.html?mallCode=1&pageListType=4&detailBusinessFrom=0-1_427567998%7C0-2,https://sg.shein.com/1pc-Women-s-Short-Sleeve-Cropped-T-Shirt-Realistic-Starfish-Feather-Flower-And-Shell-Print-Soft-Pink-Beachy-Style-Breathable-Round-Neck-Crop-Top-Ideal-For-Beach-Vacation-Summer-Date-Casual-Outing-Tropical-Feminine-Pattern-For-Ladies-And-Teens-p-427567998.html,True,"mallCode,pageListType,detailBusinessFrom",False,,427567998,True
418740661,9,1,9,"Franclia Women Blue White Stripe Button Pleated Cross V-Neck Shirt,Summer Effortless Chic Blouse,Back-To-School School Outfit,Spring Casual Pinterest Outfits",S$11.99,https://sg.shein.com/Franclia-Women-Blue-White-Stripe-Button-Pleated-Cross-V-Neck-Shirt-Summer-Effortless-Chic-Blouse-Back-To-School-School-Outfit-Spring-Casual-Pinterest-Outfits-p-418740661.html,https://img.ltwebstatic.com/v4/j/pi/2026/03/11/b0/1773197014d3eaa7336d5f92999cf795f7d4bcabd6_thumbnail_600x.webp,2026-06-02T16:33:39+08:00,,,,,11.4k+ sold,https://sg.shein.com/Franclia-Women-Blue-White-Stripe-Button-Pleated-Cross-V-Neck-Shirt-Summer-Effortless-Chic-Blouse-Back-To-School-School-Outfit-Spring-Casual-Pinterest-Outfits-p-418740661.html?mallCode=1&pageListType=4&detailBusinessFrom=0-1_418740661%7C0-2,https://sg.shein.com/Franclia-Women-Blue-White-Stripe-Button-Pleated-Cross-V-Neck-Shirt-Summer-Effortless-Chic-Blouse-Back-To-School-School-Outfit-Spring-Casual-Pinterest-Outfits-p-418740661.html,True,"mallCode,pageListType,detailBusinessFrom",False,,418740661,True
450378508,9,1,9,Sweetra Petite Women's Solid Color Square Neck Sleeveless Casual Everyday Tank Top,S$10.99,https://sg.shein.com/Sweetra-Petite-Women-s-Solid-Color-Square-Neck-Sleeveless-Casual-Everyday-Tank-Top-p-450378508.html,https://img.ltwebstatic.com/v4/j/pi/2026/04/22/a1/177684053340f551e453b6aa19c82ca625381720ff_thumbnail_600x.webp,2026-06-02T16:33:39+08:00,,,,,,https://sg.shein.com/Sweetra-Petite-Women-s-Solid-Color-Square-Neck-Sleeveless-Casual-Everyday-Tank-Top-p-450378508.html?mallCode=1&pageListType=4&detailBusinessFrom=0-1_450378508%7C0-2,https://sg.shein.com/Sweetra-Petite-Women-s-Solid-Color-Square-Neck-Sleeveless-Casual-Everyday-Tank-Top-p-450378508.html,True,"mallCode,pageListType,detailBusinessFrom",False,,450378508,True
428936064,9,1,9,"DAZY Casual Solid Color Tank Top, Versatile For Summer",S$1.10,https://sg.shein.com/DAZY-Casual-Solid-Color-Tank-Top-Versatile-For-Summer-p-428936064.html,https://sc.ltwebstatic.com/she_dist/images/bg-grey-solid-color-fc04c1310d.png,2026-06-02T16:33:39+08:00,,,,,SAVE S$1.10,https://sg.shein.com/DAZY-Casual-Solid-Color-Tank-Top-Versatile-For-Summer-p-428936064.html?mallCode=1&pageListType=4&detailBusinessFrom=0-1_428936064%7C0-2,https://sg.shein.com/DAZY-Casual-Solid-Color-Tank-Top-Versatile-For-Summer-p-428936064.html,True,"mallCode,pageListType,detailBusinessFrom",False,,428936064,True
411442639,9,1,9,"LYSMO Women's Elegant Burnt Orange Summer 90s Retro Striped Mesh Hollow Blouse,Everyday Casual Irregular Neck Batwing Sleeve Fitted Cropped Top",S$9.49,https://sg.shein.com/LYSMO-Women-s-Elegant-Burnt-Orange-Summer-90s-Retro-Striped-Mesh-Hollow-Blouse-Everyday-Casual-Irregular-Neck-Batwing-Sleeve-Fitted-Cropped-Top-p-411442639.html,https://sc.ltwebstatic.com/she_dist/images/bg-grey-solid-color-fc04c1310d.png,2026-06-02T16:33:39+08:00,,,,,10.6k+ sold,https://sg.shein.com/LYSMO-Women-s-Elegant-Burnt-Orange-Summer-90s-Retro-Striped-Mesh-Hollow-Blouse-Everyday-Casual-Irregular-Neck-Batwing-Sleeve-Fitted-Cropped-Top-p-411442639.html?mallCode=1&pageListType=4&detailBusinessFrom=0-1_411442639%7C0-2,https://sg.shein.com/LYSMO-Women-s-Elegant-Burnt-Orange-Summer-90s-Retro-Striped-Mesh-Hollow-Blouse-Everyday-Casual-Irregular-Neck-Batwing-Sleeve-Fitted-Cropped-Top-p-411442639.html,True,"mallCode,pageListType,detailBusinessFrom",False,,411442639,True
40597374,9,1,9,SHEIN Frenchy Women's Solid Color Front Button Sleeveless Blouse And Long Pants Casual Suit Set Fall Women Outfits Women Outfit Sets Winter Women Sets Black Summer,S$18.49,https://sg.shein.com/SHEIN-Frenchy-Women-s-Solid-Color-Front-Button-Sleeveless-Blouse-And-Long-Pants-Casual-Suit-Set-Fall-Women-Outfits-Women-Outfit-Sets-Winter-Women-Sets-Black-Summer-p-40597374.html,https://sc.ltwebstatic.com/she_dist/images/bg-grey-solid-color-fc04c1310d.png,2026-06-02T16:33:39+08:00,,,,,18.6k+ sold,https://sg.shein.com/SHEIN-Frenchy-Women-s-Solid-Color-Front-Button-Sleeveless-Blouse-And-Long-Pants-Casual-Suit-Set-Fall-Women-Outfits-Women-Outfit-Sets-Winter-Women-Sets-Black-Summer-p-40597374.html?mallCode=1&pageListType=4&detailBusinessFrom=0-1_40597374%7C0-2,https://sg.shein.com/SHEIN-Frenchy-Women-s-Solid-Color-Front-Button-Sleeveless-Blouse-And-Long-Pants-Casual-Suit-Set-Fall-Women-Outfits-Women-Outfit-Sets-Winter-Women-Sets-Black-Summer-p-40597374.html,True,"mallCode,pageListType,detailBusinessFrom",False,,40597374,True
381840040,9,1,9,"Women's New Casual Cute Pattern Loose Versatile Round Neck Short Sleeve T-Shirt, Fashionable Everyday Top Summer",S$5.49,https://sg.shein.com/Women-s-New-Casual-Cute-Pattern-Loose-Versatile-Round-Neck-Short-Sleeve-T-Shirt-Fashionable-Everyday-Top-Summer-p-381840040.html,https://sc.ltwebstatic.com/she_dist/images/bg-grey-solid-color-fc04c1310d.png,2026-06-02T16:33:39+08:00,,,,,1.1k+ sold,https://sg.shein.com/Women-s-New-Casual-Cute-Pattern-Loose-Versatile-Round-Neck-Short-Sleeve-T-Shirt-Fashionable-Everyday-Top-Summer-p-381840040.html?mallCode=1&pageListType=4&detailBusinessFrom=0-1_381840040%7C0-2,https://sg.shein.com/Women-s-New-Casual-Cute-Pattern-Loose-Versatile-Round-Neck-Short-Sleeve-T-Shirt-Fashionable-Everyday-Top-Summer-p-381840040.html,True,"mallCode,pageListType,detailBusinessFrom",False,,381840040,True
44643797,9,1,9,SHEIN PETITE Women Plain Pocket Wide Leg Loose Casual Pants,S$18.99,https://sg.shein.com/SHEIN-PETITE-Women-Plain-Pocket-Wide-Leg-Loose-Casual-Pants-p-44643797.html,https://sc.ltwebstatic.com/she_dist/images/bg-grey-solid-color-fc04c1310d.png,2026-06-02T16:33:39+08:00,,,,,25.5k+ sold,https://sg.shein.com/SHEIN-PETITE-Women-Plain-Pocket-Wide-Leg-Loose-Casual-Pants-p-44643797.html?mallCode=1&pageListType=4&detailBusinessFrom=0-1_44643797%7C0-2,https://sg.shein.com/SHEIN-PETITE-Women-Plain-Pocket-Wide-Leg-Loose-Casual-Pants-p-44643797.html,True,"mallCode,pageListType,detailBusinessFrom",False,,44643797,True
73827769,9,1,9,"Swim Mod Women's New Solid Color Triangle Cup Bikini Set, Sexy Tie-Up Two Pieces Swimsuit For Summer Beach Vacation",S$11.49,https://sg.shein.com/Swim-Mod-Women-s-New-Solid-Color-Triangle-Cup-Bikini-Set-Sexy-Tie-Up-Two-Pieces-Swimsuit-For-Summer-Beach-Vacation-p-73827769.html,https://sc.ltwebstatic.com/she_dist/images/bg-grey-solid-color-fc04c1310d.png,2026-06-02T16:33:39+08:00,,,,,25.9k+ sold,https://sg.shein.com/Swim-Mod-Women-s-New-Solid-Color-Triangle-Cup-Bikini-Set-Sexy-Tie-Up-Two-Pieces-Swimsuit-For-Summer-Beach-Vacation-p-73827769.html?mallCode=1&pageListType=4&detailBusinessFrom=0-1_73827769%7C0-2,https://sg.shein.com/Swim-Mod-Women-s-New-Solid-Color-Triangle-Cup-Bikini-Set-Sexy-Tie-Up-Two-Pieces-Swimsuit-For-Summer-Beach-Vacation-p-73827769.html,True,"mallCode,pageListType,detailBusinessFrom",False,,73827769,True
450192486,9,1,9,"Women's Round Neck Short Sleeve T-Shirt, New Summer Bow, Cherry Pattern And Letter Print Fashion Slim Fit Cropped Top White",S$3.93,https://sg.shein.com/Women-s-Round-Neck-Short-Sleeve-T-Shirt-New-Summer-Bow-Cherry-Pattern-And-Letter-Print-Fashion-Slim-Fit-Cropped-Top-White-p-450192486.html,https://sc.ltwebstatic.com/she_dist/images/bg-grey-solid-color-fc04c1310d.png,2026-06-02T16:33:39+08:00,,-12%,,,53 sold,https://sg.shein.com/Women-s-Round-Neck-Short-Sleeve-T-Shirt-New-Summer-Bow-Cherry-Pattern-And-Letter-Print-Fashion-Slim-Fit-Cropped-Top-White-p-450192486.html?mallCode=1&pageListType=4&detailBusinessFrom=0-1_450192486%7C0-2,https://sg.shein.com/Women-s-Round-Neck-Short-Sleeve-T-Shirt-New-Summer-Bow-Cherry-Pattern-And-Letter-Print-Fashion-Slim-Fit-Cropped-Top-White-p-450192486.html,True,"mallCode,pageListType,detailBusinessFrom",False,,450192486,True
325002998,9,1,9,SOLERSUN Women's White And Blue Summer Elegant Tea Party Asymmetric Neck Long Sleeve Asymmetrical Hem Blouse Vintage Sunset Holiday Print Batwing Sleeve Tops,S$11.99,https://sg.shein.com/SOLERSUN-Women-s-White-And-Blue-Summer-Elegant-Tea-Party-Asymmetric-Neck-Long-Sleeve-Asymmetrical-Hem-Blouse-Vintage-Sunset-Holiday-Print-Batwing-Sleeve-Tops-p-325002998.html,https://sc.ltwebstatic.com/she_dist/images/bg-grey-solid-color-fc04c1310d.png,2026-06-02T16:33:39+08:00,,,,,26.1k+ sold,https://sg.shein.com/SOLERSUN-Women-s-White-And-Blue-Summer-Elegant-Tea-Party-Asymmetric-Neck-Long-Sleeve-Asymmetrical-Hem-Blouse-Vintage-Sunset-Holiday-Print-Batwing-Sleeve-Tops-p-325002998.html?mallCode=1&pageListType=4&detailBusinessFrom=0-1_325002998%7C0-2,https://sg.shein.com/SOLERSUN-Women-s-White-And-Blue-Summer-Elegant-Tea-Party-Asymmetric-Neck-Long-Sleeve-Asymmetrical-Hem-Blouse-Vintage-Sunset-Holiday-Print-Batwing-Sleeve-Tops-p-325002998.html,True,"mallCode,pageListType,detailBusinessFrom",False,,325002998,True
418241324,9,1,9,"Siren Gaze Women's Striped Pleated Casual Versatile Tank Top,Summer Top",S$7.49,https://sg.shein.com/Siren-Gaze-Women-s-Striped-Pleated-Casual-Versatile-Tank-Top-Summer-Top-p-418241324.html,https://sc.ltwebstatic.com/she_dist/images/bg-grey-solid-color-fc04c1310d.png,2026-06-02T16:33:39+08:00,,,,,10.9k+ sold,https://sg.shein.com/Siren-Gaze-Women-s-Striped-Pleated-Casual-Versatile-Tank-Top-Summer-Top-p-418241324.html?mallCode=1&pageListType=4&detailBusinessFrom=0-1_418241324%7C0-2,https://sg.shein.com/Siren-Gaze-Women-s-Striped-Pleated-Casual-Versatile-Tank-Top-Summer-Top-p-418241324.html,True,"mallCode,pageListType,detailBusinessFrom",False,,418241324,True
278683916,9,1,9,"Women's Brown Zip Pocket Jacket - Casual Loose Lapel Outerwear, Suitable For Spring And Autumn",S$1.96,https://sg.shein.com/Women-s-Brown-Zip-Pocket-Jacket-Casual-Loose-Lapel-Outerwear-Suitable-For-Spring-And-Autumn-p-278683916.html,https://sc.ltwebstatic.com/she_dist/images/bg-grey-solid-color-fc04c1310d.png,2026-06-02T16:33:39+08:00,,,,,SAVE S$1.96,https://sg.shein.com/Women-s-Brown-Zip-Pocket-Jacket-Casual-Loose-Lapel-Outerwear-Suitable-For-Spring-And-Autumn-p-278683916.html?mallCode=1&pageListType=4&detailBusinessFrom=0-1_278683916%7C0-2,https://sg.shein.com/Women-s-Brown-Zip-Pocket-Jacket-Casual-Loose-Lapel-Outerwear-Suitable-For-Spring-And-Autumn-p-278683916.html,True,"mallCode,pageListType,detailBusinessFrom",False,,278683916,True
448923269,9,2,"9,10","Comfortcana Women's 3pcs Summer Cute Pink Check Shorts Set,Drawstring Waist Pleated Plaid Casual Outfit For Girls,Versatile Beach Picnic Vacation Wear,Y2k Style",S$20.49,https://sg.shein.com/Comfortcana-Women-s-3pcs-Summer-Cute-Pink-Check-Shorts-Set-Drawstring-Waist-Pleated-Plaid-Casual-Outfit-For-Girls-Versatile-Beach-Picnic-Vacation-Wear-Y2k-Style-p-448923269.html,https://sc.ltwebstatic.com/she_dist/images/bg-grey-solid-color-fc04c1310d.png,2026-06-02T16:33:39+08:00,,,,,16.4k+ sold,https://sg.shein.com/Comfortcana-Women-s-3pcs-Summer-Cute-Pink-Check-Shorts-Set-Drawstring-Waist-Pleated-Plaid-Casual-Outfit-For-Girls-Versatile-Beach-Picnic-Vacation-Wear-Y2k-Style-p-448923269.html?mallCode=1&pageListType=4&detailBusinessFrom=0-1_448923269%7C0-2,https://sg.shein.com/Comfortcana-Women-s-3pcs-Summer-Cute-Pink-Check-Shorts-Set-Drawstring-Waist-Pleated-Plaid-Casual-Outfit-For-Girls-Versatile-Beach-Picnic-Vacation-Wear-Y2k-Style-p-448923269.html,True,"mallCode,pageListType,detailBusinessFrom",False,,448923269,True
40968686,9,1,9,"Sweetra Simple Solid Color Wide Strap Pleated Casual Top, Built-In Bra",S$8.99,https://sg.shein.com/Sweetra-Simple-Solid-Color-Wide-Strap-Pleated-Casual-Top-Built-In-Bra-p-40968686.html,https://sc.ltwebstatic.com/she_dist/images/bg-grey-solid-color-fc04c1310d.png,2026-06-02T16:33:39+08:00,,,,,21.4k+ sold,https://sg.shein.com/Sweetra-Simple-Solid-Color-Wide-Strap-Pleated-Casual-Top-Built-In-Bra-p-40968686.html?mallCode=1&pageListType=4&detailBusinessFrom=0-1_40968686%7C0-2,https://sg.shein.com/Sweetra-Simple-Solid-Color-Wide-Strap-Pleated-Casual-Top-Built-In-Bra-p-40968686.html,True,"mallCode,pageListType,detailBusinessFrom",False,,40968686,True
426995667,9,1,9,"Women's Summer New Letter Print Round Neck Short Sleeve T-Shirt, Casual Loose Versatile Top For Daily Wear",S$0.60,https://sg.shein.com/Women-s-Summer-New-Letter-Print-Round-Neck-Short-Sleeve-T-Shirt-Casual-Loose-Versatile-Top-For-Daily-Wear-p-426995667.html,https://sc.ltwebstatic.com/she_dist/images/bg-grey-solid-color-fc04c1310d.png,2026-06-02T16:33:39+08:00,,,,,SAVE S$0.60,https://sg.shein.com/Women-s-Summer-New-Letter-Print-Round-Neck-Short-Sleeve-T-Shirt-Casual-Loose-Versatile-Top-For-Daily-Wear-p-426995667.html?mallCode=1&pageListType=4&detailBusinessFrom=0-1_426995667%7C0-2,https://sg.shein.com/Women-s-Summer-New-Letter-Print-Round-Neck-Short-Sleeve-T-Shirt-Casual-Loose-Versatile-Top-For-Daily-Wear-p-426995667.html,True,"mallCode,pageListType,detailBusinessFrom",False,,426995667,True
46504240,9,1,9,"SHEIN EZwear 3pcs Slim Fit Women Long Sleeve Casual T-Shirts, Suitable For Summer Autumn And Winter",S$1.88,https://sg.shein.com/SHEIN-EZwear-3pcs-Slim-Fit-Women-Long-Sleeve-Casual-T-Shirts-Suitable-For-Summer-Autumn-And-Winter-p-46504240.html,https://sc.ltwebstatic.com/she_dist/images/bg-grey-solid-color-fc04c1310d.png,2026-06-02T16:33:39+08:00,,,,,SAVE S$1.88,https://sg.shein.com/SHEIN-EZwear-3pcs-Slim-Fit-Women-Long-Sleeve-Casual-T-Shirts-Suitable-For-Summer-Autumn-And-Winter-p-46504240.html?mallCode=1&pageListType=4&detailBusinessFrom=0-1_46504240%7C0-2,https://sg.shein.com/SHEIN-EZwear-3pcs-Slim-Fit-Women-Long-Sleeve-Casual-T-Shirts-Suitable-For-Summer-Autumn-And-Winter-p-46504240.html,True,"mallCode,pageListType,detailBusinessFrom",False,,46504240,True
49086707,9,1,9,"Women's Y2K Sexy Solid Color Camisole, Versatile For Commuting In Summer Casual White",S$8.49,https://sg.shein.com/Women-s-Y2K-Sexy-Solid-Color-Camisole-Versatile-For-Commuting-In-Summer-Casual-White-p-49086707.html,https://sc.ltwebstatic.com/she_dist/images/bg-grey-solid-color-fc04c1310d.png,2026-06-02T16:33:39+08:00,,,,,12.8k+ sold,https://sg.shein.com/Women-s-Y2K-Sexy-Solid-Color-Camisole-Versatile-For-Commuting-In-Summer-Casual-White-p-49086707.html?mallCode=1&pageListType=4&detailBusinessFrom=0-1_49086707%7C0-2,https://sg.shein.com/Women-s-Y2K-Sexy-Solid-Color-Camisole-Versatile-For-Commuting-In-Summer-Casual-White-p-49086707.html,True,"mallCode,pageListType,detailBusinessFrom",False,,49086707,True
433686482,9,1,9,"Women's Casual Mid-Sleeve T-Shirt, Solid Color Round Neck T-Shirt, Ladies Top, Premium Crafted Neckline Spring Black",S$6.30,https://sg.shein.com/Women-s-Casual-Mid-Sleeve-T-Shirt-Solid-Color-Round-Neck-T-Shirt-Ladies-Top-Premium-Crafted-Neckline-Spring-Black-p-433686482.html,https://sc.ltwebstatic.com/she_dist/images/bg-grey-solid-color-fc04c1310d.png,2026-06-02T16:33:39+08:00,,-3%,,,2.4k+ sold,https://sg.shein.com/Women-s-Casual-Mid-Sleeve-T-Shirt-Solid-Color-Round-Neck-T-Shirt-Ladies-Top-Premium-Crafted-Neckline-Spring-Black-p-433686482.html?mallCode=1&pageListType=4&detailBusinessFrom=0-1_433686482%7C0-2,https://sg.shein.com/Women-s-Casual-Mid-Sleeve-T-Shirt-Solid-Color-Round-Neck-T-Shirt-Ladies-Top-Premium-Crafted-Neckline-Spring-Black-p-433686482.html,True,"mallCode,pageListType,detailBusinessFrom",False,,433686482,True
35601359,9,1,9,Sweetra Women's Shortened Square Neckline Pleated Casual Tank Top For Summer Graphic Tees Women Tops,S$2.16,https://sg.shein.com/Sweetra-Women-s-Shortened-Square-Neckline-Pleated-Casual-Tank-Top-For-Summer-Graphic-Tees-Women-Tops-p-35601359.html,https://sc.ltwebstatic.com/she_dist/images/bg-grey-solid-color-fc04c1310d.png,2026-06-02T16:33:39+08:00,,,,,SAVE S$2.16,https://sg.shein.com/Sweetra-Women-s-Shortened-Square-Neckline-Pleated-Casual-Tank-Top-For-Summer-Graphic-Tees-Women-Tops-p-35601359.html?mallCode=1&pageListType=4&detailBusinessFrom=0-1_35601359%7C0-2,https://sg.shein.com/Sweetra-Women-s-Shortened-Square-Neckline-Pleated-Casual-Tank-Top-For-Summer-Graphic-Tees-Women-Tops-p-35601359.html,True,"mallCode,pageListType,detailBusinessFrom",False,,35601359,True
395667284,9,1,9,"Muchica Women's Brown Striped Loose Fit Short Sleeve T-Shirt, Summer New Arrival",S$10.49,https://sg.shein.com/Muchica-Women-s-Brown-Striped-Loose-Fit-Short-Sleeve-T-Shirt-Summer-New-Arrival-p-395667284.html,https://sc.ltwebstatic.com/she_dist/images/bg-grey-solid-color-fc04c1310d.png,2026-06-02T16:33:39+08:00,,,,,14.4k+ sold,https://sg.shein.com/Muchica-Women-s-Brown-Striped-Loose-Fit-Short-Sleeve-T-Shirt-Summer-New-Arrival-p-395667284.html?mallCode=1&pageListType=4&detailBusinessFrom=0-1_395667284%7C0-2,https://sg.shein.com/Muchica-Women-s-Brown-Striped-Loose-Fit-Short-Sleeve-T-Shirt-Summer-New-Arrival-p-395667284.html,True,"mallCode,pageListType,detailBusinessFrom",False,,395667284,True
419833721,9,1,9,"Lalippa Black & White Striped Digital Print Oversized Mid-Length Round Neck Drop Shoulder Women T-Shirt, Casual Gift For Friends",S$8.99,https://sg.shein.com/Lalippa-Black-White-Striped-Digital-Print-Oversized-Mid-Length-Round-Neck-Drop-Shoulder-Women-T-Shirt-Casual-Gift-For-Friends-p-419833721.html,https://sc.ltwebstatic.com/she_dist/images/bg-grey-solid-color-fc04c1310d.png,2026-06-02T16:33:39+08:00,,,,,37.7k+ sold,https://sg.shein.com/Lalippa-Black-White-Striped-Digital-Print-Oversized-Mid-Length-Round-Neck-Drop-Shoulder-Women-T-Shirt-Casual-Gift-For-Friends-p-419833721.html?mallCode=1&pageListType=4&detailBusinessFrom=0-1_419833721%7C0-2,https://sg.shein.com/Lalippa-Black-White-Striped-Digital-Print-Oversized-Mid-Length-Round-Neck-Drop-Shoulder-Women-T-Shirt-Casual-Gift-For-Friends-p-419833721.html,True,"mallCode,pageListType,detailBusinessFrom",False,,419833721,True
374809474,9,1,9,"Franclia Women's Elegent Light Beige Summer 2-Piece Set,Casual Black Ruched Asymmetric-Shoulder Tight Top&Drawstring Shorts Skirt Suit For Brunch And Vacation",S$16.49,https://sg.shein.com/Franclia-Women-s-Elegent-Light-Beige-Summer-2-Piece-Set-Casual-Black-Ruched-Asymmetric-Shoulder-Tight-Top-Drawstring-Shorts-Skirt-Suit-For-Brunch-And-Vacation-p-374809474.html,https://sc.ltwebstatic.com/she_dist/images/bg-grey-solid-color-fc04c1310d.png,2026-06-02T16:33:39+08:00,,,,,3.4k+ sold,https://sg.shein.com/Franclia-Women-s-Elegent-Light-Beige-Summer-2-Piece-Set-Casual-Black-Ruched-Asymmetric-Shoulder-Tight-Top-Drawstring-Shorts-Skirt-Suit-For-Brunch-And-Vacation-p-374809474.html?mallCode=1&pageListType=4&detailBusinessFrom=0-1_374809474%7C0-2,https://sg.shein.com/Franclia-Women-s-Elegent-Light-Beige-Summer-2-Piece-Set-Casual-Black-Ruched-Asymmetric-Shoulder-Tight-Top-Drawstring-Shorts-Skirt-Suit-For-Brunch-And-Vacation-p-374809474.html,True,"mallCode,pageListType,detailBusinessFrom",False,,374809474,True
42587651,9,1,9,"DAZY Women's Pleated Solid Color Lapel Loose Shirt, Black, Spring/Autumn,Fall Women Clothes Long Sleeve Top",S$14.49,https://sg.shein.com/DAZY-Women-s-Pleated-Solid-Color-Lapel-Loose-Shirt-Black-Spring-Autumn-Fall-Women-Clothes-Long-Sleeve-Top-p-42587651.html,https://sc.ltwebstatic.com/she_dist/images/bg-grey-solid-color-fc04c1310d.png,2026-06-02T16:33:39+08:00,,,,,23.3k+ sold,https://sg.shein.com/DAZY-Women-s-Pleated-Solid-Color-Lapel-Loose-Shirt-Black-Spring-Autumn-Fall-Women-Clothes-Long-Sleeve-Top-p-42587651.html?mallCode=1&pageListType=4&detailBusinessFrom=0-1_42587651%7C0-2,https://sg.shein.com/DAZY-Women-s-Pleated-Solid-Color-Lapel-Loose-Shirt-Black-Spring-Autumn-Fall-Women-Clothes-Long-Sleeve-Top-p-42587651.html,True,"mallCode,pageListType,detailBusinessFrom",False,,42587651,True
329773606,9,1,9,Coolane Women's Spring/Summer Streetwear Vacation Daily Wear Homecoming Casual Sport Basic Baggy Low Rise Bermuda Crotch Pants,S$8.99,https://sg.shein.com/Coolane-Women-s-Spring-Summer-Streetwear-Vacation-Daily-Wear-Homecoming-Casual-Sport-Basic-Baggy-Low-Rise-Bermuda-Crotch-Pants-p-329773606.html,https://sc.ltwebstatic.com/she_dist/images/bg-grey-solid-color-fc04c1310d.png,2026-06-02T16:33:39+08:00,,,,,589 sold,https://sg.shein.com/Coolane-Women-s-Spring-Summer-Streetwear-Vacation-Daily-Wear-Homecoming-Casual-Sport-Basic-Baggy-Low-Rise-Bermuda-Crotch-Pants-p-329773606.html?mallCode=1&pageListType=4&detailBusinessFrom=0-1_329773606%7C0-2,https://sg.shein.com/Coolane-Women-s-Spring-Summer-Streetwear-Vacation-Daily-Wear-Homecoming-Casual-Sport-Basic-Baggy-Low-Rise-Bermuda-Crotch-Pants-p-329773606.html,True,"mallCode,pageListType,detailBusinessFrom",False,,329773606,True
154180869,9,1,9,DAZY Women's Regular Mid-Waist Banana Pants Casual Jeans,S$2.91,https://sg.shein.com/DAZY-Women-s-Regular-Mid-Waist-Banana-Pants-Casual-Jeans-p-154180869.html,https://sc.ltwebstatic.com/she_dist/images/bg-grey-solid-color-fc04c1310d.png,2026-06-02T16:33:39+08:00,,,,,SAVE S$2.91,https://sg.shein.com/DAZY-Women-s-Regular-Mid-Waist-Banana-Pants-Casual-Jeans-p-154180869.html?mallCode=1&pageListType=4&detailBusinessFrom=0-1_154180869%7C0-2,https://sg.shein.com/DAZY-Women-s-Regular-Mid-Waist-Banana-Pants-Casual-Jeans-p-154180869.html,True,"mallCode,pageListType,detailBusinessFrom",False,,154180869,True
166005305,9,1,9,"Glamine Vintage Low-Waist Wide Leg Pants, Draped Casual Women's Trousers Brown Pants Brown Wide Leg Pants Wide Pants Skirt Pants",S$21.99,https://sg.shein.com/Glamine-Vintage-Low-Waist-Wide-Leg-Pants-Draped-Casual-Women-s-Trousers-Brown-Pants-Brown-Wide-Leg-Pants-Wide-Pants-Skirt-Pants-p-166005305.html,https://sc.ltwebstatic.com/she_dist/images/bg-grey-solid-color-fc04c1310d.png,2026-06-02T16:33:39+08:00,,,,,2.9k+ sold,https://sg.shein.com/Glamine-Vintage-Low-Waist-Wide-Leg-Pants-Draped-Casual-Women-s-Trousers-Brown-Pants-Brown-Wide-Leg-Pants-Wide-Pants-Skirt-Pants-p-166005305.html?mallCode=1&pageListType=4&detailBusinessFrom=0-1_166005305%7C0-2,https://sg.shein.com/Glamine-Vintage-Low-Waist-Wide-Leg-Pants-Draped-Casual-Women-s-Trousers-Brown-Pants-Brown-Wide-Leg-Pants-Wide-Pants-Skirt-Pants-p-166005305.html,True,"mallCode,pageListType,detailBusinessFrom",False,,166005305,True
33654406,9,1,9,INAWLY Women Fashionable Loose Fit Short Sleeve T-Shirt With Round Neckline For Summer,S$0.72,https://sg.shein.com/INAWLY-Women-Fashionable-Loose-Fit-Short-Sleeve-T-Shirt-With-Round-Neckline-For-Summer-p-33654406.html,https://sc.ltwebstatic.com/she_dist/images/bg-grey-solid-color-fc04c1310d.png,2026-06-02T16:33:39+08:00,,,,,SAVE S$0.72,https://sg.shein.com/INAWLY-Women-Fashionable-Loose-Fit-Short-Sleeve-T-Shirt-With-Round-Neckline-For-Summer-p-33654406.html?mallCode=1&pageListType=4&detailBusinessFrom=0-1_33654406%7C0-2,https://sg.shein.com/INAWLY-Women-Fashionable-Loose-Fit-Short-Sleeve-T-Shirt-With-Round-Neckline-For-Summer-p-33654406.html,True,"mallCode,pageListType,detailBusinessFrom",False,,33654406,True
95873286,9,1,9,"DAZY Women's Elastic Waist Drawstring Loose Casual Shorts, Versatile For Summer Sweater Shorts",S$12.99,https://sg.shein.com/DAZY-Women-s-Elastic-Waist-Drawstring-Loose-Casual-Shorts-Versatile-For-Summer-Sweater-Shorts-p-95873286.html,https://sc.ltwebstatic.com/she_dist/images/bg-grey-solid-color-fc04c1310d.png,2026-06-02T16:33:39+08:00,,,,,4.3k+ sold,https://sg.shein.com/DAZY-Women-s-Elastic-Waist-Drawstring-Loose-Casual-Shorts-Versatile-For-Summer-Sweater-Shorts-p-95873286.html?mallCode=1&pageListType=4&detailBusinessFrom=0-1_95873286%7C0-2,https://sg.shein.com/DAZY-Women-s-Elastic-Waist-Drawstring-Loose-Casual-Shorts-Versatile-For-Summer-Sweater-Shorts-p-95873286.html,True,"mallCode,pageListType,detailBusinessFrom",False,,95873286,True
110131255,9,2,"9,10","Sweetra Women Casual Ruched Square Neck Camisole Top, Summer",S$15.99,https://sg.shein.com/Sweetra-Women-Casual-Ruched-Square-Neck-Camisole-Top-Summer-p-110131255.html,https://sc.ltwebstatic.com/she_dist/images/bg-grey-solid-color-fc04c1310d.png,2026-06-02T16:33:39+08:00,,,,,1.8k+ sold,https://sg.shein.com/Sweetra-Women-Casual-Ruched-Square-Neck-Camisole-Top-Summer-p-110131255.html?mallCode=1&pageListType=4&detailBusinessFrom=0-1_110131255%7C0-2,https://sg.shein.com/Sweetra-Women-Casual-Ruched-Square-Neck-Camisole-Top-Summer-p-110131255.html,True,"mallCode,pageListType,detailBusinessFrom",False,,110131255,True
428266092,9,1,9,Elenzga Women's Elegant Summer Tea Party Apricot Commuter Casual Blue Pleated Adjustable Waist Bow Tie Blouse + High Waist Pocket Design Wide Leg Pants Set,S$2.40,https://sg.shein.com/Elenzga-Women-s-Elegant-Summer-Tea-Party-Apricot-Commuter-Casual-Blue-Pleated-Adjustable-Waist-Bow-Tie-Blouse-High-Waist-Pocket-Design-Wide-Leg-Pants-Set-p-428266092.html,https://sc.ltwebstatic.com/she_dist/images/bg-grey-solid-color-fc04c1310d.png,2026-06-02T16:33:39+08:00,,,,,SAVE S$2.40,https://sg.shein.com/Elenzga-Women-s-Elegant-Summer-Tea-Party-Apricot-Commuter-Casual-Blue-Pleated-Adjustable-Waist-Bow-Tie-Blouse-High-Waist-Pocket-Design-Wide-Leg-Pants-Set-p-428266092.html?mallCode=1&pageListType=4&detailBusinessFrom=0-1_428266092%7C0-2,https://sg.shein.com/Elenzga-Women-s-Elegant-Summer-Tea-Party-Apricot-Commuter-Casual-Blue-Pleated-Adjustable-Waist-Bow-Tie-Blouse-High-Waist-Pocket-Design-Wide-Leg-Pants-Set-p-428266092.html,True,"mallCode,pageListType,detailBusinessFrom",False,,428266092,True
171681686,9,1,9,European & American Fashion Women's Casual Striped High Waist Wide Leg Straight Pants Spring White,S$1.15,https://sg.shein.com/European-American-Fashion-Women-s-Casual-Striped-High-Waist-Wide-Leg-Straight-Pants-Spring-White-p-171681686.html,https://sc.ltwebstatic.com/she_dist/images/bg-grey-solid-color-fc04c1310d.png,2026-06-02T16:33:39+08:00,,,,,SAVE S$1.15,https://sg.shein.com/European-American-Fashion-Women-s-Casual-Striped-High-Waist-Wide-Leg-Straight-Pants-Spring-White-p-171681686.html?mallCode=1&pageListType=4&detailBusinessFrom=0-1_171681686%7C0-2,https://sg.shein.com/European-American-Fashion-Women-s-Casual-Striped-High-Waist-Wide-Leg-Straight-Pants-Spring-White-p-171681686.html,True,"mallCode,pageListType,detailBusinessFrom",False,,171681686,True
24631676,9,1,9,SHEIN ICON High Waist Wide Leg Jeans,S$3.57,https://sg.shein.com/SHEIN-ICON-High-Waist-Wide-Leg-Jeans-p-24631676.html,https://sc.ltwebstatic.com/she_dist/images/bg-grey-solid-color-fc04c1310d.png,2026-06-02T16:33:39+08:00,,,,,SAVE S$3.57,https://sg.shein.com/SHEIN-ICON-High-Waist-Wide-Leg-Jeans-p-24631676.html?mallCode=1&pageListType=4&detailBusinessFrom=0-1_24631676%7C0-2,https://sg.shein.com/SHEIN-ICON-High-Waist-Wide-Leg-Jeans-p-24631676.html,True,"mallCode,pageListType,detailBusinessFrom",False,,24631676,True
376539936,9,1,9,DAZY Casual Business Pleated Design Loose Fit Pants With Belt Loops,S$2.66,https://sg.shein.com/DAZY-Casual-Business-Pleated-Design-Loose-Fit-Pants-With-Belt-Loops-p-376539936.html,https://sc.ltwebstatic.com/she_dist/images/bg-grey-solid-color-fc04c1310d.png,2026-06-02T16:33:39+08:00,,,,,SAVE S$2.66,https://sg.shein.com/DAZY-Casual-Business-Pleated-Design-Loose-Fit-Pants-With-Belt-Loops-p-376539936.html?mallCode=1&pageListType=4&detailBusinessFrom=0-1_376539936%7C0-2,https://sg.shein.com/DAZY-Casual-Business-Pleated-Design-Loose-Fit-Pants-With-Belt-Loops-p-376539936.html,True,"mallCode,pageListType,detailBusinessFrom",False,,376539936,True
454488086,9,2,"9,10","Sweetra Women's Casual Pleated Square Neck Camisole, Summer",S$15.04,https://sg.shein.com/Sweetra-Women-s-Casual-Pleated-Square-Neck-Camisole-Summer-p-454488086.html,https://sc.ltwebstatic.com/she_dist/images/bg-grey-solid-color-fc04c1310d.png,2026-06-02T16:33:39+08:00,,-6%,,,11.8k+ sold,https://sg.shein.com/Sweetra-Women-s-Casual-Pleated-Square-Neck-Camisole-Summer-p-454488086.html?mallCode=1&pageListType=4&detailBusinessFrom=0-1_454488086%7C0-2,https://sg.shein.com/Sweetra-Women-s-Casual-Pleated-Square-Neck-Camisole-Summer-p-454488086.html,True,"mallCode,pageListType,detailBusinessFrom",False,,454488086,True
114067324,9,1,9,Aloruh Women Solid Open Back Tie Halter Neck Ruffle Hem Mini Dress,S$16.49,https://sg.shein.com/Aloruh-Women-Solid-Open-Back-Tie-Halter-Neck-Ruffle-Hem-Mini-Dress-p-114067324.html,https://sc.ltwebstatic.com/she_dist/images/bg-grey-solid-color-fc04c1310d.png,2026-06-02T16:33:39+08:00,,,,,38.8k+ sold,https://sg.shein.com/Aloruh-Women-Solid-Open-Back-Tie-Halter-Neck-Ruffle-Hem-Mini-Dress-p-114067324.html?mallCode=1&pageListType=4&detailBusinessFrom=0-1_114067324%7C0-2,https://sg.shein.com/Aloruh-Women-Solid-Open-Back-Tie-Halter-Neck-Ruffle-Hem-Mini-Dress-p-114067324.html,True,"mallCode,pageListType,detailBusinessFrom",False,,114067324,True
367033789,9,1,9,"Resyla Women's Grey NY Letter Embroidered Straight Loose Bermuda Shorts,Summer Athleisure Gym Sports Pants,Elegant Thin Design Casual Outdoor Shorts",S$1.36,https://sg.shein.com/Resyla-Women-s-Grey-NY-Letter-Embroidered-Straight-Loose-Bermuda-Shorts-Summer-Athleisure-Gym-Sports-Pants-Elegant-Thin-Design-Casual-Outdoor-Shorts-p-367033789.html,https://sc.ltwebstatic.com/she_dist/images/bg-grey-solid-color-fc04c1310d.png,2026-06-02T16:33:39+08:00,,,,,SAVE S$1.36,https://sg.shein.com/Resyla-Women-s-Grey-NY-Letter-Embroidered-Straight-Loose-Bermuda-Shorts-Summer-Athleisure-Gym-Sports-Pants-Elegant-Thin-Design-Casual-Outdoor-Shorts-p-367033789.html?mallCode=1&pageListType=4&detailBusinessFrom=0-1_367033789%7C0-2,https://sg.shein.com/Resyla-Women-s-Grey-NY-Letter-Embroidered-Straight-Loose-Bermuda-Shorts-Summer-Athleisure-Gym-Sports-Pants-Elegant-Thin-Design-Casual-Outdoor-Shorts-p-367033789.html,True,"mallCode,pageListType,detailBusinessFrom",False,,367033789,True
269281745,9,1,9,Resyla Women's Letter Print Pleated Round Neck Short Sleeve T-Shirt And Wide Leg Pants Casual 2-Piece Set,S$18.49,https://sg.shein.com/Resyla-Women-s-Letter-Print-Pleated-Round-Neck-Short-Sleeve-T-Shirt-And-Wide-Leg-Pants-Casual-2-Piece-Set-p-269281745.html,https://sc.ltwebstatic.com/she_dist/images/bg-grey-solid-color-fc04c1310d.png,2026-06-02T16:33:39+08:00,,,,,16.7k+ sold,https://sg.shein.com/Resyla-Women-s-Letter-Print-Pleated-Round-Neck-Short-Sleeve-T-Shirt-And-Wide-Leg-Pants-Casual-2-Piece-Set-p-269281745.html?mallCode=1&pageListType=4&detailBusinessFrom=0-1_269281745%7C0-2,https://sg.shein.com/Resyla-Women-s-Letter-Print-Pleated-Round-Neck-Short-Sleeve-T-Shirt-And-Wide-Leg-Pants-Casual-2-Piece-Set-p-269281745.html,True,"mallCode,pageListType,detailBusinessFrom",False,,269281745,True
430546038,9,1,9,"Women's Summer New Casual Slogan Print Loose Fit Round Neck Short Sleeve T-Shirt, Fashionable Daily Vacation Wear, Suitable For Everyday And Vacation",S$4.49,https://sg.shein.com/Women-s-Summer-New-Casual-Slogan-Print-Loose-Fit-Round-Neck-Short-Sleeve-T-Shirt-Fashionable-Daily-Vacation-Wear-Suitable-For-Everyday-And-Vacation-p-430546038.html,https://sc.ltwebstatic.com/she_dist/images/bg-grey-solid-color-fc04c1310d.png,2026-06-02T16:33:39+08:00,,,,,99 sold,https://sg.shein.com/Women-s-Summer-New-Casual-Slogan-Print-Loose-Fit-Round-Neck-Short-Sleeve-T-Shirt-Fashionable-Daily-Vacation-Wear-Suitable-For-Everyday-And-Vacation-p-430546038.html?mallCode=1&pageListType=4&detailBusinessFrom=0-1_430546038%7C0-2,https://sg.shein.com/Women-s-Summer-New-Casual-Slogan-Print-Loose-Fit-Round-Neck-Short-Sleeve-T-Shirt-Fashionable-Daily-Vacation-Wear-Suitable-For-Everyday-And-Vacation-p-430546038.html,True,"mallCode,pageListType,detailBusinessFrom",False,,430546038,True
319724101,9,2,"9,10","Sweetra 2pcs Women Casual Scoop Neck Knit Tank Top Set, Apricot And Coffee Brown, Autumn",S$2.99,https://sg.shein.com/Sweetra-2pcs-Women-Casual-Scoop-Neck-Knit-Tank-Top-Set-Apricot-And-Coffee-Brown-Autumn-p-319724101.html,https://sc.ltwebstatic.com/she_dist/images/bg-grey-solid-color-fc04c1310d.png,2026-06-02T16:33:39+08:00,,,,,SAVE S$2.99,https://sg.shein.com/Sweetra-2pcs-Women-Casual-Scoop-Neck-Knit-Tank-Top-Set-Apricot-And-Coffee-Brown-Autumn-p-319724101.html?mallCode=1&pageListType=4&detailBusinessFrom=0-1_319724101%7C0-2,https://sg.shein.com/Sweetra-2pcs-Women-Casual-Scoop-Neck-Knit-Tank-Top-Set-Apricot-And-Coffee-Brown-Autumn-p-319724101.html,True,"mallCode,pageListType,detailBusinessFrom",False,,319724101,True
33331284,9,1,9,"SHEIN EZwear Ladies' Solid Color Ruched Biker Shorts, Summer Biking,Yoga Sports",S$5.99,https://sg.shein.com/SHEIN-EZwear-Ladies-Solid-Color-Ruched-Biker-Shorts-Summer-Biking-Yoga-Sports-p-33331284.html,https://sc.ltwebstatic.com/she_dist/images/bg-grey-solid-color-fc04c1310d.png,2026-06-02T16:33:39+08:00,,,(1000+),,31.7k+ sold,https://sg.shein.com/SHEIN-EZwear-Ladies-Solid-Color-Ruched-Biker-Shorts-Summer-Biking-Yoga-Sports-p-33331284.html?mallCode=1&pageListType=4&detailBusinessFrom=0-1_33331284%7C0-2,https://sg.shein.com/SHEIN-EZwear-Ladies-Solid-Color-Ruched-Biker-Shorts-Summer-Biking-Yoga-Sports-p-33331284.html,True,"mallCode,pageListType,detailBusinessFrom",False,,33331284,True
435397552,10,1,10,"Women's Casual Iced Coffee & Sunshine Print Loose Fit Round Neck Short Sleeve T-Shirt, Beach Wear Summer",S$8.99,https://sg.shein.com/Women-s-Casual-Iced-Coffee-Sunshine-Print-Loose-Fit-Round-Neck-Short-Sleeve-T-Shirt-Beach-Wear-Summer-p-435397552.html,https://img.ltwebstatic.com/v4/j/spmp/2026/05/01/31/1777619225913c55c60ef42f404d8305338c5618c5_thumbnail_600x.webp,2026-06-02T16:35:32+08:00,,,,,77 sold,https://sg.shein.com/Women-s-Casual-Iced-Coffee-Sunshine-Print-Loose-Fit-Round-Neck-Short-Sleeve-T-Shirt-Beach-Wear-Summer-p-435397552.html?mallCode=1&pageListType=4&detailBusinessFrom=0-1_435397552%7C0-2,https://sg.shein.com/Women-s-Casual-Iced-Coffee-Sunshine-Print-Loose-Fit-Round-Neck-Short-Sleeve-T-Shirt-Beach-Wear-Summer-p-435397552.html,True,"mallCode,pageListType,detailBusinessFrom",False,,435397552,True
88637994,10,1,10,DAZY Women Loose Casual Denim Capri Shorts For Summer Denim Shorts Jorts,S$2.34,https://sg.shein.com/DAZY-Women-Loose-Casual-Denim-Capri-Shorts-For-Summer-Denim-Shorts-Jorts-p-88637994.html,https://img.ltwebstatic.com/v4/j/pi/2025/05/29/de/1748513014c36552733e03a627fcef152e73f8256d_thumbnail_600x.webp,2026-06-02T16:35:32+08:00,,,,,SAVE S$2.34,https://sg.shein.com/DAZY-Women-Loose-Casual-Denim-Capri-Shorts-For-Summer-Denim-Shorts-Jorts-p-88637994.html?mallCode=1&pageListType=4&detailBusinessFrom=0-1_88637994%7C0-2,https://sg.shein.com/DAZY-Women-Loose-Casual-Denim-Capri-Shorts-For-Summer-Denim-Shorts-Jorts-p-88637994.html,True,"mallCode,pageListType,detailBusinessFrom",False,,88637994,True
444669237,10,1,10,"1pc Women's Summer Loose Round Neck Short Sleeve T-Shirt, With ""Queen Of Hearts"" Red Wine Themed Print, Suitable For Office, Outings, Daily Wear, Dates, Parties, Gatherings, Streetwear Casual Pink",S$6.49,https://sg.shein.com/1pc-Women-s-Summer-Loose-Round-Neck-Short-Sleeve-T-Shirt-With-Queen-Of-Hearts-Red-Wine-Themed-Print-Suitable-For-Office-Outings-Daily-Wear-Dates-Parties-Gatherings-Streetwear-Casual-Pink-p-444669237.html,https://img.ltwebstatic.com/v4/j/spmp/2026/04/19/4e/1776605129b0944de69c989f019bf256b07b581a54_thumbnail_600x.webp,2026-06-02T16:35:32+08:00,,,,,936 sold,https://sg.shein.com/1pc-Women-s-Summer-Loose-Round-Neck-Short-Sleeve-T-Shirt-With-Queen-Of-Hearts-Red-Wine-Themed-Print-Suitable-For-Office-Outings-Daily-Wear-Dates-Parties-Gatherings-Streetwear-Casual-Pink-p-444669237.html?mallCode=1&pageListType=4&detailBusinessFrom=0-1_444669237%7C0-2,https://sg.shein.com/1pc-Women-s-Summer-Loose-Round-Neck-Short-Sleeve-T-Shirt-With-Queen-Of-Hearts-Red-Wine-Themed-Print-Suitable-For-Office-Outings-Daily-Wear-Dates-Parties-Gatherings-Streetwear-Casual-Pink-p-444669237.html,True,"mallCode,pageListType,detailBusinessFrom",False,,444669237,True
397856927,10,1,10,New Summer Z-Gen Y2K Style Women's Funny Red English Print Crew Neck Short Sleeve T-Shirt Casual Black,S$4.40,https://sg.shein.com/New-Summer-Z-Gen-Y2K-Style-Women-s-Funny-Red-English-Print-Crew-Neck-Short-Sleeve-T-Shirt-Casual-Black-p-397856927.html,https://img.ltwebstatic.com/v4/j/spmp/2026/03/06/2d/1772803814f16bc3b72974df09c0c0f750c571a8d5_thumbnail_600x.webp,2026-06-02T16:35:32+08:00,,-2%,,,2.6k+ sold,https://sg.shein.com/New-Summer-Z-Gen-Y2K-Style-Women-s-Funny-Red-English-Print-Crew-Neck-Short-Sleeve-T-Shirt-Casual-Black-p-397856927.html?mallCode=1&pageListType=4&detailBusinessFrom=0-1_397856927%7C0-2,https://sg.shein.com/New-Summer-Z-Gen-Y2K-Style-Women-s-Funny-Red-English-Print-Crew-Neck-Short-Sleeve-T-Shirt-Casual-Black-p-397856927.html,True,"mallCode,pageListType,detailBusinessFrom",False,,397856927,True
169260078,10,1,10,Sweetra Women's Solid Color Minimalist Sleeveless Casual Fitted Tank Top,S$8.99,https://sg.shein.com/Sweetra-Women-s-Solid-Color-Minimalist-Sleeveless-Casual-Fitted-Tank-Top-p-169260078.html,https://img.ltwebstatic.com/v4/j/pi/2025/09/05/18/17570665559a2dd1c338895e5f2d4dc6e465af84f5_thumbnail_600x.webp,2026-06-02T16:35:32+08:00,,,,,21.4k+ sold,https://sg.shein.com/Sweetra-Women-s-Solid-Color-Minimalist-Sleeveless-Casual-Fitted-Tank-Top-p-169260078.html?mallCode=1&pageListType=4&detailBusinessFrom=0-1_169260078%7C0-2,https://sg.shein.com/Sweetra-Women-s-Solid-Color-Minimalist-Sleeveless-Casual-Fitted-Tank-Top-p-169260078.html,True,"mallCode,pageListType,detailBusinessFrom",False,,169260078,True
427223444,10,1,10,Resyla Women's Striped Casual Round Neck Short Sleeve T-Shirt,S$0.91,https://sg.shein.com/Resyla-Women-s-Striped-Casual-Round-Neck-Short-Sleeve-T-Shirt-p-427223444.html,https://img.ltwebstatic.com/v4/j/pi/2026/03/23/f6/1774227711956170129896e7125e0483a1141a61ff_thumbnail_600x.webp,2026-06-02T16:35:32+08:00,,,,,SAVE S$0.91,https://sg.shein.com/Resyla-Women-s-Striped-Casual-Round-Neck-Short-Sleeve-T-Shirt-p-427223444.html?mallCode=1&pageListType=4&detailBusinessFrom=0-1_427223444%7C0-2,https://sg.shein.com/Resyla-Women-s-Striped-Casual-Round-Neck-Short-Sleeve-T-Shirt-p-427223444.html,True,"mallCode,pageListType,detailBusinessFrom",False,,427223444,True
66044323,10,1,10,"Mini Summer Printed Shorts | Women Printed Shorts | Beginner Printed Shorts | Elastic Waist Shorts | Mini Printed Shorts | Simple Shorts, Women Shorts",S$7.99,https://sg.shein.com/Mini-Summer-Printed-Shorts-Women-Printed-Shorts-Beginner-Printed-Shorts-Elastic-Waist-Shorts-Mini-Printed-Shorts-Simple-Shorts-Women-Shorts-p-66044323.html,https://img.ltwebstatic.com/v4/j/pi/2025/08/20/00/1755653461459452a38767d1a1f00fed324c2da87c_thumbnail_600x.webp,2026-06-02T16:35:32+08:00,,,,,8.3k+ sold,https://sg.shein.com/Mini-Summer-Printed-Shorts-Women-Printed-Shorts-Beginner-Printed-Shorts-Elastic-Waist-Shorts-Mini-Printed-Shorts-Simple-Shorts-Women-Shorts-p-66044323.html?mallCode=1&pageListType=4&detailBusinessFrom=0-1_66044323%7C0-2,https://sg.shein.com/Mini-Summer-Printed-Shorts-Women-Printed-Shorts-Beginner-Printed-Shorts-Elastic-Waist-Shorts-Mini-Printed-Shorts-Simple-Shorts-Women-Shorts-p-66044323.html,True,"mallCode,pageListType,detailBusinessFrom",False,,66044323,True
460034810,10,1,10,"1pc Women's Summer Round Neck Short Sleeve T-Shirt Top With ""Brain And Heart Anatomy"" BALANCE English Print Pattern, Suitable For Street, Daily, Work, Office Party, Outing, Holiday Occasions Casual Black",S$0.96,https://sg.shein.com/1pc-Women-s-Summer-Round-Neck-Short-Sleeve-T-Shirt-Top-With-Brain-And-Heart-Anatomy-BALANCE-English-Print-Pattern-Suitable-For-Street-Daily-Work-Office-Party-Outing-Holiday-Occasions-Casual-Black-p-460034810.html,https://img.ltwebstatic.com/v4/j/spmp/2026/04/30/9c/17775525289f181333467c917038bc0b6f7f6e4a4e_thumbnail_600x.webp,2026-06-02T16:35:32+08:00,,,,,SAVE S$0.96,https://sg.shein.com/1pc-Women-s-Summer-Round-Neck-Short-Sleeve-T-Shirt-Top-With-Brain-And-Heart-Anatomy-BALANCE-English-Print-Pattern-Suitable-For-Street-Daily-Work-Office-Party-Outing-Holiday-Occasions-Casual-Black-p-460034810.html?mallCode=1&pageListType=4&detailBusinessFrom=0-1_460034810%7C0-2,https://sg.shein.com/1pc-Women-s-Summer-Round-Neck-Short-Sleeve-T-Shirt-Top-With-Brain-And-Heart-Anatomy-BALANCE-English-Print-Pattern-Suitable-For-Street-Daily-Work-Office-Party-Outing-Holiday-Occasions-Casual-Black-p-460034810.html,True,"mallCode,pageListType,detailBusinessFrom",False,,460034810,True
156425461,10,1,10,"Glimmora Women's Polo Pattern Print Lightweight Jacket, Casual Street Sports Zip-Up Slim Fit Long Sleeve Coat, Autumn Fall Winter Cloth For Women",S$1.44,https://sg.shein.com/Glimmora-Women-s-Polo-Pattern-Print-Lightweight-Jacket-Casual-Street-Sports-Zip-Up-Slim-Fit-Long-Sleeve-Coat-Autumn-Fall-Winter-Cloth-For-Women-p-156425461.html,https://img.ltwebstatic.com/v4/j/pi/2025/11/15/ea/17631737290656efbd7b5d8f597a9a466b467c67f5_thumbnail_600x.webp,2026-06-02T16:35:32+08:00,,,,,SAVE S$1.44,https://sg.shein.com/Glimmora-Women-s-Polo-Pattern-Print-Lightweight-Jacket-Casual-Street-Sports-Zip-Up-Slim-Fit-Long-Sleeve-Coat-Autumn-Fall-Winter-Cloth-For-Women-p-156425461.html?mallCode=1&pageListType=4&detailBusinessFrom=0-1_156425461%7C0-2,https://sg.shein.com/Glimmora-Women-s-Polo-Pattern-Print-Lightweight-Jacket-Casual-Street-Sports-Zip-Up-Slim-Fit-Long-Sleeve-Coat-Autumn-Fall-Winter-Cloth-For-Women-p-156425461.html,True,"mallCode,pageListType,detailBusinessFrom",False,,156425461,True
450132983,10,1,10,"1pc Women's Summer Round Neck Short Sleeve T-Shirt Top With ""Matcha Lover's Club"" Beverage English Print Pattern Casual",S$5.63,https://sg.shein.com/1pc-Women-s-Summer-Round-Neck-Short-Sleeve-T-Shirt-Top-With-Matcha-Lover-s-Club-Beverage-English-Print-Pattern-Casual-p-450132983.html,https://img.ltwebstatic.com/v4/j/spmp/2026/05/10/ee/1778401042cb40fb3442e86c0d801ce5a7e5045490_thumbnail_600x.webp,2026-06-02T16:35:32+08:00,,-6%,,,90 sold,https://sg.shein.com/1pc-Women-s-Summer-Round-Neck-Short-Sleeve-T-Shirt-Top-With-Matcha-Lover-s-Club-Beverage-English-Print-Pattern-Casual-p-450132983.html?mallCode=1&pageListType=4&detailBusinessFrom=0-1_450132983%7C0-2,https://sg.shein.com/1pc-Women-s-Summer-Round-Neck-Short-Sleeve-T-Shirt-Top-With-Matcha-Lover-s-Club-Beverage-English-Print-Pattern-Casual-p-450132983.html,True,"mallCode,pageListType,detailBusinessFrom",False,,450132983,True
399162425,10,1,10,"Sunnyshic Women Black And White Polka Dot Lace Patchwork V-Neck Halter Backless Maxi Dress,Elegant Summer Holiday Vacation,Wedding Guest Minimalist Daily Wear",S$15.49,https://sg.shein.com/Sunnyshic-Women-Black-And-White-Polka-Dot-Lace-Patchwork-V-Neck-Halter-Backless-Maxi-Dress-Elegant-Summer-Holiday-Vacation-Wedding-Guest-Minimalist-Daily-Wear-p-399162425.html,https://img.ltwebstatic.com/v4/j/pi/2026/03/25/3e/17744317598308728af52f902d331852c309617866_thumbnail_600x.webp,2026-06-02T16:35:32+08:00,,,,,5.5k+ sold,https://sg.shein.com/Sunnyshic-Women-Black-And-White-Polka-Dot-Lace-Patchwork-V-Neck-Halter-Backless-Maxi-Dress-Elegant-Summer-Holiday-Vacation-Wedding-Guest-Minimalist-Daily-Wear-p-399162425.html?mallCode=1&pageListType=4&detailBusinessFrom=0-1_399162425%7C0-2,https://sg.shein.com/Sunnyshic-Women-Black-And-White-Polka-Dot-Lace-Patchwork-V-Neck-Halter-Backless-Maxi-Dress-Elegant-Summer-Holiday-Vacation-Wedding-Guest-Minimalist-Daily-Wear-p-399162425.html,True,"mallCode,pageListType,detailBusinessFrom",False,,399162425,True
409719850,10,1,10,"Elenzga Women's Casual Patchwork Short Sleeve T-Shirt, Versatile For Daily Wear",S$7.49,https://sg.shein.com/Elenzga-Women-s-Casual-Patchwork-Short-Sleeve-T-Shirt-Versatile-For-Daily-Wear-p-409719850.html,https://img.ltwebstatic.com/v4/j/pi/2026/05/03/ae/17777664207d40674bba9d42f453556195efa10792_thumbnail_600x.webp,2026-06-02T16:35:32+08:00,,,,,4.9k+ sold,https://sg.shein.com/Elenzga-Women-s-Casual-Patchwork-Short-Sleeve-T-Shirt-Versatile-For-Daily-Wear-p-409719850.html?mallCode=1&pageListType=4&detailBusinessFrom=0-1_409719850%7C0-2,https://sg.shein.com/Elenzga-Women-s-Casual-Patchwork-Short-Sleeve-T-Shirt-Versatile-For-Daily-Wear-p-409719850.html,True,"mallCode,pageListType,detailBusinessFrom",False,,409719850,True
30741932,10,1,10,DAZY Women's Elastic Waist Drawstring Shorts Summer,S$8.99,https://sg.shein.com/DAZY-Women-s-Elastic-Waist-Drawstring-Shorts-Summer-p-30741932.html,https://img.ltwebstatic.com/images3_pi/2024/02/29/3b/1709201297d9d17f73d8de9783314d57ae49515667_thumbnail_600x.webp,2026-06-02T16:35:32+08:00,,,,,1.3k+ sold,https://sg.shein.com/DAZY-Women-s-Elastic-Waist-Drawstring-Shorts-Summer-p-30741932.html?mallCode=1&pageListType=4&detailBusinessFrom=0-1_30741932%7C0-2,https://sg.shein.com/DAZY-Women-s-Elastic-Waist-Drawstring-Shorts-Summer-p-30741932.html,True,"mallCode,pageListType,detailBusinessFrom",False,,30741932,True
41285700,10,1,10,"SHEIN EZwear 3pcs Pack Slim Fit Long Sleeve Casual T-Shirts Fall Top For Ladies, Suitable For Summer And Autumn And Winter",S$13.49,https://sg.shein.com/SHEIN-EZwear-3pcs-Pack-Slim-Fit-Long-Sleeve-Casual-T-Shirts-Fall-Top-For-Ladies-Suitable-For-Summer-And-Autumn-And-Winter-p-41285700.html,https://img.ltwebstatic.com/images3_pi/2024/08/23/06/172438255128cc750a4492a68242fe96cb1761cf68_thumbnail_600x.webp,2026-06-02T16:35:32+08:00,,,,,12.1k+ sold,https://sg.shein.com/SHEIN-EZwear-3pcs-Pack-Slim-Fit-Long-Sleeve-Casual-T-Shirts-Fall-Top-For-Ladies-Suitable-For-Summer-And-Autumn-And-Winter-p-41285700.html?mallCode=1&pageListType=4&detailBusinessFrom=0-1_41285700%7C0-2,https://sg.shein.com/SHEIN-EZwear-3pcs-Pack-Slim-Fit-Long-Sleeve-Casual-T-Shirts-Fall-Top-For-Ladies-Suitable-For-Summer-And-Autumn-And-Winter-p-41285700.html,True,"mallCode,pageListType,detailBusinessFrom",False,,41285700,True
428221805,10,1,10,"Women's Loose Off-Shoulder Batwing Short Sleeve T-Shirt, With Sea Turtle & English Print White",S$5.49,https://sg.shein.com/Women-s-Loose-Off-Shoulder-Batwing-Short-Sleeve-T-Shirt-With-Sea-Turtle-English-Print-White-p-428221805.html,https://img.ltwebstatic.com/v4/j/spmp/2026/03/20/22/17740140237e5978ecae6ad4a1cb677329aa5d8241_thumbnail_600x.webp,2026-06-02T16:35:32+08:00,,,,,3.4k+ sold,https://sg.shein.com/Women-s-Loose-Off-Shoulder-Batwing-Short-Sleeve-T-Shirt-With-Sea-Turtle-English-Print-White-p-428221805.html?mallCode=1&pageListType=4&detailBusinessFrom=0-1_428221805%7C0-2,https://sg.shein.com/Women-s-Loose-Off-Shoulder-Batwing-Short-Sleeve-T-Shirt-With-Sea-Turtle-English-Print-White-p-428221805.html,True,"mallCode,pageListType,detailBusinessFrom",False,,428221805,True
408224845,10,1,10,"FRIFUL Women's Solid Color Metal Button Decor Loose Casual Versatile Jacket, Spring/Summer",S$20.49,https://sg.shein.com/FRIFUL-Women-s-Solid-Color-Metal-Button-Decor-Loose-Casual-Versatile-Jacket-Spring-Summer-p-408224845.html,https://img.ltwebstatic.com/v4/j/pi/2026/02/24/b7/1771896905a3c3d66d8de65af9b1093b9e7647e10e_thumbnail_600x.webp,2026-06-02T16:35:32+08:00,,,,,4.2k+ sold,https://sg.shein.com/FRIFUL-Women-s-Solid-Color-Metal-Button-Decor-Loose-Casual-Versatile-Jacket-Spring-Summer-p-408224845.html?mallCode=1&pageListType=4&detailBusinessFrom=0-1_408224845%7C0-2,https://sg.shein.com/FRIFUL-Women-s-Solid-Color-Metal-Button-Decor-Loose-Casual-Versatile-Jacket-Spring-Summer-p-408224845.html,True,"mallCode,pageListType,detailBusinessFrom",False,,408224845,True
442865619,10,1,10,"2026 Summer New Women's Retro Washed Japanese Koi Fish Print Round Neck Short Sleeve T-Shirt, Casual Loose Comfortable Daily Top Black",S$6.67,https://sg.shein.com/2026-Summer-New-Women-s-Retro-Washed-Japanese-Koi-Fish-Print-Round-Neck-Short-Sleeve-T-Shirt-Casual-Loose-Comfortable-Daily-Top-Black-p-442865619.html,https://img.ltwebstatic.com/v4/j/spmp/2026/04/15/ad/17762383341adce1a3a19a11e1454eda6dfc7738f8_thumbnail_600x.webp,2026-06-02T16:35:32+08:00,,-11%,,,,https://sg.shein.com/2026-Summer-New-Women-s-Retro-Washed-Japanese-Koi-Fish-Print-Round-Neck-Short-Sleeve-T-Shirt-Casual-Loose-Comfortable-Daily-Top-Black-p-442865619.html?mallCode=1&pageListType=4&detailBusinessFrom=0-1_442865619%7C0-2,https://sg.shein.com/2026-Summer-New-Women-s-Retro-Washed-Japanese-Koi-Fish-Print-Round-Neck-Short-Sleeve-T-Shirt-Casual-Loose-Comfortable-Daily-Top-Black-p-442865619.html,True,"mallCode,pageListType,detailBusinessFrom",False,,442865619,True
144429943,10,1,10,"Radiana Women's Minimalist Fashion Dark Coffee Oversized Wide Leg Pants, Commuter Trousers Brown For Women High Waisted Suit Pants,Fall",S$20.99,https://sg.shein.com/Radiana-Women-s-Minimalist-Fashion-Dark-Coffee-Oversized-Wide-Leg-Pants-Commuter-Trousers-Brown-For-Women-High-Waisted-Suit-Pants-Fall-p-144429943.html,https://img.ltwebstatic.com/v4/j/pi/2025/08/05/4e/1754375108b615b47cb6ea0b67e63a2e2822e337d4_thumbnail_600x.webp,2026-06-02T16:35:32+08:00,,,,,11.6k+ sold,https://sg.shein.com/Radiana-Women-s-Minimalist-Fashion-Dark-Coffee-Oversized-Wide-Leg-Pants-Commuter-Trousers-Brown-For-Women-High-Waisted-Suit-Pants-Fall-p-144429943.html?mallCode=1&pageListType=4&detailBusinessFrom=0-1_144429943%7C0-2,https://sg.shein.com/Radiana-Women-s-Minimalist-Fashion-Dark-Coffee-Oversized-Wide-Leg-Pants-Commuter-Trousers-Brown-For-Women-High-Waisted-Suit-Pants-Fall-p-144429943.html,True,"mallCode,pageListType,detailBusinessFrom",False,,144429943,True
338325731,10,1,10,"Women's New Casual Cute Pattern Loose Versatile Round Neck Short Sleeve T-Shirt, Fashionable Everyday Top, Suitable For Daily And Holiday Wear Summer",S$5.49,https://sg.shein.com/Women-s-New-Casual-Cute-Pattern-Loose-Versatile-Round-Neck-Short-Sleeve-T-Shirt-Fashionable-Everyday-Top-Suitable-For-Daily-And-Holiday-Wear-Summer-p-338325731.html,https://img.ltwebstatic.com/v4/j/spmp/2026/02/26/42/1772090934c8f3f8ab7ee9988a306c1467a016e3a6_thumbnail_600x.webp,2026-06-02T16:35:32+08:00,,,,,3.9k+ sold,https://sg.shein.com/Women-s-New-Casual-Cute-Pattern-Loose-Versatile-Round-Neck-Short-Sleeve-T-Shirt-Fashionable-Everyday-Top-Suitable-For-Daily-And-Holiday-Wear-Summer-p-338325731.html?mallCode=1&pageListType=4&detailBusinessFrom=0-1_338325731%7C0-2,https://sg.shein.com/Women-s-New-Casual-Cute-Pattern-Loose-Versatile-Round-Neck-Short-Sleeve-T-Shirt-Fashionable-Everyday-Top-Suitable-For-Daily-And-Holiday-Wear-Summer-p-338325731.html,True,"mallCode,pageListType,detailBusinessFrom",False,,338325731,True
437861958,10,1,10,SHEIN PETITE Women's Solid Color Tie Waist Wide Leg Loose Casual Versatile Pants,S$10.99,https://sg.shein.com/SHEIN-PETITE-Women-s-Solid-Color-Tie-Waist-Wide-Leg-Loose-Casual-Versatile-Pants-p-437861958.html,https://img.ltwebstatic.com/v4/j/pi/2026/04/07/f0/1775548385e7547c36bf79627a954104564a1a85c6_thumbnail_600x.webp,2026-06-02T16:35:32+08:00,,,,,6k+ sold,https://sg.shein.com/SHEIN-PETITE-Women-s-Solid-Color-Tie-Waist-Wide-Leg-Loose-Casual-Versatile-Pants-p-437861958.html?mallCode=1&pageListType=4&detailBusinessFrom=0-1_437861958%7C0-2,https://sg.shein.com/SHEIN-PETITE-Women-s-Solid-Color-Tie-Waist-Wide-Leg-Loose-Casual-Versatile-Pants-p-437861958.html,True,"mallCode,pageListType,detailBusinessFrom",False,,437861958,True
414924621,10,1,10,"Women's Summer Pink & Colorful Floral One-Piece Swimwear, Colorful Floral Pattern, Waist Side Tie Design, Sweet Vacation Style, Suitable For Beach, Hot Spring Swimming In Summer",S$3.42,https://sg.shein.com/Women-s-Summer-Pink-Colorful-Floral-One-Piece-Swimwear-Colorful-Floral-Pattern-Waist-Side-Tie-Design-Sweet-Vacation-Style-Suitable-For-Beach-Hot-Spring-Swimming-In-Summer-p-414924621.html,https://img.ltwebstatic.com/v4/j/spmp/2026/04/08/26/17756192119581f3d69acc203edcb663a3a4a745a2_thumbnail_600x.webp,2026-06-02T16:35:32+08:00,,-2%,,,112 sold,https://sg.shein.com/Women-s-Summer-Pink-Colorful-Floral-One-Piece-Swimwear-Colorful-Floral-Pattern-Waist-Side-Tie-Design-Sweet-Vacation-Style-Suitable-For-Beach-Hot-Spring-Swimming-In-Summer-p-414924621.html?mallCode=1&pageListType=4&detailBusinessFrom=0-1_414924621%7C0-2,https://sg.shein.com/Women-s-Summer-Pink-Colorful-Floral-One-Piece-Swimwear-Colorful-Floral-Pattern-Waist-Side-Tie-Design-Sweet-Vacation-Style-Suitable-For-Beach-Hot-Spring-Swimming-In-Summer-p-414924621.html,True,"mallCode,pageListType,detailBusinessFrom",False,,414924621,True
416132076,10,1,10,"Women's Autumn Seamless Slimming Vest, Crew Neck, Tummy Control Casual Black Summer",S$8.49,https://sg.shein.com/Women-s-Autumn-Seamless-Slimming-Vest-Crew-Neck-Tummy-Control-Casual-Black-Summer-p-416132076.html,https://img.ltwebstatic.com/v4/j/spmp/2026/04/23/0e/1776924882fb5e535168f1819447f8799397dd8896_thumbnail_600x.webp,2026-06-02T16:35:32+08:00,,,,,5.2k+ sold,https://sg.shein.com/Women-s-Autumn-Seamless-Slimming-Vest-Crew-Neck-Tummy-Control-Casual-Black-Summer-p-416132076.html?mallCode=1&pageListType=4&detailBusinessFrom=0-1_416132076%7C0-2,https://sg.shein.com/Women-s-Autumn-Seamless-Slimming-Vest-Crew-Neck-Tummy-Control-Casual-Black-Summer-p-416132076.html,True,"mallCode,pageListType,detailBusinessFrom",False,,416132076,True
199142913,10,1,10,SHEIN BAE Minimalist Elegant Commuter Casual Straight Leg Pants Autumn Winter Clothes For Women,S$12.67,https://sg.shein.com/SHEIN-BAE-Minimalist-Elegant-Commuter-Casual-Straight-Leg-Pants-Autumn-Winter-Clothes-For-Women-p-199142913.html,https://img.ltwebstatic.com/v4/j/pi/2025/09/28/99/1759031908e11437d22f5486dc859442abb184a0b5_thumbnail_600x.webp,2026-06-02T16:35:32+08:00,,-35%,,,624 sold,https://sg.shein.com/SHEIN-BAE-Minimalist-Elegant-Commuter-Casual-Straight-Leg-Pants-Autumn-Winter-Clothes-For-Women-p-199142913.html?mallCode=1&pageListType=4&detailBusinessFrom=0-1_199142913%7C0-2,https://sg.shein.com/SHEIN-BAE-Minimalist-Elegant-Commuter-Casual-Straight-Leg-Pants-Autumn-Winter-Clothes-For-Women-p-199142913.html,True,"mallCode,pageListType,detailBusinessFrom",False,,199142913,True
432950615,10,1,10,"Women's Summer New Casual Slogan Print Loose Fit Round Neck Short Sleeve T-Shirt, Fashionable Daily Vacation Wear, Suitable For Everyday And Vacation",S$7.49,https://sg.shein.com/Women-s-Summer-New-Casual-Slogan-Print-Loose-Fit-Round-Neck-Short-Sleeve-T-Shirt-Fashionable-Daily-Vacation-Wear-Suitable-For-Everyday-And-Vacation-p-432950615.html,https://img.ltwebstatic.com/v4/j/spmp/2026/05/01/d4/177762347239506aa57b799e21f93f2e612da7e59f_thumbnail_600x.webp,2026-06-02T16:35:32+08:00,,,,,5.1k+ sold,https://sg.shein.com/Women-s-Summer-New-Casual-Slogan-Print-Loose-Fit-Round-Neck-Short-Sleeve-T-Shirt-Fashionable-Daily-Vacation-Wear-Suitable-For-Everyday-And-Vacation-p-432950615.html?mallCode=1&pageListType=4&detailBusinessFrom=0-1_432950615%7C0-2,https://sg.shein.com/Women-s-Summer-New-Casual-Slogan-Print-Loose-Fit-Round-Neck-Short-Sleeve-T-Shirt-Fashionable-Daily-Vacation-Wear-Suitable-For-Everyday-And-Vacation-p-432950615.html,True,"mallCode,pageListType,detailBusinessFrom",False,,432950615,True
46582346,10,1,10,"Poéselle Summer High-Waisted Pants Multi-Piece Set, Wide Leg Pants High Waist Fold Pleated Wide Leg Pants, Loose Fit, Long Pants",S$27.99,https://sg.shein.com/Po-selle-Summer-High-Waisted-Pants-Multi-Piece-Set-Wide-Leg-Pants-High-Waist-Fold-Pleated-Wide-Leg-Pants-Loose-Fit-Long-Pants-p-46582346.html,https://img.ltwebstatic.com/images3_pi/2024/11/02/2d/1730521794461f13e1c4edfb3761cdb8acf6a6531d_thumbnail_600x.webp,2026-06-02T16:35:32+08:00,,,,,1.3k+ sold,https://sg.shein.com/Po-selle-Summer-High-Waisted-Pants-Multi-Piece-Set-Wide-Leg-Pants-High-Waist-Fold-Pleated-Wide-Leg-Pants-Loose-Fit-Long-Pants-p-46582346.html?mallCode=1&pageListType=4&detailBusinessFrom=0-1_46582346%7C0-2,https://sg.shein.com/Po-selle-Summer-High-Waisted-Pants-Multi-Piece-Set-Wide-Leg-Pants-High-Waist-Fold-Pleated-Wide-Leg-Pants-Loose-Fit-Long-Pants-p-46582346.html,True,"mallCode,pageListType,detailBusinessFrom",False,,46582346,True
369107475,10,1,10,"Cartoon Pattern Short Sleeve Mid-Length T-Shirt, Fashionable Casual Top For Women Summer",S$0.55,https://sg.shein.com/Cartoon-Pattern-Short-Sleeve-Mid-Length-T-Shirt-Fashionable-Casual-Top-For-Women-Summer-p-369107475.html,https://img.ltwebstatic.com/v4/p/spmp/2025/12/24/53/17665695505a559f88a64fd7db76213f21042f7f57_thumbnail_600x.webp,2026-06-02T16:35:32+08:00,,,,,SAVE S$0.55,https://sg.shein.com/Cartoon-Pattern-Short-Sleeve-Mid-Length-T-Shirt-Fashionable-Casual-Top-For-Women-Summer-p-369107475.html?mallCode=1&pageListType=4&detailBusinessFrom=0-1_369107475%7C0-2,https://sg.shein.com/Cartoon-Pattern-Short-Sleeve-Mid-Length-T-Shirt-Fashionable-Casual-Top-For-Women-Summer-p-369107475.html,True,"mallCode,pageListType,detailBusinessFrom",False,,369107475,True
193035059,10,1,10,Qadelle Women's Elegant Pocket Decor High Waist Wide Leg Pants,S$9.99,https://sg.shein.com/Qadelle-Women-s-Elegant-Pocket-Decor-High-Waist-Wide-Leg-Pants-p-193035059.html,https://img.ltwebstatic.com/v4/j/pi/2025/09/18/4e/17581831710866e875dceae951c4cb3686223e8065_thumbnail_600x.webp,2026-06-02T16:35:32+08:00,,-47%,,,582 sold,https://sg.shein.com/Qadelle-Women-s-Elegant-Pocket-Decor-High-Waist-Wide-Leg-Pants-p-193035059.html?mallCode=1&pageListType=4&detailBusinessFrom=0-1_193035059%7C0-2,https://sg.shein.com/Qadelle-Women-s-Elegant-Pocket-Decor-High-Waist-Wide-Leg-Pants-p-193035059.html,True,"mallCode,pageListType,detailBusinessFrom",False,,193035059,True
403909808,10,1,10,"Japanese Style Women's Loose Round Neck Short Sleeve T-Shirt With Letter & Heart Print, Spring/Summer Casual Black",S$5.99,https://sg.shein.com/Japanese-Style-Women-s-Loose-Round-Neck-Short-Sleeve-T-Shirt-With-Letter-Heart-Print-Spring-Summer-Casual-Black-p-403909808.html,https://img.ltwebstatic.com/v4/j/spmp/2026/02/12/91/1770879411a9b63fa62706cc2168ecc4730126cfb3_thumbnail_600x.webp,2026-06-02T16:35:32+08:00,,,,,2.2k+ sold,https://sg.shein.com/Japanese-Style-Women-s-Loose-Round-Neck-Short-Sleeve-T-Shirt-With-Letter-Heart-Print-Spring-Summer-Casual-Black-p-403909808.html?mallCode=1&pageListType=4&detailBusinessFrom=0-1_403909808%7C0-2,https://sg.shein.com/Japanese-Style-Women-s-Loose-Round-Neck-Short-Sleeve-T-Shirt-With-Letter-Heart-Print-Spring-Summer-Casual-Black-p-403909808.html,True,"mallCode,pageListType,detailBusinessFrom",False,,403909808,True
47348113,10,1,10,SHEIN EZwear Plain Solid Color Casual Simple Everyday Pants,S$17.99,https://sg.shein.com/SHEIN-EZwear-Plain-Solid-Color-Casual-Simple-Everyday-Pants-p-47348113.html,https://img.ltwebstatic.com/images3_pi/2024/11/12/63/173137986997995c301a0c9bfb8ce7adfe3f0bc9cd_thumbnail_600x.webp,2026-06-02T16:35:32+08:00,,,,,28.8k+ sold,https://sg.shein.com/SHEIN-EZwear-Plain-Solid-Color-Casual-Simple-Everyday-Pants-p-47348113.html?mallCode=1&pageListType=4&detailBusinessFrom=0-1_47348113%7C0-2,https://sg.shein.com/SHEIN-EZwear-Plain-Solid-Color-Casual-Simple-Everyday-Pants-p-47348113.html,True,"mallCode,pageListType,detailBusinessFrom",False,,47348113,True
378518494,10,1,10,"SHEIN EZwear 3pcs Women's Summer V-Neck Tight T-Shirts, Punk Subculture Anime Solid Color Basic V-Neck Short Sleeve Slim Fit T-Shirts",S$1.74,https://sg.shein.com/SHEIN-EZwear-3pcs-Women-s-Summer-V-Neck-Tight-T-Shirts-Punk-Subculture-Anime-Solid-Color-Basic-V-Neck-Short-Sleeve-Slim-Fit-T-Shirts-p-378518494.html,https://img.ltwebstatic.com/v4/j/pi/2026/01/20/c8/17689132582f40a21ea14ccc4c025f7f6f889fbed1_thumbnail_600x.webp,2026-06-02T16:35:32+08:00,,,,,SAVE S$1.74,https://sg.shein.com/SHEIN-EZwear-3pcs-Women-s-Summer-V-Neck-Tight-T-Shirts-Punk-Subculture-Anime-Solid-Color-Basic-V-Neck-Short-Sleeve-Slim-Fit-T-Shirts-p-378518494.html?mallCode=1&pageListType=4&detailBusinessFrom=0-1_378518494%7C0-2,https://sg.shein.com/SHEIN-EZwear-3pcs-Women-s-Summer-V-Neck-Tight-T-Shirts-Punk-Subculture-Anime-Solid-Color-Basic-V-Neck-Short-Sleeve-Slim-Fit-T-Shirts-p-378518494.html,True,"mallCode,pageListType,detailBusinessFrom",False,,378518494,True
378412456,10,1,10,"Sweetra Women's Vintage Elegant Jacquard Pleated Wide Leg Pants, Autumn/Winter",S$2.14,https://sg.shein.com/Sweetra-Women-s-Vintage-Elegant-Jacquard-Pleated-Wide-Leg-Pants-Autumn-Winter-p-378412456.html,https://img.ltwebstatic.com/v4/j/pi/2026/01/19/48/17688131907d4277dcb4772aad7f38e5cd92d317ae_thumbnail_600x.webp,2026-06-02T16:35:32+08:00,,,,,SAVE S$2.14,https://sg.shein.com/Sweetra-Women-s-Vintage-Elegant-Jacquard-Pleated-Wide-Leg-Pants-Autumn-Winter-p-378412456.html?mallCode=1&pageListType=4&detailBusinessFrom=0-1_378412456%7C0-2,https://sg.shein.com/Sweetra-Women-s-Vintage-Elegant-Jacquard-Pleated-Wide-Leg-Pants-Autumn-Winter-p-378412456.html,True,"mallCode,pageListType,detailBusinessFrom",False,,378412456,True
14822788,10,1,10,SHEIN EZwear Casual Solid Color High Waist Straight Leg Pants,S$13.49,https://sg.shein.com/SHEIN-EZwear-Casual-Solid-Color-High-Waist-Straight-Leg-Pants-p-14822788.html,https://img.ltwebstatic.com/images3_pi/2023/04/14/1681452652a81fb4dbdcd900c5a468f0b2bac95061_thumbnail_600x.webp,2026-06-02T16:35:32+08:00,,,,,4.3k+ sold,https://sg.shein.com/SHEIN-EZwear-Casual-Solid-Color-High-Waist-Straight-Leg-Pants-p-14822788.html?mallCode=1&pageListType=4&detailBusinessFrom=0-1_14822788%7C0-2,https://sg.shein.com/SHEIN-EZwear-Casual-Solid-Color-High-Waist-Straight-Leg-Pants-p-14822788.html,True,"mallCode,pageListType,detailBusinessFrom",False,,14822788,True
49982458,10,1,10,"DAZY Women's Solid Color Camisole, Solid Color Minimalist Fashion Casual Daily Wear",S$5.49,https://sg.shein.com/DAZY-Women-s-Solid-Color-Camisole-Solid-Color-Minimalist-Fashion-Casual-Daily-Wear-p-49982458.html,https://img.ltwebstatic.com/images3_pi/2024/12/10/42/1733802476d11dfd3f3840dab163fb53436dc57740_thumbnail_600x.webp,2026-06-02T16:35:32+08:00,,,,,8.5k+ sold,https://sg.shein.com/DAZY-Women-s-Solid-Color-Camisole-Solid-Color-Minimalist-Fashion-Casual-Daily-Wear-p-49982458.html?mallCode=1&pageListType=4&detailBusinessFrom=0-1_49982458%7C0-2,https://sg.shein.com/DAZY-Women-s-Solid-Color-Camisole-Solid-Color-Minimalist-Fashion-Casual-Daily-Wear-p-49982458.html,True,"mallCode,pageListType,detailBusinessFrom",False,,49982458,True
70317692,10,1,10,"Women's Casual Loose Solid Color Drawstring Waist Cargo Shorts, Zipper Detail, Straight Leg, Summer Daily Wear",S$19.49,https://sg.shein.com/Women-s-Casual-Loose-Solid-Color-Drawstring-Waist-Cargo-Shorts-Zipper-Detail-Straight-Leg-Summer-Daily-Wear-p-70317692.html,https://img.ltwebstatic.com/v4/j/spmp/2025/05/10/ea/1746861316dd4472a04f531f9d83b830cfa055c079_thumbnail_600x.webp,2026-06-02T16:35:32+08:00,,,,,749 sold,https://sg.shein.com/Women-s-Casual-Loose-Solid-Color-Drawstring-Waist-Cargo-Shorts-Zipper-Detail-Straight-Leg-Summer-Daily-Wear-p-70317692.html?mallCode=1&pageListType=4&detailBusinessFrom=0-1_70317692%7C0-2,https://sg.shein.com/Women-s-Casual-Loose-Solid-Color-Drawstring-Waist-Cargo-Shorts-Zipper-Detail-Straight-Leg-Summer-Daily-Wear-p-70317692.html,True,"mallCode,pageListType,detailBusinessFrom",False,,70317692,True
27124881,10,1,10,SHEIN MOD Women's Solid Color Corduroy Long Pants,S$15.49,https://sg.shein.com/SHEIN-MOD-Women-s-Solid-Color-Corduroy-Long-Pants-p-27124881.html,https://img.ltwebstatic.com/images3_pi/2024/10/29/92/1730178914720236d83d495b7d1f66caa6b1525776_thumbnail_600x.webp,2026-06-02T16:35:32+08:00,,-24%,,,1.2k+ sold,https://sg.shein.com/SHEIN-MOD-Women-s-Solid-Color-Corduroy-Long-Pants-p-27124881.html?mallCode=1&pageListType=4&detailBusinessFrom=0-1_27124881%7C0-2,https://sg.shein.com/SHEIN-MOD-Women-s-Solid-Color-Corduroy-Long-Pants-p-27124881.html,True,"mallCode,pageListType,detailBusinessFrom",False,,27124881,True
446728662,10,1,10,"Women's Sweet Cherry Pie Letter Print Short Sleeve T-Shirt, Round Neck Front & Back Double Print, Casual Sweet & Cool Street Style Top White Summer",S$0.75,https://sg.shein.com/Women-s-Sweet-Cherry-Pie-Letter-Print-Short-Sleeve-T-Shirt-Round-Neck-Front-Back-Double-Print-Casual-Sweet-Cool-Street-Style-Top-White-Summer-p-446728662.html,https://img.ltwebstatic.com/v4/j/spmp/2026/04/21/87/1776749844246f8617352c8a481cf703893c5caaec_thumbnail_600x.webp,2026-06-02T16:35:32+08:00,,,,,SAVE S$0.75,https://sg.shein.com/Women-s-Sweet-Cherry-Pie-Letter-Print-Short-Sleeve-T-Shirt-Round-Neck-Front-Back-Double-Print-Casual-Sweet-Cool-Street-Style-Top-White-Summer-p-446728662.html?mallCode=1&pageListType=4&detailBusinessFrom=0-1_446728662%7C0-2,https://sg.shein.com/Women-s-Sweet-Cherry-Pie-Letter-Print-Short-Sleeve-T-Shirt-Round-Neck-Front-Back-Double-Print-Casual-Sweet-Cool-Street-Style-Top-White-Summer-p-446728662.html,True,"mallCode,pageListType,detailBusinessFrom",False,,446728662,True
309364531,10,1,10,"Sheer Black Blazer Jacket For Women, Lightweight Summer Casual Office Top, Short Petite 3/4 Sleeve Suit Spring",S$21.37,https://sg.shein.com/Sheer-Black-Blazer-Jacket-For-Women-Lightweight-Summer-Casual-Office-Top-Short-Petite-3-4-Sleeve-Suit-Spring-p-309364531.html,https://img.ltwebstatic.com/v4/j/spmp/2025/11/24/96/1763975299af5e85ab6de56ef3adde124163c2d335_thumbnail_600x.webp,2026-06-02T16:35:32+08:00,,-5%,,,14.4k+ sold,https://sg.shein.com/Sheer-Black-Blazer-Jacket-For-Women-Lightweight-Summer-Casual-Office-Top-Short-Petite-3-4-Sleeve-Suit-Spring-p-309364531.html?mallCode=1&pageListType=4&detailBusinessFrom=0-1_309364531%7C0-2,https://sg.shein.com/Sheer-Black-Blazer-Jacket-For-Women-Lightweight-Summer-Casual-Office-Top-Short-Petite-3-4-Sleeve-Suit-Spring-p-309364531.html,True,"mallCode,pageListType,detailBusinessFrom",False,,309364531,True
66853628,10,1,10,"FRIFUL Ladies' Black & White Striped Loose Polo Neck Short Sleeve T-Shirt, Casual Summer Wear Oversized T-Shirt",S$1.86,https://sg.shein.com/FRIFUL-Ladies-Black-White-Striped-Loose-Polo-Neck-Short-Sleeve-T-Shirt-Casual-Summer-Wear-Oversized-T-Shirt-p-66853628.html,https://img.ltwebstatic.com/v4/j/pi/2025/04/11/5a/1744341210d25f99b95fba23f7cc6a13f522f93b54_thumbnail_600x.webp,2026-06-02T16:35:32+08:00,,,,,SAVE S$1.86,https://sg.shein.com/FRIFUL-Ladies-Black-White-Striped-Loose-Polo-Neck-Short-Sleeve-T-Shirt-Casual-Summer-Wear-Oversized-T-Shirt-p-66853628.html?mallCode=1&pageListType=4&detailBusinessFrom=0-1_66853628%7C0-2,https://sg.shein.com/FRIFUL-Ladies-Black-White-Striped-Loose-Polo-Neck-Short-Sleeve-T-Shirt-Casual-Summer-Wear-Oversized-T-Shirt-p-66853628.html,True,"mallCode,pageListType,detailBusinessFrom",False,,66853628,True
427898089,10,1,10,"Aloruh 2pcs Casual Elegant Deep V Ruched Short Sleeve Top, Loose Tight Bottom Women T-Shirt, V-Neck Versatile For Spring,Summer Women's Tops",S$11.99,https://sg.shein.com/Aloruh-2pcs-Casual-Elegant-Deep-V-Ruched-Short-Sleeve-Top-Loose-Tight-Bottom-Women-T-Shirt-V-Neck-Versatile-For-Spring-Summer-Women-s-Tops-p-427898089.html,https://img.ltwebstatic.com/v4/j/pi/2026/03/16/4f/1773628423c2fda735cf5b010f1b75103d228235e9_thumbnail_600x.webp,2026-06-02T16:35:32+08:00,,,,,3.6k+ sold,https://sg.shein.com/Aloruh-2pcs-Casual-Elegant-Deep-V-Ruched-Short-Sleeve-Top-Loose-Tight-Bottom-Women-T-Shirt-V-Neck-Versatile-For-Spring-Summer-Women-s-Tops-p-427898089.html?mallCode=1&pageListType=4&detailBusinessFrom=0-1_427898089%7C0-2,https://sg.shein.com/Aloruh-2pcs-Casual-Elegant-Deep-V-Ruched-Short-Sleeve-Top-Loose-Tight-Bottom-Women-T-Shirt-V-Neck-Versatile-For-Spring-Summer-Women-s-Tops-p-427898089.html,True,"mallCode,pageListType,detailBusinessFrom",False,,427898089,True
456916224,10,1,10,"Breezaya Women's Brown Loose Fit Wide Leg Pants,Elegant French Style Solid Color Outfit,Summer,Boho,Vacation,Holiday Casual Versatile Commuting Daily Beach",S$14.99,https://sg.shein.com/Breezaya-Women-s-Brown-Loose-Fit-Wide-Leg-Pants-Elegant-French-Style-Solid-Color-Outfit-Summer-Boho-Vacation-Holiday-Casual-Versatile-Commuting-Daily-Beach-p-456916224.html,https://img.ltwebstatic.com/v4/j/pi/2026/05/27/8d/17798724439df5ed25e58d1cf1be130ca6c0e27fa8_thumbnail_600x.webp,2026-06-02T16:35:32+08:00,,,,,6.1k+ sold,https://sg.shein.com/Breezaya-Women-s-Brown-Loose-Fit-Wide-Leg-Pants-Elegant-French-Style-Solid-Color-Outfit-Summer-Boho-Vacation-Holiday-Casual-Versatile-Commuting-Daily-Beach-p-456916224.html?mallCode=1&pageListType=4&detailBusinessFrom=0-1_456916224%7C0-2,https://sg.shein.com/Breezaya-Women-s-Brown-Loose-Fit-Wide-Leg-Pants-Elegant-French-Style-Solid-Color-Outfit-Summer-Boho-Vacation-Holiday-Casual-Versatile-Commuting-Daily-Beach-p-456916224.html,True,"mallCode,pageListType,detailBusinessFrom",False,,456916224,True
409549733,10,1,10,DAZY Women's Fresh Korean Style Polka Dot Pattern Polo Collar Short Sleeve Shirt Summer,S$12.49,https://sg.shein.com/DAZY-Women-s-Fresh-Korean-Style-Polka-Dot-Pattern-Polo-Collar-Short-Sleeve-Shirt-Summer-p-409549733.html,https://img.ltwebstatic.com/v4/j/pi/2026/02/25/7f/17720043996a8fc992f21bdfc5e3495e0eb3143839_thumbnail_600x.webp,2026-06-02T16:35:32+08:00,,,,,3k+ sold,https://sg.shein.com/DAZY-Women-s-Fresh-Korean-Style-Polka-Dot-Pattern-Polo-Collar-Short-Sleeve-Shirt-Summer-p-409549733.html?mallCode=1&pageListType=4&detailBusinessFrom=0-1_409549733%7C0-2,https://sg.shein.com/DAZY-Women-s-Fresh-Korean-Style-Polka-Dot-Pattern-Polo-Collar-Short-Sleeve-Shirt-Summer-p-409549733.html,True,"mallCode,pageListType,detailBusinessFrom",False,,409549733,True
113036835,10,1,10,INAWLY Women's Solid Color Single-Breasted Casual Loose Long Sleeve Shirt,S$11.49,https://sg.shein.com/INAWLY-Women-s-Solid-Color-Single-Breasted-Casual-Loose-Long-Sleeve-Shirt-p-113036835.html,https://img.ltwebstatic.com/v4/j/pi/2025/07/15/7d/17525496239fa9b981add1ff8361643ffc5743a41f_thumbnail_600x.webp,2026-06-02T16:35:32+08:00,,,,,52k+ sold,https://sg.shein.com/INAWLY-Women-s-Solid-Color-Single-Breasted-Casual-Loose-Long-Sleeve-Shirt-p-113036835.html?mallCode=1&pageListType=4&detailBusinessFrom=0-1_113036835%7C0-2,https://sg.shein.com/INAWLY-Women-s-Solid-Color-Single-Breasted-Casual-Loose-Long-Sleeve-Shirt-p-113036835.html,True,"mallCode,pageListType,detailBusinessFrom",False,,113036835,True
445894971,10,1,10,"Summer New Minimalist Fashion Ins Sea Turtle Print Casual Round Neck Short Sleeve T-Shirt, Versatile And Suitable For Women Pink",S$0.90,https://sg.shein.com/Summer-New-Minimalist-Fashion-Ins-Sea-Turtle-Print-Casual-Round-Neck-Short-Sleeve-T-Shirt-Versatile-And-Suitable-For-Women-Pink-p-445894971.html,https://img.ltwebstatic.com/v4/j/spmp/2026/05/07/7b/1778120218b75507922dc28559295b8a9d8792eba7_thumbnail_600x.webp,2026-06-02T16:35:32+08:00,,,,,SAVE S$0.90,https://sg.shein.com/Summer-New-Minimalist-Fashion-Ins-Sea-Turtle-Print-Casual-Round-Neck-Short-Sleeve-T-Shirt-Versatile-And-Suitable-For-Women-Pink-p-445894971.html?mallCode=1&pageListType=4&detailBusinessFrom=0-1_445894971%7C0-2,https://sg.shein.com/Summer-New-Minimalist-Fashion-Ins-Sea-Turtle-Print-Casual-Round-Neck-Short-Sleeve-T-Shirt-Versatile-And-Suitable-For-Women-Pink-p-445894971.html,True,"mallCode,pageListType,detailBusinessFrom",False,,445894971,True
450453972,10,1,10,Sweetra New Arrival Summer Square Neck Cinched Waist Casual Beach Vacation Fashionable Versatile Women Tank Top,S$17.49,https://sg.shein.com/Sweetra-New-Arrival-Summer-Square-Neck-Cinched-Waist-Casual-Beach-Vacation-Fashionable-Versatile-Women-Tank-Top-p-450453972.html,https://img.ltwebstatic.com/v4/j/pi/2026/04/23/82/17769145098d7693317375467858ef9cadcfb419cf_thumbnail_600x.webp,2026-06-02T16:35:32+08:00,,,,,28.6k+ sold,https://sg.shein.com/Sweetra-New-Arrival-Summer-Square-Neck-Cinched-Waist-Casual-Beach-Vacation-Fashionable-Versatile-Women-Tank-Top-p-450453972.html?mallCode=1&pageListType=4&detailBusinessFrom=0-1_450453972%7C0-2,https://sg.shein.com/Sweetra-New-Arrival-Summer-Square-Neck-Cinched-Waist-Casual-Beach-Vacation-Fashionable-Versatile-Women-Tank-Top-p-450453972.html,True,"mallCode,pageListType,detailBusinessFrom",False,,450453972,True
428895189,10,1,10,EMERY ROSE Vacation Casual Starfish & Letter Print T-Shirt,S$7.99,https://sg.shein.com/EMERY-ROSE-Vacation-Casual-Starfish-Letter-Print-T-Shirt-p-428895189.html,https://img.ltwebstatic.com/v4/j/pi/2026/03/24/af/17743172970dffeed277669aded5421d0578a66189_thumbnail_600x.webp,2026-06-02T16:35:32+08:00,,,,,13.2k+ sold,https://sg.shein.com/EMERY-ROSE-Vacation-Casual-Starfish-Letter-Print-T-Shirt-p-428895189.html?mallCode=1&pageListType=4&detailBusinessFrom=0-1_428895189%7C0-2,https://sg.shein.com/EMERY-ROSE-Vacation-Casual-Starfish-Letter-Print-T-Shirt-p-428895189.html,True,"mallCode,pageListType,detailBusinessFrom",False,,428895189,True
78983677,10,1,10,"INAWLY Women Letter & Smile Print Round Neck Casual Versatile Short Sleeve T-Shirt, Summer",S$1.04,https://sg.shein.com/INAWLY-Women-Letter-Smile-Print-Round-Neck-Casual-Versatile-Short-Sleeve-T-Shirt-Summer-p-78983677.html,https://img.ltwebstatic.com/v4/j/pi/2025/05/15/5d/17472881971f161413b90d638c4abdeadac98994c6_thumbnail_600x.webp,2026-06-02T16:35:32+08:00,,,,,SAVE S$1.04,https://sg.shein.com/INAWLY-Women-Letter-Smile-Print-Round-Neck-Casual-Versatile-Short-Sleeve-T-Shirt-Summer-p-78983677.html?mallCode=1&pageListType=4&detailBusinessFrom=0-1_78983677%7C0-2,https://sg.shein.com/INAWLY-Women-Letter-Smile-Print-Round-Neck-Casual-Versatile-Short-Sleeve-T-Shirt-Summer-p-78983677.html,True,"mallCode,pageListType,detailBusinessFrom",False,,78983677,True
30244395,10,1,10,"SHEIN Frenchy Women Black Leopard Print Straight Leg Pants,Winter Basic Casual Fashion Old Money Style Fall Clothes,Teacher Outfits,Back To School Date Spring",S$9.49,https://sg.shein.com/SHEIN-Frenchy-Women-Black-Leopard-Print-Straight-Leg-Pants-Winter-Basic-Casual-Fashion-Old-Money-Style-Fall-Clothes-Teacher-Outfits-Back-To-School-Date-Spring-p-30244395.html,https://img.ltwebstatic.com/v4/j/pi/2025/10/30/8e/1761822003a73bb23c7daaa16475c0dd3ba788bb1f_thumbnail_600x.webp,2026-06-02T16:35:32+08:00,,,(1000+),,11.6k+ sold,https://sg.shein.com/SHEIN-Frenchy-Women-Black-Leopard-Print-Straight-Leg-Pants-Winter-Basic-Casual-Fashion-Old-Money-Style-Fall-Clothes-Teacher-Outfits-Back-To-School-Date-Spring-p-30244395.html?mallCode=1&pageListType=4&detailBusinessFrom=0-1_30244395%7C0-2,https://sg.shein.com/SHEIN-Frenchy-Women-Black-Leopard-Print-Straight-Leg-Pants-Winter-Basic-Casual-Fashion-Old-Money-Style-Fall-Clothes-Teacher-Outfits-Back-To-School-Date-Spring-p-30244395.html,True,"mallCode,pageListType,detailBusinessFrom",False,,30244395,True
49035996,10,1,10,"Easowa Black Vest Thin Jacket, Women Office Wear Blouse",S$8.99,https://sg.shein.com/Easowa-Black-Vest-Thin-Jacket-Women-Office-Wear-Blouse-p-49035996.html,https://img.ltwebstatic.com/v4/j/pi/2025/06/24/3a/17507653358bac6abf4280e3d41190d38c7767f8c2_thumbnail_600x.webp,2026-06-02T16:35:32+08:00,,,,,13k+ sold,https://sg.shein.com/Easowa-Black-Vest-Thin-Jacket-Women-Office-Wear-Blouse-p-49035996.html?mallCode=1&pageListType=4&detailBusinessFrom=0-1_49035996%7C0-2,https://sg.shein.com/Easowa-Black-Vest-Thin-Jacket-Women-Office-Wear-Blouse-p-49035996.html,True,"mallCode,pageListType,detailBusinessFrom",False,,49035996,True
163744605,10,1,10,Sweetra Women's Solid Color Square Neck Sleeveless Casual Fitted Tank Top With Chest Pads,S$8.99,https://sg.shein.com/Sweetra-Women-s-Solid-Color-Square-Neck-Sleeveless-Casual-Fitted-Tank-Top-With-Chest-Pads-p-163744605.html,https://img.ltwebstatic.com/v4/j/pi/2025/09/02/6d/175677714605159e64201cb8ccda330d478acbeed4_thumbnail_600x.webp,2026-06-02T16:35:32+08:00,,,,,21.4k+ sold,https://sg.shein.com/Sweetra-Women-s-Solid-Color-Square-Neck-Sleeveless-Casual-Fitted-Tank-Top-With-Chest-Pads-p-163744605.html?mallCode=1&pageListType=4&detailBusinessFrom=0-1_163744605%7C0-2,https://sg.shein.com/Sweetra-Women-s-Solid-Color-Square-Neck-Sleeveless-Casual-Fitted-Tank-Top-With-Chest-Pads-p-163744605.html,True,"mallCode,pageListType,detailBusinessFrom",False,,163744605,True
169607025,10,1,10,"Women's Spring/Summer High-Waisted Draped Pleated Tailored Straight-Leg Navy Blue Suit Trousers, Suitable For Daily Commute, Work And Casual Wear",S$15.83,https://sg.shein.com/Women-s-Spring-Summer-High-Waisted-Draped-Pleated-Tailored-Straight-Leg-Navy-Blue-Suit-Trousers-Suitable-For-Daily-Commute-Work-And-Casual-Wear-p-169607025.html,https://img.ltwebstatic.com/v4/j/ssms/2026/01/19/e0/17688017232593f0f3f0036b912093afd216c84a2b_thumbnail_600x.webp,2026-06-02T16:35:32+08:00,,-12%,,,50.7k+ sold,https://sg.shein.com/Women-s-Spring-Summer-High-Waisted-Draped-Pleated-Tailored-Straight-Leg-Navy-Blue-Suit-Trousers-Suitable-For-Daily-Commute-Work-And-Casual-Wear-p-169607025.html?mallCode=1&pageListType=4&detailBusinessFrom=0-1_169607025%7C0-2,https://sg.shein.com/Women-s-Spring-Summer-High-Waisted-Draped-Pleated-Tailored-Straight-Leg-Navy-Blue-Suit-Trousers-Suitable-For-Daily-Commute-Work-And-Casual-Wear-p-169607025.html,True,"mallCode,pageListType,detailBusinessFrom",False,,169607025,True
358684622,10,1,10,"Sweetra Women's Vintage Elegant Jacquard Pleated Wide Leg Pants, Autumn/Winter",S$16.49,https://sg.shein.com/Sweetra-Women-s-Vintage-Elegant-Jacquard-Pleated-Wide-Leg-Pants-Autumn-Winter-p-358684622.html,https://img.ltwebstatic.com/v4/j/pi/2026/01/08/4a/17678698628bfc60d5efbfbe19b18c97b39b8a920a_thumbnail_600x.webp,2026-06-02T16:35:32+08:00,,,,,21.4k+ sold,https://sg.shein.com/Sweetra-Women-s-Vintage-Elegant-Jacquard-Pleated-Wide-Leg-Pants-Autumn-Winter-p-358684622.html?mallCode=1&pageListType=4&detailBusinessFrom=0-1_358684622%7C0-2,https://sg.shein.com/Sweetra-Women-s-Vintage-Elegant-Jacquard-Pleated-Wide-Leg-Pants-Autumn-Winter-p-358684622.html,True,"mallCode,pageListType,detailBusinessFrom",False,,358684622,True
191132506,10,1,10,SHEIN MOD Women's Loose Black Striped Waist Straight Leg Casual Pants Autumn Winter Clothes For Women,S$16.49,https://sg.shein.com/SHEIN-MOD-Women-s-Loose-Black-Striped-Waist-Straight-Leg-Casual-Pants-Autumn-Winter-Clothes-For-Women-p-191132506.html,https://img.ltwebstatic.com/v4/j/pi/2025/09/22/a8/1758511495c616d7b01687e47f947f16f6832892a7_thumbnail_600x.webp,2026-06-02T16:35:32+08:00,,,,,2k+ sold,https://sg.shein.com/SHEIN-MOD-Women-s-Loose-Black-Striped-Waist-Straight-Leg-Casual-Pants-Autumn-Winter-Clothes-For-Women-p-191132506.html?mallCode=1&pageListType=4&detailBusinessFrom=0-1_191132506%7C0-2,https://sg.shein.com/SHEIN-MOD-Women-s-Loose-Black-Striped-Waist-Straight-Leg-Casual-Pants-Autumn-Winter-Clothes-For-Women-p-191132506.html,True,"mallCode,pageListType,detailBusinessFrom",False,,191132506,True
434777725,10,1,10,Sweetra New Arrival Summer Square Neck Cinched Waist Casual Beach Vacation Fashionable Versatile Women Tank Top,S$17.99,https://sg.shein.com/Sweetra-New-Arrival-Summer-Square-Neck-Cinched-Waist-Casual-Beach-Vacation-Fashionable-Versatile-Women-Tank-Top-p-434777725.html,https://img.ltwebstatic.com/v4/j/pi/2026/04/02/8c/177512226696415a1a807ccc1f383575bd24cf3ac5_thumbnail_600x.webp,2026-06-02T16:35:32+08:00,,,,,28.6k+ sold,https://sg.shein.com/Sweetra-New-Arrival-Summer-Square-Neck-Cinched-Waist-Casual-Beach-Vacation-Fashionable-Versatile-Women-Tank-Top-p-434777725.html?mallCode=1&pageListType=4&detailBusinessFrom=0-1_434777725%7C0-2,https://sg.shein.com/Sweetra-New-Arrival-Summer-Square-Neck-Cinched-Waist-Casual-Beach-Vacation-Fashionable-Versatile-Women-Tank-Top-p-434777725.html,True,"mallCode,pageListType,detailBusinessFrom",False,,434777725,True
423040673,10,1,10,"Qadelle Women's Summer Elegant Black Halter Neck Tie Backless Lace Trim Camisole Top, Sleeveless Bodycon Blouse For Party Night,Cocktail,Beach Outfit",S$1.26,https://sg.shein.com/Qadelle-Women-s-Summer-Elegant-Black-Halter-Neck-Tie-Backless-Lace-Trim-Camisole-Top-Sleeveless-Bodycon-Blouse-For-Party-Night-Cocktail-Beach-Outfit-p-423040673.html,https://img.ltwebstatic.com/v4/j/pi/2026/03/17/c3/1773676915ea5972c84791dc1a1602c5f0bc96efc1_thumbnail_600x.webp,2026-06-02T16:35:32+08:00,,,,,Save S$1.26,https://sg.shein.com/Qadelle-Women-s-Summer-Elegant-Black-Halter-Neck-Tie-Backless-Lace-Trim-Camisole-Top-Sleeveless-Bodycon-Blouse-For-Party-Night-Cocktail-Beach-Outfit-p-423040673.html?mallCode=1&pageListType=4&detailBusinessFrom=0-1_423040673%7C0-2,https://sg.shein.com/Qadelle-Women-s-Summer-Elegant-Black-Halter-Neck-Tie-Backless-Lace-Trim-Camisole-Top-Sleeveless-Bodycon-Blouse-For-Party-Night-Cocktail-Beach-Outfit-p-423040673.html,True,"mallCode,pageListType,detailBusinessFrom",False,,423040673,True
395838944,10,1,10,INAWLY Women's Solid Color Halter Top And Wide Leg Pants Casual 2 Pieces Set,S$24.49,https://sg.shein.com/INAWLY-Women-s-Solid-Color-Halter-Top-And-Wide-Leg-Pants-Casual-2-Pieces-Set-p-395838944.html,https://img.ltwebstatic.com/v4/j/pi/2026/03/31/37/1774946203e68d77a90f03abbe852a896ccaa2fc60_thumbnail_600x.webp,2026-06-02T16:35:32+08:00,,,,,10k+ sold,https://sg.shein.com/INAWLY-Women-s-Solid-Color-Halter-Top-And-Wide-Leg-Pants-Casual-2-Pieces-Set-p-395838944.html?mallCode=1&pageListType=4&detailBusinessFrom=0-1_395838944%7C0-2,https://sg.shein.com/INAWLY-Women-s-Solid-Color-Halter-Top-And-Wide-Leg-Pants-Casual-2-Pieces-Set-p-395838944.html,True,"mallCode,pageListType,detailBusinessFrom",False,,395838944,True
384202684,10,1,10,"Sweetra Oversized Women's Loose Asymmetrical Shoulder T-Shirt, ALOHA Hawaii Beach Coconut Hibiscus Shell Y2K Style, Plus Size White Tee",S$1.17,https://sg.shein.com/Sweetra-Oversized-Women-s-Loose-Asymmetrical-Shoulder-T-Shirt-ALOHA-Hawaii-Beach-Coconut-Hibiscus-Shell-Y2K-Style-Plus-Size-White-Tee-p-384202684.html,https://img.ltwebstatic.com/v4/j/pi/2026/01/23/ae/1769165057846c2c290e21fea9d83c89ed3ea3d7cc_thumbnail_600x.webp,2026-06-02T16:35:32+08:00,,,,,SAVE S$1.17,https://sg.shein.com/Sweetra-Oversized-Women-s-Loose-Asymmetrical-Shoulder-T-Shirt-ALOHA-Hawaii-Beach-Coconut-Hibiscus-Shell-Y2K-Style-Plus-Size-White-Tee-p-384202684.html?mallCode=1&pageListType=4&detailBusinessFrom=0-1_384202684%7C0-2,https://sg.shein.com/Sweetra-Oversized-Women-s-Loose-Asymmetrical-Shoulder-T-Shirt-ALOHA-Hawaii-Beach-Coconut-Hibiscus-Shell-Y2K-Style-Plus-Size-White-Tee-p-384202684.html,True,"mallCode,pageListType,detailBusinessFrom",False,,384202684,True
51929205,10,1,10,"SHEIN EZwear Casual Minimalist Pink Crew Neck Short Sleeve Tight Crop Top T-Shirt For Women, Summer",S$5.49,https://sg.shein.com/SHEIN-EZwear-Casual-Minimalist-Pink-Crew-Neck-Short-Sleeve-Tight-Crop-Top-T-Shirt-For-Women-Summer-p-51929205.html,https://img.ltwebstatic.com/images3_pi/2024/12/30/ce/1735527185643250dbb053926043c90ff740e7c202_thumbnail_600x.webp,2026-06-02T16:35:32+08:00,,,,,12.9k+ sold,https://sg.shein.com/SHEIN-EZwear-Casual-Minimalist-Pink-Crew-Neck-Short-Sleeve-Tight-Crop-Top-T-Shirt-For-Women-Summer-p-51929205.html?mallCode=1&pageListType=4&detailBusinessFrom=0-1_51929205%7C0-2,https://sg.shein.com/SHEIN-EZwear-Casual-Minimalist-Pink-Crew-Neck-Short-Sleeve-Tight-Crop-Top-T-Shirt-For-Women-Summer-p-51929205.html,True,"mallCode,pageListType,detailBusinessFrom",False,,51929205,True
328641587,10,1,10,"Siren Gaze Spring & Summer Urban Casual Asymmetric Hem Striped Sleeveless Top ,Holidays, Casual , Beach For Women, Elegant , Spring Breaks , Navy Blue Top",S$0.90,https://sg.shein.com/Siren-Gaze-Spring-Summer-Urban-Casual-Asymmetric-Hem-Striped-Sleeveless-Top-Holidays-Casual-Beach-For-Women-Elegant-Spring-Breaks-Navy-Blue-Top-p-328641587.html,https://img.ltwebstatic.com/v4/j/pi/2026/01/21/10/17690032517e0624d532c0d9f1e2cd5d8b67d39d5a_thumbnail_600x.webp,2026-06-02T16:35:32+08:00,,,,,Save S$0.90,https://sg.shein.com/Siren-Gaze-Spring-Summer-Urban-Casual-Asymmetric-Hem-Striped-Sleeveless-Top-Holidays-Casual-Beach-For-Women-Elegant-Spring-Breaks-Navy-Blue-Top-p-328641587.html?mallCode=1&pageListType=4&detailBusinessFrom=0-1_328641587%7C0-2,https://sg.shein.com/Siren-Gaze-Spring-Summer-Urban-Casual-Asymmetric-Hem-Striped-Sleeveless-Top-Holidays-Casual-Beach-For-Women-Elegant-Spring-Breaks-Navy-Blue-Top-p-328641587.html,True,"mallCode,pageListType,detailBusinessFrom",False,,328641587,True
61817047,10,1,10,"Pariaura Collage Style Polo Collar Splice Short Sleeve T-Shirt For Women, Slim Fit Pullover Top, Spring/Summer",S$11.49,https://sg.shein.com/Pariaura-Collage-Style-Polo-Collar-Splice-Short-Sleeve-T-Shirt-For-Women-Slim-Fit-Pullover-Top-Spring-Summer-p-61817047.html,https://img.ltwebstatic.com/images3_pi/2025/03/05/78/1741172173f5f1370595baef3051c6b3d7c62264f6_thumbnail_600x.webp,2026-06-02T16:35:32+08:00,,,,,13.8k+ sold,https://sg.shein.com/Pariaura-Collage-Style-Polo-Collar-Splice-Short-Sleeve-T-Shirt-For-Women-Slim-Fit-Pullover-Top-Spring-Summer-p-61817047.html?mallCode=1&pageListType=4&detailBusinessFrom=0-1_61817047%7C0-2,https://sg.shein.com/Pariaura-Collage-Style-Polo-Collar-Splice-Short-Sleeve-T-Shirt-For-Women-Slim-Fit-Pullover-Top-Spring-Summer-p-61817047.html,True,"mallCode,pageListType,detailBusinessFrom",False,,61817047,True
387886724,10,1,10,DAZY Women's Solid Color Casual Versatile Korean Style Pants,S$21.49,https://sg.shein.com/DAZY-Women-s-Solid-Color-Casual-Versatile-Korean-Style-Pants-p-387886724.html,https://img.ltwebstatic.com/v4/j/pi/2025/11/13/07/1763023023eb71f43df27bf0600a02f81fb5acddb9_thumbnail_600x.webp,2026-06-02T16:35:32+08:00,,,,,602 sold,https://sg.shein.com/DAZY-Women-s-Solid-Color-Casual-Versatile-Korean-Style-Pants-p-387886724.html?mallCode=1&pageListType=4&detailBusinessFrom=0-1_387886724%7C0-2,https://sg.shein.com/DAZY-Women-s-Solid-Color-Casual-Versatile-Korean-Style-Pants-p-387886724.html,True,"mallCode,pageListType,detailBusinessFrom",False,,387886724,True
415733829,10,1,10,"SHEIN Striped Digital Print Fashionable Minimalist Women's Off Shoulder Long Sleeve T-Shirt, Gift For Friends",S$6.99,https://sg.shein.com/SHEIN-Striped-Digital-Print-Fashionable-Minimalist-Women-s-Off-Shoulder-Long-Sleeve-T-Shirt-Gift-For-Friends-p-415733829.html,https://img.ltwebstatic.com/v4/j/pi/2026/03/07/71/177287777194a72e8dc092341384177bae3dbaeb30_thumbnail_600x.webp,2026-06-02T16:35:32+08:00,,,,,19.1k+ sold,https://sg.shein.com/SHEIN-Striped-Digital-Print-Fashionable-Minimalist-Women-s-Off-Shoulder-Long-Sleeve-T-Shirt-Gift-For-Friends-p-415733829.html?mallCode=1&pageListType=4&detailBusinessFrom=0-1_415733829%7C0-2,https://sg.shein.com/SHEIN-Striped-Digital-Print-Fashionable-Minimalist-Women-s-Off-Shoulder-Long-Sleeve-T-Shirt-Gift-For-Friends-p-415733829.html,True,"mallCode,pageListType,detailBusinessFrom",False,,415733829,True
382696512,10,1,10,"DAZY Women's Casual Solid Wide Leg Pants,Women Dress Pants Summer",S$21.49,https://sg.shein.com/DAZY-Women-s-Casual-Solid-Wide-Leg-Pants-Women-Dress-Pants-Summer-p-382696512.html,https://img.ltwebstatic.com/v4/j/spmp/2026/01/23/49/1769150640dd67a02d3aebbba52c0169687327f1a3_thumbnail_600x.webp,2026-06-02T16:35:32+08:00,,,,,1.2k+ sold,https://sg.shein.com/DAZY-Women-s-Casual-Solid-Wide-Leg-Pants-Women-Dress-Pants-Summer-p-382696512.html?mallCode=1&pageListType=4&detailBusinessFrom=0-1_382696512%7C0-2,https://sg.shein.com/DAZY-Women-s-Casual-Solid-Wide-Leg-Pants-Women-Dress-Pants-Summer-p-382696512.html,True,"mallCode,pageListType,detailBusinessFrom",False,,382696512,True
45754240,10,1,10,SHEIN ICON Solid Color Pocket Casual Versatile Wide-Leg Jeans,S$23.58,https://sg.shein.com/SHEIN-ICON-Solid-Color-Pocket-Casual-Versatile-Wide-Leg-Jeans-p-45754240.html,https://img.ltwebstatic.com/images3_pi/2024/10/24/34/172973953702e2a4fdb3a3f701abdeb7428bda8041_thumbnail_600x.webp,2026-06-02T16:35:32+08:00,,-11%,,,33.6k+ sold,https://sg.shein.com/SHEIN-ICON-Solid-Color-Pocket-Casual-Versatile-Wide-Leg-Jeans-p-45754240.html?mallCode=1&pageListType=4&detailBusinessFrom=0-1_45754240%7C0-2,https://sg.shein.com/SHEIN-ICON-Solid-Color-Pocket-Casual-Versatile-Wide-Leg-Jeans-p-45754240.html,True,"mallCode,pageListType,detailBusinessFrom",False,,45754240,True
60428899,10,1,10,Women's Summer Solid Color Round Neck Casual Camisole,S$9.49,https://sg.shein.com/Women-s-Summer-Solid-Color-Round-Neck-Casual-Camisole-p-60428899.html,https://img.ltwebstatic.com/v4/j/ssms/2026/05/08/87/1778222395813b843db8ef5dc054c899ab1c21fee4_thumbnail_600x.webp,2026-06-02T16:35:32+08:00,,,,,20.8k+ sold,https://sg.shein.com/Women-s-Summer-Solid-Color-Round-Neck-Casual-Camisole-p-60428899.html?mallCode=1&pageListType=4&detailBusinessFrom=0-1_60428899%7C0-2,https://sg.shein.com/Women-s-Summer-Solid-Color-Round-Neck-Casual-Camisole-p-60428899.html,True,"mallCode,pageListType,detailBusinessFrom",False,,60428899,True
446621510,10,1,10,"Women's Open Shoulder T-Shirt, Fashion Versatile Loose Solid Color Off Shoulder Short Sleeve Top, Minimalist Yet Stylish For Casual Summer Wear",S$3.29,https://sg.shein.com/Women-s-Open-Shoulder-T-Shirt-Fashion-Versatile-Loose-Solid-Color-Off-Shoulder-Short-Sleeve-Top-Minimalist-Yet-Stylish-For-Casual-Summer-Wear-p-446621510.html,https://img.ltwebstatic.com/v4/j/spmp/2026/04/22/96/17768477597c8910d20d514044c1dcf53dedb9532d_thumbnail_600x.webp,2026-06-02T16:35:32+08:00,,,,,SAVE S$3.29,https://sg.shein.com/Women-s-Open-Shoulder-T-Shirt-Fashion-Versatile-Loose-Solid-Color-Off-Shoulder-Short-Sleeve-Top-Minimalist-Yet-Stylish-For-Casual-Summer-Wear-p-446621510.html?mallCode=1&pageListType=4&detailBusinessFrom=0-1_446621510%7C0-2,https://sg.shein.com/Women-s-Open-Shoulder-T-Shirt-Fashion-Versatile-Loose-Solid-Color-Off-Shoulder-Short-Sleeve-Top-Minimalist-Yet-Stylish-For-Casual-Summer-Wear-p-446621510.html,True,"mallCode,pageListType,detailBusinessFrom",False,,446621510,True
306228287,10,1,10,"1pc Women's Summer Round Neck Short Sleeve T-Shirt, ""Sleeping Cat"" English Letter Print, Suitable For Summer, Beach, Street, Daily Party Occasions. Y2K Vacation Elegant Top, Summer Casual Outfit, Women Holiday Wear",S$7.49,https://sg.shein.com/1pc-Women-s-Summer-Round-Neck-Short-Sleeve-T-Shirt-Sleeping-Cat-English-Letter-Print-Suitable-For-Summer-Beach-Street-Daily-Party-Occasions-Y2K-Vacation-Elegant-Top-Summer-Casual-Outfit-Women-Holiday-Wear-p-306228287.html,https://img.ltwebstatic.com/v4/j/spmp/2025/11/26/3b/1764142797527404c15326a2140615fcf6c4026b72_thumbnail_600x.webp,2026-06-02T16:35:32+08:00,,,,,9.2k+ sold,https://sg.shein.com/1pc-Women-s-Summer-Round-Neck-Short-Sleeve-T-Shirt-Sleeping-Cat-English-Letter-Print-Suitable-For-Summer-Beach-Street-Daily-Party-Occasions-Y2K-Vacation-Elegant-Top-Summer-Casual-Outfit-Women-Holiday-Wear-p-306228287.html?mallCode=1&pageListType=4&detailBusinessFrom=0-1_306228287%7C0-2,https://sg.shein.com/1pc-Women-s-Summer-Round-Neck-Short-Sleeve-T-Shirt-Sleeping-Cat-English-Letter-Print-Suitable-For-Summer-Beach-Street-Daily-Party-Occasions-Y2K-Vacation-Elegant-Top-Summer-Casual-Outfit-Women-Holiday-Wear-p-306228287.html,True,"mallCode,pageListType,detailBusinessFrom",False,,306228287,True
35398621,10,1,10,"Qadelle Women's Solid Color Round Neck Short Sleeve Casual T-Shirt, Summer",S$12.99,https://sg.shein.com/Qadelle-Women-s-Solid-Color-Round-Neck-Short-Sleeve-Casual-T-Shirt-Summer-p-35398621.html,https://img.ltwebstatic.com/v4/j/pi/2026/05/25/dd/17796818892fb46ad7aca46b7930cae1f181b57784_thumbnail_600x.webp,2026-06-02T16:35:32+08:00,,,,,5.4k+ sold,https://sg.shein.com/Qadelle-Women-s-Solid-Color-Round-Neck-Short-Sleeve-Casual-T-Shirt-Summer-p-35398621.html?mallCode=1&pageListType=4&detailBusinessFrom=0-1_35398621%7C0-2,https://sg.shein.com/Qadelle-Women-s-Solid-Color-Round-Neck-Short-Sleeve-Casual-T-Shirt-Summer-p-35398621.html,True,"mallCode,pageListType,detailBusinessFrom",False,,35398621,True
21343333,10,1,10,SHEIN MOD High Waist Flare Leg Black Toothpick Pleats Pants,S$16.49,https://sg.shein.com/SHEIN-MOD-High-Waist-Flare-Leg-Black-Toothpick-Pleats-Pants-p-21343333.html,https://img.ltwebstatic.com/images3_pi/2023/08/28/e5/16932353176b42cd4757e497161bfae6906808d13e_thumbnail_600x.webp,2026-06-02T16:35:32+08:00,,,,,6.5k+ sold,https://sg.shein.com/SHEIN-MOD-High-Waist-Flare-Leg-Black-Toothpick-Pleats-Pants-p-21343333.html?mallCode=1&pageListType=4&detailBusinessFrom=0-1_21343333%7C0-2,https://sg.shein.com/SHEIN-MOD-High-Waist-Flare-Leg-Black-Toothpick-Pleats-Pants-p-21343333.html,True,"mallCode,pageListType,detailBusinessFrom",False,,21343333,True
445782811,10,1,10,Sweetra Women's New Fashionable Versatile Retro American Polka Dot Casual Straight Stretch Loose Pants,S$19.99,https://sg.shein.com/Sweetra-Women-s-New-Fashionable-Versatile-Retro-American-Polka-Dot-Casual-Straight-Stretch-Loose-Pants-p-445782811.html,https://img.ltwebstatic.com/v4/j/pi/2026/04/17/ed/177639823492cf2b40cccf0acac6ee6a366972bf31_thumbnail_600x.webp,2026-06-02T16:35:32+08:00,,,,,51.5k+ sold,https://sg.shein.com/Sweetra-Women-s-New-Fashionable-Versatile-Retro-American-Polka-Dot-Casual-Straight-Stretch-Loose-Pants-p-445782811.html?mallCode=1&pageListType=4&detailBusinessFrom=0-1_445782811%7C0-2,https://sg.shein.com/Sweetra-Women-s-New-Fashionable-Versatile-Retro-American-Polka-Dot-Casual-Straight-Stretch-Loose-Pants-p-445782811.html,True,"mallCode,pageListType,detailBusinessFrom",False,,445782811,True
64656826,10,1,10,"SHEIN VCAY 3pcs Set Women Summer Woven Fashionable Multi-Color Linen Shorts, Summer For Women, Festival For Women",S$17.49,https://sg.shein.com/SHEIN-VCAY-3pcs-Set-Women-Summer-Woven-Fashionable-Multi-Color-Linen-Shorts-Summer-For-Women-Festival-For-Women-p-64656826.html,https://img.ltwebstatic.com/images3_pi/2025/04/03/8f/174367484576a36817033bdb954666f93b327ab748_thumbnail_600x.webp,2026-06-02T16:35:32+08:00,,,,,9.9k+ sold,https://sg.shein.com/SHEIN-VCAY-3pcs-Set-Women-Summer-Woven-Fashionable-Multi-Color-Linen-Shorts-Summer-For-Women-Festival-For-Women-p-64656826.html?mallCode=1&pageListType=4&detailBusinessFrom=0-1_64656826%7C0-2,https://sg.shein.com/SHEIN-VCAY-3pcs-Set-Women-Summer-Woven-Fashionable-Multi-Color-Linen-Shorts-Summer-For-Women-Festival-For-Women-p-64656826.html,True,"mallCode,pageListType,detailBusinessFrom",False,,64656826,True
258365712,10,1,10,Coolane Winter Clothes For Women Grunge Daily Wear Going Out Brown Striped Knit V-Neck Long Sleeve T-Shirt,S$8.99,https://sg.shein.com/Coolane-Winter-Clothes-For-Women-Grunge-Daily-Wear-Going-Out-Brown-Striped-Knit-V-Neck-Long-Sleeve-T-Shirt-p-258365712.html,https://img.ltwebstatic.com/v4/j/pi/2025/11/17/83/1763364877d5a7b4b6f288427936ee8ffec8d35cae_thumbnail_600x.webp,2026-06-02T16:35:32+08:00,,,,,4.7k+ sold,https://sg.shein.com/Coolane-Winter-Clothes-For-Women-Grunge-Daily-Wear-Going-Out-Brown-Striped-Knit-V-Neck-Long-Sleeve-T-Shirt-p-258365712.html?mallCode=1&pageListType=4&detailBusinessFrom=0-1_258365712%7C0-2,https://sg.shein.com/Coolane-Winter-Clothes-For-Women-Grunge-Daily-Wear-Going-Out-Brown-Striped-Knit-V-Neck-Long-Sleeve-T-Shirt-p-258365712.html,True,"mallCode,pageListType,detailBusinessFrom",False,,258365712,True
43527890,10,1,10,DAZY Women's Casual Versatile Elastic Drawstring Waist Loose Shorts Summer Sweater Shorts,S$1.69,https://sg.shein.com/DAZY-Women-s-Casual-Versatile-Elastic-Drawstring-Waist-Loose-Shorts-Summer-Sweater-Shorts-p-43527890.html,https://img.ltwebstatic.com/images3_pi/2024/09/25/c4/1727236953022eaa90cd792bb1c30a995504d38934_thumbnail_600x.webp,2026-06-02T16:35:32+08:00,,,,,SAVE S$1.69,https://sg.shein.com/DAZY-Women-s-Casual-Versatile-Elastic-Drawstring-Waist-Loose-Shorts-Summer-Sweater-Shorts-p-43527890.html?mallCode=1&pageListType=4&detailBusinessFrom=0-1_43527890%7C0-2,https://sg.shein.com/DAZY-Women-s-Casual-Versatile-Elastic-Drawstring-Waist-Loose-Shorts-Summer-Sweater-Shorts-p-43527890.html,True,"mallCode,pageListType,detailBusinessFrom",False,,43527890,True
454648194,10,1,10,Glimmora Women's Fitted Raglan Short Sleeve Crew Neck T-Shirt With White Printed Graphic,S$6.99,https://sg.shein.com/Glimmora-Women-s-Fitted-Raglan-Short-Sleeve-Crew-Neck-T-Shirt-With-White-Printed-Graphic-p-454648194.html,https://img.ltwebstatic.com/v4/j/pi/2026/04/25/bc/1777087194812945d06843f615fbf6862273db924a_thumbnail_600x.webp,2026-06-02T16:35:32+08:00,,,,,4k+ sold,https://sg.shein.com/Glimmora-Women-s-Fitted-Raglan-Short-Sleeve-Crew-Neck-T-Shirt-With-White-Printed-Graphic-p-454648194.html?mallCode=1&pageListType=4&detailBusinessFrom=0-1_454648194%7C0-2,https://sg.shein.com/Glimmora-Women-s-Fitted-Raglan-Short-Sleeve-Crew-Neck-T-Shirt-With-White-Printed-Graphic-p-454648194.html,True,"mallCode,pageListType,detailBusinessFrom",False,,454648194,True
2838709,10,1,10,SHEIN EZwear Drawstring Waist Solid Track Shorts,S$12.99,https://sg.shein.com/SHEIN-EZwear-Drawstring-Waist-Solid-Track-Shorts-p-2838709.html,https://img.ltwebstatic.com/images3_pi/2024/08/01/aa/17224885964339cf4f71c1f67720519f589b75f6d1_thumbnail_600x.webp,2026-06-02T16:35:32+08:00,,,,,2.7k+ sold,https://sg.shein.com/SHEIN-EZwear-Drawstring-Waist-Solid-Track-Shorts-p-2838709.html?mallCode=1&pageListType=4&detailBusinessFrom=0-1_2838709%7C0-2,https://sg.shein.com/SHEIN-EZwear-Drawstring-Waist-Solid-Track-Shorts-p-2838709.html,True,"mallCode,pageListType,detailBusinessFrom",False,,2838709,True
155720085,10,1,10,MOTF PREMIUM SLIM FIT LONG SLEEVE T-SHIRT,S$1.72,https://sg.shein.com/MOTF-PREMIUM-SLIM-FIT-LONG-SLEEVE-T-SHIRT-p-155720085.html,https://img.ltwebstatic.com/v4/j/pi/2025/08/14/02/17551382884cd36fafce0e4bca1b0fd374e83d36f4_thumbnail_600x.webp,2026-06-02T16:35:32+08:00,,,,,Save S$1.72,https://sg.shein.com/MOTF-PREMIUM-SLIM-FIT-LONG-SLEEVE-T-SHIRT-p-155720085.html?mallCode=1&pageListType=4&detailBusinessFrom=0-1_155720085%7C0-2,https://sg.shein.com/MOTF-PREMIUM-SLIM-FIT-LONG-SLEEVE-T-SHIRT-p-155720085.html,True,"mallCode,pageListType,detailBusinessFrom",False,,155720085,True
35269824,10,1,10,SHEIN EZwear Summer Loose Casual Pink Drawstring Waist Patch Detail Sports Shorts,S$1.30,https://sg.shein.com/SHEIN-EZwear-Summer-Loose-Casual-Pink-Drawstring-Waist-Patch-Detail-Sports-Shorts-p-35269824.html,https://img.ltwebstatic.com/images3_pi/2024/05/17/bd/1715922393b586a3aba90bf621903a1b6a37047906_thumbnail_600x.webp,2026-06-02T16:35:32+08:00,,,,,SAVE S$1.30,https://sg.shein.com/SHEIN-EZwear-Summer-Loose-Casual-Pink-Drawstring-Waist-Patch-Detail-Sports-Shorts-p-35269824.html?mallCode=1&pageListType=4&detailBusinessFrom=0-1_35269824%7C0-2,https://sg.shein.com/SHEIN-EZwear-Summer-Loose-Casual-Pink-Drawstring-Waist-Patch-Detail-Sports-Shorts-p-35269824.html,True,"mallCode,pageListType,detailBusinessFrom",False,,35269824,True
45379921,10,1,10,"SHEIN EZwear 3pcs/Set Casual Slim Fit Camisole Tank Tops For Women, Suitable For Summer Back To School",S$10.99,https://sg.shein.com/SHEIN-EZwear-3pcs-Set-Casual-Slim-Fit-Camisole-Tank-Tops-For-Women-Suitable-For-Summer-Back-To-School-p-45379921.html,https://img.ltwebstatic.com/images3_pi/2024/10/21/92/1729492783d231182cd549669a024f3799a2ac1701_thumbnail_600x.webp,2026-06-02T16:35:32+08:00,,,(1000+),,31.8k+ sold,https://sg.shein.com/SHEIN-EZwear-3pcs-Set-Casual-Slim-Fit-Camisole-Tank-Tops-For-Women-Suitable-For-Summer-Back-To-School-p-45379921.html?mallCode=1&pageListType=4&detailBusinessFrom=0-1_45379921%7C0-2,https://sg.shein.com/SHEIN-EZwear-3pcs-Set-Casual-Slim-Fit-Camisole-Tank-Tops-For-Women-Suitable-For-Summer-Back-To-School-p-45379921.html,True,"mallCode,pageListType,detailBusinessFrom",False,,45379921,True
10432549,10,1,10,DAZY High Waist Roll Up Hem Denim Shorts Jorts,S$2.79,https://sg.shein.com/DAZY-High-Waist-Roll-Up-Hem-Denim-Shorts-Jorts-p-10432549.html,https://img.ltwebstatic.com/images3_pi/2022/04/29/1651199727f62522944b53355f7a3e5a2a3999999d_thumbnail_600x.webp,2026-06-02T16:35:32+08:00,,,,,SAVE S$2.79,https://sg.shein.com/DAZY-High-Waist-Roll-Up-Hem-Denim-Shorts-Jorts-p-10432549.html?mallCode=1&pageListType=4&detailBusinessFrom=0-1_10432549%7C0-2,https://sg.shein.com/DAZY-High-Waist-Roll-Up-Hem-Denim-Shorts-Jorts-p-10432549.html,True,"mallCode,pageListType,detailBusinessFrom",False,,10432549,True
91580917,10,1,10,"DAZY Women's A-Line Denim Shorts, Casual & Sexy Street Style, Summer Jorts",S$17.49,https://sg.shein.com/DAZY-Women-s-A-Line-Denim-Shorts-Casual-Sexy-Street-Style-Summer-Jorts-p-91580917.html,https://sc.ltwebstatic.com/she_dist/images/bg-grey-solid-color-fc04c1310d.png,2026-06-02T16:35:32+08:00,,,,,25k+ sold,https://sg.shein.com/DAZY-Women-s-A-Line-Denim-Shorts-Casual-Sexy-Street-Style-Summer-Jorts-p-91580917.html?mallCode=1&pageListType=4&detailBusinessFrom=0-1_91580917%7C0-2,https://sg.shein.com/DAZY-Women-s-A-Line-Denim-Shorts-Casual-Sexy-Street-Style-Summer-Jorts-p-91580917.html,True,"mallCode,pageListType,detailBusinessFrom",False,,91580917,True
122077615,10,1,10,Elenzga Women Short Sleeve Metal Decorated Hollow Out Solid Color Fashion T-Shirt,S$7.99,https://sg.shein.com/Elenzga-Women-Short-Sleeve-Metal-Decorated-Hollow-Out-Solid-Color-Fashion-T-Shirt-p-122077615.html,https://sc.ltwebstatic.com/she_dist/images/bg-grey-solid-color-fc04c1310d.png,2026-06-02T16:35:32+08:00,,,,,24.5k+ sold,https://sg.shein.com/Elenzga-Women-Short-Sleeve-Metal-Decorated-Hollow-Out-Solid-Color-Fashion-T-Shirt-p-122077615.html?mallCode=1&pageListType=4&detailBusinessFrom=0-1_122077615%7C0-2,https://sg.shein.com/Elenzga-Women-Short-Sleeve-Metal-Decorated-Hollow-Out-Solid-Color-Fashion-T-Shirt-p-122077615.html,True,"mallCode,pageListType,detailBusinessFrom",False,,122077615,True
21342306,10,1,10,"Easowa Drawstring Waist Pocket Patched Wide Leg Shorts,Casual",S$11.99,https://sg.shein.com/Easowa-Drawstring-Waist-Pocket-Patched-Wide-Leg-Shorts-Casual-p-21342306.html,https://sc.ltwebstatic.com/she_dist/images/bg-grey-solid-color-fc04c1310d.png,2026-06-02T16:35:32+08:00,,,,,4.7k+ sold,https://sg.shein.com/Easowa-Drawstring-Waist-Pocket-Patched-Wide-Leg-Shorts-Casual-p-21342306.html?mallCode=1&pageListType=4&detailBusinessFrom=0-1_21342306%7C0-2,https://sg.shein.com/Easowa-Drawstring-Waist-Pocket-Patched-Wide-Leg-Shorts-Casual-p-21342306.html,True,"mallCode,pageListType,detailBusinessFrom",False,,21342306,True
39790632,10,1,10,DAZY Women's Casual Solid Color Drawstring Waist Wide Leg Cargo Parachute Pants,S$11.00,https://sg.shein.com/DAZY-Women-s-Casual-Solid-Color-Drawstring-Waist-Wide-Leg-Cargo-Parachute-Pants-p-39790632.html,https://sc.ltwebstatic.com/she_dist/images/bg-grey-solid-color-fc04c1310d.png,2026-06-02T16:35:32+08:00,,,,,SAVE S$11.00,https://sg.shein.com/DAZY-Women-s-Casual-Solid-Color-Drawstring-Waist-Wide-Leg-Cargo-Parachute-Pants-p-39790632.html?mallCode=1&pageListType=4&detailBusinessFrom=0-1_39790632%7C0-2,https://sg.shein.com/DAZY-Women-s-Casual-Solid-Color-Drawstring-Waist-Wide-Leg-Cargo-Parachute-Pants-p-39790632.html,True,"mallCode,pageListType,detailBusinessFrom",False,,39790632,True
36637449,10,1,10,"SHEIN EZwear Summer Pink Striped Casual Women's Shorts, Comfy Shorts",S$0.91,https://sg.shein.com/SHEIN-EZwear-Summer-Pink-Striped-Casual-Women-s-Shorts-Comfy-Shorts-p-36637449.html,https://sc.ltwebstatic.com/she_dist/images/bg-grey-solid-color-fc04c1310d.png,2026-06-02T16:35:32+08:00,,,,,SAVE S$0.91,https://sg.shein.com/SHEIN-EZwear-Summer-Pink-Striped-Casual-Women-s-Shorts-Comfy-Shorts-p-36637449.html?mallCode=1&pageListType=4&detailBusinessFrom=0-1_36637449%7C0-2,https://sg.shein.com/SHEIN-EZwear-Summer-Pink-Striped-Casual-Women-s-Shorts-Comfy-Shorts-p-36637449.html,True,"mallCode,pageListType,detailBusinessFrom",False,,36637449,True
346655746,10,1,10,"Aloruh Women's Elegant Sleeveless Blouse For Commuting, Minimalist Design Wine Red Top",S$9.49,https://sg.shein.com/Aloruh-Women-s-Elegant-Sleeveless-Blouse-For-Commuting-Minimalist-Design-Wine-Red-Top-p-346655746.html,https://sc.ltwebstatic.com/she_dist/images/bg-grey-solid-color-fc04c1310d.png,2026-06-02T16:35:32+08:00,,,,,15.4k+ sold,https://sg.shein.com/Aloruh-Women-s-Elegant-Sleeveless-Blouse-For-Commuting-Minimalist-Design-Wine-Red-Top-p-346655746.html?mallCode=1&pageListType=4&detailBusinessFrom=0-1_346655746%7C0-2,https://sg.shein.com/Aloruh-Women-s-Elegant-Sleeveless-Blouse-For-Commuting-Minimalist-Design-Wine-Red-Top-p-346655746.html,True,"mallCode,pageListType,detailBusinessFrom",False,,346655746,True
38202551,10,1,10,Anewsta Women's Solid Color Pleated Maillard Straight High-Waist Trousers,S$4.20,https://sg.shein.com/Anewsta-Women-s-Solid-Color-Pleated-Maillard-Straight-High-Waist-Trousers-p-38202551.html,https://sc.ltwebstatic.com/she_dist/images/bg-grey-solid-color-fc04c1310d.png,2026-06-02T16:35:32+08:00,,,,,SAVE S$4.20,https://sg.shein.com/Anewsta-Women-s-Solid-Color-Pleated-Maillard-Straight-High-Waist-Trousers-p-38202551.html?mallCode=1&pageListType=4&detailBusinessFrom=0-1_38202551%7C0-2,https://sg.shein.com/Anewsta-Women-s-Solid-Color-Pleated-Maillard-Straight-High-Waist-Trousers-p-38202551.html,True,"mallCode,pageListType,detailBusinessFrom",False,,38202551,True
61769541,10,1,10,"SHEIN EZwear Women Casual Minimalist Bow Decor Cute Pattern Round Neck Short Sleeve Cropped Fitted T-Shirt, Top Suitable For Summer Suitable For Going Out",S$3.99,https://sg.shein.com/SHEIN-EZwear-Women-Casual-Minimalist-Bow-Decor-Cute-Pattern-Round-Neck-Short-Sleeve-Cropped-Fitted-T-Shirt-Top-Suitable-For-Summer-Suitable-For-Going-Out-p-61769541.html,https://sc.ltwebstatic.com/she_dist/images/bg-grey-solid-color-fc04c1310d.png,2026-06-02T16:35:32+08:00,,,,,12.9k+ sold,https://sg.shein.com/SHEIN-EZwear-Women-Casual-Minimalist-Bow-Decor-Cute-Pattern-Round-Neck-Short-Sleeve-Cropped-Fitted-T-Shirt-Top-Suitable-For-Summer-Suitable-For-Going-Out-p-61769541.html?mallCode=1&pageListType=4&detailBusinessFrom=0-1_61769541%7C0-2,https://sg.shein.com/SHEIN-EZwear-Women-Casual-Minimalist-Bow-Decor-Cute-Pattern-Round-Neck-Short-Sleeve-Cropped-Fitted-T-Shirt-Top-Suitable-For-Summer-Suitable-For-Going-Out-p-61769541.html,True,"mallCode,pageListType,detailBusinessFrom",False,,61769541,True
56413749,10,1,10,Casual Loose Fit 7/8 Length Straight Leg Jeans,S$2.88,https://sg.shein.com/Casual-Loose-Fit-7-8-Length-Straight-Leg-Jeans-p-56413749.html,https://sc.ltwebstatic.com/she_dist/images/bg-grey-solid-color-fc04c1310d.png,2026-06-02T16:35:32+08:00,,,,,SAVE S$2.88,https://sg.shein.com/Casual-Loose-Fit-7-8-Length-Straight-Leg-Jeans-p-56413749.html?mallCode=1&pageListType=4&detailBusinessFrom=0-1_56413749%7C0-2,https://sg.shein.com/Casual-Loose-Fit-7-8-Length-Straight-Leg-Jeans-p-56413749.html,True,"mallCode,pageListType,detailBusinessFrom",False,,56413749,True
390407859,10,1,10,"Sexy Chic Red Cold-Shoulder Sleeveless T-Shirt, Unique Stylish Fitted Top For Women, Summer Casual",S$0.55,https://sg.shein.com/Sexy-Chic-Red-Cold-Shoulder-Sleeveless-T-Shirt-Unique-Stylish-Fitted-Top-For-Women-Summer-Casual-p-390407859.html,https://sc.ltwebstatic.com/she_dist/images/bg-grey-solid-color-fc04c1310d.png,2026-06-02T16:35:32+08:00,,,,,SAVE S$0.55,https://sg.shein.com/Sexy-Chic-Red-Cold-Shoulder-Sleeveless-T-Shirt-Unique-Stylish-Fitted-Top-For-Women-Summer-Casual-p-390407859.html?mallCode=1&pageListType=4&detailBusinessFrom=0-1_390407859%7C0-2,https://sg.shein.com/Sexy-Chic-Red-Cold-Shoulder-Sleeveless-T-Shirt-Unique-Stylish-Fitted-Top-For-Women-Summer-Casual-p-390407859.html,True,"mallCode,pageListType,detailBusinessFrom",False,,390407859,True
93333881,10,1,10,SHEIN EZwear 5pcs/Pack Basic Solid Color Slim Fit Short Sleeve T-Shirt,S$2.40,https://sg.shein.com/SHEIN-EZwear-5pcs-Pack-Basic-Solid-Color-Slim-Fit-Short-Sleeve-T-Shirt-p-93333881.html,https://sc.ltwebstatic.com/she_dist/images/bg-grey-solid-color-fc04c1310d.png,2026-06-02T16:35:32+08:00,,,,,Save S$2.40,https://sg.shein.com/SHEIN-EZwear-5pcs-Pack-Basic-Solid-Color-Slim-Fit-Short-Sleeve-T-Shirt-p-93333881.html?mallCode=1&pageListType=4&detailBusinessFrom=0-1_93333881%7C0-2,https://sg.shein.com/SHEIN-EZwear-5pcs-Pack-Basic-Solid-Color-Slim-Fit-Short-Sleeve-T-Shirt-p-93333881.html,True,"mallCode,pageListType,detailBusinessFrom",False,,93333881,True
471720140,10,1,10,"Casual Floral & Butterfly Print Short Sleeve T-Shirt, Summer Pink",S$3.91,https://sg.shein.com/Casual-Floral-Butterfly-Print-Short-Sleeve-T-Shirt-Summer-Pink-p-471720140.html,https://sc.ltwebstatic.com/she_dist/images/bg-grey-solid-color-fc04c1310d.png,2026-06-02T16:35:32+08:00,,-13%,,,,https://sg.shein.com/Casual-Floral-Butterfly-Print-Short-Sleeve-T-Shirt-Summer-Pink-p-471720140.html?mallCode=1&pageListType=4&detailBusinessFrom=0-1_471720140%7C0-2,https://sg.shein.com/Casual-Floral-Butterfly-Print-Short-Sleeve-T-Shirt-Summer-Pink-p-471720140.html,True,"mallCode,pageListType,detailBusinessFrom",False,,471720140,True
49911523,10,1,10,Elenzga Women's Elegant And Fashionable V-Neck Sleeveless Self-Tie Back Vest And Straight Leg Pants Solid Color Casual Suit Set,S$25.84,https://sg.shein.com/Elenzga-Women-s-Elegant-And-Fashionable-V-Neck-Sleeveless-Self-Tie-Back-Vest-And-Straight-Leg-Pants-Solid-Color-Casual-Suit-Set-p-49911523.html,https://sc.ltwebstatic.com/she_dist/images/bg-grey-solid-color-fc04c1310d.png,2026-06-02T16:35:32+08:00,,-6%,,,1.6k+ sold,https://sg.shein.com/Elenzga-Women-s-Elegant-And-Fashionable-V-Neck-Sleeveless-Self-Tie-Back-Vest-And-Straight-Leg-Pants-Solid-Color-Casual-Suit-Set-p-49911523.html?mallCode=1&pageListType=4&detailBusinessFrom=0-1_49911523%7C0-2,https://sg.shein.com/Elenzga-Women-s-Elegant-And-Fashionable-V-Neck-Sleeveless-Self-Tie-Back-Vest-And-Straight-Leg-Pants-Solid-Color-Casual-Suit-Set-p-49911523.html,True,"mallCode,pageListType,detailBusinessFrom",False,,49911523,True
78607482,10,1,10,Women's Casual Comfortable Versatile Linen Loose Flowy Wide Leg Pants Spring,S$19.49,https://sg.shein.com/Women-s-Casual-Comfortable-Versatile-Linen-Loose-Flowy-Wide-Leg-Pants-Spring-p-78607482.html,https://sc.ltwebstatic.com/she_dist/images/bg-grey-solid-color-fc04c1310d.png,2026-06-02T16:35:32+08:00,,,,,14.8k+ sold,https://sg.shein.com/Women-s-Casual-Comfortable-Versatile-Linen-Loose-Flowy-Wide-Leg-Pants-Spring-p-78607482.html?mallCode=1&pageListType=4&detailBusinessFrom=0-1_78607482%7C0-2,https://sg.shein.com/Women-s-Casual-Comfortable-Versatile-Linen-Loose-Flowy-Wide-Leg-Pants-Spring-p-78607482.html,True,"mallCode,pageListType,detailBusinessFrom",False,,78607482,True
410034995,10,1,10,"Summer U-Neck Short Sleeve T-Shirt, Icy Snowflake Fabric Breathable Loose Casual Top, Suitable For Daily Wear White",S$7.19,https://sg.shein.com/Summer-U-Neck-Short-Sleeve-T-Shirt-Icy-Snowflake-Fabric-Breathable-Loose-Casual-Top-Suitable-For-Daily-Wear-White-p-410034995.html,https://sc.ltwebstatic.com/she_dist/images/bg-grey-solid-color-fc04c1310d.png,2026-06-02T16:35:32+08:00,,-4%,,,1.5k+ sold,https://sg.shein.com/Summer-U-Neck-Short-Sleeve-T-Shirt-Icy-Snowflake-Fabric-Breathable-Loose-Casual-Top-Suitable-For-Daily-Wear-White-p-410034995.html?mallCode=1&pageListType=4&detailBusinessFrom=0-1_410034995%7C0-2,https://sg.shein.com/Summer-U-Neck-Short-Sleeve-T-Shirt-Icy-Snowflake-Fabric-Breathable-Loose-Casual-Top-Suitable-For-Daily-Wear-White-p-410034995.html,True,"mallCode,pageListType,detailBusinessFrom",False,,410034995,True
442519233,10,1,10,"Glimmora Women's Y2K Bow Contrast Trim Square Neck Slim Fit Summer Casual Ribbed Strawberry Print T-Shirt,Lettuce Hem Short Sleeve Tee",S$3.87,https://sg.shein.com/Glimmora-Women-s-Y2K-Bow-Contrast-Trim-Square-Neck-Slim-Fit-Summer-Casual-Ribbed-Strawberry-Print-T-Shirt-Lettuce-Hem-Short-Sleeve-Tee-p-442519233.html,https://sc.ltwebstatic.com/she_dist/images/bg-grey-solid-color-fc04c1310d.png,2026-06-02T16:35:32+08:00,,-3%,,,1k+ sold,https://sg.shein.com/Glimmora-Women-s-Y2K-Bow-Contrast-Trim-Square-Neck-Slim-Fit-Summer-Casual-Ribbed-Strawberry-Print-T-Shirt-Lettuce-Hem-Short-Sleeve-Tee-p-442519233.html?mallCode=1&pageListType=4&detailBusinessFrom=0-1_442519233%7C0-2,https://sg.shein.com/Glimmora-Women-s-Y2K-Bow-Contrast-Trim-Square-Neck-Slim-Fit-Summer-Casual-Ribbed-Strawberry-Print-T-Shirt-Lettuce-Hem-Short-Sleeve-Tee-p-442519233.html,True,"mallCode,pageListType,detailBusinessFrom",False,,442519233,True
423776666,10,1,10,"Women's Summer Pink & Red Striped Fabric Ruffle Trim Bow Decor Tankini Swimwear 2-Piece Set, Contrast Red Striped Design, Waist Tie Bottom, American Resort Style, Suitable For Summer Beach Vacation, Swimming",S$3.55,https://sg.shein.com/Women-s-Summer-Pink-Red-Striped-Fabric-Ruffle-Trim-Bow-Decor-Tankini-Swimwear-2-Piece-Set-Contrast-Red-Striped-Design-Waist-Tie-Bottom-American-Resort-Style-Suitable-For-Summer-Beach-Vacation-Swimming-p-423776666.html,https://sc.ltwebstatic.com/she_dist/images/bg-grey-solid-color-fc04c1310d.png,2026-06-02T16:35:32+08:00,,-11%,,,274 sold,https://sg.shein.com/Women-s-Summer-Pink-Red-Striped-Fabric-Ruffle-Trim-Bow-Decor-Tankini-Swimwear-2-Piece-Set-Contrast-Red-Striped-Design-Waist-Tie-Bottom-American-Resort-Style-Suitable-For-Summer-Beach-Vacation-Swimming-p-423776666.html?mallCode=1&pageListType=4&detailBusinessFrom=0-1_423776666%7C0-2,https://sg.shein.com/Women-s-Summer-Pink-Red-Striped-Fabric-Ruffle-Trim-Bow-Decor-Tankini-Swimwear-2-Piece-Set-Contrast-Red-Striped-Design-Waist-Tie-Bottom-American-Resort-Style-Suitable-For-Summer-Beach-Vacation-Swimming-p-423776666.html,True,"mallCode,pageListType,detailBusinessFrom",False,,423776666,True
71272762,10,1,10,"Veykashi Women's Casual Backless Fitted Halter Neck Camisole Tank Top, Summer Beach Print Designs: Seashell, Starfish, Hibiscus Flower",S$3.99,https://sg.shein.com/Veykashi-Women-s-Casual-Backless-Fitted-Halter-Neck-Camisole-Tank-Top-Summer-Beach-Print-Designs-Seashell-Starfish-Hibiscus-Flower-p-71272762.html,https://sc.ltwebstatic.com/she_dist/images/bg-grey-solid-color-fc04c1310d.png,2026-06-02T16:35:32+08:00,,,,,3.2k+ sold,https://sg.shein.com/Veykashi-Women-s-Casual-Backless-Fitted-Halter-Neck-Camisole-Tank-Top-Summer-Beach-Print-Designs-Seashell-Starfish-Hibiscus-Flower-p-71272762.html?mallCode=1&pageListType=4&detailBusinessFrom=0-1_71272762%7C0-2,https://sg.shein.com/Veykashi-Women-s-Casual-Backless-Fitted-Halter-Neck-Camisole-Tank-Top-Summer-Beach-Print-Designs-Seashell-Starfish-Hibiscus-Flower-p-71272762.html,True,"mallCode,pageListType,detailBusinessFrom",False,,71272762,True
442810545,10,1,10,"Lalippa Teacher's Day Digitally Printed Fashionable Minimalist Oversized Mid-Length Round Neck Drop Shoulder Women's T-Shirt, Gift For Friends",S$9.99,https://sg.shein.com/Lalippa-Teacher-s-Day-Digitally-Printed-Fashionable-Minimalist-Oversized-Mid-Length-Round-Neck-Drop-Shoulder-Women-s-T-Shirt-Gift-For-Friends-p-442810545.html,https://sc.ltwebstatic.com/she_dist/images/bg-grey-solid-color-fc04c1310d.png,2026-06-02T16:35:32+08:00,,,,,7.3k+ sold,https://sg.shein.com/Lalippa-Teacher-s-Day-Digitally-Printed-Fashionable-Minimalist-Oversized-Mid-Length-Round-Neck-Drop-Shoulder-Women-s-T-Shirt-Gift-For-Friends-p-442810545.html?mallCode=1&pageListType=4&detailBusinessFrom=0-1_442810545%7C0-2,https://sg.shein.com/Lalippa-Teacher-s-Day-Digitally-Printed-Fashionable-Minimalist-Oversized-Mid-Length-Round-Neck-Drop-Shoulder-Women-s-T-Shirt-Gift-For-Friends-p-442810545.html,True,"mallCode,pageListType,detailBusinessFrom",False,,442810545,True
376556819,10,1,10,"Franclia New Colorblock Striped Short Sleeve T-Shirt, Spring/Summer Clothing",S$7.49,https://sg.shein.com/Franclia-New-Colorblock-Striped-Short-Sleeve-T-Shirt-Spring-Summer-Clothing-p-376556819.html,https://sc.ltwebstatic.com/she_dist/images/bg-grey-solid-color-fc04c1310d.png,2026-06-02T16:35:32+08:00,,,,,10.9k+ sold,https://sg.shein.com/Franclia-New-Colorblock-Striped-Short-Sleeve-T-Shirt-Spring-Summer-Clothing-p-376556819.html?mallCode=1&pageListType=4&detailBusinessFrom=0-1_376556819%7C0-2,https://sg.shein.com/Franclia-New-Colorblock-Striped-Short-Sleeve-T-Shirt-Spring-Summer-Clothing-p-376556819.html,True,"mallCode,pageListType,detailBusinessFrom",False,,376556819,True
429086234,10,1,10,"Women's High Waist Drape Gray Wide Leg Pants, Loose Slimming Casual Commuter Luxe Style Trousers, Spring/Summer",S$2.40,https://sg.shein.com/Women-s-High-Waist-Drape-Gray-Wide-Leg-Pants-Loose-Slimming-Casual-Commuter-Luxe-Style-Trousers-Spring-Summer-p-429086234.html,https://sc.ltwebstatic.com/she_dist/images/bg-grey-solid-color-fc04c1310d.png,2026-06-02T16:35:32+08:00,,,,,SAVE S$2.40,https://sg.shein.com/Women-s-High-Waist-Drape-Gray-Wide-Leg-Pants-Loose-Slimming-Casual-Commuter-Luxe-Style-Trousers-Spring-Summer-p-429086234.html?mallCode=1&pageListType=4&detailBusinessFrom=0-1_429086234%7C0-2,https://sg.shein.com/Women-s-High-Waist-Drape-Gray-Wide-Leg-Pants-Loose-Slimming-Casual-Commuter-Luxe-Style-Trousers-Spring-Summer-p-429086234.html,True,"mallCode,pageListType,detailBusinessFrom",False,,429086234,True
434548548,10,1,10,"Franclia Women's White Ribbed Knit Sleeveless Polo Top,Elegant Slim Fit Button-Down Summer Tank,Casual Office Collared Shirt,Classy Pearl Button Blouse",S$8.49,https://sg.shein.com/Franclia-Women-s-White-Ribbed-Knit-Sleeveless-Polo-Top-Elegant-Slim-Fit-Button-Down-Summer-Tank-Casual-Office-Collared-Shirt-Classy-Pearl-Button-Blouse-p-434548548.html,https://sc.ltwebstatic.com/she_dist/images/bg-grey-solid-color-fc04c1310d.png,2026-06-02T16:35:32+08:00,,,,,2.5k+ sold,https://sg.shein.com/Franclia-Women-s-White-Ribbed-Knit-Sleeveless-Polo-Top-Elegant-Slim-Fit-Button-Down-Summer-Tank-Casual-Office-Collared-Shirt-Classy-Pearl-Button-Blouse-p-434548548.html?mallCode=1&pageListType=4&detailBusinessFrom=0-1_434548548%7C0-2,https://sg.shein.com/Franclia-Women-s-White-Ribbed-Knit-Sleeveless-Polo-Top-Elegant-Slim-Fit-Button-Down-Summer-Tank-Casual-Office-Collared-Shirt-Classy-Pearl-Button-Blouse-p-434548548.html,True,"mallCode,pageListType,detailBusinessFrom",False,,434548548,True
467902029,10,1,10,"Women's Loose Fit Black Brazil No.10 Sports Graphic T-Shirt, Suitable For Match Days And Casual Street Wear Pink",S$6.49,https://sg.shein.com/Women-s-Loose-Fit-Black-Brazil-No-10-Sports-Graphic-T-Shirt-Suitable-For-Match-Days-And-Casual-Street-Wear-Pink-p-467902029.html,https://sc.ltwebstatic.com/she_dist/images/bg-grey-solid-color-fc04c1310d.png,2026-06-02T16:35:32+08:00,,,,,717 sold,https://sg.shein.com/Women-s-Loose-Fit-Black-Brazil-No-10-Sports-Graphic-T-Shirt-Suitable-For-Match-Days-And-Casual-Street-Wear-Pink-p-467902029.html?mallCode=1&pageListType=4&detailBusinessFrom=0-1_467902029%7C0-2,https://sg.shein.com/Women-s-Loose-Fit-Black-Brazil-No-10-Sports-Graphic-T-Shirt-Suitable-For-Match-Days-And-Casual-Street-Wear-Pink-p-467902029.html,True,"mallCode,pageListType,detailBusinessFrom",False,,467902029,True
439270927,10,1,10,Mid-Waist Solid Color Elegant Straight Leg Pants With Belt,S$17.49,https://sg.shein.com/Mid-Waist-Solid-Color-Elegant-Straight-Leg-Pants-With-Belt-p-439270927.html,https://sc.ltwebstatic.com/she_dist/images/bg-grey-solid-color-fc04c1310d.png,2026-06-02T16:35:32+08:00,,,,,51 sold,https://sg.shein.com/Mid-Waist-Solid-Color-Elegant-Straight-Leg-Pants-With-Belt-p-439270927.html?mallCode=1&pageListType=4&detailBusinessFrom=0-1_439270927%7C0-2,https://sg.shein.com/Mid-Waist-Solid-Color-Elegant-Straight-Leg-Pants-With-Belt-p-439270927.html,True,"mallCode,pageListType,detailBusinessFrom",False,,439270927,True
