product_id,source_page,appear_count,appear_pages,title,price,product_url,image_url,crawl_time,original_price,discount,rating,review_count,sales_tag
231997084,1,1,1,"Vela Rue Minimalist Design Pants With Hook & Zipper Closure, Lightweight Semi-Sheer Solid Color Wide Leg Pants, Apricot Color, Fashionable Wide Leg Trousers For All Seasons Spring",S$13.91,https://sg.shein.com/Vela-Rue-Minimalist-Design-Pants-With-Hook-Zipper-Closure-Lightweight-Semi-Sheer-Solid-Color-Wide-Leg-Pants-Apricot-Color-Fashionable-Wide-Leg-Trousers-For-All-Seasons-Spring-p-231997084.html?mallCode=1&pageListType=4&detailBusinessFrom=0-1_231997084%7C0-2,https://img.ltwebstatic.com/v4/j/spmp/2026/01/14/16/1768402951de087a2dfaf8685c2e60e72112308334_thumbnail_600x.webp,2026-05-31T16:13:47+08:00,,-4%,(1000+),,600+ sold
102718048,1,1,1,"BizChic Army Green Summer Casual Brunch Polo Collar Diamond Knit Short Sleeve Pullover Sweater,Chic Elegant Urban Commute Retro Multi-Occasion Fashion Top",S$15.99,https://sg.shein.com/BizChic-Army-Green-Summer-Casual-Brunch-Polo-Collar-Diamond-Knit-Short-Sleeve-Pullover-Sweater-Chic-Elegant-Urban-Commute-Retro-Multi-Occasion-Fashion-Top-p-102718048.html?mallCode=1&pageListType=4&detailBusinessFrom=0-1_102718048%7C0-2,https://img.ltwebstatic.com/v4/j/pi/2025/06/19/83/1750322490705d517251e532878a89e9569ccf2add_thumbnail_600x.webp,2026-05-31T16:13:47+08:00,,,,,70+ sold
445976009,1,1,1,"EMERY ROSE Women's Casual Everyday Commute Minimalist Solid Color Notch Neck Cap Sleeve Top, Summer",S$10.49,https://sg.shein.com/EMERY-ROSE-Women-s-Casual-Everyday-Commute-Minimalist-Solid-Color-Notch-Neck-Cap-Sleeve-Top-Summer-p-445976009.html?mallCode=1&pageListType=4&detailBusinessFrom=0-1_445976009%7C0-2,https://img.ltwebstatic.com/v4/j/pi/2026/04/17/87/1776414007debf623f5d3cb075d394417ff549b719_thumbnail_600x.webp,2026-05-31T16:13:47+08:00,,,,,
447591853,1,1,1,"Selamara Women's Black Polo Collar Short-Sleeve,Loose Casual Everyday Summer Style,Versatile Top For Daily Shopping, And Commuting",S$9.99,https://sg.shein.com/Selamara-Women-s-Black-Polo-Collar-Short-Sleeve-Loose-Casual-Everyday-Summer-Style-Versatile-Top-For-Daily-Shopping-And-Commuting-p-447591853.html?mallCode=1&pageListType=4&detailBusinessFrom=0-1_447591853%7C0-2,https://img.ltwebstatic.com/v4/j/pi/2026/04/20/bb/1776673351006748552b7b80771196835259b3abfe_thumbnail_600x.webp,2026-05-31T16:13:47+08:00,,,,,
58534558,1,1,1,"Elamini Women's Summer Solid Color Square Neck Short Sleeve Pleated Blouse, Vacation Woman",S$10.99,https://sg.shein.com/Elamini-Women-s-Summer-Solid-Color-Square-Neck-Short-Sleeve-Pleated-Blouse-Vacation-Woman-p-58534558.html?mallCode=1&pageListType=4&detailBusinessFrom=0-1_58534558%7C0-2,https://img.ltwebstatic.com/v4/j/pi/2025/04/10/1e/174428648387d72db659c65b33df45756b92a33492_thumbnail_600x.webp,2026-05-31T16:13:47+08:00,,,(1000+),,100+ sold
432323792,1,2,"1,5","Andrea Bello Elegant Floral Fabric Backless Waist Cinched Princess A-Line Dress, Feminine & Graceful, Suitable For Early Spring, Pink",S$14.49,https://sg.shein.com/Andrea-Bello-Elegant-Floral-Fabric-Backless-Waist-Cinched-Princess-A-Line-Dress-Feminine-Graceful-Suitable-For-Early-Spring-Pink-p-432323792.html?mallCode=1&pageListType=4&detailBusinessFrom=0-1_432323792%7C0-2,https://img.ltwebstatic.com/v4/j/pi/2026/05/21/94/1779359170d461bb60257219b7fb8ed8c7141319f6_thumbnail_600x.webp,2026-05-31T16:13:47+08:00,,,,,NEW
443138653,1,1,1,"Lalippa Women's V-Neck T-Shirt,Blue,Summer,Streetwear,School,Back-To-School,Faux Denim,Graphic Design,Number,Burgundy,Fashionable & Versatile,Holiday Outfit",S$8.99,https://sg.shein.com/Lalippa-Women-s-V-Neck-T-Shirt-Blue-Summer-Streetwear-School-Back-To-School-Faux-Denim-Graphic-Design-Number-Burgundy-Fashionable-Versatile-Holiday-Outfit-p-443138653.html?mallCode=1&pageListType=4&detailBusinessFrom=0-1_443138653%7C0-2,https://img.ltwebstatic.com/v4/j/pi/2026/05/19/b8/1779178463122d193b57b80732e3703bbdfa3731a1_thumbnail_600x.webp,2026-05-31T16:13:47+08:00,,,,,50+ sold
194927770,1,1,1,"Rusticease Casual Solid Color Notched Neck Roll-Up Sleeve Top And Elastic Waist Pants Set,Cozy Fall Winter Clothes For Women New Year Elegant Blouse Shirt Sets",S$2.88,https://sg.shein.com/Rusticease-Casual-Solid-Color-Notched-Neck-Roll-Up-Sleeve-Top-And-Elastic-Waist-Pants-Set-Cozy-Fall-Winter-Clothes-For-Women-New-Year-Elegant-Blouse-Shirt-Sets-p-194927770.html?mallCode=1&pageListType=4&detailBusinessFrom=0-1_194927770%7C0-2,https://img.ltwebstatic.com/v4/j/pi/2025/09/22/3f/17585199585d3e941cc8821bdca4d2fe05c692f195_thumbnail_600x.webp,2026-05-31T16:13:47+08:00,,,,,Save S$2.88
367581879,1,1,1,"Elamini Women's Spring & Summer Casual Vacation Style Ruffled Layered Chiffon Polka Dot Print Waist Tie Shirt, Flattering Fit, Suitable For Beach",S$13.99,https://sg.shein.com/Elamini-Women-s-Spring-Summer-Casual-Vacation-Style-Ruffled-Layered-Chiffon-Polka-Dot-Print-Waist-Tie-Shirt-Flattering-Fit-Suitable-For-Beach-p-367581879.html?mallCode=1&pageListType=4&detailBusinessFrom=0-1_367581879%7C0-2,https://img.ltwebstatic.com/v4/j/pi/2026/02/06/28/177036204544c9fbc27b7da9f27209bc248be766e8_thumbnail_600x.webp,2026-05-31T16:13:47+08:00,,,,,200+ sold
439266548,1,1,1,"SHEIN Holidaya Women's Summer Boho Holiday Vacation Blouse,Black And Beige Embroidered V-Neck Batwing 3/4 Sleeve Loose Casual Shirt,Retro Fashion Beach Top,Holiday",S$11.99,https://sg.shein.com/SHEIN-Holidaya-Women-s-Summer-Boho-Holiday-Vacation-Blouse-Black-And-Beige-Embroidered-V-Neck-Batwing-3-4-Sleeve-Loose-Casual-Shirt-Retro-Fashion-Beach-Top-Holiday-p-439266548.html?mallCode=1&pageListType=4&detailBusinessFrom=0-1_439266548%7C0-2,https://img.ltwebstatic.com/v4/j/pi/2026/04/09/97/1775707301409695d06a0b9ea0420d748e1e5f5482_thumbnail_600x.webp,2026-05-31T16:13:47+08:00,,-4%,,,
442361367,1,1,1,"Women's Elegant Mandarin Collar White Blouse, Loose Fit With Full Pleats, Breathable Drapey Fabric, Versatile For Work And Leisure, Slimming Simple Design, Comfortable Casual Chic Top For Summer, YTD Cherry Solid Color Daily Wear",S$2.40,https://sg.shein.com/Women-s-Elegant-Mandarin-Collar-White-Blouse-Loose-Fit-With-Full-Pleats-Breathable-Drapey-Fabric-Versatile-For-Work-And-Leisure-Slimming-Simple-Design-Comfortable-Casual-Chic-Top-For-Summer-YTD-Cherry-Solid-Color-Daily-Wear-p-442361367.html?mallCode=1&pageListType=4&detailBusinessFrom=0-1_442361367%7C0-2,https://img.ltwebstatic.com/v4/j/spmp/2026/03/26/91/1774530020d0de428168333f3177c6a92c45dd5923_thumbnail_600x.webp,2026-05-31T16:13:47+08:00,,,,,Save S$2.40
430107734,1,2,"1,4","Elegant Charming Wedding Party Holiday Date Spaghetti Strap Dress, Elegant Dress Women, Elegant Dresses For Party, Wedding Guest Dresses, Summer Dresses For Women",S$29.00,https://sg.shein.com/Elegant-Charming-Wedding-Party-Holiday-Date-Spaghetti-Strap-Dress-Elegant-Dress-Women-Elegant-Dresses-For-Party-Wedding-Guest-Dresses-Summer-Dresses-For-Women-p-430107734.html?mallCode=1&pageListType=4&detailBusinessFrom=0-1_430107734%7C0-2,https://img.ltwebstatic.com/v4/j/spmp/2026/05/28/cb/177993816781daf6bb5214fce5a5bf1d7fc9ae9647_thumbnail_600x.webp,2026-05-31T16:13:47+08:00,,-8%,,,
402164990,1,1,1,"Summer Fashion Striped Single-Breasted Drop Shoulder Short Sleeve Shirt, Polyester Contrast Color Front Button Closure, Short Front Long Back Design",S$0.84,https://sg.shein.com/Summer-Fashion-Striped-Single-Breasted-Drop-Shoulder-Short-Sleeve-Shirt-Polyester-Contrast-Color-Front-Button-Closure-Short-Front-Long-Back-Design-p-402164990.html?mallCode=1&pageListType=4&detailBusinessFrom=0-1_402164990%7C0-2,https://img.ltwebstatic.com/v4/j/spmp/2026/02/05/09/17702514963afc3d4e3301f084f8a769b60e5c2933_thumbnail_600x.webp,2026-05-31T16:13:47+08:00,,,,,Save S$0.84
304274062,1,1,1,Loose Batwing Sleeve Flattering Casual Linen Shirt Spring,S$9.56,https://sg.shein.com/Loose-Batwing-Sleeve-Flattering-Casual-Linen-Shirt-Spring-p-304274062.html?mallCode=1&pageListType=4&detailBusinessFrom=0-1_304274062%7C0-2,https://img.ltwebstatic.com/v4/j/spmp/2025/11/10/2e/17627428813c8ca175dbeeb6f606e8ee4b68beb8af_thumbnail_600x.webp,2026-05-31T16:13:47+08:00,,-13%,,,60+ sold
383813000,1,1,1,"2pcs/Set Striped Camisole V-Neck Sleeveless Top + Wide Leg Pants Set, Suitable For Vacation, Valentine's Day, Beach, Graduation, Summer Elegant",S$2.60,https://sg.shein.com/2pcs-Set-Striped-Camisole-V-Neck-Sleeveless-Top-Wide-Leg-Pants-Set-Suitable-For-Vacation-Valentine-s-Day-Beach-Graduation-Summer-Elegant-p-383813000.html?mallCode=1&pageListType=4&detailBusinessFrom=0-1_383813000%7C0-2,https://img.ltwebstatic.com/v4/j/spmp/2026/05/06/43/1778052987fd9626b87f690ab18970d26243a6830c_thumbnail_600x.webp,2026-05-31T16:13:47+08:00,,,,,Save S$2.60
433902724,1,2,"1,8",Resyla Women's Solid Color Pleated Casual Versatile Daily Wear Short Sleeve T-Shirt,S$6.99,https://sg.shein.com/Resyla-Women-s-Solid-Color-Pleated-Casual-Versatile-Daily-Wear-Short-Sleeve-T-Shirt-p-433902724.html?mallCode=1&pageListType=4&detailBusinessFrom=0-1_433902724%7C0-2,https://img.ltwebstatic.com/v4/j/pi/2026/03/31/ea/1774952832430afb9b5533f1eaf9d4f4fe7f6cd74a_thumbnail_600x.webp,2026-05-31T16:13:47+08:00,,,,,
162956597,1,1,1,"Women's Criss-Cross Waist Flare Pants, High Elasticity Polyester Solid Color Sports Yoga Pants, Criss-Cross Waist Casual Long Pants, Solid Color Tight Fit Workout Leggings, Knit Fabric Wide Leg Pants Suitable For Fitness And Casual Wear Black Spring",S$10.49,https://sg.shein.com/Women-s-Criss-Cross-Waist-Flare-Pants-High-Elasticity-Polyester-Solid-Color-Sports-Yoga-Pants-Criss-Cross-Waist-Casual-Long-Pants-Solid-Color-Tight-Fit-Workout-Leggings-Knit-Fabric-Wide-Leg-Pants-Suitable-For-Fitness-And-Casual-Wear-Black-Spring-p-162956597.html?mallCode=1&pageListType=4&detailBusinessFrom=0-1_162956597%7C0-2,https://img.ltwebstatic.com/v4/j/spmp/2025/08/26/d1/1756202192d193eb6201282235241c308f4834bae8_thumbnail_600x.webp,2026-05-31T16:13:47+08:00,,,(1000+),,300+ sold
343429619,1,2,"1,5","QIANZHIDU Women's Elegant Bohemian Sexy Casual Romantic Vacation High Slit Camisole Maxi Dress, High Stretch Solid Color Wrap Around Scarf Collar Maxi Dress Suitable For Party, Wedding, Daily Wear, Music Festival, Summer Vacation, Beach",S$19.90,https://sg.shein.com/QIANZHIDU-Women-s-Elegant-Bohemian-Sexy-Casual-Romantic-Vacation-High-Slit-Camisole-Maxi-Dress-High-Stretch-Solid-Color-Wrap-Around-Scarf-Collar-Maxi-Dress-Suitable-For-Party-Wedding-Daily-Wear-Music-Festival-Summer-Vacation-Beach-p-343429619.html?mallCode=1&pageListType=4&detailBusinessFrom=0-1_343429619%7C0-2,https://img.ltwebstatic.com/v4/j/spmp/2026/05/29/d3/1780047430682285d7d9dc4449f30f22bf9e483097_thumbnail_600x.webp,2026-05-31T16:13:47+08:00,,-33%,,,
466828613,1,1,1,"Women's Loose White Woven Fabric Drop Shoulder Short Sleeve Top, Perfect For Summer Bohemian Style.",S$8.99,https://sg.shein.com/Women-s-Loose-White-Woven-Fabric-Drop-Shoulder-Short-Sleeve-Top-Perfect-For-Summer-Bohemian-Style-p-466828613.html?mallCode=1&pageListType=4&detailBusinessFrom=0-1_466828613%7C0-2,https://img.ltwebstatic.com/v4/j/spmp/2026/05/06/35/17780693866d1757e95e9e5feefa9aeb58aa12712d_thumbnail_600x.webp,2026-05-31T16:13:47+08:00,,,,,
428253213,1,2,"1,6","SHEIN EZwear Women's Black Woven Smock Blouse,Elegant Summer Puff Sleeve Top For Tea Party,Casual Modern Pinterest Outfit,New Arrival Clothes For Teens & Woman",S$1.30,https://sg.shein.com/SHEIN-EZwear-Women-s-Black-Woven-Smock-Blouse-Elegant-Summer-Puff-Sleeve-Top-For-Tea-Party-Casual-Modern-Pinterest-Outfit-New-Arrival-Clothes-For-Teens-Woman-p-428253213.html?mallCode=1&pageListType=4&detailBusinessFrom=0-1_428253213%7C0-2,https://img.ltwebstatic.com/v4/j/pi/2026/03/23/62/17742510970517d2df244f898a8116426412accdb7_thumbnail_600x.webp,2026-05-31T16:13:47+08:00,,,,,Save S$1.30
446210372,1,1,1,"EMERY ROSE Apricot Linen-Like Collared Batwing Sleeve Shirt & Shorts 2 Pieces Set, Casual Vacation Outfit For Women",S$20.99,https://sg.shein.com/EMERY-ROSE-Apricot-Linen-Like-Collared-Batwing-Sleeve-Shirt-Shorts-2-Pieces-Set-Casual-Vacation-Outfit-For-Women-p-446210372.html?mallCode=1&pageListType=4&detailBusinessFrom=0-1_446210372%7C0-2,https://img.ltwebstatic.com/v4/j/pi/2026/04/17/e7/17764265567e7136a4761907054df3fed40d36c05d_thumbnail_600x.webp,2026-05-31T16:13:47+08:00,,,,,70+ sold
456916224,1,1,1,"Breezaya Women's Brown Loose Fit Wide Leg Pants,Elegant French Style Solid Color Outfit,Summer,Boho,Vacation,Holiday Casual Versatile Commuting Daily Beach",S$14.99,https://sg.shein.com/Breezaya-Women-s-Brown-Loose-Fit-Wide-Leg-Pants-Elegant-French-Style-Solid-Color-Outfit-Summer-Boho-Vacation-Holiday-Casual-Versatile-Commuting-Daily-Beach-p-456916224.html?mallCode=1&pageListType=4&detailBusinessFrom=0-1_456916224%7C0-2,https://img.ltwebstatic.com/v4/j/pi/2026/05/27/8d/17798724439df5ed25e58d1cf1be130ca6c0e27fa8_thumbnail_600x.webp,2026-05-31T16:13:47+08:00,,,,,70+ sold
309330470,1,1,1,"Women's Casual Top, Striped Contrast Ribbed Knit, Everyday Wear, Spring/Autumn",S$9.23,https://sg.shein.com/Women-s-Casual-Top-Striped-Contrast-Ribbed-Knit-Everyday-Wear-Spring-Autumn-p-309330470.html?mallCode=1&pageListType=4&detailBusinessFrom=0-1_309330470%7C0-2,https://img.ltwebstatic.com/v4/j/spmp/2026/01/17/fc/1768639772640fd783b7471a805fddb98d12becf01_thumbnail_600x.webp,2026-05-31T16:13:47+08:00,,-12%,,,60+ sold
450485113,1,1,1,"SHEIN Navy Blue Summer Casual Plus Size Top For Women,Flowers Patten Graphic Tee,Women's Beach Tank Top,Vacation Holiday Beach Outfit,Y2k T-Shirt,Gift",S$7.49,https://sg.shein.com/SHEIN-Navy-Blue-Summer-Casual-Plus-Size-Top-For-Women-Flowers-Patten-Graphic-Tee-Women-s-Beach-Tank-Top-Vacation-Holiday-Beach-Outfit-Y2k-T-Shirt-Gift-p-450485113.html?mallCode=1&pageListType=4&detailBusinessFrom=0-1_450485113%7C0-2,https://img.ltwebstatic.com/v4/j/pi/2026/04/23/df/1776938274e3d0d28593c324241502a911a6ee63c1_thumbnail_600x.webp,2026-05-31T16:13:47+08:00,,,,,
155685507,1,1,1,"SHEIN LUNE Women's Casual Solid Color V-Neck Flare Sleeve Twist Front Blouse, Spring/Autumn Brown Top Dark Chocolate Coffee Tie",S$9.49,https://sg.shein.com/SHEIN-LUNE-Women-s-Casual-Solid-Color-V-Neck-Flare-Sleeve-Twist-Front-Blouse-Spring-Autumn-Brown-Top-Dark-Chocolate-Coffee-Tie-p-155685507.html?mallCode=1&pageListType=4&detailBusinessFrom=0-1_155685507%7C0-2,https://img.ltwebstatic.com/v4/j/pi/2025/08/18/5d/1755482562bbf0cab9929af1e9705b944a9e95d3bb_thumbnail_600x.webp,2026-05-31T16:13:47+08:00,,,,,100+ sold
468482849,1,1,1,LYSMO Women's Plaid Side Tie Waist Casual Skirt,S$19.99,https://sg.shein.com/LYSMO-Women-s-Plaid-Side-Tie-Waist-Casual-Skirt-p-468482849.html?mallCode=1&pageListType=4&detailBusinessFrom=0-1_468482849%7C0-2,https://img.ltwebstatic.com/v4/j/pi/2026/05/13/6f/1778659496f1c1c19d0ac3fe781a62541de0f9e6df_thumbnail_600x.webp,2026-05-31T16:13:47+08:00,,,,,
28012063,1,1,1,SHEIN Unity Women'S Drawstring Wrinkle Design Cargo Pants Fall Cloth For Women,S$13.91,https://sg.shein.com/SHEIN-Unity-Women-S-Drawstring-Wrinkle-Design-Cargo-Pants-Fall-Cloth-For-Women-p-28012063.html?mallCode=1&pageListType=4&detailBusinessFrom=0-1_28012063%7C0-2,https://img.ltwebstatic.com/images3_pi/2024/11/22/5a/17322730532220988c7ca58a448c26a9ab58895238_thumbnail_600x.webp,2026-05-31T16:13:47+08:00,,-4%,,,100+ sold
433130651,1,1,1,Women's Solid Color Casual Front Pocket Decorated Wide Leg Pants Spring,S$1.95,https://sg.shein.com/Women-s-Solid-Color-Casual-Front-Pocket-Decorated-Wide-Leg-Pants-Spring-p-433130651.html?mallCode=1&pageListType=4&detailBusinessFrom=0-1_433130651%7C0-2,https://img.ltwebstatic.com/v4/j/spmp/2026/03/18/c9/1773824565b2d5d14eea7f158c6c1297da44b20e46_thumbnail_600x.webp,2026-05-31T16:13:47+08:00,,,,,Save S$1.95
387886013,1,2,"1,6",DAZY Women's Summer Square Neck Textured Fabric A-Line Hem Short Sleeve Casual Sexy T-Shirt Babydoll Top Cute Tops,S$1.23,https://sg.shein.com/DAZY-Women-s-Summer-Square-Neck-Textured-Fabric-A-Line-Hem-Short-Sleeve-Casual-Sexy-T-Shirt-Babydoll-Top-Cute-Tops-p-387886013.html?mallCode=1&pageListType=4&detailBusinessFrom=0-1_387886013%7C0-2,https://img.ltwebstatic.com/v4/j/pi/2026/01/27/40/1769508574964204f266caee335a3298cc1a6f7bd1_thumbnail_600x.webp,2026-05-31T16:13:47+08:00,,,,,Save S$1.23
461060840,1,1,1,"Silquee Women's Black Lace See-Through Asymmetrical Hem Sexy Dress, Bubble Mini Skirt, Suitable For Dates And Music Festivals; Also Suitable For Commuting, Dates, Holiday Dates And Vacations; A Casual And Comfortable Dress. Elegant Women's Dress, Suitable For Dates, Parties And Vacations; Sexy And Elegant, Suitable For Valentine's Day, Date Parties, Garden Parties, Picnics, Nightclub Parties And Formal Dinners. Summer Dresses, Elegant Dresses, Holiday Dresses, Wedding Dresses, Women's Holiday Dresses, Glamorous Wedding Evening Gowns, Graduation Dresses, Prom Dresses, Festival Dresses, Women's Holiday Dresses, Women's Casual Dresses, Group Dresses And Formal Wear.",S$23.22,https://sg.shein.com/Silquee-Women-s-Black-Lace-See-Through-Asymmetrical-Hem-Sexy-Dress-Bubble-Mini-Skirt-Suitable-For-Dates-And-Music-Festivals-Also-Suitable-For-Commuting-Dates-Holiday-Dates-And-Vacations-A-Casual-And-Comfortable-Dress-Elegant-Women-s-Dress-Suitable-For-Dates-Parties-And-Vacations-Sexy-And-Elegant-Suitable-For-Valentine-s-Day-Date-Parties-Garden-Parties-Picnics-Nightclub-Parties-And-Formal-Dinners-Summer-Dresses-Elegant-Dresses-Holiday-Dresses-Wedding-Dresses-Women-s-Holiday-Dresses-Glamorous-Wedding-Evening-Gowns-Graduation-Dresses-Prom-Dresses-Festival-Dresses-Women-s-Holiday-Dresses-Women-s-Casual-Dresses-Group-Dresses-And-Formal-Wear-p-461060840.html?mallCode=1&pageListType=4&detailBusinessFrom=0-1_461060840%7C0-2,https://img.ltwebstatic.com/v4/j/pi/2026/05/06/1a/177803561216ee19b1d763cca774610baa4e2ebae3_thumbnail_600x.webp,2026-05-31T16:13:47+08:00,,-5%,,,
434551026,1,1,1,"Qadelle Elegant Black And White Summer Tea Party Top For Women,Off-Shoulder Batwing Sleeve Loose Satin Shirt,Building Print European Cityscape Pattern Top",S$12.49,https://sg.shein.com/Qadelle-Elegant-Black-And-White-Summer-Tea-Party-Top-For-Women-Off-Shoulder-Batwing-Sleeve-Loose-Satin-Shirt-Building-Print-European-Cityscape-Pattern-Top-p-434551026.html?mallCode=1&pageListType=4&detailBusinessFrom=0-1_434551026%7C0-2,https://img.ltwebstatic.com/v4/j/pi/2026/05/26/4b/1779790464b067403fc901e4df49094b65632e4a86_thumbnail_600x.webp,2026-05-31T16:13:47+08:00,,,,,
209194288,1,1,1,SHEIN ICON Halloween Women's Halter Backless Black Babydoll Tank Top Backless Halter Top Peplum Top Women Halter Tops For Women,S$10.99,https://sg.shein.com/SHEIN-ICON-Halloween-Women-s-Halter-Backless-Black-Babydoll-Tank-Top-Backless-Halter-Top-Peplum-Top-Women-Halter-Tops-For-Women-p-209194288.html?mallCode=1&pageListType=4&detailBusinessFrom=0-1_209194288%7C0-2,https://img.ltwebstatic.com/v4/j/pi/2025/10/10/82/176008895376086f3a5250a3d7a35c7a8504a96d7d_thumbnail_600x.webp,2026-05-31T16:13:47+08:00,,,,,300+ sold
460258903,1,2,"1,9","EMERY ROSE Navy Blue Casual Minimalist Women's Shirt, Suitable For Summer,Summer Top",S$12.49,https://sg.shein.com/EMERY-ROSE-Navy-Blue-Casual-Minimalist-Women-s-Shirt-Suitable-For-Summer-Summer-Top-p-460258903.html?mallCode=1&pageListType=4&detailBusinessFrom=0-1_460258903%7C0-2,https://img.ltwebstatic.com/v4/j/pi/2026/05/06/d2/17780450898da570dee0124d36c62dc4b2a66e30fd_thumbnail_600x.webp,2026-05-31T16:13:47+08:00,,,,,
66587602,1,1,1,"DAZY Women's Solid Color Wide Leg 3/4 Pants, Casual And Relaxed Style For Summer",S$15.99,https://sg.shein.com/DAZY-Women-s-Solid-Color-Wide-Leg-3-4-Pants-Casual-And-Relaxed-Style-For-Summer-p-66587602.html?mallCode=1&pageListType=4&detailBusinessFrom=0-1_66587602%7C0-2,https://img.ltwebstatic.com/v4/j/pi/2025/04/11/ce/1744358524df2763ecd1319ac2b1409a140e888f3d_thumbnail_600x.webp,2026-05-31T16:13:47+08:00,,,,,
429045362,1,3,"1,6,8","Lalippa Women's Casual Outdoor Tee, New Summer Design, Colorful Striped Print, Loose Fit Sporty Streetwear, Back To School Season",S$9.99,https://sg.shein.com/Lalippa-Women-s-Casual-Outdoor-Tee-New-Summer-Design-Colorful-Striped-Print-Loose-Fit-Sporty-Streetwear-Back-To-School-Season-p-429045362.html?mallCode=1&pageListType=4&detailBusinessFrom=0-1_429045362%7C0-2,https://img.ltwebstatic.com/v4/j/pi/2026/03/24/92/1774333807d4900db2c71591700b576393c9764975_thumbnail_600x.webp,2026-05-31T16:13:47+08:00,,,,,
483946823,1,1,1,"HoloChill Women's Young Influencer Casual Elegant Style Colorblock Polka Dot Sleeveless Bandeau Short Dress, Women's Fashion Polka Dot A-Line Fitted Dress, Backless Sleeveless Bow Knot Knit Short Mini Dress, Summer Casual 2026 New Sleeveless Dress, Women's Summer Dress Holiday Dress Elegant Party Dress Women's Beach Dress Wedding Guest Party Dress Outing Outfit Women's Birthday Dress Women's Elegant Dress Women's Beach Vacation Outfit Women's Casual Dress",S$13.89,https://sg.shein.com/HoloChill-Women-s-Young-Influencer-Casual-Elegant-Style-Colorblock-Polka-Dot-Sleeveless-Bandeau-Short-Dress-Women-s-Fashion-Polka-Dot-A-Line-Fitted-Dress-Backless-Sleeveless-Bow-Knot-Knit-Short-Mini-Dress-Summer-Casual-2026-New-Sleeveless-Dress-Women-s-Summer-Dress-Holiday-Dress-Elegant-Party-Dress-Women-s-Beach-Dress-Wedding-Guest-Party-Dress-Outing-Outfit-Women-s-Birthday-Dress-Women-s-Elegant-Dress-Women-s-Beach-Vacation-Outfit-Women-s-Casual-Dress-p-483946823.html?mallCode=1&pageListType=4&detailBusinessFrom=0-1_483946823%7C0-2,https://img.ltwebstatic.com/v4/j/spmp/2026/05/28/af/17799615370dd00baf2fb1fb4bd35e2a30e7cb2952_thumbnail_600x.webp,2026-05-31T16:13:47+08:00,,-40%,,,
418231938,1,1,1,Easowa Women's Solid Color V-Neck Batwing Short Sleeve Casual T-Shirt Tops To Wear With Jeans Women Outfits Go Summer,S$13.49,https://sg.shein.com/Easowa-Women-s-Solid-Color-V-Neck-Batwing-Short-Sleeve-Casual-T-Shirt-Tops-To-Wear-With-Jeans-Women-Outfits-Go-Summer-p-418231938.html?mallCode=1&pageListType=4&detailBusinessFrom=0-1_418231938%7C0-2,https://img.ltwebstatic.com/v4/j/pi/2026/03/10/0d/1773109816e7902d290f1f8c0dfec57530099d17ba_thumbnail_600x.webp,2026-05-31T16:13:47+08:00,,,,,
355058217,1,1,1,Poéselle Women's Elegant Black Shawl Collar Blouse For Autumn Dinner Date,S$11.99,https://sg.shein.com/Po-selle-Women-s-Elegant-Black-Shawl-Collar-Blouse-For-Autumn-Dinner-Date-p-355058217.html?mallCode=1&pageListType=4&detailBusinessFrom=0-1_355058217%7C0-2,https://img.ltwebstatic.com/v4/j/pi/2026/01/06/97/176767810842d2d23d66a6e8092617dcfc8d355a13_thumbnail_600x.webp,2026-05-31T16:13:47+08:00,,,,,100+ sold
52870432,1,1,1,"Dazy-Less Women's Casual Business Partial Button-Front Polo Collar Loose Short Sleeve T-Shirt Old Money Style, Business Casual Women, Teacher",S$13.49,https://sg.shein.com/Dazy-Less-Women-s-Casual-Business-Partial-Button-Front-Polo-Collar-Loose-Short-Sleeve-T-Shirt-Old-Money-Style-Business-Casual-Women-Teacher-p-52870432.html?mallCode=1&pageListType=4&detailBusinessFrom=0-1_52870432%7C0-2,https://img.ltwebstatic.com/images3_pi/2025/04/08/25/17440985046f42e0132d4434ae8eca4a737780f6da_thumbnail_600x.webp,2026-05-31T16:13:47+08:00,,,,,100+ sold
440258053,1,1,1,Rovax Women's Casual Bear Print Pants,S$12.99,https://sg.shein.com/Rovax-Women-s-Casual-Bear-Print-Pants-p-440258053.html?mallCode=1&pageListType=4&detailBusinessFrom=0-1_440258053%7C0-2,https://img.ltwebstatic.com/v4/j/pi/2026/04/17/3c/1776417238b2dbd9995cdd02d0c2a663b8744acf25_thumbnail_600x.webp,2026-05-31T16:13:47+08:00,,,,,
409683162,1,1,1,Franclia Women's Casual Elegant Knitted Collared Striped Tank Top,S$1.20,https://sg.shein.com/Franclia-Women-s-Casual-Elegant-Knitted-Collared-Striped-Tank-Top-p-409683162.html?mallCode=1&pageListType=4&detailBusinessFrom=0-1_409683162%7C0-2,https://img.ltwebstatic.com/v4/j/pi/2026/05/28/32/1779946449f9bd5d995957f964e4463d996f6f07cf_thumbnail_600x.webp,2026-05-31T16:13:47+08:00,,,,,Save S$1.20
434093555,1,1,1,Bonvoyette Women's Solid Color Lace Bandeau Sexy Dress Black Lace Dresses Sexy Dress Dinner Sexy Black Dress For Women Black Corset Dress Valentine's Day Black Lace Mini Dress Lace Corset Dress Valentine's Day Luxury Dress For Women Sexy Dinner Dress Casino Night Outfit For Women Corset Dress For Women Bustier Dress Sexy Date Night Dress Birthday Dinner Dress Sexy Night Club Dress,S$26.49,https://sg.shein.com/Bonvoyette-Women-s-Solid-Color-Lace-Bandeau-Sexy-Dress-Black-Lace-Dresses-Sexy-Dress-Dinner-Sexy-Black-Dress-For-Women-Black-Corset-Dress-Valentine-s-Day-Black-Lace-Mini-Dress-Lace-Corset-Dress-Valentine-s-Day-Luxury-Dress-For-Women-Sexy-Dinner-Dress-Casino-Night-Outfit-For-Women-Corset-Dress-For-Women-Bustier-Dress-Sexy-Date-Night-Dress-Birthday-Dinner-Dress-Sexy-Night-Club-Dress-p-434093555.html?mallCode=1&pageListType=4&detailBusinessFrom=0-1_434093555%7C0-2,https://img.ltwebstatic.com/v4/j/pi/2026/05/09/c5/1778309813b65b95e68125f39a89bb787e4bb41c55_thumbnail_600x.webp,2026-05-31T16:13:47+08:00,,,,,NEW
450075844,1,1,1,"2026 Loose Casual ""Just A Girl Who Loves To Drink"" Graphic T-Shirt, Short Sleeve, European And American Style Black Summer",S$2.11,https://sg.shein.com/2026-Loose-Casual-Just-A-Girl-Who-Loves-To-Drink-Graphic-T-Shirt-Short-Sleeve-European-And-American-Style-Black-Summer-p-450075844.html?mallCode=1&pageListType=4&detailBusinessFrom=0-1_450075844%7C0-2,https://img.ltwebstatic.com/v4/j/spmp/2026/05/23/40/177952378110db1d5515d6d0eae5df35dfd3250cb8_thumbnail_600x.webp,2026-05-31T16:13:47+08:00,,,,,Save S$2.11
433577644,1,1,1,"Floral Print Ruffle Collar Blouse, Polyester Fabric, Suitable For Vacation, Daily Wear, Travel, Spring/Summer",S$14.49,https://sg.shein.com/Floral-Print-Ruffle-Collar-Blouse-Polyester-Fabric-Suitable-For-Vacation-Daily-Wear-Travel-Spring-Summer-p-433577644.html?mallCode=1&pageListType=4&detailBusinessFrom=0-1_433577644%7C0-2,https://img.ltwebstatic.com/v4/j/spmp/2026/05/08/97/17782203839ae8a89cff6de7211e22c9e45acd3560_thumbnail_600x.webp,2026-05-31T16:13:47+08:00,,,,,50+ sold
326207091,1,1,1,SHEIN New Style Sweet Turndown Collar Loose Fashion Women Shirt,S$12.49,https://sg.shein.com/SHEIN-New-Style-Sweet-Turndown-Collar-Loose-Fashion-Women-Shirt-p-326207091.html?mallCode=1&pageListType=4&detailBusinessFrom=0-1_326207091%7C0-2,https://img.ltwebstatic.com/v4/j/pi/2025/12/15/64/17657760876705b612ced638d0f7c33009a3dd4b30_thumbnail_600x.webp,2026-05-31T16:13:47+08:00,,,,,200+ sold
39588536,1,1,1,"Flirla Women's Button-Down Short-Sleeved Striped Design Slim Fit Everyday Shirt,Short Sleeve Tops",S$11.99,https://sg.shein.com/Flirla-Women-s-Button-Down-Short-Sleeved-Striped-Design-Slim-Fit-Everyday-Shirt-Short-Sleeve-Tops-p-39588536.html?mallCode=1&pageListType=4&detailBusinessFrom=0-1_39588536%7C0-2,https://img.ltwebstatic.com/images3_pi/2024/11/20/5b/17320965526424eaa48617d31e7fb5381d50cab673_thumbnail_600x.webp,2026-05-31T16:13:47+08:00,,-4%,(1000+),,300+ sold
463745592,1,1,1,MISSGUIDED Halter Neck Cowl Deep V Lace Trim Backless Bodycon Maxi Gown Evening Party Formal Occasion Dress,S$24.87,https://sg.shein.com/MISSGUIDED-Halter-Neck-Cowl-Deep-V-Lace-Trim-Backless-Bodycon-Maxi-Gown-Evening-Party-Formal-Occasion-Dress-p-463745592.html?mallCode=1&pageListType=4&detailBusinessFrom=0-1_463745592%7C0-2,https://img.ltwebstatic.com/v4/j/sxfs/2026/05/09/1e/1778330319da8c82d585eebca84110c4f470e599ea_thumbnail_600x.webp,2026-05-31T16:13:47+08:00,,,,,NEW
313145818,1,1,1,"SHEIN Women's Summer Casual Vacation Multicolor Striped T-Shirt,Navy And White Patterned Outdoor Tops,Fitted Ruched Waist New Arrival Outdoor Wear",S$6.49,https://sg.shein.com/SHEIN-Women-s-Summer-Casual-Vacation-Multicolor-Striped-T-Shirt-Navy-And-White-Patterned-Outdoor-Tops-Fitted-Ruched-Waist-New-Arrival-Outdoor-Wear-p-313145818.html?mallCode=1&pageListType=4&detailBusinessFrom=0-1_313145818%7C0-2,https://img.ltwebstatic.com/v4/j/pi/2025/12/01/e3/17645802393c95ef131fbfa2f439dcadb00974da5d_thumbnail_600x.webp,2026-05-31T16:13:47+08:00,,,,,60+ sold
415494283,1,1,1,INAWLY Women's Fashion Color Block Button Front Short Sleeve T-Shirt Jersey,S$10.49,https://sg.shein.com/INAWLY-Women-s-Fashion-Color-Block-Button-Front-Short-Sleeve-T-Shirt-Jersey-p-415494283.html?mallCode=1&pageListType=4&detailBusinessFrom=0-1_415494283%7C0-2,https://img.ltwebstatic.com/v4/j/pi/2026/04/27/a0/1777262857c2028738dc7f0250bdccf48bc0de4d74_thumbnail_600x.webp,2026-05-31T16:13:47+08:00,,,,,50+ sold
63799174,1,1,1,Franclia High-End Fashionable French Design Loose Batwing Sleeve Turndown Collar Women Blouse,S$11.49,https://sg.shein.com/Franclia-High-End-Fashionable-French-Design-Loose-Batwing-Sleeve-Turndown-Collar-Women-Blouse-p-63799174.html?mallCode=1&pageListType=4&detailBusinessFrom=0-1_63799174%7C0-2,https://img.ltwebstatic.com/v4/j/pi/2025/04/12/42/1744462825e51561c45bf822596fc865b8cd9798f8_thumbnail_600x.webp,2026-05-31T16:13:47+08:00,,,(1000+),,200+ sold
345338096,1,2,"1,2","SHEIN Women's Casual Letter Print Short Sleeve Slim Fit T-Shirt, Summer",S$1.04,https://sg.shein.com/SHEIN-Women-s-Casual-Letter-Print-Short-Sleeve-Slim-Fit-T-Shirt-Summer-p-345338096.html?mallCode=1&pageListType=4&detailBusinessFrom=0-1_345338096%7C0-2,https://img.ltwebstatic.com/v4/j/pi/2026/04/10/49/17757984374a05a5861100a9c6b358e85abdca374e_thumbnail_600x.webp,2026-05-31T16:13:47+08:00,,,,,Save S$1.04
367931128,1,3,"1,6,7",Comfortcana 2pcs/Set Casual Pony Logo Printed Round Neck Short Sleeve Top And Striped Print Pants Striped Outfits White T-Shirt Striped Pants,S$17.99,https://sg.shein.com/Comfortcana-2pcs-Set-Casual-Pony-Logo-Printed-Round-Neck-Short-Sleeve-Top-And-Striped-Print-Pants-Striped-Outfits-White-T-Shirt-Striped-Pants-p-367931128.html?mallCode=1&pageListType=4&detailBusinessFrom=0-1_367931128%7C0-2,https://img.ltwebstatic.com/v4/j/pi/2026/01/20/58/1768898641dde3f09776f1d349f8f4d9996512a31b_thumbnail_600x.webp,2026-05-31T16:13:47+08:00,,,,,
480029169,1,2,"1,5","SHEIN PETITE Gold Color Brooch Decor Asymmetric Neck Ruched Fishtail Skirt One Shoulder Dress,Fall Wedding Guest Dress,Party Women Dresses For",S$10.49,https://sg.shein.com/SHEIN-PETITE-Gold-Color-Brooch-Decor-Asymmetric-Neck-Ruched-Fishtail-Skirt-One-Shoulder-Dress-Fall-Wedding-Guest-Dress-Party-Women-Dresses-For-p-480029169.html?mallCode=1&pageListType=4&detailBusinessFrom=0-1_480029169%7C0-2,https://img.ltwebstatic.com/v4/j/pi/2026/05/29/ac/1780021066c53461bdc6a63b14c2c02567a0ebf504_thumbnail_600x.webp,2026-05-31T16:13:47+08:00,,,,,NEW
100167766,1,2,"1,6",Pariaura Women's Floral Print Ruffle Hem Short Sleeve Vacation Fashion Blouse,S$11.99,https://sg.shein.com/Pariaura-Women-s-Floral-Print-Ruffle-Hem-Short-Sleeve-Vacation-Fashion-Blouse-p-100167766.html?mallCode=1&pageListType=4&detailBusinessFrom=0-1_100167766%7C0-2,https://img.ltwebstatic.com/v4/j/pi/2025/06/16/bb/1750039270bfc7f3de651cbbf373b799cb755ad341_thumbnail_600x.webp,2026-05-31T16:13:47+08:00,,,,,100+ sold
451029055,1,1,1,SHEIN Women's Summer Polka Dot Print Ruched Off-Shoulder T-Shirt,S$6.99,https://sg.shein.com/SHEIN-Women-s-Summer-Polka-Dot-Print-Ruched-Off-Shoulder-T-Shirt-p-451029055.html?mallCode=1&pageListType=4&detailBusinessFrom=0-1_451029055%7C0-2,https://img.ltwebstatic.com/v4/j/pi/2026/04/24/0e/1776995316bba69eb65a59058db2da3a1b3d834786_thumbnail_600x.webp,2026-05-31T16:13:47+08:00,,,,,
456325049,1,2,"1,2","SHEIN Franclia French Elegant V-Neck Black & White Contrast Ruffle Trim Short Sleeve Chiffon Blouse, Slim Fit Commuting Wear, Summer New",S$6.99,https://sg.shein.com/SHEIN-Franclia-French-Elegant-V-Neck-Black-White-Contrast-Ruffle-Trim-Short-Sleeve-Chiffon-Blouse-Slim-Fit-Commuting-Wear-Summer-New-p-456325049.html?mallCode=1&pageListType=4&detailBusinessFrom=0-1_456325049%7C0-2,https://img.ltwebstatic.com/v4/j/pi/2026/04/28/cf/1777378006f68c2b5163d0a9e09812f87dc4e99e1d_thumbnail_600x.webp,2026-05-31T16:13:47+08:00,,,,,
437515614,1,1,1,"Soft Knit Short Sleeve Sweater, Minimalist Elegant Slimming Blouse. Ice Silk Knit Fabric, Breathable And Skin-Friendly. Classic Round Neck Design, Versatile For Spring/Summer Casual, Commute, Leisure, Dating, Party And Holidays.",S$12.49,https://sg.shein.com/Soft-Knit-Short-Sleeve-Sweater-Minimalist-Elegant-Slimming-Blouse-Ice-Silk-Knit-Fabric-Breathable-And-Skin-Friendly-Classic-Round-Neck-Design-Versatile-For-Spring-Summer-Casual-Commute-Leisure-Dating-Party-And-Holidays-p-437515614.html?mallCode=1&pageListType=4&detailBusinessFrom=0-1_437515614%7C0-2,https://img.ltwebstatic.com/v4/j/spmp/2026/04/06/be/17754785827b23e16af2e4ac6ddc15295287e38fa3_thumbnail_600x.webp,2026-05-31T16:13:47+08:00,,,,,
420937384,1,1,1,Sunnyshic Women's Textured Striped Off Shoulder Asymmetric Design Slimming Waist Sexy Asymmetrical Shoulder Sweet Vacation Style T-Shirt,S$7.49,https://sg.shein.com/Sunnyshic-Women-s-Textured-Striped-Off-Shoulder-Asymmetric-Design-Slimming-Waist-Sexy-Asymmetrical-Shoulder-Sweet-Vacation-Style-T-Shirt-p-420937384.html?mallCode=1&pageListType=4&detailBusinessFrom=0-1_420937384%7C0-2,https://img.ltwebstatic.com/v4/j/pi/2026/05/13/ca/1778649722b333e67548002203ef9c963b1c21d669_thumbnail_600x.webp,2026-05-31T16:13:47+08:00,,,,,100+ sold
407174112,1,2,"1,5","Katetique Sleeveless Ruffle Hem Solid Color Mini Sundress, Elegant Sweet Cute Fit Dress, Suitable For Romantic Dates, Parties, Formal Gatherings, Bridesmaid Dresses, Summer Dresses, Tea Party Dresses, New Year, Valentine's Day, Birthday Mini Dress, Pink Dress",S$26.49,https://sg.shein.com/Katetique-Sleeveless-Ruffle-Hem-Solid-Color-Mini-Sundress-Elegant-Sweet-Cute-Fit-Dress-Suitable-For-Romantic-Dates-Parties-Formal-Gatherings-Bridesmaid-Dresses-Summer-Dresses-Tea-Party-Dresses-New-Year-Valentine-s-Day-Birthday-Mini-Dress-Pink-Dress-p-407174112.html?mallCode=1&pageListType=4&detailBusinessFrom=0-1_407174112%7C0-2,https://img.ltwebstatic.com/v4/j/pi/2026/05/21/9f/17793596991b595ddd05d0872df257c5faacd1a7b3_thumbnail_600x.webp,2026-05-31T16:13:47+08:00,,,,,NEW
435480727,1,1,1,"Delicate Japanese Style White Asymmetrical Shoulder Star & Letter Print Short Sleeve T-Shirt, Pleated Slimming Top For Women; Korean Loose Fit Asymmetrical Shoulder Star Print T-Shirt, Versatile Layering Tee For Spring/Autumn, Indie Aesthetic Casual Summer",S$5.99,https://sg.shein.com/Delicate-Japanese-Style-White-Asymmetrical-Shoulder-Star-Letter-Print-Short-Sleeve-T-Shirt-Pleated-Slimming-Top-For-Women-Korean-Loose-Fit-Asymmetrical-Shoulder-Star-Print-T-Shirt-Versatile-Layering-Tee-For-Spring-Autumn-Indie-Aesthetic-Casual-Summer-p-435480727.html?mallCode=1&pageListType=4&detailBusinessFrom=0-1_435480727%7C0-2,https://img.ltwebstatic.com/v4/j/spmp/2026/03/21/08/17740980859d58b28d44856ec40a10a16c75779edd_thumbnail_600x.webp,2026-05-31T16:13:47+08:00,,,,,90+ sold
75778134,1,1,1,"INAWLY Women's Solid Color Crewneck Casual Raglan Short Sleeve Top And Shorts Set, Summer",S$15.99,https://sg.shein.com/INAWLY-Women-s-Solid-Color-Crewneck-Casual-Raglan-Short-Sleeve-Top-And-Shorts-Set-Summer-p-75778134.html?mallCode=1&pageListType=4&detailBusinessFrom=0-1_75778134%7C0-2,https://img.ltwebstatic.com/v4/j/pi/2025/06/16/3a/1750038523fa94bb4faa1f8ebd7ddc828aac975e45_thumbnail_600x.webp,2026-05-31T16:13:47+08:00,,,,,
323055047,1,1,1,"Japanese Style Women's Loose Crew Neck Casual Versatile Letter & Motorcycle Print Short Sleeve T-Shirt, Spring/Summer",S$6.49,https://sg.shein.com/Japanese-Style-Women-s-Loose-Crew-Neck-Casual-Versatile-Letter-Motorcycle-Print-Short-Sleeve-T-Shirt-Spring-Summer-p-323055047.html?mallCode=1&pageListType=4&detailBusinessFrom=0-1_323055047%7C0-2,https://img.ltwebstatic.com/v4/j/spmp/2025/12/26/31/176672820801ef51377a529afec213f1f6d9b3439a_thumbnail_600x.webp,2026-05-31T16:13:47+08:00,,,,,70+ sold
70914759,1,2,"1,2","FRIFUL Women's Short Sleeve Striped T-Shirt, Fashionable For Summer",S$1.56,https://sg.shein.com/FRIFUL-Women-s-Short-Sleeve-Striped-T-Shirt-Fashionable-For-Summer-p-70914759.html?mallCode=1&pageListType=4&detailBusinessFrom=0-1_70914759%7C0-2,https://img.ltwebstatic.com/v4/j/pi/2025/04/27/91/1745740449610aa1444cf3053bca42d3a9f43934aa_thumbnail_600x.webp,2026-05-31T16:13:47+08:00,,,,,Save S$1.56
439435136,1,2,"1,2","Lalippa Letter & Numeral Print V-Neck T-Shirt, Fashionable & Minimalist, Gift For Friends",S$9.11,https://sg.shein.com/Lalippa-Letter-Numeral-Print-V-Neck-T-Shirt-Fashionable-Minimalist-Gift-For-Friends-p-439435136.html?mallCode=1&pageListType=4&detailBusinessFrom=0-1_439435136%7C0-2,https://img.ltwebstatic.com/v4/j/pi/2026/04/11/fd/177589675732808e24bf7502b3f46aec9cbfbf4d2e_thumbnail_600x.webp,2026-05-31T16:13:47+08:00,,-4%,,,
457456835,1,1,1,Travachic Beige Hollow-Out Solid Color Elastic Waist Slant Pocket Casual Harem Pants,S$14.99,https://sg.shein.com/Travachic-Beige-Hollow-Out-Solid-Color-Elastic-Waist-Slant-Pocket-Casual-Harem-Pants-p-457456835.html?mallCode=1&pageListType=4&detailBusinessFrom=0-1_457456835%7C0-2,https://img.ltwebstatic.com/v4/j/pi/2026/05/13/03/17786674568651f8a9536ac3bfec95494804cbb6bd_thumbnail_600x.webp,2026-05-31T16:13:47+08:00,,,,,
10294783,1,2,"1,2",DAZY High Waist Wide Leg Shorts,S$11.99,https://sg.shein.com/DAZY-High-Waist-Wide-Leg-Shorts-p-10294783.html?mallCode=1&pageListType=4&detailBusinessFrom=0-1_10294783%7C0-2,https://img.ltwebstatic.com/images3_pi/2022/04/15/1649988130ca7fbdd9429bb7f9d935f2ac5af9905a_thumbnail_600x.webp,2026-05-31T16:13:47+08:00,,,(1000+),,200+ sold
405728049,1,1,1,"Korean Fashion Women's Blazer Jacket, New Summer Casual Short Sleeve Suit Top Black",S$0.98,https://sg.shein.com/Korean-Fashion-Women-s-Blazer-Jacket-New-Summer-Casual-Short-Sleeve-Suit-Top-Black-p-405728049.html?mallCode=1&pageListType=4&detailBusinessFrom=0-1_405728049%7C0-2,https://img.ltwebstatic.com/v4/j/spmp/2026/01/25/fb/176935612211a141e884411fd45ae4bc96461dd5f8_thumbnail_600x.webp,2026-05-31T16:13:47+08:00,,,,,Save S$0.98
437554229,1,2,"1,6","SHEIN Elenzya Women's Elegant Office Suit Pants,High-Waisted Beige Summer Striped Pleated Elastic Waist Loose Wide Leg Casual Trousers For Daily Commute Fashion",S$17.99,https://sg.shein.com/SHEIN-Elenzya-Women-s-Elegant-Office-Suit-Pants-High-Waisted-Beige-Summer-Striped-Pleated-Elastic-Waist-Loose-Wide-Leg-Casual-Trousers-For-Daily-Commute-Fashion-p-437554229.html?mallCode=1&pageListType=4&detailBusinessFrom=0-1_437554229%7C0-2,https://img.ltwebstatic.com/v4/j/pi/2026/04/07/38/17755281273448dbbac02f66e43584d5db91a9245c_thumbnail_600x.webp,2026-05-31T16:13:47+08:00,,,,,
417031000,1,1,1,SHEIN Women's Solid Color Polo Collar Fitted Short Sleeve T-Shirt,S$7.49,https://sg.shein.com/SHEIN-Women-s-Solid-Color-Polo-Collar-Fitted-Short-Sleeve-T-Shirt-p-417031000.html?mallCode=1&pageListType=4&detailBusinessFrom=0-1_417031000%7C0-2,https://img.ltwebstatic.com/v4/j/pi/2026/03/09/5c/177303708530bf1107d6b074648a310121b690c64e_thumbnail_600x.webp,2026-05-31T16:13:47+08:00,,,,,
451612748,1,1,1,"Loose Fit Pink & White Retro American Style Water Master Print Short Sleeve T-Shirt, Casual Campus Style For Women Summer",S$4.46,https://sg.shein.com/Loose-Fit-Pink-White-Retro-American-Style-Water-Master-Print-Short-Sleeve-T-Shirt-Casual-Campus-Style-For-Women-Summer-p-451612748.html?mallCode=1&pageListType=4&detailBusinessFrom=0-1_451612748%7C0-2,https://sc.ltwebstatic.com/she_dist/images/bg-grey-solid-color-fc04c1310d.png,2026-05-31T16:13:47+08:00,,,,,Save S$4.46
482417066,1,1,1,"Aloruh Women's Floral Print Strap Dress, Fashionable For Vacation,Orange Dress,Beach Dress,Graduation Dress,Holiday Dresses,Wedding Party Mini Dress,Y2K",S$16.49,https://sg.shein.com/Aloruh-Women-s-Floral-Print-Strap-Dress-Fashionable-For-Vacation-Orange-Dress-Beach-Dress-Graduation-Dress-Holiday-Dresses-Wedding-Party-Mini-Dress-Y2K-p-482417066.html?mallCode=1&pageListType=4&detailBusinessFrom=0-1_482417066%7C0-2,https://sc.ltwebstatic.com/she_dist/images/bg-grey-solid-color-fc04c1310d.png,2026-05-31T16:13:47+08:00,,,,,NEW
72410378,1,1,1,"INAWLY Women's Spring/Summer Plaid Lightweight Loose Casual See-Through Shirt, Anti-UV Shirt, For Back To School Fall Cloth For Women",S$11.99,https://sg.shein.com/INAWLY-Women-s-Spring-Summer-Plaid-Lightweight-Loose-Casual-See-Through-Shirt-Anti-UV-Shirt-For-Back-To-School-Fall-Cloth-For-Women-p-72410378.html?mallCode=1&pageListType=4&detailBusinessFrom=0-1_72410378%7C0-2,https://sc.ltwebstatic.com/she_dist/images/bg-grey-solid-color-fc04c1310d.png,2026-05-31T16:13:47+08:00,,,,,
125677553,1,1,1,"Slaydiva Casual Minimalist Letter & Number Graphic Women's T-Shirt, Suitable For Summer, Mesh Fabric, 95 Print, Colorblock, Sports, 90s Top Y2k Jersey",S$1.30,https://sg.shein.com/Slaydiva-Casual-Minimalist-Letter-Number-Graphic-Women-s-T-Shirt-Suitable-For-Summer-Mesh-Fabric-95-Print-Colorblock-Sports-90s-Top-Y2k-Jersey-p-125677553.html?mallCode=1&pageListType=4&detailBusinessFrom=0-1_125677553%7C0-2,https://sc.ltwebstatic.com/she_dist/images/bg-grey-solid-color-fc04c1310d.png,2026-05-31T16:13:47+08:00,,,,,Save S$1.30
456205791,1,4,"1,2,7,10","Resyla Women's Blue Colorful Diamond-Filled Round-Neck Short-Sleeved T-Shirt,90s Themed Party Night Slim Casual Summer Style Tianku Heavy Industry T-Shirt",S$6.99,https://sg.shein.com/Resyla-Women-s-Blue-Colorful-Diamond-Filled-Round-Neck-Short-Sleeved-T-Shirt-90s-Themed-Party-Night-Slim-Casual-Summer-Style-Tianku-Heavy-Industry-T-Shirt-p-456205791.html?mallCode=1&pageListType=4&detailBusinessFrom=0-1_456205791%7C0-2,https://sc.ltwebstatic.com/she_dist/images/bg-grey-solid-color-fc04c1310d.png,2026-05-31T16:13:47+08:00,,,,,
435866992,1,1,1,EMERY ROSE Lace Trim Specialty 2-Way Zipper Front Short Sleeve T-Shirt For Women,S$1.10,https://sg.shein.com/EMERY-ROSE-Lace-Trim-Specialty-2-Way-Zipper-Front-Short-Sleeve-T-Shirt-For-Women-p-435866992.html?mallCode=1&pageListType=4&detailBusinessFrom=0-1_435866992%7C0-2,https://sc.ltwebstatic.com/she_dist/images/bg-grey-solid-color-fc04c1310d.png,2026-05-31T16:13:47+08:00,,,,,Save S$1.10
14285571,1,1,1,LUMIGAL Two Tone Notched Neck Asymmetrical Hem Sleeveless Blouse,S$7.99,https://sg.shein.com/LUMIGAL-Two-Tone-Notched-Neck-Asymmetrical-Hem-Sleeveless-Blouse-p-14285571.html?mallCode=1&pageListType=4&detailBusinessFrom=0-1_14285571%7C0-2,https://sc.ltwebstatic.com/she_dist/images/bg-grey-solid-color-fc04c1310d.png,2026-05-31T16:13:47+08:00,,,(1000+),,70+ sold
461059446,1,2,"1,3","Sunnyshic Women's Polka Dot Contrast Lace Bandeau Backless Fitted Dress, Sexy Vintage Style For Spring/Summer, Suitable For Dates, Parties, Beach Vacations",S$19.99,https://sg.shein.com/Sunnyshic-Women-s-Polka-Dot-Contrast-Lace-Bandeau-Backless-Fitted-Dress-Sexy-Vintage-Style-For-Spring-Summer-Suitable-For-Dates-Parties-Beach-Vacations-p-461059446.html?mallCode=1&pageListType=4&detailBusinessFrom=0-1_461059446%7C0-2,https://sc.ltwebstatic.com/she_dist/images/bg-grey-solid-color-fc04c1310d.png,2026-05-31T16:13:47+08:00,,,,,NEW
436362228,1,2,"1,6","Women's Outdoor Cargo Pants, Lightweight Casual Sports Trousers With Large Pockets For Spring/Summer, Suitable For Outdoor Hiking And Daily Wear, With Zipper Pockets And Drawstring Black",S$1.65,https://sg.shein.com/Women-s-Outdoor-Cargo-Pants-Lightweight-Casual-Sports-Trousers-With-Large-Pockets-For-Spring-Summer-Suitable-For-Outdoor-Hiking-And-Daily-Wear-With-Zipper-Pockets-And-Drawstring-Black-p-436362228.html?mallCode=1&pageListType=4&detailBusinessFrom=0-1_436362228%7C0-2,https://sc.ltwebstatic.com/she_dist/images/bg-grey-solid-color-fc04c1310d.png,2026-05-31T16:13:47+08:00,,,,,Save S$1.65
115240222,1,1,1,SuriyaCove Women Knight Print Round Neck Short Sleeve T-Shirt And Striped Drawstring Waist Pants Casual Suit,S$18.99,https://sg.shein.com/SuriyaCove-Women-Knight-Print-Round-Neck-Short-Sleeve-T-Shirt-And-Striped-Drawstring-Waist-Pants-Casual-Suit-p-115240222.html?mallCode=1&pageListType=4&detailBusinessFrom=0-1_115240222%7C0-2,https://sc.ltwebstatic.com/she_dist/images/bg-grey-solid-color-fc04c1310d.png,2026-05-31T16:13:47+08:00,,,,,
63771262,1,1,1,"RiviMae Sweet Lace Trim Short Sleeve T-Shirt For Women, Summer New Slim Fit 3-Button Front Half Sleeve Top",S$8.99,https://sg.shein.com/RiviMae-Sweet-Lace-Trim-Short-Sleeve-T-Shirt-For-Women-Summer-New-Slim-Fit-3-Button-Front-Half-Sleeve-Top-p-63771262.html?mallCode=1&pageListType=4&detailBusinessFrom=0-1_63771262%7C0-2,https://sc.ltwebstatic.com/she_dist/images/bg-grey-solid-color-fc04c1310d.png,2026-05-31T16:13:47+08:00,,,(1000+),,400+ sold
428549999,1,2,"1,2","Women's Summer Ice Silk Breathable Running Pants, Quick-Dry Lightweight Sports Trousers With Zipper Pockets & Elastic Waistband For Fitness & Jogging Spring",S$3.90,https://sg.shein.com/Women-s-Summer-Ice-Silk-Breathable-Running-Pants-Quick-Dry-Lightweight-Sports-Trousers-With-Zipper-Pockets-Elastic-Waistband-For-Fitness-Jogging-Spring-p-428549999.html?mallCode=1&pageListType=4&detailBusinessFrom=0-1_428549999%7C0-2,https://sc.ltwebstatic.com/she_dist/images/bg-grey-solid-color-fc04c1310d.png,2026-05-31T16:13:47+08:00,,,,,Save S$3.90
441162412,1,1,1,"Women's Summer Camisole, Women's Plaid Camisole Top For Vacation, Graduation, Wedding, Back To School, Retro Vibe, Party, Lunch, Cute Casual Summer, Sweet Romantic Country Style, Textured, Loose Comfortable, Loose Hem Camisole",S$10.99,https://sg.shein.com/Women-s-Summer-Camisole-Women-s-Plaid-Camisole-Top-For-Vacation-Graduation-Wedding-Back-To-School-Retro-Vibe-Party-Lunch-Cute-Casual-Summer-Sweet-Romantic-Country-Style-Textured-Loose-Comfortable-Loose-Hem-Camisole-p-441162412.html?mallCode=1&pageListType=4&detailBusinessFrom=0-1_441162412%7C0-2,https://sc.ltwebstatic.com/she_dist/images/bg-grey-solid-color-fc04c1310d.png,2026-05-31T16:13:47+08:00,,,,,70+ sold
453632827,1,1,1,"SHEIN MOD Beige Draped Ruffle High-Rise Flared Pants,Summer Elegent Asymmetrical Ruched Wrap Waistband Sash Stretch Crepe Trousers For Date Night,Party",S$17.49,https://sg.shein.com/SHEIN-MOD-Beige-Draped-Ruffle-High-Rise-Flared-Pants-Summer-Elegent-Asymmetrical-Ruched-Wrap-Waistband-Sash-Stretch-Crepe-Trousers-For-Date-Night-Party-p-453632827.html?mallCode=1&pageListType=4&detailBusinessFrom=0-1_453632827%7C0-2,https://sc.ltwebstatic.com/she_dist/images/bg-grey-solid-color-fc04c1310d.png,2026-05-31T16:13:47+08:00,,,,,
33026451,1,1,1,INAWLY Women Solid Color Simple Style Button-Up Daily Shirt Fall Cloth For Women,S$10.99,https://sg.shein.com/INAWLY-Women-Solid-Color-Simple-Style-Button-Up-Daily-Shirt-Fall-Cloth-For-Women-p-33026451.html?mallCode=1&pageListType=4&detailBusinessFrom=0-1_33026451%7C0-2,https://sc.ltwebstatic.com/she_dist/images/bg-grey-solid-color-fc04c1310d.png,2026-05-31T16:13:47+08:00,,,(1000+),,400+ sold
11049140,1,1,1,"DAZY Striped Button Front Cardigan,Short Sleeve Tops,Fall Clothes",S$2.34,https://sg.shein.com/DAZY-Striped-Button-Front-Cardigan-Short-Sleeve-Tops-Fall-Clothes-p-11049140.html?mallCode=1&pageListType=4&detailBusinessFrom=0-1_11049140%7C0-2,https://sc.ltwebstatic.com/she_dist/images/bg-grey-solid-color-fc04c1310d.png,2026-05-31T16:13:47+08:00,,,,,Save S$2.34
166053086,1,2,"1,2","Franclia Women's Casual Minimalist Collared Batwing Sleeve Shirt, Summer",S$10.55,https://sg.shein.com/Franclia-Women-s-Casual-Minimalist-Collared-Batwing-Sleeve-Shirt-Summer-p-166053086.html?mallCode=1&pageListType=4&detailBusinessFrom=0-1_166053086%7C0-2,https://sc.ltwebstatic.com/she_dist/images/bg-grey-solid-color-fc04c1310d.png,2026-05-31T16:13:47+08:00,,-4%,,,300+ sold
453574479,1,2,"1,2",Franclia Women's Round Neck Color Block Casual Versatile Daily Wear Short Sleeve T-Shirt,S$8.49,https://sg.shein.com/Franclia-Women-s-Round-Neck-Color-Block-Casual-Versatile-Daily-Wear-Short-Sleeve-T-Shirt-p-453574479.html?mallCode=1&pageListType=4&detailBusinessFrom=0-1_453574479%7C0-2,https://sc.ltwebstatic.com/she_dist/images/bg-grey-solid-color-fc04c1310d.png,2026-05-31T16:13:47+08:00,,,,,
33666261,1,1,1,INAWLY Women Spring And Autumn Casual Color Block Front Zipper Long Sleeve T-Shirt Graphic Tees Women Tops For Spring Fall For Women,S$8.49,https://sg.shein.com/INAWLY-Women-Spring-And-Autumn-Casual-Color-Block-Front-Zipper-Long-Sleeve-T-Shirt-Graphic-Tees-Women-Tops-For-Spring-Fall-For-Women-p-33666261.html?mallCode=1&pageListType=4&detailBusinessFrom=0-1_33666261%7C0-2,https://sc.ltwebstatic.com/she_dist/images/bg-grey-solid-color-fc04c1310d.png,2026-05-31T16:13:47+08:00,,,,,
481871317,1,2,"1,3",Maca Silvats Chiffon Tie-Dye Print Halter Neck Tie-Up Sleeveless Vacation Dress,S$22.49,https://sg.shein.com/Maca-Silvats-Chiffon-Tie-Dye-Print-Halter-Neck-Tie-Up-Sleeveless-Vacation-Dress-p-481871317.html?mallCode=1&pageListType=4&detailBusinessFrom=0-1_481871317%7C0-2,https://sc.ltwebstatic.com/she_dist/images/bg-grey-solid-color-fc04c1310d.png,2026-05-31T16:13:47+08:00,,,,,NEW
412971142,1,1,1,"Women's Loose Retro V-Neck Letter Print Short Sleeve T-Shirt, Fashionable Street Style For Summer Casual",S$7.99,https://sg.shein.com/Women-s-Loose-Retro-V-Neck-Letter-Print-Short-Sleeve-T-Shirt-Fashionable-Street-Style-For-Summer-Casual-p-412971142.html?mallCode=1&pageListType=4&detailBusinessFrom=0-1_412971142%7C0-2,https://sc.ltwebstatic.com/she_dist/images/bg-grey-solid-color-fc04c1310d.png,2026-05-31T16:13:47+08:00,,,,,
441465288,1,1,1,Franclia New Striped V-Neck Short Sleeve T-Shirt For Women,S$8.99,https://sg.shein.com/Franclia-New-Striped-V-Neck-Short-Sleeve-T-Shirt-For-Women-p-441465288.html?mallCode=1&pageListType=4&detailBusinessFrom=0-1_441465288%7C0-2,https://sc.ltwebstatic.com/she_dist/images/bg-grey-solid-color-fc04c1310d.png,2026-05-31T16:13:47+08:00,,,,,70+ sold
449222375,1,1,1,"Women's Elegant Casual Sleeveless Round Neck A-Line Long Dress With Pockets, Summer New Arrival",S$15.52,https://sg.shein.com/Women-s-Elegant-Casual-Sleeveless-Round-Neck-A-Line-Long-Dress-With-Pockets-Summer-New-Arrival-p-449222375.html?mallCode=1&pageListType=4&detailBusinessFrom=0-1_449222375%7C0-2,https://sc.ltwebstatic.com/she_dist/images/bg-grey-solid-color-fc04c1310d.png,2026-05-31T16:13:47+08:00,,-3%,,,
457418186,1,2,"1,2","Striped & Polka Dot Classic Contrast Color Office Outfit, Women's Casual Round Neck Short Sleeve Minimalist T-Shirt Summer",S$7.99,https://sg.shein.com/Striped-Polka-Dot-Classic-Contrast-Color-Office-Outfit-Women-s-Casual-Round-Neck-Short-Sleeve-Minimalist-T-Shirt-Summer-p-457418186.html?mallCode=1&pageListType=4&detailBusinessFrom=0-1_457418186%7C0-2,https://sc.ltwebstatic.com/she_dist/images/bg-grey-solid-color-fc04c1310d.png,2026-05-31T16:13:47+08:00,,,,,
18210522,1,1,1,Breezaya Summer Beach Solid Button Front Kimono,S$10.49,https://sg.shein.com/Breezaya-Summer-Beach-Solid-Button-Front-Kimono-p-18210522.html?mallCode=1&pageListType=4&detailBusinessFrom=0-1_18210522%7C0-2,https://sc.ltwebstatic.com/she_dist/images/bg-grey-solid-color-fc04c1310d.png,2026-05-31T16:13:47+08:00,,,(1000+),,200+ sold
25120742,1,1,1,Loose Fit Women's Joggers With Letter Embroidery,S$28.99,https://sg.shein.com/Loose-Fit-Women-s-Joggers-With-Letter-Embroidery-p-25120742.html?mallCode=1&pageListType=4&detailBusinessFrom=0-1_25120742%7C0-2,https://sc.ltwebstatic.com/she_dist/images/bg-grey-solid-color-fc04c1310d.png,2026-05-31T16:13:47+08:00,,,,,
433686482,1,3,"1,2,7","Women's Casual Mid-Sleeve T-Shirt, Solid Color Round Neck T-Shirt, Ladies Top, Premium Crafted Neckline Spring Black",S$6.30,https://sg.shein.com/Women-s-Casual-Mid-Sleeve-T-Shirt-Solid-Color-Round-Neck-T-Shirt-Ladies-Top-Premium-Crafted-Neckline-Spring-Black-p-433686482.html?mallCode=1&pageListType=4&detailBusinessFrom=0-1_433686482%7C0-2,https://sc.ltwebstatic.com/she_dist/images/bg-grey-solid-color-fc04c1310d.png,2026-05-31T16:13:47+08:00,,-3%,,,90+ sold
435499495,1,2,"1,2","Pale Blue Striped Lace Patchwork Loose Blouse, French Romantic Dropped Shoulder Design, Drapey & Breathable, Casual Chic, Suitable For Commute, Dating, Daily Wear, Light French Style Vibe Top, Summer Daily Outfit, Refreshing & Brightening Spring",S$15.49,https://sg.shein.com/Pale-Blue-Striped-Lace-Patchwork-Loose-Blouse-French-Romantic-Dropped-Shoulder-Design-Drapey-Breathable-Casual-Chic-Suitable-For-Commute-Dating-Daily-Wear-Light-French-Style-Vibe-Top-Summer-Daily-Outfit-Refreshing-Brightening-Spring-p-435499495.html?mallCode=1&pageListType=4&detailBusinessFrom=0-1_435499495%7C0-2,https://sc.ltwebstatic.com/she_dist/images/bg-grey-solid-color-fc04c1310d.png,2026-05-31T16:13:47+08:00,,,,,100+ sold
272418155,1,1,1,Sexy Deep V-Neck Lace Cutout Waist Dress For Women Spring White,S$1.69,https://sg.shein.com/Sexy-Deep-V-Neck-Lace-Cutout-Waist-Dress-For-Women-Spring-White-p-272418155.html?mallCode=1&pageListType=4&detailBusinessFrom=0-1_272418155%7C0-2,https://sc.ltwebstatic.com/she_dist/images/bg-grey-solid-color-fc04c1310d.png,2026-05-31T16:13:47+08:00,,,,,Save S$1.69
16006895,1,2,"1,3","Dazy Designer Women's Black Business Casual Pants,Elegant Straight Leg Winter Dress Pants For Work,School,Spring/Fall Ladies Regular Fit Flare Long Pocket Trousers",S$22.49,https://sg.shein.com/Dazy-Designer-Women-s-Black-Business-Casual-Pants-Elegant-Straight-Leg-Winter-Dress-Pants-For-Work-School-Spring-Fall-Ladies-Regular-Fit-Flare-Long-Pocket-Trousers-p-16006895.html?mallCode=1&pageListType=4&detailBusinessFrom=0-1_16006895%7C0-2,https://sc.ltwebstatic.com/she_dist/images/bg-grey-solid-color-fc04c1310d.png,2026-05-31T16:13:47+08:00,,,(1000+),,70+ sold
413037448,1,1,1,"Women's Off-Shoulder Short Sleeve Top, Regular Length, Polyester High Stretch Fabric, White Summer Blouse Suitable For Office & Casual Wear",S$5.90,https://sg.shein.com/Women-s-Off-Shoulder-Short-Sleeve-Top-Regular-Length-Polyester-High-Stretch-Fabric-White-Summer-Blouse-Suitable-For-Office-Casual-Wear-p-413037448.html?mallCode=1&pageListType=4&detailBusinessFrom=0-1_413037448%7C0-2,https://sc.ltwebstatic.com/she_dist/images/bg-grey-solid-color-fc04c1310d.png,2026-05-31T16:13:47+08:00,,-2%,,,50+ sold
433554848,1,1,1,"WOWDARK Women's Summer Sleeveless V-Neck Glitter Bodycon Mini Dress, Blue, Fashionable Women's Dress Elegant",S$16.93,https://sg.shein.com/WOWDARK-Women-s-Summer-Sleeveless-V-Neck-Glitter-Bodycon-Mini-Dress-Blue-Fashionable-Women-s-Dress-Elegant-p-433554848.html?mallCode=1&pageListType=4&detailBusinessFrom=0-1_433554848%7C0-2,https://sc.ltwebstatic.com/she_dist/images/bg-grey-solid-color-fc04c1310d.png,2026-05-31T16:13:47+08:00,,-28%,,,
82997683,1,1,1,"Pure White English Text Print Mid-Length T-Shirt For Women, Stylish Graphic Tee Undershirt #3333 Casual Summer",S$5.81,https://sg.shein.com/Pure-White-English-Text-Print-Mid-Length-T-Shirt-For-Women-Stylish-Graphic-Tee-Undershirt-3333-Casual-Summer-p-82997683.html?mallCode=1&pageListType=4&detailBusinessFrom=0-1_82997683%7C0-2,https://sc.ltwebstatic.com/she_dist/images/bg-grey-solid-color-fc04c1310d.png,2026-05-31T16:13:47+08:00,,-3%,,,100+ sold
374102559,1,2,"1,8",DAZY Women's Casual Everyday Washed Slant Pocket Wide Leg Jeans,S$3.41,https://sg.shein.com/DAZY-Women-s-Casual-Everyday-Washed-Slant-Pocket-Wide-Leg-Jeans-p-374102559.html?mallCode=1&pageListType=4&detailBusinessFrom=0-1_374102559%7C0-2,https://sc.ltwebstatic.com/she_dist/images/bg-grey-solid-color-fc04c1310d.png,2026-05-31T16:13:47+08:00,,,,,Save S$3.41
451627861,1,1,1,"Women's Loose Fit Italian Southern Resort Lemon Print T-Shirt, Limoncello Theme Short Sleeve, Amalfi Coast Relaxing Holiday Vibe Casual Summer",S$3.05,https://sg.shein.com/Women-s-Loose-Fit-Italian-Southern-Resort-Lemon-Print-T-Shirt-Limoncello-Theme-Short-Sleeve-Amalfi-Coast-Relaxing-Holiday-Vibe-Casual-Summer-p-451627861.html?mallCode=1&pageListType=4&detailBusinessFrom=0-1_451627861%7C0-2,https://sc.ltwebstatic.com/she_dist/images/bg-grey-solid-color-fc04c1310d.png,2026-05-31T16:13:47+08:00,,,,,Save S$3.05
449525591,1,1,1,"Resyla Women's Vintage Floral Decorated Petal Sleeve Round Neck Blouse, Summer",S$10.49,https://sg.shein.com/Resyla-Women-s-Vintage-Floral-Decorated-Petal-Sleeve-Round-Neck-Blouse-Summer-p-449525591.html?mallCode=1&pageListType=4&detailBusinessFrom=0-1_449525591%7C0-2,https://sc.ltwebstatic.com/she_dist/images/bg-grey-solid-color-fc04c1310d.png,2026-05-31T16:13:47+08:00,,,,,
365142725,1,2,"1,2","Bow Polka Dot Halter Neck Blouse For Women, Summer French Elegant Sleeveless Shirt, Unique Design White",S$12.99,https://sg.shein.com/Bow-Polka-Dot-Halter-Neck-Blouse-For-Women-Summer-French-Elegant-Sleeveless-Shirt-Unique-Design-White-p-365142725.html?mallCode=1&pageListType=4&detailBusinessFrom=0-1_365142725%7C0-2,https://sc.ltwebstatic.com/she_dist/images/bg-grey-solid-color-fc04c1310d.png,2026-05-31T16:13:47+08:00,,,,,
481790769,1,1,1,MISSGUIDED Women Maxi Dresses,S$37.63,https://sg.shein.com/MISSGUIDED-Women-Maxi-Dresses-p-481790769.html?mallCode=1&pageListType=4&detailBusinessFrom=0-1_481790769%7C0-2,https://sc.ltwebstatic.com/she_dist/images/bg-grey-solid-color-fc04c1310d.png,2026-05-31T16:13:47+08:00,,,,,NEW
64656826,1,2,"1,2","SHEIN VCAY 3pcs Set Women Summer Woven Fashionable Multi-Color Linen Shorts, Summer For Women, Festival For Women",S$17.49,https://sg.shein.com/SHEIN-VCAY-3pcs-Set-Women-Summer-Woven-Fashionable-Multi-Color-Linen-Shorts-Summer-For-Women-Festival-For-Women-p-64656826.html?mallCode=1&pageListType=4&detailBusinessFrom=0-1_64656826%7C0-2,https://sc.ltwebstatic.com/she_dist/images/bg-grey-solid-color-fc04c1310d.png,2026-05-31T16:13:47+08:00,,,,,100+ sold
36651642,1,1,1,Women's Summer Solid Color Buttoned Half-Placket Short Sleeve Casual T-Shirt Pink,S$12.99,https://sg.shein.com/Women-s-Summer-Solid-Color-Buttoned-Half-Placket-Short-Sleeve-Casual-T-Shirt-Pink-p-36651642.html?mallCode=1&pageListType=4&detailBusinessFrom=0-1_36651642%7C0-2,https://sc.ltwebstatic.com/she_dist/images/bg-grey-solid-color-fc04c1310d.png,2026-05-31T16:13:47+08:00,,,(1000+),,90+ sold
337061957,1,1,1,"Resyla Lace Trim Camisole Dress Cover Up, Long Sleeve Knit Sheer Cover Up Top For Women, Summer",S$8.49,https://sg.shein.com/Resyla-Lace-Trim-Camisole-Dress-Cover-Up-Long-Sleeve-Knit-Sheer-Cover-Up-Top-For-Women-Summer-p-337061957.html?mallCode=1&pageListType=4&detailBusinessFrom=0-1_337061957%7C0-2,https://sc.ltwebstatic.com/she_dist/images/bg-grey-solid-color-fc04c1310d.png,2026-05-31T16:13:47+08:00,,,,,600+ sold
49943528,1,3,"1,2,3","Sweetra Vintage Elegant Jacquard Pleated Wide-Leg Pants For Women, Autumn/Winter Fall Cloth For Women",S$15.19,https://sg.shein.com/Sweetra-Vintage-Elegant-Jacquard-Pleated-Wide-Leg-Pants-For-Women-Autumn-Winter-Fall-Cloth-For-Women-p-49943528.html?mallCode=1&pageListType=4&detailBusinessFrom=0-1_49943528%7C0-2,https://sc.ltwebstatic.com/she_dist/images/bg-grey-solid-color-fc04c1310d.png,2026-05-31T16:13:47+08:00,,-5%,(1000+),,400+ sold
64603795,1,1,1,Resyla 3pcs/Set Women Versatile Casual Minimalist Summer Short Sleeve T-Shirt Set,S$13.99,https://sg.shein.com/Resyla-3pcs-Set-Women-Versatile-Casual-Minimalist-Summer-Short-Sleeve-T-Shirt-Set-p-64603795.html?mallCode=1&pageListType=4&detailBusinessFrom=0-1_64603795%7C0-2,https://sc.ltwebstatic.com/she_dist/images/bg-grey-solid-color-fc04c1310d.png,2026-05-31T16:13:47+08:00,,,,,
482092144,1,1,1,"L'Amorae Women's Pink Bohemian Ruffled Layered Dress, Boho Style, Vacation Style",S$55.99,https://sg.shein.com/L-Amorae-Women-s-Pink-Bohemian-Ruffled-Layered-Dress-Boho-Style-Vacation-Style-p-482092144.html?mallCode=1&pageListType=4&detailBusinessFrom=0-1_482092144%7C0-2,https://sc.ltwebstatic.com/she_dist/images/bg-grey-solid-color-fc04c1310d.png,2026-05-31T16:13:47+08:00,,,,,NEW
151279314,1,2,"1,5","Aloruh Women's Elegant Light Yellow Halter Tie Mini Dress,Beige Summer Party Dresses,Wedding Guest,,Night Out,Birthday,Sun Dress,Island Vacation Outfit",S$23.99,https://sg.shein.com/Aloruh-Women-s-Elegant-Light-Yellow-Halter-Tie-Mini-Dress-Beige-Summer-Party-Dresses-Wedding-Guest-Night-Out-Birthday-Sun-Dress-Island-Vacation-Outfit-p-151279314.html?mallCode=1&pageListType=4&detailBusinessFrom=0-1_151279314%7C0-2,https://sc.ltwebstatic.com/she_dist/images/bg-grey-solid-color-fc04c1310d.png,2026-05-31T16:13:47+08:00,,,,,200+ sold
39294505,1,2,"1,2","Livesso Women's Solid Color Round Neck Loose Long Sleeve T-Shirt,Fall Clothes",S$1.36,https://sg.shein.com/Livesso-Women-s-Solid-Color-Round-Neck-Loose-Long-Sleeve-T-Shirt-Fall-Clothes-p-39294505.html?mallCode=1&pageListType=4&detailBusinessFrom=0-1_39294505%7C0-2,https://sc.ltwebstatic.com/she_dist/images/bg-grey-solid-color-fc04c1310d.png,2026-05-31T16:13:47+08:00,,,,,Save S$1.36
309364531,1,2,"1,3","Sheer Black Blazer Jacket For Women, Lightweight Summer Casual Office Top, Short Petite 3/4 Sleeve Suit Spring",S$21.37,https://sg.shein.com/Sheer-Black-Blazer-Jacket-For-Women-Lightweight-Summer-Casual-Office-Top-Short-Petite-3-4-Sleeve-Suit-Spring-p-309364531.html?mallCode=1&pageListType=4&detailBusinessFrom=0-1_309364531%7C0-2,https://sc.ltwebstatic.com/she_dist/images/bg-grey-solid-color-fc04c1310d.png,2026-05-31T16:13:47+08:00,,-5%,,,90+ sold
40299293,1,1,1,Breezaya Women's Textured Denim Blue Skinny Jeans Pants For Spring Summer Fall Cloth For Women,S$13.49,https://sg.shein.com/Breezaya-Women-s-Textured-Denim-Blue-Skinny-Jeans-Pants-For-Spring-Summer-Fall-Cloth-For-Women-p-40299293.html?mallCode=1&pageListType=4&detailBusinessFrom=0-1_40299293%7C0-2,https://sc.ltwebstatic.com/she_dist/images/bg-grey-solid-color-fc04c1310d.png,2026-05-31T16:13:47+08:00,,,,,
427358722,1,1,1,DAZY Solid Color Collared Fitted Short Sleeve White Blouse For Women Summer,S$2.02,https://sg.shein.com/DAZY-Solid-Color-Collared-Fitted-Short-Sleeve-White-Blouse-For-Women-Summer-p-427358722.html?mallCode=1&pageListType=4&detailBusinessFrom=0-1_427358722%7C0-2,https://sc.ltwebstatic.com/she_dist/images/bg-grey-solid-color-fc04c1310d.png,2026-05-31T16:13:47+08:00,,,,,Save S$2.02
444722995,1,1,1,"Women's Long Straight Leg Polyester Pants, Medium Stretch, With Pockets, Suitable For School, Commute, Casual Wear, Summer, Autumn And Winter White",S$17.99,https://sg.shein.com/Women-s-Long-Straight-Leg-Polyester-Pants-Medium-Stretch-With-Pockets-Suitable-For-School-Commute-Casual-Wear-Summer-Autumn-And-Winter-White-p-444722995.html?mallCode=1&pageListType=4&detailBusinessFrom=0-1_444722995%7C0-2,https://sc.ltwebstatic.com/she_dist/images/bg-grey-solid-color-fc04c1310d.png,2026-05-31T16:13:47+08:00,,,,,
450499685,1,4,"1,2,6,7","Y2K Style Pink Hibiscus Graphic Women's Retro Surfing Casual T-Shirt, Enjoy Every Moment Of Summer Ladies Vintage Beach Holiday Loose Top",S$1.64,https://sg.shein.com/Y2K-Style-Pink-Hibiscus-Graphic-Women-s-Retro-Surfing-Casual-T-Shirt-Enjoy-Every-Moment-Of-Summer-Ladies-Vintage-Beach-Holiday-Loose-Top-p-450499685.html?mallCode=1&pageListType=4&detailBusinessFrom=0-1_450499685%7C0-2,https://sc.ltwebstatic.com/she_dist/images/bg-grey-solid-color-fc04c1310d.png,2026-05-31T16:13:47+08:00,,,,,Save S$1.64
384050504,1,2,"1,2","Women's Fashion Polyester Spaghetti Strap Criss-Cross Ribbed Knit Camisole Tank Top, Regular Length Casual Summer",S$0.75,https://sg.shein.com/Women-s-Fashion-Polyester-Spaghetti-Strap-Criss-Cross-Ribbed-Knit-Camisole-Tank-Top-Regular-Length-Casual-Summer-p-384050504.html?mallCode=1&pageListType=4&detailBusinessFrom=0-1_384050504%7C0-2,https://sc.ltwebstatic.com/she_dist/images/bg-grey-solid-color-fc04c1310d.png,2026-05-31T16:13:47+08:00,,,,,Save S$0.75
71638003,1,1,1,DAZY Women's Summer 2 In 1 Ruffled Bowknot Short Sleeve T-Shirt,S$1.50,https://sg.shein.com/DAZY-Women-s-Summer-2-In-1-Ruffled-Bowknot-Short-Sleeve-T-Shirt-p-71638003.html?mallCode=1&pageListType=4&detailBusinessFrom=0-1_71638003%7C0-2,https://sc.ltwebstatic.com/she_dist/images/bg-grey-solid-color-fc04c1310d.png,2026-05-31T16:13:47+08:00,,,,,Save S$1.50
27962844,1,2,"1,2",Dazy-Less Solid Color Rib Knit V-Neck Short Sleeve T-Shirt Old Money Style Summer Business Casual Woman Work Clothes,S$0.86,https://sg.shein.com/Dazy-Less-Solid-Color-Rib-Knit-V-Neck-Short-Sleeve-T-Shirt-Old-Money-Style-Summer-Business-Casual-Woman-Work-Clothes-p-27962844.html?mallCode=1&pageListType=4&detailBusinessFrom=0-1_27962844%7C0-2,https://sc.ltwebstatic.com/she_dist/images/bg-grey-solid-color-fc04c1310d.png,2026-05-31T16:13:47+08:00,,,,,Save S$0.86
427911831,1,1,1,"Women's New Casual Cute Pattern Loose Versatile Round Neck Short Sleeve T-Shirt, Fashionable Daily Vacation Wear. Women's Printed Short Sleeve T-Shirt, Suitable For Valentine's Day, Back To School Season, Teacher's Day And Other Holidays. Summer",S$6.99,https://sg.shein.com/Women-s-New-Casual-Cute-Pattern-Loose-Versatile-Round-Neck-Short-Sleeve-T-Shirt-Fashionable-Daily-Vacation-Wear-Women-s-Printed-Short-Sleeve-T-Shirt-Suitable-For-Valentine-s-Day-Back-To-School-Season-Teacher-s-Day-And-Other-Holidays-Summer-p-427911831.html?mallCode=1&pageListType=4&detailBusinessFrom=0-1_427911831%7C0-2,https://sc.ltwebstatic.com/she_dist/images/bg-grey-solid-color-fc04c1310d.png,2026-05-31T16:13:47+08:00,,,,,
465245182,1,2,"1,2",LOTSLUV Women's Floral Print Casual Elegant Versatile Date Tea Party Outing A-Line Skirt Pink Stripe Summer,S$27.99,https://sg.shein.com/LOTSLUV-Women-s-Floral-Print-Casual-Elegant-Versatile-Date-Tea-Party-Outing-A-Line-Skirt-Pink-Stripe-Summer-p-465245182.html?mallCode=1&pageListType=4&detailBusinessFrom=0-1_465245182%7C0-2,https://sc.ltwebstatic.com/she_dist/images/bg-grey-solid-color-fc04c1310d.png,2026-05-31T16:13:47+08:00,,,,,
10887023,2,1,2,"SHEIN LUNE Shirred Waist Wide Leg Pants,Teacher Outfits For Women",S$10.49,https://sg.shein.com/SHEIN-LUNE-Shirred-Waist-Wide-Leg-Pants-Teacher-Outfits-For-Women-p-10887023.html?mallCode=1&pageListType=4&detailBusinessFrom=0-1_10887023%7C0-2,https://img.ltwebstatic.com/images3_pi/2022/06/23/16559509261c8eb45c53f792ea8833140b206738c3_thumbnail_600x.webp,2026-05-31T16:15:36+08:00,,,(1000+),,200+ sold
28911482,2,1,2,"SHEIN EZwear Casual Solid Color Cropped Camisole, Fitted Women's Tank Top Suitable For Summer",S$3.99,https://sg.shein.com/SHEIN-EZwear-Casual-Solid-Color-Cropped-Camisole-Fitted-Women-s-Tank-Top-Suitable-For-Summer-p-28911482.html?mallCode=1&pageListType=4&detailBusinessFrom=0-1_28911482%7C0-2,https://img.ltwebstatic.com/images3_pi/2024/01/10/89/170487860812e4aeae7ff829abe05b713b2de5746d_thumbnail_600x.webp,2026-05-31T16:15:36+08:00,,,(1000+),,100+ sold
474935238,2,1,2,"Firerie Women's White With Black Polka Dots Backless Spaghetti Strap Maxi Dress,Summer,Elegant,Holiday,Vacation,Holiday,Apricot,Date,Party,Afternoon Tea",S$14.99,https://sg.shein.com/Firerie-Women-s-White-With-Black-Polka-Dots-Backless-Spaghetti-Strap-Maxi-Dress-Summer-Elegant-Holiday-Vacation-Holiday-Apricot-Date-Party-Afternoon-Tea-p-474935238.html?mallCode=1&pageListType=4&detailBusinessFrom=0-1_474935238%7C0-2,https://img.ltwebstatic.com/v4/j/pi/2026/05/28/10/177994723333a7fc5ba408f4d5b77df2ffc9e01d60_thumbnail_600x.webp,2026-05-31T16:15:36+08:00,,,,,NEW
438204277,2,1,2,Women's Satin Lace Trim Spaghetti Strap Cami Top - Alluring Side Slit Khaki Summer Camisole Casual,S$8.99,https://sg.shein.com/Women-s-Satin-Lace-Trim-Spaghetti-Strap-Cami-Top-Alluring-Side-Slit-Khaki-Summer-Camisole-Casual-p-438204277.html?mallCode=1&pageListType=4&detailBusinessFrom=0-1_438204277%7C0-2,https://img.ltwebstatic.com/v4/j/ssms/2026/05/16/0b/17789227141251a47e61414f610e61b6716b00b09b_thumbnail_600x.webp,2026-05-31T16:15:36+08:00,,,,,90+ sold
339921098,2,2,"2,3","Cartoon Print Short Sleeve Mid-Length T-Shirt, Fashionable Casual Top For Women Black Summer",S$5.33,https://sg.shein.com/Cartoon-Print-Short-Sleeve-Mid-Length-T-Shirt-Fashionable-Casual-Top-For-Women-Black-Summer-p-339921098.html?mallCode=1&pageListType=4&detailBusinessFrom=0-1_339921098%7C0-2,https://img.ltwebstatic.com/v4/p/spmp/2025/12/14/45/17657061154f6690bd88595a9b22d241fc19439825_thumbnail_600x.webp,2026-05-31T16:15:36+08:00,,-3%,,,High Repeat Customers
53024029,2,1,2,DAZY Women's Casual Loose Wide Leg Jeans Low Rise Jeans,S$27.99,https://sg.shein.com/DAZY-Women-s-Casual-Loose-Wide-Leg-Jeans-Low-Rise-Jeans-p-53024029.html?mallCode=1&pageListType=4&detailBusinessFrom=0-1_53024029%7C0-2,https://img.ltwebstatic.com/images3_pi/2025/01/09/6f/1736389210625028438e9b7d382b118125e670c009_thumbnail_600x.webp,2026-05-31T16:15:36+08:00,,,(1000+),,100+ sold
436417412,2,1,2,"Women's Loose Fit Round Neck Fashionable Versatile Tie-Dye Printed Short Sleeve T-Shirt, American Retro Style, Spring/Summer Casual Black",S$6.99,https://sg.shein.com/Women-s-Loose-Fit-Round-Neck-Fashionable-Versatile-Tie-Dye-Printed-Short-Sleeve-T-Shirt-American-Retro-Style-Spring-Summer-Casual-Black-p-436417412.html?mallCode=1&pageListType=4&detailBusinessFrom=0-1_436417412%7C0-2,https://img.ltwebstatic.com/v4/j/spmp/2026/04/10/83/1775789151344ec45d1437c2590cc28dafccfa0c0b_thumbnail_600x.webp,2026-05-31T16:15:36+08:00,,,,,
343618861,2,2,"2,5","Summer Spaghetti Strap Backless Beaded Floral Print Bohemian Style Maxi Dress, Casual Elegant For Wedding, Party, Beach, Suitable For Valentine's Day, Graduation, Holidays, Daily Wear",S$10.39,https://sg.shein.com/Summer-Spaghetti-Strap-Backless-Beaded-Floral-Print-Bohemian-Style-Maxi-Dress-Casual-Elegant-For-Wedding-Party-Beach-Suitable-For-Valentine-s-Day-Graduation-Holidays-Daily-Wear-p-343618861.html?mallCode=1&pageListType=4&detailBusinessFrom=0-1_343618861%7C0-2,https://img.ltwebstatic.com/v4/j/spmp/2025/12/25/98/176665383506333348410e57652ba2ddd8aa8da6c1_thumbnail_600x.webp,2026-05-31T16:15:36+08:00,,-20%,,,
411470187,2,2,"2,6","SHEIN EZwear Casual Minimalist Round Neck Short Sleeve Loose Women T-Shirt With Number 23 Print,Summer Top",S$0.91,https://sg.shein.com/SHEIN-EZwear-Casual-Minimalist-Round-Neck-Short-Sleeve-Loose-Women-T-Shirt-With-Number-23-Print-Summer-Top-p-411470187.html?mallCode=1&pageListType=4&detailBusinessFrom=0-1_411470187%7C0-2,https://img.ltwebstatic.com/v4/j/pi/2026/03/02/f7/17724177402c7bde183abdf638eb5570b2b6e24053_thumbnail_600x.webp,2026-05-31T16:15:36+08:00,,,,,Save S$0.91
410034995,2,1,2,"Summer U-Neck Short Sleeve T-Shirt, Icy Snowflake Fabric Breathable Loose Casual Top, Suitable For Daily Wear White",S$7.19,https://sg.shein.com/Summer-U-Neck-Short-Sleeve-T-Shirt-Icy-Snowflake-Fabric-Breathable-Loose-Casual-Top-Suitable-For-Daily-Wear-White-p-410034995.html?mallCode=1&pageListType=4&detailBusinessFrom=0-1_410034995%7C0-2,https://img.ltwebstatic.com/v4/j/ssms/2026/03/16/de/177366274449fca221a6193e10c2c4e08d688996d8_thumbnail_600x.webp,2026-05-31T16:15:36+08:00,,-4%,,,
435049504,2,1,2,"JUTU V-Neck Loose Fit White & Red Contrast Stripe Letter Print Short Sleeve Knit T-Shirt, Sweet & Charming Summer Top For Casual Wear",S$1.20,https://sg.shein.com/JUTU-V-Neck-Loose-Fit-White-Red-Contrast-Stripe-Letter-Print-Short-Sleeve-Knit-T-Shirt-Sweet-Charming-Summer-Top-For-Casual-Wear-p-435049504.html?mallCode=1&pageListType=4&detailBusinessFrom=0-1_435049504%7C0-2,https://img.ltwebstatic.com/v4/j/spmp/2026/04/06/e6/17754382168e8d2ce89007d25dfc794cceab2ee2fe_thumbnail_600x.webp,2026-05-31T16:15:36+08:00,,,,,Save S$1.20
50829060,2,3,"2,6,7","Women's Light Blue Straight Leg Jeans, Washed Effect, Non-Stretch Fabric, With Pockets, Zipper And Button Details, Long Casual Style, Non-Stretch, Casual Elegant Style, Summer Wear, Concert Outfit, Holiday Outfit, 90% Cotton",S$22.49,https://sg.shein.com/Women-s-Light-Blue-Straight-Leg-Jeans-Washed-Effect-Non-Stretch-Fabric-With-Pockets-Zipper-And-Button-Details-Long-Casual-Style-Non-Stretch-Casual-Elegant-Style-Summer-Wear-Concert-Outfit-Holiday-Outfit-90-Cotton-p-50829060.html?mallCode=1&pageListType=4&detailBusinessFrom=0-1_50829060%7C0-2,https://img.ltwebstatic.com/v4/j/spmp/2026/05/30/dc/1780111029d6c24527c5aa935bec4c943750512179_thumbnail_600x.webp,2026-05-31T16:15:36+08:00,,90%,,,
429746668,2,1,2,"Women's Fashion Satin Camisole Top With Tie Neck, Regular Length Casual Blouse White Summer",S$9.99,https://sg.shein.com/Women-s-Fashion-Satin-Camisole-Top-With-Tie-Neck-Regular-Length-Casual-Blouse-White-Summer-p-429746668.html?mallCode=1&pageListType=4&detailBusinessFrom=0-1_429746668%7C0-2,https://img.ltwebstatic.com/v4/j/spmp/2026/04/16/2a/17763176878cfb5a9dca7fb91ec04945bd23a14543_thumbnail_600x.webp,2026-05-31T16:15:36+08:00,,,,,50+ sold
469985695,2,1,2,"Hauture Women's Sexy Zebra Print Backless Mini Halter Dress, Summer",S$28.49,https://sg.shein.com/Hauture-Women-s-Sexy-Zebra-Print-Backless-Mini-Halter-Dress-Summer-p-469985695.html?mallCode=1&pageListType=4&detailBusinessFrom=0-1_469985695%7C0-2,https://img.ltwebstatic.com/v4/j/pi/2026/05/15/c0/1778840314bac1028cf17880e6e4dd5b6d7ebb3d8c_thumbnail_600x.webp,2026-05-31T16:15:36+08:00,,,,,NEW
437827266,2,1,2,"Muchica Women's Loose T-Shirt,Light Yellow Beige Horse Print Round Neck Short Sleeve Summer Top,Retro Collegiate Streetwear,School Back-To-School,Summmer",S$7.99,https://sg.shein.com/Muchica-Women-s-Loose-T-Shirt-Light-Yellow-Beige-Horse-Print-Round-Neck-Short-Sleeve-Summer-Top-Retro-Collegiate-Streetwear-School-Back-To-School-Summmer-p-437827266.html?mallCode=1&pageListType=4&detailBusinessFrom=0-1_437827266%7C0-2,https://img.ltwebstatic.com/v4/j/pi/2026/04/18/80/17765248094c781bcd914661af5903cb66e76249a6_thumbnail_600x.webp,2026-05-31T16:15:36+08:00,,,,,
434485239,2,1,2,"Attitoon Women's Casual Retro I Love NY Graphic T-Shirt,Black And White Summmer Street Wear Y2k City Break V-Neck Halter Tie-Up Contrast Color Short Sleeve Top",S$1.30,https://sg.shein.com/Attitoon-Women-s-Casual-Retro-I-Love-NY-Graphic-T-Shirt-Black-And-White-Summmer-Street-Wear-Y2k-City-Break-V-Neck-Halter-Tie-Up-Contrast-Color-Short-Sleeve-Top-p-434485239.html?mallCode=1&pageListType=4&detailBusinessFrom=0-1_434485239%7C0-2,https://img.ltwebstatic.com/v4/j/pi/2026/05/05/6d/1777953188a7875424fa06945d4919986d96a45e3b_thumbnail_600x.webp,2026-05-31T16:15:36+08:00,,,,,Save S$1.30
441889172,2,3,"2,3,6","Easowa Women's Casual Minimalist Round Neck Fitted Short Sleeve T-Shirt, Suitable For Spring/Summer,Summer Top",S$5.99,https://sg.shein.com/Easowa-Women-s-Casual-Minimalist-Round-Neck-Fitted-Short-Sleeve-T-Shirt-Suitable-For-Spring-Summer-Summer-Top-p-441889172.html?mallCode=1&pageListType=4&detailBusinessFrom=0-1_441889172%7C0-2,https://img.ltwebstatic.com/v4/j/pi/2026/04/13/3c/1776049010918ba89f8cb7d61e93c5e71cb4a893a7_thumbnail_600x.webp,2026-05-31T16:15:36+08:00,,,,,
120661178,2,3,"2,3,6",Sweetra Women's Casual Solid Color Tank Top For Summer,S$17.99,https://sg.shein.com/Sweetra-Women-s-Casual-Solid-Color-Tank-Top-For-Summer-p-120661178.html?mallCode=1&pageListType=4&detailBusinessFrom=0-1_120661178%7C0-2,https://img.ltwebstatic.com/v4/j/pi/2025/07/08/78/17519634840ba298d7f25af1517af4d15e6df141b9_thumbnail_600x.webp,2026-05-31T16:15:36+08:00,,,,,60+ sold
475083399,2,2,"2,5","Qadelle Women's Pink Floral,Summer,Casual,Party Short Dress,Digital Print Square Neck Petal Sleeve Elastic Cuff Waist A-Line Elegant Sophisticated Unique",S$12.99,https://sg.shein.com/Qadelle-Women-s-Pink-Floral-Summer-Casual-Party-Short-Dress-Digital-Print-Square-Neck-Petal-Sleeve-Elastic-Cuff-Waist-A-Line-Elegant-Sophisticated-Unique-p-475083399.html?mallCode=1&pageListType=4&detailBusinessFrom=0-1_475083399%7C0-2,https://img.ltwebstatic.com/v4/j/pi/2026/05/21/d1/1779326169c88e63b796c4430aa8cbd5682c2bd999_thumbnail_600x.webp,2026-05-31T16:15:36+08:00,,,,,NEW
415539093,2,1,2,Resyla 2pcs Women's Black And White Striped Camisole Set,S$9.49,https://sg.shein.com/Resyla-2pcs-Women-s-Black-And-White-Striped-Camisole-Set-p-415539093.html?mallCode=1&pageListType=4&detailBusinessFrom=0-1_415539093%7C0-2,https://img.ltwebstatic.com/v4/j/pi/2026/04/27/0c/177727704933ee50cfe1d5dc25b5bbf2e864b1ddb5_thumbnail_600x.webp,2026-05-31T16:15:36+08:00,,,,,60+ sold
71767630,2,2,"2,3",SHEIN 2pcs Women Set Casual Loose Fit Heart-Shape Embroidered Short Sleeve Top And Shorts,S$16.49,https://sg.shein.com/SHEIN-2pcs-Women-Set-Casual-Loose-Fit-Heart-Shape-Embroidered-Short-Sleeve-Top-And-Shorts-p-71767630.html?mallCode=1&pageListType=4&detailBusinessFrom=0-1_71767630%7C0-2,https://img.ltwebstatic.com/v4/j/pi/2025/06/16/f3/175003858795b64b5fb4aebe55521615a18343421b_thumbnail_600x.webp,2026-05-31T16:15:36+08:00,,,,,
365987882,2,1,2,"Women's Casual Round Neck Loose Fitting Letter & Heart Print Short Sleeve T-Shirt, Versatile For Spring/Summer White",S$6.49,https://sg.shein.com/Women-s-Casual-Round-Neck-Loose-Fitting-Letter-Heart-Print-Short-Sleeve-T-Shirt-Versatile-For-Spring-Summer-White-p-365987882.html?mallCode=1&pageListType=4&detailBusinessFrom=0-1_365987882%7C0-2,https://img.ltwebstatic.com/v4/j/spmp/2026/02/10/f2/17707005828e07bc915c0f631f5abf3e2830f42deb_thumbnail_600x.webp,2026-05-31T16:15:36+08:00,,,,,
78028194,2,1,2,Petite Women's Solid Color High Waist Casual Flare Pants Black Spring,S$8.99,https://sg.shein.com/Petite-Women-s-Solid-Color-High-Waist-Casual-Flare-Pants-Black-Spring-p-78028194.html?mallCode=1&pageListType=4&detailBusinessFrom=0-1_78028194%7C0-2,https://img.ltwebstatic.com/v4/j/spmp/2025/07/13/1a/1752395354ab1ccd2bd0463ba83f1e12fb5a731f6c_thumbnail_600x.webp,2026-05-31T16:15:36+08:00,,,(1000+),,200+ sold
475604943,2,1,2,CielaLinda Women's Embroidered Shirt Wrap Short Sleeve Mini Dress,S$24.49,https://sg.shein.com/CielaLinda-Women-s-Embroidered-Shirt-Wrap-Short-Sleeve-Mini-Dress-p-475604943.html?mallCode=1&pageListType=4&detailBusinessFrom=0-1_475604943%7C0-2,https://img.ltwebstatic.com/v4/j/pi/2026/05/20/09/17792503056c63addb81bd3ee0b2b48385869118d0_thumbnail_600x.webp,2026-05-31T16:15:36+08:00,,,,,NEW
112759121,2,1,2,"EMERY ROSE Women's Stripe Short Sleeve Single-Breasted Casual Loose Striped Shirt, Summer",S$12.49,https://sg.shein.com/EMERY-ROSE-Women-s-Stripe-Short-Sleeve-Single-Breasted-Casual-Loose-Striped-Shirt-Summer-p-112759121.html?mallCode=1&pageListType=4&detailBusinessFrom=0-1_112759121%7C0-2,https://img.ltwebstatic.com/v4/j/pi/2025/10/29/9f/1761742863c89319ec7304995d66dcdf28417ba38e_thumbnail_600x.webp,2026-05-31T16:15:36+08:00,,,,,
45813605,2,2,"2,8",SHEIN x Lina SHEIN ICON Casual Washed Retro Mid-Waist Straight Leg Jeans,S$26.49,https://sg.shein.com/SHEIN-x-Lina-SHEIN-ICON-Casual-Washed-Retro-Mid-Waist-Straight-Leg-Jeans-p-45813605.html?mallCode=1&pageListType=4&detailBusinessFrom=0-1_45813605%7C0-2,https://img.ltwebstatic.com/images3_pi/2024/10/25/c8/17298219255ab2738be7a4731fc1b1a260c86a9ade_thumbnail_600x.webp,2026-05-31T16:15:36+08:00,,,,,100+ sold
393383563,2,1,2,"2026 New Colorblock Round Neck Printed Short Sleeve T-Shirt, Loose Casual Sporty Top For Summer White",S$9.99,https://sg.shein.com/2026-New-Colorblock-Round-Neck-Printed-Short-Sleeve-T-Shirt-Loose-Casual-Sporty-Top-For-Summer-White-p-393383563.html?mallCode=1&pageListType=4&detailBusinessFrom=0-1_393383563%7C0-2,https://img.ltwebstatic.com/v4/p/spmp/2026/04/04/e6/1775302469948ec46aa45f388fab47d7be6acfcf7c_thumbnail_600x.webp,2026-05-31T16:15:36+08:00,,,,,50+ sold
368881222,2,1,2,"Cartoon Pattern Short Sleeve Mid-Length T-Shirt, Fashionable Casual Top For Women Summer",S$0.39,https://sg.shein.com/Cartoon-Pattern-Short-Sleeve-Mid-Length-T-Shirt-Fashionable-Casual-Top-For-Women-Summer-p-368881222.html?mallCode=1&pageListType=4&detailBusinessFrom=0-1_368881222%7C0-2,https://img.ltwebstatic.com/v4/p/spmp/2025/12/23/07/1766477948111ae30dfb04dbc15fc0f189f8c76291_thumbnail_600x.webp,2026-05-31T16:15:36+08:00,,,,,Save S$0.39
444400476,2,1,2,"SHEIN MOD Women's Green Floral Camisole Top And Mini Skirt 2 Piece Set,Chic Boho Summer Outfits For Holiday Vacation,Belt Bow Tie Brunch Birthday Party Outfit",S$18.99,https://sg.shein.com/SHEIN-MOD-Women-s-Green-Floral-Camisole-Top-And-Mini-Skirt-2-Piece-Set-Chic-Boho-Summer-Outfits-For-Holiday-Vacation-Belt-Bow-Tie-Brunch-Birthday-Party-Outfit-p-444400476.html?mallCode=1&pageListType=4&detailBusinessFrom=0-1_444400476%7C0-2,https://img.ltwebstatic.com/v4/j/pi/2026/05/29/d1/17800373607e30b97b4ccbf464f543e86538e1a295_thumbnail_600x.webp,2026-05-31T16:15:36+08:00,,,,,
428358680,2,1,2,"Franclia Blue And White,Summer,Smart Casual,Everyday Elegant Patchwork Shirts For Ladies' Outdoor Wear,Simple White Tops,Casual Party Festival Outfits",S$11.49,https://sg.shein.com/Franclia-Blue-And-White-Summer-Smart-Casual-Everyday-Elegant-Patchwork-Shirts-For-Ladies-Outdoor-Wear-Simple-White-Tops-Casual-Party-Festival-Outfits-p-428358680.html?mallCode=1&pageListType=4&detailBusinessFrom=0-1_428358680%7C0-2,https://img.ltwebstatic.com/v4/j/pi/2026/04/09/a4/17757252456fb40e9c10056ae1d0a0ba5d11402c38_thumbnail_600x.webp,2026-05-31T16:15:36+08:00,,,,,
337479365,2,1,2,Lalippa Women's Letter Print Lapel Short Sleeve Casual Top,S$8.49,https://sg.shein.com/Lalippa-Women-s-Letter-Print-Lapel-Short-Sleeve-Casual-Top-p-337479365.html?mallCode=1&pageListType=4&detailBusinessFrom=0-1_337479365%7C0-2,https://img.ltwebstatic.com/v4/j/pi/2026/05/11/d3/177850012607dd9661bf5487f5e9941f625a7675a8_thumbnail_600x.webp,2026-05-31T16:15:36+08:00,,,,,100+ sold
449581590,2,1,2,Vintage Washed Street Style Casual Short Sleeve New York City Graphic Print T-Shirt Black Summer,S$0.97,https://sg.shein.com/Vintage-Washed-Street-Style-Casual-Short-Sleeve-New-York-City-Graphic-Print-T-Shirt-Black-Summer-p-449581590.html?mallCode=1&pageListType=4&detailBusinessFrom=0-1_449581590%7C0-2,https://img.ltwebstatic.com/v4/j/spmp/2026/04/24/aa/1777027236c626ef5e242e609168b7b2f7570cf28d_thumbnail_600x.webp,2026-05-31T16:15:36+08:00,,,,,Save S$0.97
427479567,2,1,2,Glimmora Women's Striped Asymmetrical Shoulder Short Sleeve Casual T-Shirt,S$0.72,https://sg.shein.com/Glimmora-Women-s-Striped-Asymmetrical-Shoulder-Short-Sleeve-Casual-T-Shirt-p-427479567.html?mallCode=1&pageListType=4&detailBusinessFrom=0-1_427479567%7C0-2,https://img.ltwebstatic.com/v4/j/pi/2026/05/12/06/1778576266594bdcb044fc801ff3a3e3b3e33a9f1a_thumbnail_600x.webp,2026-05-31T16:15:36+08:00,,,,,Save S$0.72
391323567,2,1,2,"SHEIN Embroidered Fashionable Minimalist V-Neck Short Sleeve T-Shirt, Gift For Friends",S$8.99,https://sg.shein.com/SHEIN-Embroidered-Fashionable-Minimalist-V-Neck-Short-Sleeve-T-Shirt-Gift-For-Friends-p-391323567.html?mallCode=1&pageListType=4&detailBusinessFrom=0-1_391323567%7C0-2,https://img.ltwebstatic.com/v4/j/pi/2026/04/28/57/1777339628515c406491c255db5542551900bccae4_thumbnail_600x.webp,2026-05-31T16:15:36+08:00,,,,,200+ sold
477874061,2,1,2,"SHEIN BAE Women's Apricot Tight Bandage Spaghetti Strap Elegant Sexy Dress, Summer",S$29.49,https://sg.shein.com/SHEIN-BAE-Women-s-Apricot-Tight-Bandage-Spaghetti-Strap-Elegant-Sexy-Dress-Summer-p-477874061.html?mallCode=1&pageListType=4&detailBusinessFrom=0-1_477874061%7C0-2,https://img.ltwebstatic.com/v4/j/pi/2026/05/22/c8/1779441487e026e70b1b2947602b54316a83d9f986_thumbnail_600x.webp,2026-05-31T16:15:36+08:00,,,,,NEW
433833830,2,2,"2,3","Franclia White Polka Dot Lace V-Neck Short Sleeve T-Shirt Women, Ruched Waist Ruffle Hem Cropped Sweet & Spicy Style Top",S$0.82,https://sg.shein.com/Franclia-White-Polka-Dot-Lace-V-Neck-Short-Sleeve-T-Shirt-Women-Ruched-Waist-Ruffle-Hem-Cropped-Sweet-Spicy-Style-Top-p-433833830.html?mallCode=1&pageListType=4&detailBusinessFrom=0-1_433833830%7C0-2,https://img.ltwebstatic.com/v4/j/pi/2026/05/11/4a/17784784057d21312d53061adcfeb213eb42f87645_thumbnail_600x.webp,2026-05-31T16:15:36+08:00,,,,,Save S$0.82
360289262,2,1,2,"Joudiya Women's Fashionable Brown Slim Fit Cropped Spaghetti Strap Backless Camisole Tank Top, Suitable For Summer & Spring Y2k",S$0.96,https://sg.shein.com/Joudiya-Women-s-Fashionable-Brown-Slim-Fit-Cropped-Spaghetti-Strap-Backless-Camisole-Tank-Top-Suitable-For-Summer-Spring-Y2k-p-360289262.html?mallCode=1&pageListType=4&detailBusinessFrom=0-1_360289262%7C0-2,https://img.ltwebstatic.com/v4/j/pi/2026/01/12/f6/17682015994a5135bac27294b9d4cd04f3516edbc3_thumbnail_600x.webp,2026-05-31T16:15:36+08:00,,,,,Save S$0.96
316480329,2,1,2,Resyla New Lightweight Chiffon Loose Cardigan Mid-Length Top For Women,S$11.99,https://sg.shein.com/Resyla-New-Lightweight-Chiffon-Loose-Cardigan-Mid-Length-Top-For-Women-p-316480329.html?mallCode=1&pageListType=4&detailBusinessFrom=0-1_316480329%7C0-2,https://img.ltwebstatic.com/v4/j/pi/2025/12/04/cc/1764816768eac1ba1c6293259967a21896abeb9c3e_thumbnail_600x.webp,2026-05-31T16:15:36+08:00,,,,,
455884198,2,1,2,Swim Mod Dresses For Women Tea Dress Vintage Dress Lemon Print Corset Waist Maxi Dress Yellow Dress For Women Elegant Dresses For Party Dress Festival Outfits Summer Dresses For Women Lemon Print Dress Summer Maxi Dress Lace Trim Cottagecore Garden Party Picnic,S$21.49,https://sg.shein.com/Swim-Mod-Dresses-For-Women-Tea-Dress-Vintage-Dress-Lemon-Print-Corset-Waist-Maxi-Dress-Yellow-Dress-For-Women-Elegant-Dresses-For-Party-Dress-Festival-Outfits-Summer-Dresses-For-Women-Lemon-Print-Dress-Summer-Maxi-Dress-Lace-Trim-Cottagecore-Garden-Party-Picnic-p-455884198.html?mallCode=1&pageListType=4&detailBusinessFrom=0-1_455884198%7C0-2,https://img.ltwebstatic.com/v4/j/pi/2026/05/22/17/1779429199065b33d56416d64e1984dcfb225fe925_thumbnail_600x.webp,2026-05-31T16:15:36+08:00,,,,,NEW
288225924,2,2,"2,3","Women's Soft Satin V-Neck Asymmetric Lace Trim Hem Fitted Camisole Top, Semi-Sheer Eyelash Lace Design, Suitable For Date Night, Casual Street Style, And Slouchy Atmosphere, Beach Vacation Outfit Black Summer",S$8.49,https://sg.shein.com/Women-s-Soft-Satin-V-Neck-Asymmetric-Lace-Trim-Hem-Fitted-Camisole-Top-Semi-Sheer-Eyelash-Lace-Design-Suitable-For-Date-Night-Casual-Street-Style-And-Slouchy-Atmosphere-Beach-Vacation-Outfit-Black-Summer-p-288225924.html?mallCode=1&pageListType=4&detailBusinessFrom=0-1_288225924%7C0-2,https://img.ltwebstatic.com/v4/j/spmp/2026/02/17/ca/1771301407eb036a493c0b1fb3a1c924a64ea1adb4_thumbnail_600x.webp,2026-05-31T16:15:36+08:00,,,,,60+ sold
395054189,2,2,"2,8","Backless Sexy Camisole Top For Women With Padded Bra, Sleeveless Cami Top, Summer Casual Black",S$7.49,https://sg.shein.com/Backless-Sexy-Camisole-Top-For-Women-With-Padded-Bra-Sleeveless-Cami-Top-Summer-Casual-Black-p-395054189.html?mallCode=1&pageListType=4&detailBusinessFrom=0-1_395054189%7C0-2,https://img.ltwebstatic.com/v4/j/spmp/2026/03/02/8b/1772420205bdadc545a9868b6bd7bf47995201a96a_thumbnail_600x.webp,2026-05-31T16:15:36+08:00,,,,,100+ sold
440496653,2,1,2,"White Sexy Slim Fit Asymmetrical Shoulder Short Sleeve T-Shirt For Women, Summer New Arrival Casual",S$5.99,https://sg.shein.com/White-Sexy-Slim-Fit-Asymmetrical-Shoulder-Short-Sleeve-T-Shirt-For-Women-Summer-New-Arrival-Casual-p-440496653.html?mallCode=1&pageListType=4&detailBusinessFrom=0-1_440496653%7C0-2,https://img.ltwebstatic.com/v4/j/spmp/2026/04/04/c9/17753037293a8901896872e2fbd84f855171585b35_thumbnail_600x.webp,2026-05-31T16:15:36+08:00,,,,,
473893151,2,1,2,"SHEIN PETITE Plain Color Casual Pants With Pockets, Minimalist Design, Versatile Daily Wear With Belt Loops",S$22.49,https://sg.shein.com/SHEIN-PETITE-Plain-Color-Casual-Pants-With-Pockets-Minimalist-Design-Versatile-Daily-Wear-With-Belt-Loops-p-473893151.html?mallCode=1&pageListType=4&detailBusinessFrom=0-1_473893151%7C0-2,https://img.ltwebstatic.com/v4/j/pi/2026/05/26/68/17797935704e01fc3e5e96c1d6f3838fb05224f529_thumbnail_600x.webp,2026-05-31T16:15:36+08:00,,-4%,,,
454486752,2,1,2,"Women's Summer New Casual Slim Fit Round Neck Short Sleeve T-Shirt, Fashionable And Versatile, Comfortable For Daily Casual Wear. White",S$2.42,https://sg.shein.com/Women-s-Summer-New-Casual-Slim-Fit-Round-Neck-Short-Sleeve-T-Shirt-Fashionable-And-Versatile-Comfortable-For-Daily-Casual-Wear-White-p-454486752.html?mallCode=1&pageListType=4&detailBusinessFrom=0-1_454486752%7C0-2,https://img.ltwebstatic.com/v4/j/spmp/2026/05/05/8e/1777980833baf333d273c7f223fa426233bc109b29_thumbnail_600x.webp,2026-05-31T16:15:36+08:00,,-3%,,,
337017431,2,1,2,Sweetra Streetwear Women's Half-Open Cuff Eyelet Lace Trim Solid Color Short Sleeve T-Shirt,S$1.26,https://sg.shein.com/Sweetra-Streetwear-Women-s-Half-Open-Cuff-Eyelet-Lace-Trim-Solid-Color-Short-Sleeve-T-Shirt-p-337017431.html?mallCode=1&pageListType=4&detailBusinessFrom=0-1_337017431%7C0-2,https://img.ltwebstatic.com/v4/j/pi/2025/12/23/6d/17664848030ec4a045a5be8b8cb2ad7b91ca4b102b_thumbnail_600x.webp,2026-05-31T16:15:36+08:00,,,,,Save S$1.26
321826619,2,1,2,"FavEase Women Light Pink V-Neck Long Sleeve Cropped Tight T-Shirt,Highly Elastic Soft Wrap Yoga Fitness Sports Top,Minimalist Summer Casual Brunch Essential",S$7.99,https://sg.shein.com/FavEase-Women-Light-Pink-V-Neck-Long-Sleeve-Cropped-Tight-T-Shirt-Highly-Elastic-Soft-Wrap-Yoga-Fitness-Sports-Top-Minimalist-Summer-Casual-Brunch-Essential-p-321826619.html?mallCode=1&pageListType=4&detailBusinessFrom=0-1_321826619%7C0-2,https://img.ltwebstatic.com/v4/j/pi/2026/04/18/37/17764830329dcd19ced88c80895efdf335aaf1075b_thumbnail_600x.webp,2026-05-31T16:15:36+08:00,,,,,100+ sold
414456811,2,1,2,"EMERY ROSE Women's Elegant Boho Beige Summer Vacation Shirt,Black & White Floral Silhouette Print 3/4 Sleeve Casual Retro Spring Beach Resort Outfit",S$1.14,https://sg.shein.com/EMERY-ROSE-Women-s-Elegant-Boho-Beige-Summer-Vacation-Shirt-Black-White-Floral-Silhouette-Print-3-4-Sleeve-Casual-Retro-Spring-Beach-Resort-Outfit-p-414456811.html?mallCode=1&pageListType=4&detailBusinessFrom=0-1_414456811%7C0-2,https://img.ltwebstatic.com/v4/j/pi/2026/01/13/40/17682826718c1aa3136b8d616109806803acae405a_thumbnail_600x.webp,2026-05-31T16:15:36+08:00,,,,,Save S$1.14
483670154,2,2,"2,5",NYA SZN Dress Maxi Length Head Scarf Cowl Neck Dress,S$28.99,https://sg.shein.com/NYA-SZN-Dress-Maxi-Length-Head-Scarf-Cowl-Neck-Dress-p-483670154.html?mallCode=1&pageListType=4&detailBusinessFrom=0-1_483670154%7C0-2,https://img.ltwebstatic.com/v4/j/pi/2026/05/27/19/17798620294da1082389b3be070e70355bda57eddf_thumbnail_600x.webp,2026-05-31T16:15:36+08:00,,,,,NEW
395396134,2,1,2,Everyssa 2pcs Women Contrast Color Short Sleeve Top And Shorts Set,S$16.49,https://sg.shein.com/Everyssa-2pcs-Women-Contrast-Color-Short-Sleeve-Top-And-Shorts-Set-p-395396134.html?mallCode=1&pageListType=4&detailBusinessFrom=0-1_395396134%7C0-2,https://img.ltwebstatic.com/v4/j/pi/2026/02/02/15/1770022851eafa1494e4b50abf40d4fb3e19c047d7_thumbnail_600x.webp,2026-05-31T16:15:36+08:00,,,,,
96874959,2,1,2,"Easowa Women's Textured Fabric Round Neck Short Sleeve Beige T-Shirt, Summer Knit Top Women Knitted Tops Cream Sweater Teacher Shirts",S$9.49,https://sg.shein.com/Easowa-Women-s-Textured-Fabric-Round-Neck-Short-Sleeve-Beige-T-Shirt-Summer-Knit-Top-Women-Knitted-Tops-Cream-Sweater-Teacher-Shirts-p-96874959.html?mallCode=1&pageListType=4&detailBusinessFrom=0-1_96874959%7C0-2,https://img.ltwebstatic.com/v4/j/pi/2025/07/11/ea/1752215974c049c220f88825e88cdff030ae523f82_thumbnail_600x.webp,2026-05-31T16:15:36+08:00,,,,,
112988801,2,2,"2,3",Vintage Blue Plaid Polo Collar Short Sleeve Shirt Summer,S$14.49,https://sg.shein.com/Vintage-Blue-Plaid-Polo-Collar-Short-Sleeve-Shirt-Summer-p-112988801.html?mallCode=1&pageListType=4&detailBusinessFrom=0-1_112988801%7C0-2,https://img.ltwebstatic.com/v4/j/ssms/2026/04/29/43/17774435897fb83a0eb4ba29049a03c5ea466102a5_thumbnail_600x.webp,2026-05-31T16:15:36+08:00,,,,,
296853044,2,1,2,"Attitoon Women's Lobster Print Slim Fit T-Shirt,Casual Crew Neck Short Sleeve Graphic Tees,Red White And Blue,Summer,Streetwear,City Break,Vacations",S$9.49,https://sg.shein.com/Attitoon-Women-s-Lobster-Print-Slim-Fit-T-Shirt-Casual-Crew-Neck-Short-Sleeve-Graphic-Tees-Red-White-And-Blue-Summer-Streetwear-City-Break-Vacations-p-296853044.html?mallCode=1&pageListType=4&detailBusinessFrom=0-1_296853044%7C0-2,https://img.ltwebstatic.com/v4/j/pi/2025/11/20/ca/17636350130e96dc089f97b627b727906b0a537234_thumbnail_600x.webp,2026-05-31T16:15:36+08:00,,,,,
416924964,2,1,2,"Resyla Striped Digital Print, Bow Embroidery Fashionable Minimalist Women's Regular Crew Neck T-Shirt, Gift For Friends",S$0.93,https://sg.shein.com/Resyla-Striped-Digital-Print-Bow-Embroidery-Fashionable-Minimalist-Women-s-Regular-Crew-Neck-T-Shirt-Gift-For-Friends-p-416924964.html?mallCode=1&pageListType=4&detailBusinessFrom=0-1_416924964%7C0-2,https://img.ltwebstatic.com/v4/j/pi/2026/03/09/b1/177302427699d4ab6871823be453f35cdb1cdf359b_thumbnail_600x.webp,2026-05-31T16:15:36+08:00,,,,,Save S$0.93
475328330,2,1,2,"SHEIN Unity Sexy Square Neck Backless Tie-Waist Orange Woven Mini Dress With Puff Sleeves, Suitable For Vacation, Beach, Summer",S$14.99,https://sg.shein.com/SHEIN-Unity-Sexy-Square-Neck-Backless-Tie-Waist-Orange-Woven-Mini-Dress-With-Puff-Sleeves-Suitable-For-Vacation-Beach-Summer-p-475328330.html?mallCode=1&pageListType=4&detailBusinessFrom=0-1_475328330%7C0-2,https://img.ltwebstatic.com/v4/j/pi/2026/05/20/a9/1779206567d529a4058745579539d38c24f07f6fa3_thumbnail_600x.webp,2026-05-31T16:15:36+08:00,,,,,NEW
460410190,2,3,"2,7,10","Franclia Women's Elegant Blue And White Stripe Ruffle Flare Cap Sleeve Blouse,V-Neck Pullover Shirt,Summer Vacation,Work,Brunch Casual Versatile Printed Top",S$8.49,https://sg.shein.com/Franclia-Women-s-Elegant-Blue-And-White-Stripe-Ruffle-Flare-Cap-Sleeve-Blouse-V-Neck-Pullover-Shirt-Summer-Vacation-Work-Brunch-Casual-Versatile-Printed-Top-p-460410190.html?mallCode=1&pageListType=4&detailBusinessFrom=0-1_460410190%7C0-2,https://img.ltwebstatic.com/v4/j/pi/2026/05/04/e1/17779043262bb994a63e38858f05ad92d5cc75c721_thumbnail_600x.webp,2026-05-31T16:15:36+08:00,,,,,
461067711,2,1,2,SHEIN Holidaya Square Collar Crop Top With Ruched Hem And Layered Flutter Sleeves In Black Peplum Top,S$12.49,https://sg.shein.com/SHEIN-Holidaya-Square-Collar-Crop-Top-With-Ruched-Hem-And-Layered-Flutter-Sleeves-In-Black-Peplum-Top-p-461067711.html?mallCode=1&pageListType=4&detailBusinessFrom=0-1_461067711%7C0-2,https://img.ltwebstatic.com/v4/j/pi/2026/05/06/cf/1778052076946d4de3dd557ade72d3b736642d81ff_thumbnail_600x.webp,2026-05-31T16:15:36+08:00,,,,,
447721643,2,1,2,"Glimmora Lace Trim Slim Fit Camisole, Versatile And Slimming, Summer",S$7.99,https://sg.shein.com/Glimmora-Lace-Trim-Slim-Fit-Camisole-Versatile-And-Slimming-Summer-p-447721643.html?mallCode=1&pageListType=4&detailBusinessFrom=0-1_447721643%7C0-2,https://img.ltwebstatic.com/v4/j/pi/2026/05/05/44/177796274825b62a971de477127f4c60b17c7a7b50_thumbnail_600x.webp,2026-05-31T16:15:36+08:00,,,,,
477162573,2,1,2,Soleia Women's Vacation Solid Color Twist Design Asymmetric Hem Spaghetti Strap Midi Dress,S$25.49,https://sg.shein.com/Soleia-Women-s-Vacation-Solid-Color-Twist-Design-Asymmetric-Hem-Spaghetti-Strap-Midi-Dress-p-477162573.html?mallCode=1&pageListType=4&detailBusinessFrom=0-1_477162573%7C0-2,https://img.ltwebstatic.com/v4/j/pi/2026/05/21/2b/1779358896dbf77931f08dda223e2fc46ba99026d5_thumbnail_600x.webp,2026-05-31T16:15:36+08:00,,,,,NEW
454648194,2,2,"2,3",Glimmora Women's Fitted Raglan Short Sleeve Crew Neck T-Shirt With White Printed Graphic,S$6.99,https://sg.shein.com/Glimmora-Women-s-Fitted-Raglan-Short-Sleeve-Crew-Neck-T-Shirt-With-White-Printed-Graphic-p-454648194.html?mallCode=1&pageListType=4&detailBusinessFrom=0-1_454648194%7C0-2,https://img.ltwebstatic.com/v4/j/pi/2026/04/25/bc/1777087194812945d06843f615fbf6862273db924a_thumbnail_600x.webp,2026-05-31T16:15:36+08:00,,,,,
57183320,2,1,2,"Women's Casual Loose Gray Puppy Printed Round Neck Short Sleeve T-Shirt, Breathable Street Wear For Summer",S$1.05,https://sg.shein.com/Women-s-Casual-Loose-Gray-Puppy-Printed-Round-Neck-Short-Sleeve-T-Shirt-Breathable-Street-Wear-For-Summer-p-57183320.html?mallCode=1&pageListType=4&detailBusinessFrom=0-1_57183320%7C0-2,https://img.ltwebstatic.com/v4/j/spmp/2026/03/12/7c/177329999521df3d9af03291082a6be62c7bb27b98_thumbnail_600x.webp,2026-05-31T16:15:36+08:00,,,,,Save S$1.05
447165152,2,2,"2,8",SHEIN Women's Elegant Vacation Style Polka Dot Print Contrast Lace Slim Fit Camisole Top,S$8.99,https://sg.shein.com/SHEIN-Women-s-Elegant-Vacation-Style-Polka-Dot-Print-Contrast-Lace-Slim-Fit-Camisole-Top-p-447165152.html?mallCode=1&pageListType=4&detailBusinessFrom=0-1_447165152%7C0-2,https://img.ltwebstatic.com/v4/j/pi/2026/04/20/19/1776651502db41031c71db31780feea33c2573d424_thumbnail_600x.webp,2026-05-31T16:15:36+08:00,,,,,100+ sold
328358296,2,1,2,"SHEIN New York Letter Graphic Casual Short Sleeve Round Neck White T-Shirt, Summer",S$6.43,https://sg.shein.com/SHEIN-New-York-Letter-Graphic-Casual-Short-Sleeve-Round-Neck-White-T-Shirt-Summer-p-328358296.html?mallCode=1&pageListType=4&detailBusinessFrom=0-1_328358296%7C0-2,https://img.ltwebstatic.com/v4/j/pi/2026/05/01/4a/17775653726a18f87d247400966af6d38b30c9a1f2_thumbnail_600x.webp,2026-05-31T16:15:36+08:00,,-8%,,,200+ sold
54389604,2,1,2,"DAZY Women's Loose Pleated Solid Color Casual Sports Pants, Spring Fall Sweatpants",S$2.28,https://sg.shein.com/DAZY-Women-s-Loose-Pleated-Solid-Color-Casual-Sports-Pants-Spring-Fall-Sweatpants-p-54389604.html?mallCode=1&pageListType=4&detailBusinessFrom=0-1_54389604%7C0-2,https://img.ltwebstatic.com/v4/j/pi/2025/08/15/ef/17552453986382093448a31de88db69856e3398997_thumbnail_600x.webp,2026-05-31T16:15:36+08:00,,,,,Save S$2.28
465618032,2,1,2,"MIUSOL Floral Lace Cap Sleeve Chiffon Ribbon Waist Formal Party Maxi Dress,Elegant Party Dress For Women,Prom Dress,For Wedding Guest,Graduation,Dinner",S$47.09,https://sg.shein.com/MIUSOL-Floral-Lace-Cap-Sleeve-Chiffon-Ribbon-Waist-Formal-Party-Maxi-Dress-Elegant-Party-Dress-For-Women-Prom-Dress-For-Wedding-Guest-Graduation-Dinner-p-465618032.html?mallCode=1&pageListType=4&detailBusinessFrom=0-1_465618032%7C0-2,https://img.ltwebstatic.com/v4/j/spmp/2026/05/21/31/1779353251d75f0c87a808d8fe3191a75086d10c15_thumbnail_600x.webp,2026-05-31T16:15:36+08:00,,-10%,,,
420329361,2,2,"2,3","SHEIN Striped Minimalist Women's Camisole, Gift For Friends",S$0.54,https://sg.shein.com/SHEIN-Striped-Minimalist-Women-s-Camisole-Gift-For-Friends-p-420329361.html?mallCode=1&pageListType=4&detailBusinessFrom=0-1_420329361%7C0-2,https://sc.ltwebstatic.com/she_dist/images/bg-grey-solid-color-fc04c1310d.png,2026-05-31T16:15:36+08:00,,,,,Save S$0.54
369080564,2,1,2,"Cartoon Headphone Print Short Sleeve Mid-Length T-Shirt, Fashionable Casual Top For Women Summer",S$5.33,https://sg.shein.com/Cartoon-Headphone-Print-Short-Sleeve-Mid-Length-T-Shirt-Fashionable-Casual-Top-For-Women-Summer-p-369080564.html?mallCode=1&pageListType=4&detailBusinessFrom=0-1_369080564%7C0-2,https://sc.ltwebstatic.com/she_dist/images/bg-grey-solid-color-fc04c1310d.png,2026-05-31T16:15:36+08:00,,-3%,,,50+ sold
384787142,2,1,2,"New Elegant Casual Knit Cardigan, Solid Color Round Neck Long Sleeve Single Button Sheer Design, Fashion Minimalist Commuting Delicate Thin Knit Cardigan, Sun Protection Thin Knit Slouchy Cardigan, Outerwear For Outing And Vacation, Women Street Fashion Summer",S$17.99,https://sg.shein.com/New-Elegant-Casual-Knit-Cardigan-Solid-Color-Round-Neck-Long-Sleeve-Single-Button-Sheer-Design-Fashion-Minimalist-Commuting-Delicate-Thin-Knit-Cardigan-Sun-Protection-Thin-Knit-Slouchy-Cardigan-Outerwear-For-Outing-And-Vacation-Women-Street-Fashion-Summer-p-384787142.html?mallCode=1&pageListType=4&detailBusinessFrom=0-1_384787142%7C0-2,https://sc.ltwebstatic.com/she_dist/images/bg-grey-solid-color-fc04c1310d.png,2026-05-31T16:15:36+08:00,,,,,50+ sold
408599997,2,1,2,"Qadelle Women's Elegant Color Block Short Sleeve Blouse, Summer",S$10.49,https://sg.shein.com/Qadelle-Women-s-Elegant-Color-Block-Short-Sleeve-Blouse-Summer-p-408599997.html?mallCode=1&pageListType=4&detailBusinessFrom=0-1_408599997%7C0-2,https://sc.ltwebstatic.com/she_dist/images/bg-grey-solid-color-fc04c1310d.png,2026-05-31T16:15:36+08:00,,,,,50+ sold
369463631,2,1,2,Resyla Women's 2 Pieces Casual & Sporty Summer Outfit,S$16.99,https://sg.shein.com/Resyla-Women-s-2-Pieces-Casual-Sporty-Summer-Outfit-p-369463631.html?mallCode=1&pageListType=4&detailBusinessFrom=0-1_369463631%7C0-2,https://sc.ltwebstatic.com/she_dist/images/bg-grey-solid-color-fc04c1310d.png,2026-05-31T16:15:36+08:00,,,,,
479066550,2,1,2,"Celisse French Elegant Ditsy Floral Waist Flared A-Line Midi Dress, Suitable For Spring/Summer Holiday",S$27.49,https://sg.shein.com/Celisse-French-Elegant-Ditsy-Floral-Waist-Flared-A-Line-Midi-Dress-Suitable-For-Spring-Summer-Holiday-p-479066550.html?mallCode=1&pageListType=4&detailBusinessFrom=0-1_479066550%7C0-2,https://sc.ltwebstatic.com/she_dist/images/bg-grey-solid-color-fc04c1310d.png,2026-05-31T16:15:36+08:00,,,,,NEW
175348657,2,1,2,"SHEIN Women's Fitted T-Shirt With English Letter Print, Slimming & Elegant Style, European & American",S$6.49,https://sg.shein.com/SHEIN-Women-s-Fitted-T-Shirt-With-English-Letter-Print-Slimming-Elegant-Style-European-American-p-175348657.html?mallCode=1&pageListType=4&detailBusinessFrom=0-1_175348657%7C0-2,https://sc.ltwebstatic.com/she_dist/images/bg-grey-solid-color-fc04c1310d.png,2026-05-31T16:15:36+08:00,,,,,
437589684,2,1,2,"Solid Color Loose Linen Asymmetric Hem T-Shirt, Loose 3/4 Sleeve Round Neck Top, Relaxed Fit Slimming Design, Loose Batwing Sleeve Unique Top, Suitable For Commute And Casual Wear Summer",S$12.99,https://sg.shein.com/Solid-Color-Loose-Linen-Asymmetric-Hem-T-Shirt-Loose-3-4-Sleeve-Round-Neck-Top-Relaxed-Fit-Slimming-Design-Loose-Batwing-Sleeve-Unique-Top-Suitable-For-Commute-And-Casual-Wear-Summer-p-437589684.html?mallCode=1&pageListType=4&detailBusinessFrom=0-1_437589684%7C0-2,https://sc.ltwebstatic.com/she_dist/images/bg-grey-solid-color-fc04c1310d.png,2026-05-31T16:15:36+08:00,,,,,
30484746,2,2,"2,3",SHEIN MOD Women's Blue & White Striped High Waist Alphabet Embroidery Detail Elastic Waist Shorts,S$7.99,https://sg.shein.com/SHEIN-MOD-Women-s-Blue-White-Striped-High-Waist-Alphabet-Embroidery-Detail-Elastic-Waist-Shorts-p-30484746.html?mallCode=1&pageListType=4&detailBusinessFrom=0-1_30484746%7C0-2,https://sc.ltwebstatic.com/she_dist/images/bg-grey-solid-color-fc04c1310d.png,2026-05-31T16:15:36+08:00,,,,,
391306229,2,1,2,Franclia Women's Solid Color Halter Casual Versatile Daily Wear Top,S$6.49,https://sg.shein.com/Franclia-Women-s-Solid-Color-Halter-Casual-Versatile-Daily-Wear-Top-p-391306229.html?mallCode=1&pageListType=4&detailBusinessFrom=0-1_391306229%7C0-2,https://sc.ltwebstatic.com/she_dist/images/bg-grey-solid-color-fc04c1310d.png,2026-05-31T16:15:36+08:00,,,,,70+ sold
77981068,2,2,"2,3","Resyla Women's Solid Color Button-Front Casual Short Sleeve Shirt, Summer",S$11.49,https://sg.shein.com/Resyla-Women-s-Solid-Color-Button-Front-Casual-Short-Sleeve-Shirt-Summer-p-77981068.html?mallCode=1&pageListType=4&detailBusinessFrom=0-1_77981068%7C0-2,https://sc.ltwebstatic.com/she_dist/images/bg-grey-solid-color-fc04c1310d.png,2026-05-31T16:15:36+08:00,,,,,80+ sold
456888409,2,1,2,"SHEIN MOD Women's High Waist Pink Floral Summer Elegant Vacation Midi Skirt,Ruched Side Drawstring Pleated Asymmetric Hem,Vintage Party Prom Skirt",S$15.49,https://sg.shein.com/SHEIN-MOD-Women-s-High-Waist-Pink-Floral-Summer-Elegant-Vacation-Midi-Skirt-Ruched-Side-Drawstring-Pleated-Asymmetric-Hem-Vintage-Party-Prom-Skirt-p-456888409.html?mallCode=1&pageListType=4&detailBusinessFrom=0-1_456888409%7C0-2,https://sc.ltwebstatic.com/she_dist/images/bg-grey-solid-color-fc04c1310d.png,2026-05-31T16:15:36+08:00,,,,,
313150558,2,1,2,"Glimmora 3pcs/Set Women's Summer T-Shirts, White, Navy, Striped, Floral Print, Striped Print, Cherry Fruit Print, Back To School, Casual Wear",S$16.99,https://sg.shein.com/Glimmora-3pcs-Set-Women-s-Summer-T-Shirts-White-Navy-Striped-Floral-Print-Striped-Print-Cherry-Fruit-Print-Back-To-School-Casual-Wear-p-313150558.html?mallCode=1&pageListType=4&detailBusinessFrom=0-1_313150558%7C0-2,https://sc.ltwebstatic.com/she_dist/images/bg-grey-solid-color-fc04c1310d.png,2026-05-31T16:15:36+08:00,,,,,
284510257,2,2,"2,3","SHEIN Women's Casual Fashion Street Daily Commute Letter Print Contrast Round Neck Fitted Short Sleeve T-Shirt, Summer",S$6.99,https://sg.shein.com/SHEIN-Women-s-Casual-Fashion-Street-Daily-Commute-Letter-Print-Contrast-Round-Neck-Fitted-Short-Sleeve-T-Shirt-Summer-p-284510257.html?mallCode=1&pageListType=4&detailBusinessFrom=0-1_284510257%7C0-2,https://sc.ltwebstatic.com/she_dist/images/bg-grey-solid-color-fc04c1310d.png,2026-05-31T16:15:36+08:00,,,,,200+ sold
91411596,2,1,2,Resyla Women Round Neck Loose Short Sleeve Top And Shorts 2 Pieces Set,S$13.43,https://sg.shein.com/Resyla-Women-Round-Neck-Loose-Short-Sleeve-Top-And-Shorts-2-Pieces-Set-p-91411596.html?mallCode=1&pageListType=4&detailBusinessFrom=0-1_91411596%7C0-2,https://sc.ltwebstatic.com/she_dist/images/bg-grey-solid-color-fc04c1310d.png,2026-05-31T16:15:36+08:00,,-4%,,,
61467635,2,1,2,"Women's Hooded Sun Protection Shirt, Lightweight Breathable Loose Blouse, Suitable For Outings, Vacations, Beaches, Streets, Daily Wear, Work, And Parties In Summer Black",S$14.49,https://sg.shein.com/Women-s-Hooded-Sun-Protection-Shirt-Lightweight-Breathable-Loose-Blouse-Suitable-For-Outings-Vacations-Beaches-Streets-Daily-Wear-Work-And-Parties-In-Summer-Black-p-61467635.html?mallCode=1&pageListType=4&detailBusinessFrom=0-1_61467635%7C0-2,https://sc.ltwebstatic.com/she_dist/images/bg-grey-solid-color-fc04c1310d.png,2026-05-31T16:15:36+08:00,,,,,
61559390,2,1,2,"SHEIN EZwear Women's V-Neck Striped Short Sleeve T-Shirt, Minimalist And Fashionable, Suitable For Summer",S$7.99,https://sg.shein.com/SHEIN-EZwear-Women-s-V-Neck-Striped-Short-Sleeve-T-Shirt-Minimalist-And-Fashionable-Suitable-For-Summer-p-61559390.html?mallCode=1&pageListType=4&detailBusinessFrom=0-1_61559390%7C0-2,https://sc.ltwebstatic.com/she_dist/images/bg-grey-solid-color-fc04c1310d.png,2026-05-31T16:15:36+08:00,,,,,70+ sold
483744481,2,1,2,"SHEIN Off-White Color Polka Dot One-Shoulder Dress,Smocked Waist A-Line Mini Skirt,Coquette Off-Shoulder Date Dress,Mini DressDates,Afternoon Tea And Daily Wear,Retro Coquette Vibe Outfit,Beach Vacation Outfit,Casual Streetwear,Picnic Dress Friends,Summer Music Festival Outfit,Women's Birthday Outfit",S$16.99,https://sg.shein.com/SHEIN-Off-White-Color-Polka-Dot-One-Shoulder-Dress-Smocked-Waist-A-Line-Mini-Skirt-Coquette-Off-Shoulder-Date-Dress-Mini-DressDates-Afternoon-Tea-And-Daily-Wear-Retro-Coquette-Vibe-Outfit-Beach-Vacation-Outfit-Casual-Streetwear-Picnic-Dress-Friends-Summer-Music-Festival-Outfit-Women-s-Birthday-Outfit-p-483744481.html?mallCode=1&pageListType=4&detailBusinessFrom=0-1_483744481%7C0-2,https://sc.ltwebstatic.com/she_dist/images/bg-grey-solid-color-fc04c1310d.png,2026-05-31T16:15:36+08:00,,,,,NEW
133951927,2,2,"2,3",SHEIN Women's Casual Solid Color Slim Fit Waist T-Shirt,S$7.49,https://sg.shein.com/SHEIN-Women-s-Casual-Solid-Color-Slim-Fit-Waist-T-Shirt-p-133951927.html?mallCode=1&pageListType=4&detailBusinessFrom=0-1_133951927%7C0-2,https://sc.ltwebstatic.com/she_dist/images/bg-grey-solid-color-fc04c1310d.png,2026-05-31T16:15:36+08:00,,,(1000+),,100+ sold
88637994,2,2,"2,3",DAZY Women Loose Casual Denim Capri Shorts For Summer Denim Shorts Jorts,S$2.34,https://sg.shein.com/DAZY-Women-Loose-Casual-Denim-Capri-Shorts-For-Summer-Denim-Shorts-Jorts-p-88637994.html?mallCode=1&pageListType=4&detailBusinessFrom=0-1_88637994%7C0-2,https://sc.ltwebstatic.com/she_dist/images/bg-grey-solid-color-fc04c1310d.png,2026-05-31T16:15:36+08:00,,,,,Save S$2.34
441667891,2,3,"2,8,9",Rovax Women's Solid Color Asymmetric Shoulder Casual Everyday T-Shirt,S$0.90,https://sg.shein.com/Rovax-Women-s-Solid-Color-Asymmetric-Shoulder-Casual-Everyday-T-Shirt-p-441667891.html?mallCode=1&pageListType=4&detailBusinessFrom=0-1_441667891%7C0-2,https://sc.ltwebstatic.com/she_dist/images/bg-grey-solid-color-fc04c1310d.png,2026-05-31T16:15:36+08:00,,,,,Save S$0.90
60930578,2,1,2,"INAWLY Women's Lightweight Casual Cardigan, Summer Fall Winter Cloth For Women",S$7.99,https://sg.shein.com/INAWLY-Women-s-Lightweight-Casual-Cardigan-Summer-Fall-Winter-Cloth-For-Women-p-60930578.html?mallCode=1&pageListType=4&detailBusinessFrom=0-1_60930578%7C0-2,https://sc.ltwebstatic.com/she_dist/images/bg-grey-solid-color-fc04c1310d.png,2026-05-31T16:15:36+08:00,,,(1000+),,300+ sold
3716936,2,1,2,Easowa Contrast Leopard Side Seam Leggings,S$7.99,https://sg.shein.com/Easowa-Contrast-Leopard-Side-Seam-Leggings-p-3716936.html?mallCode=1&pageListType=4&detailBusinessFrom=0-1_3716936%7C0-2,https://sc.ltwebstatic.com/she_dist/images/bg-grey-solid-color-fc04c1310d.png,2026-05-31T16:15:36+08:00,,,,,
475895574,2,1,2,LYSMO 2026 New Arrive Minimalism Spring/Summer Women's Summer Sexy Street Casual Solid Color Draped Neck Backless Tie-Front Irregular Ruffle Hem Pleated Waist Mini Dress Vacation Outfits Women,S$17.49,https://sg.shein.com/LYSMO-2026-New-Arrive-Minimalism-Spring-Summer-Women-s-Summer-Sexy-Street-Casual-Solid-Color-Draped-Neck-Backless-Tie-Front-Irregular-Ruffle-Hem-Pleated-Waist-Mini-Dress-Vacation-Outfits-Women-p-475895574.html?mallCode=1&pageListType=4&detailBusinessFrom=0-1_475895574%7C0-2,https://sc.ltwebstatic.com/she_dist/images/bg-grey-solid-color-fc04c1310d.png,2026-05-31T16:15:36+08:00,,,,,NEW
132708081,2,2,"2,3",Coolane Women's Summer/All-Season Country Concert Going Out Beach Boho Basic Minimalist Washed 100% Cotton Curved Hem Pants,S$16.49,https://sg.shein.com/Coolane-Women-s-Summer-All-Season-Country-Concert-Going-Out-Beach-Boho-Basic-Minimalist-Washed-100-Cotton-Curved-Hem-Pants-p-132708081.html?mallCode=1&pageListType=4&detailBusinessFrom=0-1_132708081%7C0-2,https://sc.ltwebstatic.com/she_dist/images/bg-grey-solid-color-fc04c1310d.png,2026-05-31T16:15:36+08:00,,00%,,,100+ sold
189008591,2,2,"2,3","Sundraya V-Neck Minimalist Pullover Short Sleeve T-Shirt, Loose Fit Waist Cinched Women's Tee",S$5.99,https://sg.shein.com/Sundraya-V-Neck-Minimalist-Pullover-Short-Sleeve-T-Shirt-Loose-Fit-Waist-Cinched-Women-s-Tee-p-189008591.html?mallCode=1&pageListType=4&detailBusinessFrom=0-1_189008591%7C0-2,https://sc.ltwebstatic.com/she_dist/images/bg-grey-solid-color-fc04c1310d.png,2026-05-31T16:15:36+08:00,,,,,
25361168,2,2,"2,3","Easowa Women's Casual Loose Fit Round Neck Drop Shoulder Short Sleeve T-Shirt, Comfortable For Summer",S$7.99,https://sg.shein.com/Easowa-Women-s-Casual-Loose-Fit-Round-Neck-Drop-Shoulder-Short-Sleeve-T-Shirt-Comfortable-For-Summer-p-25361168.html?mallCode=1&pageListType=4&detailBusinessFrom=0-1_25361168%7C0-2,https://sc.ltwebstatic.com/she_dist/images/bg-grey-solid-color-fc04c1310d.png,2026-05-31T16:15:36+08:00,,,,,
59286207,2,1,2,1 Set Women's Casual Loose Solid Color Single-Breasted Vest And Shorts Set,S$1.87,https://sg.shein.com/1-Set-Women-s-Casual-Loose-Solid-Color-Single-Breasted-Vest-And-Shorts-Set-p-59286207.html?mallCode=1&pageListType=4&detailBusinessFrom=0-1_59286207%7C0-2,https://sc.ltwebstatic.com/she_dist/images/bg-grey-solid-color-fc04c1310d.png,2026-05-31T16:15:36+08:00,,,,,Save S$1.87
218804428,2,3,"2,3,8",Resyla 2pcs Women Letter Print Round Neck Short Sleeve Top And Elastic Waist Pants Casual Set,S$19.49,https://sg.shein.com/Resyla-2pcs-Women-Letter-Print-Round-Neck-Short-Sleeve-Top-And-Elastic-Waist-Pants-Casual-Set-p-218804428.html?mallCode=1&pageListType=4&detailBusinessFrom=0-1_218804428%7C0-2,https://sc.ltwebstatic.com/she_dist/images/bg-grey-solid-color-fc04c1310d.png,2026-05-31T16:15:36+08:00,,,,,
449938645,2,1,2,Vaclyn Women's Summer Vacation Fish Print Camisole Mini Dress,S$12.49,https://sg.shein.com/Vaclyn-Women-s-Summer-Vacation-Fish-Print-Camisole-Mini-Dress-p-449938645.html?mallCode=1&pageListType=4&detailBusinessFrom=0-1_449938645%7C0-2,https://sc.ltwebstatic.com/she_dist/images/bg-grey-solid-color-fc04c1310d.png,2026-05-31T16:15:36+08:00,,,,,NEW
154180869,2,2,"2,3",DAZY Women's Regular Mid-Waist Banana Pants Casual Jeans,S$2.91,https://sg.shein.com/DAZY-Women-s-Regular-Mid-Waist-Banana-Pants-Casual-Jeans-p-154180869.html?mallCode=1&pageListType=4&detailBusinessFrom=0-1_154180869%7C0-2,https://sc.ltwebstatic.com/she_dist/images/bg-grey-solid-color-fc04c1310d.png,2026-05-31T16:15:36+08:00,,,,,Save S$2.91
312843061,2,2,"2,3","SHEIN Women's Round Neck Short Sleeve Casual Striped T-Shirt, Versatile For Daily Wear, Summer",S$5.17,https://sg.shein.com/SHEIN-Women-s-Round-Neck-Short-Sleeve-Casual-Striped-T-Shirt-Versatile-For-Daily-Wear-Summer-p-312843061.html?mallCode=1&pageListType=4&detailBusinessFrom=0-1_312843061%7C0-2,https://sc.ltwebstatic.com/she_dist/images/bg-grey-solid-color-fc04c1310d.png,2026-05-31T16:15:36+08:00,,-35%,,,
104966932,2,2,"2,8",DAZY Women's Solid Color Collared Fitted Short Sleeve Shirt,S$12.99,https://sg.shein.com/DAZY-Women-s-Solid-Color-Collared-Fitted-Short-Sleeve-Shirt-p-104966932.html?mallCode=1&pageListType=4&detailBusinessFrom=0-1_104966932%7C0-2,https://sc.ltwebstatic.com/she_dist/images/bg-grey-solid-color-fc04c1310d.png,2026-05-31T16:15:36+08:00,,,,,100+ sold
426251941,2,2,"2,3",FRIFUL Women's Spring/Summer Short Sleeve Solid Color Patchwork Sheer Lace Fabric Ribbed Fashionable Slim Fit Versatile T-Shirt,S$11.49,https://sg.shein.com/FRIFUL-Women-s-Spring-Summer-Short-Sleeve-Solid-Color-Patchwork-Sheer-Lace-Fabric-Ribbed-Fashionable-Slim-Fit-Versatile-T-Shirt-p-426251941.html?mallCode=1&pageListType=4&detailBusinessFrom=0-1_426251941%7C0-2,https://sc.ltwebstatic.com/she_dist/images/bg-grey-solid-color-fc04c1310d.png,2026-05-31T16:15:36+08:00,,,,,
133160373,2,2,"2,3","Casual Sexy Versatile Ribbed Camisole, Spring/Summer Black",S$5.00,https://sg.shein.com/Casual-Sexy-Versatile-Ribbed-Camisole-Spring-Summer-Black-p-133160373.html?mallCode=1&pageListType=4&detailBusinessFrom=0-1_133160373%7C0-2,https://sc.ltwebstatic.com/she_dist/images/bg-grey-solid-color-fc04c1310d.png,2026-05-31T16:15:36+08:00,,-9%,,,100+ sold
449545863,2,1,2,"SHEIN MOD Women's Apricot Cutout Cap Sleeve Dress,Summer Dress,Festival Outfits For Women , Wedding Guest Dress,Prom Dress,Beach Outfits",S$22.99,https://sg.shein.com/SHEIN-MOD-Women-s-Apricot-Cutout-Cap-Sleeve-Dress-Summer-Dress-Festival-Outfits-For-Women-Wedding-Guest-Dress-Prom-Dress-Beach-Outfits-p-449545863.html?mallCode=1&pageListType=4&detailBusinessFrom=0-1_449545863%7C0-2,https://sc.ltwebstatic.com/she_dist/images/bg-grey-solid-color-fc04c1310d.png,2026-05-31T16:15:36+08:00,,,,,NEW
131671891,3,1,3,"Women's Casual Solid Color Short Sleeve Shirt, Summer",S$0.63,https://sg.shein.com/Women-s-Casual-Solid-Color-Short-Sleeve-Shirt-Summer-p-131671891.html?mallCode=1&pageListType=4&detailBusinessFrom=0-1_131671891%7C0-2,https://img.ltwebstatic.com/v4/j/pi/2026/05/27/ee/1779889585e25fafaabb34836d8296d68abd44b5c6_thumbnail_600x.webp,2026-05-31T16:17:19+08:00,,,,,Save S$0.63
380364138,3,1,3,SHEIN Women's Fitted Short Sleeve T-Shirt With White Printed Graphic,S$0.91,https://sg.shein.com/SHEIN-Women-s-Fitted-Short-Sleeve-T-Shirt-With-White-Printed-Graphic-p-380364138.html?mallCode=1&pageListType=4&detailBusinessFrom=0-1_380364138%7C0-2,https://img.ltwebstatic.com/v4/j/pi/2026/02/24/6b/1771916003a02140c8796c5e7558cb59596e24d1ff_thumbnail_600x.webp,2026-05-31T16:17:19+08:00,,,,,Save S$0.91
469176501,3,1,3,"SHEIN PETITE Women's Summer Short Sleeve Leopard Print Dress, Vacation Dress, Party Dress",S$11.76,https://sg.shein.com/SHEIN-PETITE-Women-s-Summer-Short-Sleeve-Leopard-Print-Dress-Vacation-Dress-Party-Dress-p-469176501.html?mallCode=1&pageListType=4&detailBusinessFrom=0-1_469176501%7C0-2,https://img.ltwebstatic.com/v4/j/pi/2026/05/14/d8/17787220893ab1abdb9fd2bda8cdeca95aef77cd94_thumbnail_600x.webp,2026-05-31T16:17:19+08:00,,-2%,,,
417462082,3,3,"3,9,10","2026 New Navy Blue Asymmetrical Shoulder Printed Short Sleeve T-Shirt For Women, Fitted Flattering Versatile Summer Crop Top Casual White",S$6.49,https://sg.shein.com/2026-New-Navy-Blue-Asymmetrical-Shoulder-Printed-Short-Sleeve-T-Shirt-For-Women-Fitted-Flattering-Versatile-Summer-Crop-Top-Casual-White-p-417462082.html?mallCode=1&pageListType=4&detailBusinessFrom=0-1_417462082%7C0-2,https://img.ltwebstatic.com/v4/j/spmp/2026/03/08/68/17729363742534d360e9696980c6b628efe763a6da_thumbnail_600x.webp,2026-05-31T16:17:19+08:00,,,,,
168393109,3,1,3,"StreetHx Women's Summer V-Neck Slim Fit T-Shirt With Vintage Cross Floral Punk Subculture Anime Print, Short Sleeve V-Neck",S$0.72,https://sg.shein.com/StreetHx-Women-s-Summer-V-Neck-Slim-Fit-T-Shirt-With-Vintage-Cross-Floral-Punk-Subculture-Anime-Print-Short-Sleeve-V-Neck-p-168393109.html?mallCode=1&pageListType=4&detailBusinessFrom=0-1_168393109%7C0-2,https://img.ltwebstatic.com/v4/j/pi/2025/09/01/76/17567093231ff6e8624e8375f72167ccd574892728_thumbnail_600x.webp,2026-05-31T16:17:19+08:00,,,,,Save S$0.72
208967671,3,1,3,"Easelle Coffee Brown Polka Dot Mesh Skirt, Midi Skirt, Brown Mesh, Retro Casual Style, 2025 Autumn/Winter.",S$9.99,https://sg.shein.com/Easelle-Coffee-Brown-Polka-Dot-Mesh-Skirt-Midi-Skirt-Brown-Mesh-Retro-Casual-Style-2025-Autumn-Winter-p-208967671.html?mallCode=1&pageListType=4&detailBusinessFrom=0-1_208967671%7C0-2,https://img.ltwebstatic.com/v4/j/pi/2025/10/09/1f/1759987420dc8c76ebc932438d23f46a2b6f92594b_thumbnail_600x.webp,2026-05-31T16:17:19+08:00,,,,,300+ sold
479873155,3,1,3,"Sweetra Dark Brown,Summer,Chic,Night Out Vintage Off-Shoulder Bodycon Dress With Metal Buckle & Pleated Tie,Glamorous Business Commute Dress,Chocolate",S$11.49,https://sg.shein.com/Sweetra-Dark-Brown-Summer-Chic-Night-Out-Vintage-Off-Shoulder-Bodycon-Dress-With-Metal-Buckle-Pleated-Tie-Glamorous-Business-Commute-Dress-Chocolate-p-479873155.html?mallCode=1&pageListType=4&detailBusinessFrom=0-1_479873155%7C0-2,https://img.ltwebstatic.com/v4/j/pi/2026/05/24/04/177962105140ac09e29b1347de5735a8e0229128c7_thumbnail_600x.webp,2026-05-31T16:17:19+08:00,,,,,NEW
428362250,3,1,3,"Everyssa 4pcs/Set Women's Embroidered Round Neck Short Sleeve Fitted Cropped T-Shirt,White,Summer,Basic,Casual,School,Back-To-School Unicorn Tee Shirts",S$2.20,https://sg.shein.com/Everyssa-4pcs-Set-Women-s-Embroidered-Round-Neck-Short-Sleeve-Fitted-Cropped-T-Shirt-White-Summer-Basic-Casual-School-Back-To-School-Unicorn-Tee-Shirts-p-428362250.html?mallCode=1&pageListType=4&detailBusinessFrom=0-1_428362250%7C0-2,https://img.ltwebstatic.com/v4/j/pi/2026/03/23/54/1774249364b57a5517525eaf97c69579686101b643_thumbnail_600x.webp,2026-05-31T16:17:19+08:00,,,,,Save S$2.20
388876396,3,1,3,"Resyla Women's Casual Patchwork Knight Print Round Neck T-Shirt, Summer",S$0.91,https://sg.shein.com/Resyla-Women-s-Casual-Patchwork-Knight-Print-Round-Neck-T-Shirt-Summer-p-388876396.html?mallCode=1&pageListType=4&detailBusinessFrom=0-1_388876396%7C0-2,https://img.ltwebstatic.com/v4/j/pi/2026/01/28/f2/17695687083e002611b106cb35f589a84a1de2ea1e_thumbnail_600x.webp,2026-05-31T16:17:19+08:00,,,,,Save S$0.91
33531292,3,1,3,Women's Fashion Solid Color Long Sleeve Shirt Dress Casual Spring Elegant,S$19.19,https://sg.shein.com/Women-s-Fashion-Solid-Color-Long-Sleeve-Shirt-Dress-Casual-Spring-Elegant-p-33531292.html?mallCode=1&pageListType=4&detailBusinessFrom=0-1_33531292%7C0-2,https://img.ltwebstatic.com/images3_pi/2024/04/12/6e/1712928335505fe52d87edf2e01e68f9c6b4af062d_thumbnail_600x.webp,2026-05-31T16:17:19+08:00,,-4%,,,
461067857,3,1,3,"SHEIN PETITE Women's New Cream Yellow Textured Knit Dress, Summer ,Summer Dress",S$18.99,https://sg.shein.com/SHEIN-PETITE-Women-s-New-Cream-Yellow-Textured-Knit-Dress-Summer-Summer-Dress-p-461067857.html?mallCode=1&pageListType=4&detailBusinessFrom=0-1_461067857%7C0-2,https://img.ltwebstatic.com/v4/j/pi/2026/05/06/b1/17780520035fa111f39385e32b81383452179700bf_thumbnail_600x.webp,2026-05-31T16:17:19+08:00,,,,,NEW
349407026,3,1,3,"Oversized Vintage Black Washed Short Sleeve T-Shirt For Women, Letter Print, Loose & Slimming Design Casual Summer",S$6.49,https://sg.shein.com/Oversized-Vintage-Black-Washed-Short-Sleeve-T-Shirt-For-Women-Letter-Print-Loose-Slimming-Design-Casual-Summer-p-349407026.html?mallCode=1&pageListType=4&detailBusinessFrom=0-1_349407026%7C0-2,https://img.ltwebstatic.com/v4/p/spmp/2025/12/16/9e/17658918639dcb51af19baed8a5809fe35bbd8acd1_thumbnail_600x.webp,2026-05-31T16:17:19+08:00,,,,,High Repeat Customers
11022824,3,1,3,DAZY High Waist Boot-cut Leg Jeans,S$28.99,https://sg.shein.com/DAZY-High-Waist-Boot-cut-Leg-Jeans-p-11022824.html?mallCode=1&pageListType=4&detailBusinessFrom=0-1_11022824%7C0-2,https://img.ltwebstatic.com/images3_pi/2022/07/12/1657590566ae778a3fe649437a0453a05f5d316743_thumbnail_600x.webp,2026-05-31T16:17:19+08:00,,,,,
37548052,3,1,3,"SuriyaCove Paris Skyline Women's T-Shirt, Paris Cool Line Art Print Round Neck Short Sleeve Casual Tee Paris Graphic Tees Women Tops",S$0.60,https://sg.shein.com/SuriyaCove-Paris-Skyline-Women-s-T-Shirt-Paris-Cool-Line-Art-Print-Round-Neck-Short-Sleeve-Casual-Tee-Paris-Graphic-Tees-Women-Tops-p-37548052.html?mallCode=1&pageListType=4&detailBusinessFrom=0-1_37548052%7C0-2,https://img.ltwebstatic.com/images3_pi/2024/06/26/85/1719379242d938ec90deb0373b184672253367e608_thumbnail_600x.webp,2026-05-31T16:17:19+08:00,,,,,Save S$0.60
77983385,3,1,3,"1pc Ultra-Thin Breathable Tights, Shark Skin Tight Leggings, High Waist Super Thin Sun Protection Pantyhose, Women Seamless Tight Sports Leggings Summer",S$5.49,https://sg.shein.com/1pc-Ultra-Thin-Breathable-Tights-Shark-Skin-Tight-Leggings-High-Waist-Super-Thin-Sun-Protection-Pantyhose-Women-Seamless-Tight-Sports-Leggings-Summer-p-77983385.html?mallCode=1&pageListType=4&detailBusinessFrom=0-1_77983385%7C0-2,https://img.ltwebstatic.com/v4/j/spmp/2025/05/19/2a/1747627506923155ff61a636c8b91e6aca97303def_thumbnail_600x.webp,2026-05-31T16:17:19+08:00,,,,,80+ sold
87167110,3,1,3,Coolane Women's Summer Vintage Back To School Casual Hippie Street Oversized Black Cargo Pants,S$9.99,https://sg.shein.com/Coolane-Women-s-Summer-Vintage-Back-To-School-Casual-Hippie-Street-Oversized-Black-Cargo-Pants-p-87167110.html?mallCode=1&pageListType=4&detailBusinessFrom=0-1_87167110%7C0-2,https://img.ltwebstatic.com/v4/j/pi/2025/05/26/cc/1748259200bf0605fa1abd44d8d782d5ff8186793a_thumbnail_600x.webp,2026-05-31T16:17:19+08:00,,,(1000+),,200+ sold
469694370,3,1,3,Sunnyshic Women's Green Floral Elegant Casual Summer Boho Picnic Vacation Holiday Linen-Feel Ditsy Floral Multi-Layer Patchwork Low-Waist Maxi Skirt,S$20.99,https://sg.shein.com/Sunnyshic-Women-s-Green-Floral-Elegant-Casual-Summer-Boho-Picnic-Vacation-Holiday-Linen-Feel-Ditsy-Floral-Multi-Layer-Patchwork-Low-Waist-Maxi-Skirt-p-469694370.html?mallCode=1&pageListType=4&detailBusinessFrom=0-1_469694370%7C0-2,https://img.ltwebstatic.com/v4/j/pi/2026/05/14/60/1778754900bfea623dc741c9b9d2dc5c1ad9076cd6_thumbnail_600x.webp,2026-05-31T16:17:19+08:00,,,,,
60266844,3,2,"3,8","DAZY Women's Solid Color Round Neck Casual Long Sleeve Loose Open Front T-Shirt,Fall Clothes",S$1.20,https://sg.shein.com/DAZY-Women-s-Solid-Color-Round-Neck-Casual-Long-Sleeve-Loose-Open-Front-T-Shirt-Fall-Clothes-p-60266844.html?mallCode=1&pageListType=4&detailBusinessFrom=0-1_60266844%7C0-2,https://img.ltwebstatic.com/v4/j/pi/2025/09/05/3f/17570451782d93d87416483fb677b66d28ea7a5236_thumbnail_600x.webp,2026-05-31T16:17:19+08:00,,,,,Save S$1.20
342089421,3,1,3,"Siren Gaze Women's Contrast Trim Waist Short Sleeve Shirt,Minimalist Color-Blocked Summer Tops,Black And Beige,Summer,Casual,Elegent,Office Commuting Dates Wear",S$8.99,https://sg.shein.com/Siren-Gaze-Women-s-Contrast-Trim-Waist-Short-Sleeve-Shirt-Minimalist-Color-Blocked-Summer-Tops-Black-And-Beige-Summer-Casual-Elegent-Office-Commuting-Dates-Wear-p-342089421.html?mallCode=1&pageListType=4&detailBusinessFrom=0-1_342089421%7C0-2,https://img.ltwebstatic.com/v4/j/pi/2025/12/29/31/176699038654d18ee3cba45996546cc0b690511efd_thumbnail_600x.webp,2026-05-31T16:17:19+08:00,,,,,200+ sold
475959768,3,1,3,"Aloruh Women's Sheer Lace Patchwork Dress,Black,Summmer,Elegant,Party Night,Cocktail Formal Occasion,Bridesmaid Birthday,Music Festival,Beach Vacation",S$15.49,https://sg.shein.com/Aloruh-Women-s-Sheer-Lace-Patchwork-Dress-Black-Summmer-Elegant-Party-Night-Cocktail-Formal-Occasion-Bridesmaid-Birthday-Music-Festival-Beach-Vacation-p-475959768.html?mallCode=1&pageListType=4&detailBusinessFrom=0-1_475959768%7C0-2,https://img.ltwebstatic.com/v4/j/pi/2026/05/20/16/1779241832ee7c1bae0ff1db513717ff952a64f6d3_thumbnail_600x.webp,2026-05-31T16:17:19+08:00,,,,,NEW
441470603,3,1,3,Korean Style Striped U-Neck Regular Shoulder Fitted Slimming Waist-Defining Cropped Top,S$10.99,https://sg.shein.com/Korean-Style-Striped-U-Neck-Regular-Shoulder-Fitted-Slimming-Waist-Defining-Cropped-Top-p-441470603.html?mallCode=1&pageListType=4&detailBusinessFrom=0-1_441470603%7C0-2,https://img.ltwebstatic.com/v4/j/ssms/2026/04/30/d7/1777519813f1c2afabfea5c2e240189fccdc1e0699_thumbnail_600x.webp,2026-05-31T16:17:19+08:00,,,,,
11538607,3,1,3,SHEIN EZwear Colorblock Drop Shoulder Letter Patched Corduroy Coat In Fall/Winter,S$19.99,https://sg.shein.com/SHEIN-EZwear-Colorblock-Drop-Shoulder-Letter-Patched-Corduroy-Coat-In-Fall-Winter-p-11538607.html?mallCode=1&pageListType=4&detailBusinessFrom=0-1_11538607%7C0-2,https://img.ltwebstatic.com/images3_pi/2022/09/26/166416109451b9f8f863b81e5d4ce6b638f0233f62_thumbnail_600x.webp,2026-05-31T16:17:19+08:00,,,,,
246226867,3,1,3,"Round Neck Long-Sleeved T-Shirt American Hottie, New Spring And Autumn Letter Prints, Women's Short Slim Bodywear Casual White",S$5.49,https://sg.shein.com/Round-Neck-Long-Sleeved-T-Shirt-American-Hottie-New-Spring-And-Autumn-Letter-Prints-Women-s-Short-Slim-Bodywear-Casual-White-p-246226867.html?mallCode=1&pageListType=4&detailBusinessFrom=0-1_246226867%7C0-2,https://img.ltwebstatic.com/v4/j/spmp/2025/11/03/c2/1762157879bed8fb88919ce2c82602965c629cf37a_thumbnail_600x.webp,2026-05-31T16:17:19+08:00,,,,,
32378153,3,1,3,DAZY Women Fashion Solid Color Slim Short Sleeve T-Shirt,S$1.10,https://sg.shein.com/DAZY-Women-Fashion-Solid-Color-Slim-Short-Sleeve-T-Shirt-p-32378153.html?mallCode=1&pageListType=4&detailBusinessFrom=0-1_32378153%7C0-2,https://img.ltwebstatic.com/images3_pi/2024/03/29/d5/1711676095bbc300037c7930dd441ea256a4f1294b_thumbnail_600x.webp,2026-05-31T16:17:19+08:00,,,,,Save S$1.10
484787900,3,1,3,NYA SZN Shorts High Low Mini Length Belted Fringe Tassel A Line Tiered Layered Brunch Casual Everyday Going Out Party Special Occasion Travel Vacation Office Siren Western Country Date Night Elegant Luxury Business Casual Event Everyday Wedding Office Gyaru Street Style Spring Summer Statement Unique Bridal Shower Beige Outfits For Women,S$26.99,https://sg.shein.com/NYA-SZN-Shorts-High-Low-Mini-Length-Belted-Fringe-Tassel-A-Line-Tiered-Layered-Brunch-Casual-Everyday-Going-Out-Party-Special-Occasion-Travel-Vacation-Office-Siren-Western-Country-Date-Night-Elegant-Luxury-Business-Casual-Event-Everyday-Wedding-Office-Gyaru-Street-Style-Spring-Summer-Statement-Unique-Bridal-Shower-Beige-Outfits-For-Women-p-484787900.html?mallCode=1&pageListType=4&detailBusinessFrom=0-1_484787900%7C0-2,https://img.ltwebstatic.com/v4/j/pi/2026/05/29/64/177999980807a544f31f3c101c2e37cda5130f1461_thumbnail_600x.webp,2026-05-31T16:17:19+08:00,,,,,NEW
477055217,3,1,3,"SHEIN PETITE 2026 Women's Spring/Summer Resort Collection: Brown Paisley Print Color-Blocked Mini Dress With Large Resin Circlhion-Forward Looks, Casual Wear.",S$9.99,https://sg.shein.com/SHEIN-PETITE-2026-Women-s-Spring-Summer-Resort-Collection-Brown-Paisley-Print-Color-Blocked-Mini-Dress-With-Large-Resin-Circlhion-Forward-Looks-Casual-Wear-p-477055217.html?mallCode=1&pageListType=4&detailBusinessFrom=0-1_477055217%7C0-2,https://img.ltwebstatic.com/v4/j/pi/2026/05/21/43/1779349842f940e942977e13f3349de1c5002d5794_thumbnail_600x.webp,2026-05-31T16:17:19+08:00,,,,,NEW
331111996,3,2,"3,7","2pcs/Set Women's Casual Loose Round Neck Short Sleeve T-Shirt, Versatile Solid Color, Spring/Summer",S$12.49,https://sg.shein.com/2pcs-Set-Women-s-Casual-Loose-Round-Neck-Short-Sleeve-T-Shirt-Versatile-Solid-Color-Spring-Summer-p-331111996.html?mallCode=1&pageListType=4&detailBusinessFrom=0-1_331111996%7C0-2,https://img.ltwebstatic.com/v4/j/spmp/2026/01/23/07/17691637991393c7f22fc3ba4a44abd7b733a28847_thumbnail_600x.webp,2026-05-31T16:17:19+08:00,,,,,
92770788,3,1,3,"Zayélia New Summer Women Sleeveless Loose Fit Collared Discounted Tank Top, Slimming",S$7.99,https://sg.shein.com/Zaye-lia-New-Summer-Women-Sleeveless-Loose-Fit-Collared-Discounted-Tank-Top-Slimming-p-92770788.html?mallCode=1&pageListType=4&detailBusinessFrom=0-1_92770788%7C0-2,https://img.ltwebstatic.com/v4/j/pi/2026/04/14/06/17761664815f062eb6b7cd5f7d5981eaac5bf4a295_thumbnail_600x.webp,2026-05-31T16:17:19+08:00,,,,,70+ sold
462435303,3,1,3,"Breezaya Women's Cute White Polka Dot Long Dress,European Style Round Neck Colorful Summer Holiday Beach Dress,Vacation Holiday Elegant Ceremony Outfit",S$17.99,https://sg.shein.com/Breezaya-Women-s-Cute-White-Polka-Dot-Long-Dress-European-Style-Round-Neck-Colorful-Summer-Holiday-Beach-Dress-Vacation-Holiday-Elegant-Ceremony-Outfit-p-462435303.html?mallCode=1&pageListType=4&detailBusinessFrom=0-1_462435303%7C0-2,https://img.ltwebstatic.com/v4/j/pi/2026/05/07/bb/1778137782ca7202937ae79edf1e34bf2efeb167cd_thumbnail_600x.webp,2026-05-31T16:17:19+08:00,,,,,
135838840,3,1,3,"Women's High Waist Flare Pants, Tummy Control Wide Leg Casual Trousers, Solid Color All-Season Slim Fit Vacation Pants Black",S$6.99,https://sg.shein.com/Women-s-High-Waist-Flare-Pants-Tummy-Control-Wide-Leg-Casual-Trousers-Solid-Color-All-Season-Slim-Fit-Vacation-Pants-Black-p-135838840.html?mallCode=1&pageListType=4&detailBusinessFrom=0-1_135838840%7C0-2,https://img.ltwebstatic.com/v4/j/spmp/2026/01/16/cb/17685282715d691e19ba3d8b24e4b7fa7ca959222b_thumbnail_600x.webp,2026-05-31T16:17:19+08:00,,,,,
107743715,3,2,"3,4",SHEIN VCAY 2pcs/Set Women's Vacation Solid Color Asymmetrical Neck Blouse And Floral Print Pants Casual Suit,S$14.24,https://sg.shein.com/SHEIN-VCAY-2pcs-Set-Women-s-Vacation-Solid-Color-Asymmetrical-Neck-Blouse-And-Floral-Print-Pants-Casual-Suit-p-107743715.html?mallCode=1&pageListType=4&detailBusinessFrom=0-1_107743715%7C0-2,https://img.ltwebstatic.com/v4/j/pi/2025/07/10/c0/1752131921a006e5faddcb6b733d8246717b678928_thumbnail_600x.webp,2026-05-31T16:17:19+08:00,,-5%,,,
107556954,3,2,"3,10","DAZY Women's Super Short A-Line Casual Street Style Denim Hot Pants, Sexy & Pure Jorts",S$17.99,https://sg.shein.com/DAZY-Women-s-Super-Short-A-Line-Casual-Street-Style-Denim-Hot-Pants-Sexy-Pure-Jorts-p-107556954.html?mallCode=1&pageListType=4&detailBusinessFrom=0-1_107556954%7C0-2,https://img.ltwebstatic.com/v4/j/pi/2025/06/25/c9/17508294546d16f8aae4f71ecffe08f429a2610af0_thumbnail_600x.webp,2026-05-31T16:17:19+08:00,,,,,100+ sold
430722334,3,1,3,"Women's Round Neck Short Sleeve T-Shirt, Summer New Letter Print, Fashion Casual Versatile Loose Top",S$6.49,https://sg.shein.com/Women-s-Round-Neck-Short-Sleeve-T-Shirt-Summer-New-Letter-Print-Fashion-Casual-Versatile-Loose-Top-p-430722334.html?mallCode=1&pageListType=4&detailBusinessFrom=0-1_430722334%7C0-2,https://img.ltwebstatic.com/v4/j/spmp/2026/04/15/f9/17762253897e8df111cc40c9cbd7cd93e9c16908a4_thumbnail_600x.webp,2026-05-31T16:17:19+08:00,,,,,
467493657,3,1,3,Soleia White Summer 70's Club Night Holiday Party Disco Women Mini Dress Lace Patchwork Backless Elegant Bohemian Tropical Chic Wedding Guest Music Festival,S$18.99,https://sg.shein.com/Soleia-White-Summer-70-s-Club-Night-Holiday-Party-Disco-Women-Mini-Dress-Lace-Patchwork-Backless-Elegant-Bohemian-Tropical-Chic-Wedding-Guest-Music-Festival-p-467493657.html?mallCode=1&pageListType=4&detailBusinessFrom=0-1_467493657%7C0-2,https://img.ltwebstatic.com/v4/j/pi/2026/05/12/fc/177858875512cbbefc2e5a6bdc6b4e600aa5d5b0ca_thumbnail_600x.webp,2026-05-31T16:17:19+08:00,,,,,NEW
9222757,3,2,"3,4",DAZY Letter Graphic Drop Shoulder Tee Summer Oversized T-Shirt,S$1.49,https://sg.shein.com/DAZY-Letter-Graphic-Drop-Shoulder-Tee-Summer-Oversized-T-Shirt-p-9222757.html?mallCode=1&pageListType=4&detailBusinessFrom=0-1_9222757%7C0-2,https://img.ltwebstatic.com/images3_pi/2025/02/20/70/1740010774acfb1b5c1ff265a6781c014aa45fc2a0_thumbnail_600x.webp,2026-05-31T16:17:19+08:00,,,,,Save S$1.49
430824244,3,1,3,"DAZY Solid Color Pleated Fashionable High Waist Leggings, Suitable For Daily Wear",S$1.50,https://sg.shein.com/DAZY-Solid-Color-Pleated-Fashionable-High-Waist-Leggings-Suitable-For-Daily-Wear-p-430824244.html?mallCode=1&pageListType=4&detailBusinessFrom=0-1_430824244%7C0-2,https://img.ltwebstatic.com/v4/j/pi/2026/03/31/8b/1774924057c6a368a10579605380f9b16f56b95c49_thumbnail_600x.webp,2026-05-31T16:17:19+08:00,,,,,Save S$1.50
77183677,3,1,3,"Red Plaid Square Collar Short Sleeve Slim Fit Casual Blouse, New Design Cropped Shirt Top For Women Summer",S$11.99,https://sg.shein.com/Red-Plaid-Square-Collar-Short-Sleeve-Slim-Fit-Casual-Blouse-New-Design-Cropped-Shirt-Top-For-Women-Summer-p-77183677.html?mallCode=1&pageListType=4&detailBusinessFrom=0-1_77183677%7C0-2,https://img.ltwebstatic.com/v4/j/spmp/2025/05/08/03/1746684728ad786d75dfeb42acb215eb131758da3f_thumbnail_600x.webp,2026-05-31T16:17:19+08:00,,,,,50+ sold
474472798,3,1,3,Aveloria Revavyn Women's Solid Color Fashionable Date Party Mini Dress,S$22.49,https://sg.shein.com/Aveloria-Revavyn-Women-s-Solid-Color-Fashionable-Date-Party-Mini-Dress-p-474472798.html?mallCode=1&pageListType=4&detailBusinessFrom=0-1_474472798%7C0-2,https://sc.ltwebstatic.com/she_dist/images/bg-grey-solid-color-fc04c1310d.png,2026-05-31T16:17:19+08:00,,,,,NEW
425305107,3,1,3,DAZY Women's Solid Color Cold-Shoulder Ruched Asymmetric Neck Short Sleeve T-Shirt Summer,S$1.10,https://sg.shein.com/DAZY-Women-s-Solid-Color-Cold-Shoulder-Ruched-Asymmetric-Neck-Short-Sleeve-T-Shirt-Summer-p-425305107.html?mallCode=1&pageListType=4&detailBusinessFrom=0-1_425305107%7C0-2,https://sc.ltwebstatic.com/she_dist/images/bg-grey-solid-color-fc04c1310d.png,2026-05-31T16:17:19+08:00,,,,,Save S$1.10
34749397,3,1,3,"Women's Vacation Casual Solid Color Front Button Long Shirt Dress, Long Shirt Dress, Casual Black, Button Flared Hem, Long Sleeve, Collar, Minimalist Black Lapel Long Sleeve Shirt Dress, Loose Relaxed Flared Hem Button Front Dress With Pockets Elegant",S$19.99,https://sg.shein.com/Women-s-Vacation-Casual-Solid-Color-Front-Button-Long-Shirt-Dress-Long-Shirt-Dress-Casual-Black-Button-Flared-Hem-Long-Sleeve-Collar-Minimalist-Black-Lapel-Long-Sleeve-Shirt-Dress-Loose-Relaxed-Flared-Hem-Button-Front-Dress-With-Pockets-Elegant-p-34749397.html?mallCode=1&pageListType=4&detailBusinessFrom=0-1_34749397%7C0-2,https://sc.ltwebstatic.com/she_dist/images/bg-grey-solid-color-fc04c1310d.png,2026-05-31T16:17:19+08:00,,,,,
442176245,3,1,3,"Resyla Women's Minimalist Versatile Padded Square Neck Tight Fit T-Shirt, Summer",S$1.65,https://sg.shein.com/Resyla-Women-s-Minimalist-Versatile-Padded-Square-Neck-Tight-Fit-T-Shirt-Summer-p-442176245.html?mallCode=1&pageListType=4&detailBusinessFrom=0-1_442176245%7C0-2,https://sc.ltwebstatic.com/she_dist/images/bg-grey-solid-color-fc04c1310d.png,2026-05-31T16:17:19+08:00,,,,,Save S$1.65
291703311,3,2,"3,4","Women's Black Flare Pants, Casual Yoga Leggings, Back To School, Autumn Fashion, Pants, Sweatpants, Women's Full Length Trousers Spring",S$9.49,https://sg.shein.com/Women-s-Black-Flare-Pants-Casual-Yoga-Leggings-Back-To-School-Autumn-Fashion-Pants-Sweatpants-Women-s-Full-Length-Trousers-Spring-p-291703311.html?mallCode=1&pageListType=4&detailBusinessFrom=0-1_291703311%7C0-2,https://sc.ltwebstatic.com/she_dist/images/bg-grey-solid-color-fc04c1310d.png,2026-05-31T16:17:19+08:00,,,,,
427392142,3,1,3,"Qadelle 2pcs/Set Women's Black And White Striped Sleeveless Crop Top And High Waist Mini Skirt Set,Elegant,Summer Casual Chic For Brunch,Dates,Parties,Office",S$1.15,https://sg.shein.com/Qadelle-2pcs-Set-Women-s-Black-And-White-Striped-Sleeveless-Crop-Top-And-High-Waist-Mini-Skirt-Set-Elegant-Summer-Casual-Chic-For-Brunch-Dates-Parties-Office-p-427392142.html?mallCode=1&pageListType=4&detailBusinessFrom=0-1_427392142%7C0-2,https://sc.ltwebstatic.com/she_dist/images/bg-grey-solid-color-fc04c1310d.png,2026-05-31T16:17:19+08:00,,,,,Save S$1.15
342061441,3,1,3,"American Style Short Sleeve Crew Neck Fitted T-Shirt For Women, White, Spring/Summer Casual",S$8.49,https://sg.shein.com/American-Style-Short-Sleeve-Crew-Neck-Fitted-T-Shirt-For-Women-White-Spring-Summer-Casual-p-342061441.html?mallCode=1&pageListType=4&detailBusinessFrom=0-1_342061441%7C0-2,https://sc.ltwebstatic.com/she_dist/images/bg-grey-solid-color-fc04c1310d.png,2026-05-31T16:17:19+08:00,,,,,
30669381,3,2,"3,8",Livesso Women's Striped Wide Leg Pants With Drawstring Waist For Casual Wear Summer,S$20.49,https://sg.shein.com/Livesso-Women-s-Striped-Wide-Leg-Pants-With-Drawstring-Waist-For-Casual-Wear-Summer-p-30669381.html?mallCode=1&pageListType=4&detailBusinessFrom=0-1_30669381%7C0-2,https://sc.ltwebstatic.com/she_dist/images/bg-grey-solid-color-fc04c1310d.png,2026-05-31T16:17:19+08:00,,,,,
37023283,3,1,3,"INAWLY Vintage Christian Short Sleeve Shirt With Bible Verses, Casual Shirt, Retro Faith Cross Print Tee, Pray Mom Round Neck Tee Graphic Tees Women Tops",S$0.78,https://sg.shein.com/INAWLY-Vintage-Christian-Short-Sleeve-Shirt-With-Bible-Verses-Casual-Shirt-Retro-Faith-Cross-Print-Tee-Pray-Mom-Round-Neck-Tee-Graphic-Tees-Women-Tops-p-37023283.html?mallCode=1&pageListType=4&detailBusinessFrom=0-1_37023283%7C0-2,https://sc.ltwebstatic.com/she_dist/images/bg-grey-solid-color-fc04c1310d.png,2026-05-31T16:17:19+08:00,,,,,Save S$0.78
415507391,3,1,3,Resyla Women's Casual Solid Color Round Neck Short Sleeve T-Shirt,S$0.84,https://sg.shein.com/Resyla-Women-s-Casual-Solid-Color-Round-Neck-Short-Sleeve-T-Shirt-p-415507391.html?mallCode=1&pageListType=4&detailBusinessFrom=0-1_415507391%7C0-2,https://sc.ltwebstatic.com/she_dist/images/bg-grey-solid-color-fc04c1310d.png,2026-05-31T16:17:19+08:00,,,,,Save S$0.84
481845027,3,1,3,"Breezaya Minimalist Romantic Vacation V-Neck Belted Fitted Striped Print Dress, Suitable For Beach, Elegant Casual, Travel, Date, Leisure Party, Birthday",S$20.49,https://sg.shein.com/Breezaya-Minimalist-Romantic-Vacation-V-Neck-Belted-Fitted-Striped-Print-Dress-Suitable-For-Beach-Elegant-Casual-Travel-Date-Leisure-Party-Birthday-p-481845027.html?mallCode=1&pageListType=4&detailBusinessFrom=0-1_481845027%7C0-2,https://sc.ltwebstatic.com/she_dist/images/bg-grey-solid-color-fc04c1310d.png,2026-05-31T16:17:19+08:00,,,,,NEW
11233859,3,1,3,Dazy-Less Solid Rib Knit Button Front Tee Old Money Style Business Casual Woman Work Clothes,S$1.36,https://sg.shein.com/Dazy-Less-Solid-Rib-Knit-Button-Front-Tee-Old-Money-Style-Business-Casual-Woman-Work-Clothes-p-11233859.html?mallCode=1&pageListType=4&detailBusinessFrom=0-1_11233859%7C0-2,https://sc.ltwebstatic.com/she_dist/images/bg-grey-solid-color-fc04c1310d.png,2026-05-31T16:17:19+08:00,,,,,Save S$1.36
15635093,3,1,3,Joudiya Frill Trim Puff Sleeve Button Front Blouse Vacation Outfits Women Boho,S$2.27,https://sg.shein.com/Joudiya-Frill-Trim-Puff-Sleeve-Button-Front-Blouse-Vacation-Outfits-Women-Boho-p-15635093.html?mallCode=1&pageListType=4&detailBusinessFrom=0-1_15635093%7C0-2,https://sc.ltwebstatic.com/she_dist/images/bg-grey-solid-color-fc04c1310d.png,2026-05-31T16:17:19+08:00,,,,,Save S$2.27
155561450,3,1,3,"EMERY ROSE Women's Casual Striped Cutout Neck Batwing Sleeve Shirt, Summer",S$7.99,https://sg.shein.com/EMERY-ROSE-Women-s-Casual-Striped-Cutout-Neck-Batwing-Sleeve-Shirt-Summer-p-155561450.html?mallCode=1&pageListType=4&detailBusinessFrom=0-1_155561450%7C0-2,https://sc.ltwebstatic.com/she_dist/images/bg-grey-solid-color-fc04c1310d.png,2026-05-31T16:17:19+08:00,,,,,
144682767,3,1,3,"Women's Bohemian Style Linen Sleeveless Top, Casual Loose Gray Camisole, Handmade Summer Shirt, Suitable For Beach, Daily Wear And Vacation Black",S$7.99,https://sg.shein.com/Women-s-Bohemian-Style-Linen-Sleeveless-Top-Casual-Loose-Gray-Camisole-Handmade-Summer-Shirt-Suitable-For-Beach-Daily-Wear-And-Vacation-Black-p-144682767.html?mallCode=1&pageListType=4&detailBusinessFrom=0-1_144682767%7C0-2,https://sc.ltwebstatic.com/she_dist/images/bg-grey-solid-color-fc04c1310d.png,2026-05-31T16:17:19+08:00,,,,,
441624386,3,1,3,"SHEIN Franclia Women's Black And White Plaid Cami Top,Cute Summer Everyday Coquette Aesthetic Ruched Peplum Hem Sleeveless Blouse,Y2K Ruffle Trim Slim Fit Tank Top",S$1.65,https://sg.shein.com/SHEIN-Franclia-Women-s-Black-And-White-Plaid-Cami-Top-Cute-Summer-Everyday-Coquette-Aesthetic-Ruched-Peplum-Hem-Sleeveless-Blouse-Y2K-Ruffle-Trim-Slim-Fit-Tank-Top-p-441624386.html?mallCode=1&pageListType=4&detailBusinessFrom=0-1_441624386%7C0-2,https://sc.ltwebstatic.com/she_dist/images/bg-grey-solid-color-fc04c1310d.png,2026-05-31T16:17:19+08:00,,,,,Save S$1.65
467270781,3,1,3,"Lumalex Summer Floral Print Asymmetric Steel Hoop Off Shoulder Ruched Tie Waist Bodycon Dress For Women Festival Graduation Prom Seamlessly Transitions From Beach To Soirées, Blending Quiet Luxury With Party Flair For Any Occasion",S$30.49,https://sg.shein.com/Lumalex-Summer-Floral-Print-Asymmetric-Steel-Hoop-Off-Shoulder-Ruched-Tie-Waist-Bodycon-Dress-For-Women-Festival-Graduation-Prom-Seamlessly-Transitions-From-Beach-To-Soir-es-Blending-Quiet-Luxury-With-Party-Flair-For-Any-Occasion-p-467270781.html?mallCode=1&pageListType=4&detailBusinessFrom=0-1_467270781%7C0-2,https://sc.ltwebstatic.com/she_dist/images/bg-grey-solid-color-fc04c1310d.png,2026-05-31T16:17:19+08:00,,,,,NEW
14461468,3,1,3,DAZY Solid Slit Hem Skort,S$13.49,https://sg.shein.com/DAZY-Solid-Slit-Hem-Skort-p-14461468.html?mallCode=1&pageListType=4&detailBusinessFrom=0-1_14461468%7C0-2,https://sc.ltwebstatic.com/she_dist/images/bg-grey-solid-color-fc04c1310d.png,2026-05-31T16:17:19+08:00,,,(1000+),,300+ sold
46274115,3,1,3,Firerie Women Minimalist Casual Chic Fashion Back-To-School High Waist Textured Wide Leg Pants,S$15.49,https://sg.shein.com/Firerie-Women-Minimalist-Casual-Chic-Fashion-Back-To-School-High-Waist-Textured-Wide-Leg-Pants-p-46274115.html?mallCode=1&pageListType=4&detailBusinessFrom=0-1_46274115%7C0-2,https://sc.ltwebstatic.com/she_dist/images/bg-grey-solid-color-fc04c1310d.png,2026-05-31T16:17:19+08:00,,,,,100+ sold
31778311,3,1,3,"DAZY Solid Color Round Neck Half-Placket Buttoned Slim Fit Women's Long Sleeve T-Shirt,Fall Women Clothes Going Out Tops Women",S$8.99,https://sg.shein.com/DAZY-Solid-Color-Round-Neck-Half-Placket-Buttoned-Slim-Fit-Women-s-Long-Sleeve-T-Shirt-Fall-Women-Clothes-Going-Out-Tops-Women-p-31778311.html?mallCode=1&pageListType=4&detailBusinessFrom=0-1_31778311%7C0-2,https://sc.ltwebstatic.com/she_dist/images/bg-grey-solid-color-fc04c1310d.png,2026-05-31T16:17:19+08:00,,,,,
429978950,3,1,3,"Franclia White And Black Polka Dot,Summer,Elegant,Tea Party Vintage Pearl Decor Women Tank Top Blouses Work Outfits Casual Cute Latest New Arrivals",S$8.49,https://sg.shein.com/Franclia-White-And-Black-Polka-Dot-Summer-Elegant-Tea-Party-Vintage-Pearl-Decor-Women-Tank-Top-Blouses-Work-Outfits-Casual-Cute-Latest-New-Arrivals-p-429978950.html?mallCode=1&pageListType=4&detailBusinessFrom=0-1_429978950%7C0-2,https://sc.ltwebstatic.com/she_dist/images/bg-grey-solid-color-fc04c1310d.png,2026-05-31T16:17:19+08:00,,,,,80+ sold
460135094,3,1,3,"SHEIN PETITE Women's Chic Shades Of Brown Satin Wide-Leg Trousers,Drape Elastic Waist Straight-Leg Pants,Summer Loungewear,Chocolate Brown Casual & Work Versatile",S$8.49,https://sg.shein.com/SHEIN-PETITE-Women-s-Chic-Shades-Of-Brown-Satin-Wide-Leg-Trousers-Drape-Elastic-Waist-Straight-Leg-Pants-Summer-Loungewear-Chocolate-Brown-Casual-Work-Versatile-p-460135094.html?mallCode=1&pageListType=4&detailBusinessFrom=0-1_460135094%7C0-2,https://sc.ltwebstatic.com/she_dist/images/bg-grey-solid-color-fc04c1310d.png,2026-05-31T16:17:19+08:00,,,,,
36774366,3,1,3,Solid Hollow Out Sweater Vest Casual Summer,S$10.49,https://sg.shein.com/Solid-Hollow-Out-Sweater-Vest-Casual-Summer-p-36774366.html?mallCode=1&pageListType=4&detailBusinessFrom=0-1_36774366%7C0-2,https://sc.ltwebstatic.com/she_dist/images/bg-grey-solid-color-fc04c1310d.png,2026-05-31T16:17:19+08:00,,,,,70+ sold
368820636,3,2,"3,4","Letter Graphic Short Sleeve Midi T-Shirt, Stylish Casual Top For Women Summer",S$0.55,https://sg.shein.com/Letter-Graphic-Short-Sleeve-Midi-T-Shirt-Stylish-Casual-Top-For-Women-Summer-p-368820636.html?mallCode=1&pageListType=4&detailBusinessFrom=0-1_368820636%7C0-2,https://sc.ltwebstatic.com/she_dist/images/bg-grey-solid-color-fc04c1310d.png,2026-05-31T16:17:19+08:00,,,,,Save S$0.55
77896426,3,1,3,Airaco Women's Summer Casual Solid Color Loose Shorts,S$10.99,https://sg.shein.com/Airaco-Women-s-Summer-Casual-Solid-Color-Loose-Shorts-p-77896426.html?mallCode=1&pageListType=4&detailBusinessFrom=0-1_77896426%7C0-2,https://sc.ltwebstatic.com/she_dist/images/bg-grey-solid-color-fc04c1310d.png,2026-05-31T16:17:19+08:00,,,,,
64712952,3,1,3,"DAZY Women Patchwork 2 In 1 Fitted Short Sleeve T-Shirt, White, Spring/Summer",S$1.56,https://sg.shein.com/DAZY-Women-Patchwork-2-In-1-Fitted-Short-Sleeve-T-Shirt-White-Spring-Summer-p-64712952.html?mallCode=1&pageListType=4&detailBusinessFrom=0-1_64712952%7C0-2,https://sc.ltwebstatic.com/she_dist/images/bg-grey-solid-color-fc04c1310d.png,2026-05-31T16:17:19+08:00,,,,,Save S$1.56
33328076,3,1,3,"SHEIN LUNE Ladies Solid Color Belted Casual Long Pants For Daily Wear,Casual",S$12.99,https://sg.shein.com/SHEIN-LUNE-Ladies-Solid-Color-Belted-Casual-Long-Pants-For-Daily-Wear-Casual-p-33328076.html?mallCode=1&pageListType=4&detailBusinessFrom=0-1_33328076%7C0-2,https://sc.ltwebstatic.com/she_dist/images/bg-grey-solid-color-fc04c1310d.png,2026-05-31T16:17:19+08:00,,,,,
454375207,3,1,3,DAZY Women's Solid Color Plunging Neck Sequin Patchwork Ruffle Hem Camisole Dress,S$18.49,https://sg.shein.com/DAZY-Women-s-Solid-Color-Plunging-Neck-Sequin-Patchwork-Ruffle-Hem-Camisole-Dress-p-454375207.html?mallCode=1&pageListType=4&detailBusinessFrom=0-1_454375207%7C0-2,https://sc.ltwebstatic.com/she_dist/images/bg-grey-solid-color-fc04c1310d.png,2026-05-31T16:17:19+08:00,,-21%,,,
447310470,3,1,3,"LYSMO 2026 Minimalism Women's Elegant Lace Patchwork Drop Shoulder Short Sleeve T-Shirt,White And Silver Summmer Y2K Top For Dining,Office Casual Blouse",S$12.49,https://sg.shein.com/LYSMO-2026-Minimalism-Women-s-Elegant-Lace-Patchwork-Drop-Shoulder-Short-Sleeve-T-Shirt-White-And-Silver-Summmer-Y2K-Top-For-Dining-Office-Casual-Blouse-p-447310470.html?mallCode=1&pageListType=4&detailBusinessFrom=0-1_447310470%7C0-2,https://sc.ltwebstatic.com/she_dist/images/bg-grey-solid-color-fc04c1310d.png,2026-05-31T16:17:19+08:00,,,,,
62823796,3,2,"3,4","Women's Loose Fit Wide-Leg Washed Casual Pants, Stylish & Versatile Spring",S$26.49,https://sg.shein.com/Women-s-Loose-Fit-Wide-Leg-Washed-Casual-Pants-Stylish-Versatile-Spring-p-62823796.html?mallCode=1&pageListType=4&detailBusinessFrom=0-1_62823796%7C0-2,https://sc.ltwebstatic.com/she_dist/images/bg-grey-solid-color-fc04c1310d.png,2026-05-31T16:17:19+08:00,,,,,100+ sold
423205861,3,1,3,"Fashionable Polo Collar Raglan Short Sleeve Knit T-Shirt For Women, Spring/Summer New Lightweight Casual Cardigan Top Black",S$1.40,https://sg.shein.com/Fashionable-Polo-Collar-Raglan-Short-Sleeve-Knit-T-Shirt-For-Women-Spring-Summer-New-Lightweight-Casual-Cardigan-Top-Black-p-423205861.html?mallCode=1&pageListType=4&detailBusinessFrom=0-1_423205861%7C0-2,https://sc.ltwebstatic.com/she_dist/images/bg-grey-solid-color-fc04c1310d.png,2026-05-31T16:17:19+08:00,,,,,Save S$1.40
13463208,3,2,"3,6","Sylviya Vacation Style Casual Rolled Hem, Front Knotted, Double Pocket Shorts,Vacation",S$14.49,https://sg.shein.com/Sylviya-Vacation-Style-Casual-Rolled-Hem-Front-Knotted-Double-Pocket-Shorts-Vacation-p-13463208.html?mallCode=1&pageListType=4&detailBusinessFrom=0-1_13463208%7C0-2,https://sc.ltwebstatic.com/she_dist/images/bg-grey-solid-color-fc04c1310d.png,2026-05-31T16:17:19+08:00,,,,,
397301920,3,1,3,"Summer Fashion Garden Afternoon Tea Party Fitted Elegant A-Line Midi Dress, Casual Loose Off-Shoulder Mid-Length Dress",S$13.68,https://sg.shein.com/Summer-Fashion-Garden-Afternoon-Tea-Party-Fitted-Elegant-A-Line-Midi-Dress-Casual-Loose-Off-Shoulder-Mid-Length-Dress-p-397301920.html?mallCode=1&pageListType=4&detailBusinessFrom=0-1_397301920%7C0-2,https://sc.ltwebstatic.com/she_dist/images/bg-grey-solid-color-fc04c1310d.png,2026-05-31T16:17:19+08:00,,-67%,,,
443229828,3,1,3,"EMERY ROSE Women's Striped Letter Print Round Neck Short Sleeve T-Shirt, Fashionable And Versatile",S$7.99,https://sg.shein.com/EMERY-ROSE-Women-s-Striped-Letter-Print-Round-Neck-Short-Sleeve-T-Shirt-Fashionable-And-Versatile-p-443229828.html?mallCode=1&pageListType=4&detailBusinessFrom=0-1_443229828%7C0-2,https://sc.ltwebstatic.com/she_dist/images/bg-grey-solid-color-fc04c1310d.png,2026-05-31T16:17:19+08:00,,,,,
438723021,3,3,"3,5,6","EMERY ROSE Fashionable Minimalist Off Shoulder T-Shirt, Gift For Friends",S$0.90,https://sg.shein.com/EMERY-ROSE-Fashionable-Minimalist-Off-Shoulder-T-Shirt-Gift-For-Friends-p-438723021.html?mallCode=1&pageListType=4&detailBusinessFrom=0-1_438723021%7C0-2,https://sc.ltwebstatic.com/she_dist/images/bg-grey-solid-color-fc04c1310d.png,2026-05-31T16:17:19+08:00,,,,,Save S$0.90
420438467,3,1,3,"Pariaura Women's Solid Color Minimalist White Summer Casual Tennis Pleated Skirt,Back-To-School High Waisted Skort Plain Pantskirt Shorts",S$16.49,https://sg.shein.com/Pariaura-Women-s-Solid-Color-Minimalist-White-Summer-Casual-Tennis-Pleated-Skirt-Back-To-School-High-Waisted-Skort-Plain-Pantskirt-Shorts-p-420438467.html?mallCode=1&pageListType=4&detailBusinessFrom=0-1_420438467%7C0-2,https://sc.ltwebstatic.com/she_dist/images/bg-grey-solid-color-fc04c1310d.png,2026-05-31T16:17:19+08:00,,,,,
47885106,3,1,3,"DAZY Women's Solid Color Off Shoulder Fitted Black Short Sleeve T-Shirt, Spring/Summer",S$7.49,https://sg.shein.com/DAZY-Women-s-Solid-Color-Off-Shoulder-Fitted-Black-Short-Sleeve-T-Shirt-Spring-Summer-p-47885106.html?mallCode=1&pageListType=4&detailBusinessFrom=0-1_47885106%7C0-2,https://sc.ltwebstatic.com/she_dist/images/bg-grey-solid-color-fc04c1310d.png,2026-05-31T16:17:19+08:00,,,,,100+ sold
463231417,3,1,3,"Sylviya Women's Casual Vacation Summer Crochet Wavy Striped Jacquard Sleeveless Dress,Dresses For Women Summer",S$11.97,https://sg.shein.com/Sylviya-Women-s-Casual-Vacation-Summer-Crochet-Wavy-Striped-Jacquard-Sleeveless-Dress-Dresses-For-Women-Summer-p-463231417.html?mallCode=1&pageListType=4&detailBusinessFrom=0-1_463231417%7C0-2,https://sc.ltwebstatic.com/she_dist/images/bg-grey-solid-color-fc04c1310d.png,2026-05-31T16:17:19+08:00,,-8%,,,
30519355,3,1,3,"Dazy-Less Solid Color Short Sleeve T-Shirt Old Money Style Summer,Crop Tops Women Business Casual Woman Work Clothes",S$8.49,https://sg.shein.com/Dazy-Less-Solid-Color-Short-Sleeve-T-Shirt-Old-Money-Style-Summer-Crop-Tops-Women-Business-Casual-Woman-Work-Clothes-p-30519355.html?mallCode=1&pageListType=4&detailBusinessFrom=0-1_30519355%7C0-2,https://sc.ltwebstatic.com/she_dist/images/bg-grey-solid-color-fc04c1310d.png,2026-05-31T16:17:19+08:00,,,,,300+ sold
416948148,3,1,3,EMERY ROSE Women's Casual Floral Short Sleeve Blouse,S$13.49,https://sg.shein.com/EMERY-ROSE-Women-s-Casual-Floral-Short-Sleeve-Blouse-p-416948148.html?mallCode=1&pageListType=4&detailBusinessFrom=0-1_416948148%7C0-2,https://sc.ltwebstatic.com/she_dist/images/bg-grey-solid-color-fc04c1310d.png,2026-05-31T16:17:19+08:00,,,,,
340081353,3,1,3,"Off Shoulder Design T-Shirt For Women, Minimalist Short Sleeve Top For Summer Casual Black",S$9.99,https://sg.shein.com/Off-Shoulder-Design-T-Shirt-For-Women-Minimalist-Short-Sleeve-Top-For-Summer-Casual-Black-p-340081353.html?mallCode=1&pageListType=4&detailBusinessFrom=0-1_340081353%7C0-2,https://sc.ltwebstatic.com/she_dist/images/bg-grey-solid-color-fc04c1310d.png,2026-05-31T16:17:19+08:00,,,,,
434906086,3,2,"3,4","Breezaya Women's Elegant V-Neck White With Black Polka Dots Summer Casual Shirt,Loose-Fitting Stylish Top For Holiday,Vacation,Business Office Wear,Holiday",S$9.99,https://sg.shein.com/Breezaya-Women-s-Elegant-V-Neck-White-With-Black-Polka-Dots-Summer-Casual-Shirt-Loose-Fitting-Stylish-Top-For-Holiday-Vacation-Business-Office-Wear-Holiday-p-434906086.html?mallCode=1&pageListType=4&detailBusinessFrom=0-1_434906086%7C0-2,https://sc.ltwebstatic.com/she_dist/images/bg-grey-solid-color-fc04c1310d.png,2026-05-31T16:17:19+08:00,,,,,
46469130,3,1,3,DAZY Vintage Loose Street Wash Faded Wide-Leg Women Baggy Jeans Y2k,S$3.52,https://sg.shein.com/DAZY-Vintage-Loose-Street-Wash-Faded-Wide-Leg-Women-Baggy-Jeans-Y2k-p-46469130.html?mallCode=1&pageListType=4&detailBusinessFrom=0-1_46469130%7C0-2,https://sc.ltwebstatic.com/she_dist/images/bg-grey-solid-color-fc04c1310d.png,2026-05-31T16:17:19+08:00,,,,,Save S$3.52
477183422,3,1,3,DAZY Spring & Summer Sheer Mesh Fabric Metal Buckle Decor Yellow Short Mini Dress For Women,S$14.49,https://sg.shein.com/DAZY-Spring-Summer-Sheer-Mesh-Fabric-Metal-Buckle-Decor-Yellow-Short-Mini-Dress-For-Women-p-477183422.html?mallCode=1&pageListType=4&detailBusinessFrom=0-1_477183422%7C0-2,https://sc.ltwebstatic.com/she_dist/images/bg-grey-solid-color-fc04c1310d.png,2026-05-31T16:17:19+08:00,,,,,NEW
57290443,3,1,3,"Korean Fashion Butterfly Embroidery V-Neck Slim Fit Short Sleeve T-Shirt Top For Women, Summer Casual White",S$11.99,https://sg.shein.com/Korean-Fashion-Butterfly-Embroidery-V-Neck-Slim-Fit-Short-Sleeve-T-Shirt-Top-For-Women-Summer-Casual-White-p-57290443.html?mallCode=1&pageListType=4&detailBusinessFrom=0-1_57290443%7C0-2,https://sc.ltwebstatic.com/she_dist/images/bg-grey-solid-color-fc04c1310d.png,2026-05-31T16:17:19+08:00,,,,,
43187429,3,1,3,"Sweetra 1pc Versatile Padded Pleated Camisole Top, Solid Color, Built-In Bra",S$7.49,https://sg.shein.com/Sweetra-1pc-Versatile-Padded-Pleated-Camisole-Top-Solid-Color-Built-In-Bra-p-43187429.html?mallCode=1&pageListType=4&detailBusinessFrom=0-1_43187429%7C0-2,https://sc.ltwebstatic.com/she_dist/images/bg-grey-solid-color-fc04c1310d.png,2026-05-31T16:17:19+08:00,,,,,100+ sold
329594920,3,2,"3,4","Japanese Style Women Loose Casual Round Neck Cartoon Letter Print Short Sleeve T-Shirt, Versatile For Spring/Summer",S$1.05,https://sg.shein.com/Japanese-Style-Women-Loose-Casual-Round-Neck-Cartoon-Letter-Print-Short-Sleeve-T-Shirt-Versatile-For-Spring-Summer-p-329594920.html?mallCode=1&pageListType=4&detailBusinessFrom=0-1_329594920%7C0-2,https://sc.ltwebstatic.com/she_dist/images/bg-grey-solid-color-fc04c1310d.png,2026-05-31T16:17:19+08:00,,,,,Save S$1.05
57511873,3,1,3,"Leopard And Star Print Summer Women's Casual Fashion 100% Cotton Short Sleeve Top, Graphic Tee, Cotton Apparel, Outdoor Top, Printed Pattern, Summer T-Shirt, Summer Top, Vacation Outfit, Beach Style, Minimalist Resort Wear White",S$1.53,https://sg.shein.com/Leopard-And-Star-Print-Summer-Women-s-Casual-Fashion-100-Cotton-Short-Sleeve-Top-Graphic-Tee-Cotton-Apparel-Outdoor-Top-Printed-Pattern-Summer-T-Shirt-Summer-Top-Vacation-Outfit-Beach-Style-Minimalist-Resort-Wear-White-p-57511873.html?mallCode=1&pageListType=4&detailBusinessFrom=0-1_57511873%7C0-2,https://sc.ltwebstatic.com/she_dist/images/bg-grey-solid-color-fc04c1310d.png,2026-05-31T16:17:19+08:00,,,,,Save S$1.53
422572089,3,1,3,Franclia White Summer Elegant Brunch V-Neck Button Decor Solid Ribbed Sleeveless Ruffle Hem Sweet Casual Top Blouse For Women Modern French Style Business,S$8.49,https://sg.shein.com/Franclia-White-Summer-Elegant-Brunch-V-Neck-Button-Decor-Solid-Ribbed-Sleeveless-Ruffle-Hem-Sweet-Casual-Top-Blouse-For-Women-Modern-French-Style-Business-p-422572089.html?mallCode=1&pageListType=4&detailBusinessFrom=0-1_422572089%7C0-2,https://sc.ltwebstatic.com/she_dist/images/bg-grey-solid-color-fc04c1310d.png,2026-05-31T16:17:19+08:00,,,,,
467614656,3,1,3,"DAZY Textured Elegant Waist-Cinched Casual Long Dress For Women, Spring & Summer",S$25.96,https://sg.shein.com/DAZY-Textured-Elegant-Waist-Cinched-Casual-Long-Dress-For-Women-Spring-Summer-p-467614656.html?mallCode=1&pageListType=4&detailBusinessFrom=0-1_467614656%7C0-2,https://sc.ltwebstatic.com/she_dist/images/bg-grey-solid-color-fc04c1310d.png,2026-05-31T16:17:19+08:00,,-21%,,,
60282920,3,1,3,"DAZY Women Crew Neck Casual Loose Open Front T-Shirt, Minimalist And Fashionable, Suitable For Summer,Fall Clothes Long Sleeve Women Tops",S$1.20,https://sg.shein.com/DAZY-Women-Crew-Neck-Casual-Loose-Open-Front-T-Shirt-Minimalist-And-Fashionable-Suitable-For-Summer-Fall-Clothes-Long-Sleeve-Women-Tops-p-60282920.html?mallCode=1&pageListType=4&detailBusinessFrom=0-1_60282920%7C0-2,https://sc.ltwebstatic.com/she_dist/images/bg-grey-solid-color-fc04c1310d.png,2026-05-31T16:17:19+08:00,,,,,Save S$1.20
427499013,3,1,3,"2pcs Women's Classic Black & White Solid Color All-Match T-Shirts, High Stretch Skin-Friendly Fitted Design, Round Neck, Waist Shaping, Minimalist Versatile Essentials, Short Sleeve T-Shirts, Suitable For Daily Commute/Fashionable Street/Date/Autumn Layering/Campus Student Outfit Casual Summer",S$6.49,https://sg.shein.com/2pcs-Women-s-Classic-Black-White-Solid-Color-All-Match-T-Shirts-High-Stretch-Skin-Friendly-Fitted-Design-Round-Neck-Waist-Shaping-Minimalist-Versatile-Essentials-Short-Sleeve-T-Shirts-Suitable-For-Daily-Commute-Fashionable-Street-Date-Autumn-Layering-Campus-Student-Outfit-Casual-Summer-p-427499013.html?mallCode=1&pageListType=4&detailBusinessFrom=0-1_427499013%7C0-2,https://sc.ltwebstatic.com/she_dist/images/bg-grey-solid-color-fc04c1310d.png,2026-05-31T16:17:19+08:00,,,,,
419277574,3,2,"3,5","Retro American Loose Black & White Striped Off-Shoulder Short Sleeve T-Shirt, Backless Sexy Versatile Summer Top For Women",S$12.49,https://sg.shein.com/Retro-American-Loose-Black-White-Striped-Off-Shoulder-Short-Sleeve-T-Shirt-Backless-Sexy-Versatile-Summer-Top-For-Women-p-419277574.html?mallCode=1&pageListType=4&detailBusinessFrom=0-1_419277574%7C0-2,https://sc.ltwebstatic.com/she_dist/images/bg-grey-solid-color-fc04c1310d.png,2026-05-31T16:17:19+08:00,,,,,
83347706,3,1,3,DAZY Korean Style Women's Polka Dot Sleeveless Bowknot Blouse Top Going Out Tops,S$1.02,https://sg.shein.com/DAZY-Korean-Style-Women-s-Polka-Dot-Sleeveless-Bowknot-Blouse-Top-Going-Out-Tops-p-83347706.html?mallCode=1&pageListType=4&detailBusinessFrom=0-1_83347706%7C0-2,https://sc.ltwebstatic.com/she_dist/images/bg-grey-solid-color-fc04c1310d.png,2026-05-31T16:17:19+08:00,,,,,Save S$1.02
442938166,3,1,3,"Korean Street Style Drawstring Lightweight Slim Fit Plaid Short Sleeve Shirt, Summer",S$14.49,https://sg.shein.com/Korean-Street-Style-Drawstring-Lightweight-Slim-Fit-Plaid-Short-Sleeve-Shirt-Summer-p-442938166.html?mallCode=1&pageListType=4&detailBusinessFrom=0-1_442938166%7C0-2,https://sc.ltwebstatic.com/she_dist/images/bg-grey-solid-color-fc04c1310d.png,2026-05-31T16:17:19+08:00,,,,,
476550764,3,1,3,"MOTF PREMIUM WOMEN'S LINEN PLACEMENT PRINT SLIP DRESS, SUITABLE FOR SPRING AND SUMMER VACATION",S$72.89,https://sg.shein.com/MOTF-PREMIUM-WOMEN-S-LINEN-PLACEMENT-PRINT-SLIP-DRESS-SUITABLE-FOR-SPRING-AND-SUMMER-VACATION-p-476550764.html?mallCode=1&pageListType=4&detailBusinessFrom=0-1_476550764%7C0-2,https://sc.ltwebstatic.com/she_dist/images/bg-grey-solid-color-fc04c1310d.png,2026-05-31T16:17:19+08:00,,-19%,,,Estimated
408224845,4,1,4,"FRIFUL Women's Solid Color Metal Button Decor Loose Casual Versatile Jacket, Spring/Summer",S$20.49,https://sg.shein.com/FRIFUL-Women-s-Solid-Color-Metal-Button-Decor-Loose-Casual-Versatile-Jacket-Spring-Summer-p-408224845.html?mallCode=1&pageListType=4&detailBusinessFrom=0-1_408224845%7C0-2,https://img.ltwebstatic.com/v4/j/pi/2026/02/24/b7/1771896905a3c3d66d8de65af9b1093b9e7647e10e_thumbnail_600x.webp,2026-05-31T16:19:03+08:00,,,,,
308715994,4,1,4,Lace Polka Dot Short Sleeve V-Neck Fitted Pullover Top For Women Casual Black Summer,S$10.99,https://sg.shein.com/Lace-Polka-Dot-Short-Sleeve-V-Neck-Fitted-Pullover-Top-For-Women-Casual-Black-Summer-p-308715994.html?mallCode=1&pageListType=4&detailBusinessFrom=0-1_308715994%7C0-2,https://img.ltwebstatic.com/v4/j/spmp/2025/12/08/2e/17651590846cd70d0747dffcd66e63482dad6855ad_thumbnail_600x.webp,2026-05-31T16:19:03+08:00,,,,,90+ sold
427349856,4,2,"4,9",Women's Spring/Summer New Lace Patchwork Floral Trim Soft Knit Cardigan Lightweight Jacket,S$12.49,https://sg.shein.com/Women-s-Spring-Summer-New-Lace-Patchwork-Floral-Trim-Soft-Knit-Cardigan-Lightweight-Jacket-p-427349856.html?mallCode=1&pageListType=4&detailBusinessFrom=0-1_427349856%7C0-2,https://img.ltwebstatic.com/v4/j/ssms/2026/04/08/30/17756277692ed1343bf2c3f60a6daa9cbdf314f944_thumbnail_600x.webp,2026-05-31T16:19:03+08:00,,,,,
126000512,4,3,"4,5,6",Bohemela Summer BOHO Contrast Color Knit Patchwork Round Neck Short Sleeve Slim Fit Washed Women T-Shirt Grey Tops For Women Gray Top Distressed Top,S$15.49,https://sg.shein.com/Bohemela-Summer-BOHO-Contrast-Color-Knit-Patchwork-Round-Neck-Short-Sleeve-Slim-Fit-Washed-Women-T-Shirt-Grey-Tops-For-Women-Gray-Top-Distressed-Top-p-126000512.html?mallCode=1&pageListType=4&detailBusinessFrom=0-1_126000512%7C0-2,https://img.ltwebstatic.com/v4/j/pi/2025/12/10/c0/17653649702b541bb5477d22fefb4e03656961e118_thumbnail_600x.webp,2026-05-31T16:19:03+08:00,,,,,
434093870,4,2,"4,5","Bonvoyette Encore Red Color Halter Neck Sexy V Neck Backless High Slit Fitted Sleeveless Asymmetry Maxi Dress,Elevated Elegance Dress,Prom Dresses,Rave Outfits Festival,Streetwear,Concert Outfit,Club Outfits,Date Night Outfits,Women Birthday Outfits,Autumn And Winter Dress,Party Must Have,Christmas Outfits,Valentine Dress,New Year Dress,Wedding Party Dress",S$17.49,https://sg.shein.com/Bonvoyette-Encore-Red-Color-Halter-Neck-Sexy-V-Neck-Backless-High-Slit-Fitted-Sleeveless-Asymmetry-Maxi-Dress-Elevated-Elegance-Dress-Prom-Dresses-Rave-Outfits-Festival-Streetwear-Concert-Outfit-Club-Outfits-Date-Night-Outfits-Women-Birthday-Outfits-Autumn-And-Winter-Dress-Party-Must-Have-Christmas-Outfits-Valentine-Dress-New-Year-Dress-Wedding-Party-Dress-p-434093870.html?mallCode=1&pageListType=4&detailBusinessFrom=0-1_434093870%7C0-2,https://img.ltwebstatic.com/v4/j/pi/2026/05/09/b8/177832407830887ae02ae5ad3045653d1d6c233768_thumbnail_600x.webp,2026-05-31T16:19:03+08:00,,,,,NEW
455238146,4,1,4,"Resyla Women's Floral Embroidered Round Neck Elegant Blouse, Summer",S$10.49,https://sg.shein.com/Resyla-Women-s-Floral-Embroidered-Round-Neck-Elegant-Blouse-Summer-p-455238146.html?mallCode=1&pageListType=4&detailBusinessFrom=0-1_455238146%7C0-2,https://img.ltwebstatic.com/v4/j/pi/2026/05/08/1f/177822663698da9a63fff643798522605a8f56de92_thumbnail_600x.webp,2026-05-31T16:19:03+08:00,,,,,NEW
57237853,4,1,4,"American Style Short Sleeve Crew Neck Fitted T-Shirt For Women, Spring/Summer, New White Casual Top",S$8.49,https://sg.shein.com/American-Style-Short-Sleeve-Crew-Neck-Fitted-T-Shirt-For-Women-Spring-Summer-New-White-Casual-Top-p-57237853.html?mallCode=1&pageListType=4&detailBusinessFrom=0-1_57237853%7C0-2,https://img.ltwebstatic.com/v4/j/spmp/2025/03/21/a6/174254523627f022c8f01fb632f6bbeeba05f8d40b_thumbnail_600x.webp,2026-05-31T16:19:03+08:00,,,,,
71675975,4,2,"4,10","Women's Blue Lace Trim V-Neck Cover Up, Cute Back To School Summer Shawl Lightweight Outerwear White Spring",S$15.49,https://sg.shein.com/Women-s-Blue-Lace-Trim-V-Neck-Cover-Up-Cute-Back-To-School-Summer-Shawl-Lightweight-Outerwear-White-Spring-p-71675975.html?mallCode=1&pageListType=4&detailBusinessFrom=0-1_71675975%7C0-2,https://img.ltwebstatic.com/v4/j/ssms/2025/12/09/8e/17652733063b19670fa00b86eab43b61aa7c0fae03_thumbnail_600x.webp,2026-05-31T16:19:03+08:00,,,,,80+ sold
447979970,4,1,4,SHEIN PETITE Women's Solid Color Tie Waist Wide Leg Loose Casual Versatile Pants,S$10.99,https://sg.shein.com/SHEIN-PETITE-Women-s-Solid-Color-Tie-Waist-Wide-Leg-Loose-Casual-Versatile-Pants-p-447979970.html?mallCode=1&pageListType=4&detailBusinessFrom=0-1_447979970%7C0-2,https://img.ltwebstatic.com/v4/j/pi/2026/04/20/c9/17766501777ab294259b787e12b2c6d450913c11f3_thumbnail_600x.webp,2026-05-31T16:19:03+08:00,,,,,80+ sold
90110877,4,1,4,"Sexy Women's Casual Elastic Skinny Slim Fit Capri Pants, Slimming Black Versatile Commuter Capri Pants, Y2K Style, Capri Pants, Spring & Summer",S$19.49,https://sg.shein.com/Sexy-Women-s-Casual-Elastic-Skinny-Slim-Fit-Capri-Pants-Slimming-Black-Versatile-Commuter-Capri-Pants-Y2K-Style-Capri-Pants-Spring-Summer-p-90110877.html?mallCode=1&pageListType=4&detailBusinessFrom=0-1_90110877%7C0-2,https://img.ltwebstatic.com/v4/j/spmp/2025/12/08/4a/17651887852337e38c30b6eb3bb651e16451d16c12_thumbnail_600x.webp,2026-05-31T16:19:03+08:00,,,,,
468197160,4,1,4,"KSTM Deep V-Neck Halter Maxi Dress With Open Back, Crochet Waist Trim, Summer Evening Beach Occasion Flowy Gown",S$28.06,https://sg.shein.com/KSTM-Deep-V-Neck-Halter-Maxi-Dress-With-Open-Back-Crochet-Waist-Trim-Summer-Evening-Beach-Occasion-Flowy-Gown-p-468197160.html?mallCode=1&pageListType=4&detailBusinessFrom=0-1_468197160%7C0-2,https://img.ltwebstatic.com/v4/j/sxfs/2026/05/13/a6/177866963182a4d2b038b6038a18fffcdf313a6e30_thumbnail_600x.webp,2026-05-31T16:19:03+08:00,,,,,NEW
59356078,4,1,4,"Vintamour Women's White Summer Elegant Sequin Tea Party Vintage Lace Floral Jacquard Shirt,Retro Chinese Collar Pearl Buttons T-Shirt For Wedding Guest Office",S$1.49,https://sg.shein.com/Vintamour-Women-s-White-Summer-Elegant-Sequin-Tea-Party-Vintage-Lace-Floral-Jacquard-Shirt-Retro-Chinese-Collar-Pearl-Buttons-T-Shirt-For-Wedding-Guest-Office-p-59356078.html?mallCode=1&pageListType=4&detailBusinessFrom=0-1_59356078%7C0-2,https://img.ltwebstatic.com/images3_pi/2025/03/03/2a/1740998067b5bc9b6dff87ed2e11e60ddd1f46c187_thumbnail_600x.webp,2026-05-31T16:19:03+08:00,,,,,Save S$1.49
1987902,4,1,4,SHEIN BASICS Casual Versatile Square Neck Solid Tank Top Tops For Women White Tops,S$0.77,https://sg.shein.com/SHEIN-BASICS-Casual-Versatile-Square-Neck-Solid-Tank-Top-Tops-For-Women-White-Tops-p-1987902.html?mallCode=1&pageListType=4&detailBusinessFrom=0-1_1987902%7C0-2,https://img.ltwebstatic.com/images3_pi/2025/01/15/2b/173693748028913a5b439782d3d6e0a49debafc1ad_thumbnail_600x.webp,2026-05-31T16:19:03+08:00,,,,,Save S$0.77
425501996,4,1,4,"DAZY Women's Black And White Striped Fabric Contrast Webbing Splice Backless Camisole And Shorts,Summer Jamican Holiday Vacation Holiday Beach Swimwear",S$12.01,https://sg.shein.com/DAZY-Women-s-Black-And-White-Striped-Fabric-Contrast-Webbing-Splice-Backless-Camisole-And-Shorts-Summer-Jamican-Holiday-Vacation-Holiday-Beach-Swimwear-p-425501996.html?mallCode=1&pageListType=4&detailBusinessFrom=0-1_425501996%7C0-2,https://img.ltwebstatic.com/v4/j/pi/2026/03/19/47/1773890841f25cc0eaf01a4db567aad79e14dc67bf_thumbnail_600x.webp,2026-05-31T16:19:03+08:00,,-11%,,,
28890842,4,1,4,Spring/Summer New Arrivals Women's Unique Design Letter Print Round Neck Casual Versatile T-Shirt For Young Ladies,S$9.99,https://sg.shein.com/Spring-Summer-New-Arrivals-Women-s-Unique-Design-Letter-Print-Round-Neck-Casual-Versatile-T-Shirt-For-Young-Ladies-p-28890842.html?mallCode=1&pageListType=4&detailBusinessFrom=0-1_28890842%7C0-2,https://img.ltwebstatic.com/images3_pi/2024/03/27/32/17115444335803936ff2028a1b20f7c09a01191719_thumbnail_600x.webp,2026-05-31T16:19:03+08:00,,,,,
451825428,4,1,4,Resyla Women's Knight Print Striped Patchwork Top And Shorts Casual 2 Pieces Set,S$21.49,https://sg.shein.com/Resyla-Women-s-Knight-Print-Striped-Patchwork-Top-And-Shorts-Casual-2-Pieces-Set-p-451825428.html?mallCode=1&pageListType=4&detailBusinessFrom=0-1_451825428%7C0-2,https://img.ltwebstatic.com/v4/j/pi/2026/04/23/e3/17769301228260fc0792994480047d8efcadcd0235_thumbnail_600x.webp,2026-05-31T16:19:03+08:00,,,,,
88590418,4,1,4,"Women's Summer Cotton Vintage American Classic Black Hip-Hop Letter Distressed Loose Unisex Casual Couple T-Shirt, Back To School",S$1.45,https://sg.shein.com/Women-s-Summer-Cotton-Vintage-American-Classic-Black-Hip-Hop-Letter-Distressed-Loose-Unisex-Casual-Couple-T-Shirt-Back-To-School-p-88590418.html?mallCode=1&pageListType=4&detailBusinessFrom=0-1_88590418%7C0-2,https://img.ltwebstatic.com/v4/j/spmp/2025/06/20/51/1750410600b92cfddb2c1ab17585d7d1d705cb03ae_thumbnail_600x.webp,2026-05-31T16:19:03+08:00,,,,,Save S$1.45
30623727,4,1,4,DAZY Ladies' Solid Color Off-Shoulder Short-Sleeved Knitted Top,S$1.92,https://sg.shein.com/DAZY-Ladies-Solid-Color-Off-Shoulder-Short-Sleeved-Knitted-Top-p-30623727.html?mallCode=1&pageListType=4&detailBusinessFrom=0-1_30623727%7C0-2,https://img.ltwebstatic.com/images3_pi/2024/02/28/77/170909982629f52da3f18a7c219d4547ee43a5f8c8_thumbnail_600x.webp,2026-05-31T16:19:03+08:00,,,,,Save S$1.92
75793293,4,1,4,"SHEIN Women's Short Sleeve Solid Color T-Shirt, Fashionable For Summer",S$0.66,https://sg.shein.com/SHEIN-Women-s-Short-Sleeve-Solid-Color-T-Shirt-Fashionable-For-Summer-p-75793293.html?mallCode=1&pageListType=4&detailBusinessFrom=0-1_75793293%7C0-2,https://img.ltwebstatic.com/v4/j/pi/2025/05/10/76/1746862899a381f1aeb575595647510574415191b1_thumbnail_600x.webp,2026-05-31T16:19:03+08:00,,,,,Save S$0.66
475303999,4,1,4,"Aloruh Women's Pale Yellow Summmer Elegant Party Night Lace Patchwork Halter Twist Knot Backless Bodycon Maxi Dress, Flowy Ruffle Vacation Y2K Clubwear",S$22.49,https://sg.shein.com/Aloruh-Women-s-Pale-Yellow-Summmer-Elegant-Party-Night-Lace-Patchwork-Halter-Twist-Knot-Backless-Bodycon-Maxi-Dress-Flowy-Ruffle-Vacation-Y2K-Clubwear-p-475303999.html?mallCode=1&pageListType=4&detailBusinessFrom=0-1_475303999%7C0-2,https://img.ltwebstatic.com/v4/j/pi/2026/05/20/8c/1779207946a19ce11d9c1ff98cfc5c1da1a86598d5_thumbnail_600x.webp,2026-05-31T16:19:03+08:00,,,,,NEW
416843460,4,1,4,"Women's Loose Fit Tomato Graphic Print Short Sleeve T-Shirt, Street Style For Summer Casual White",S$5.99,https://sg.shein.com/Women-s-Loose-Fit-Tomato-Graphic-Print-Short-Sleeve-T-Shirt-Street-Style-For-Summer-Casual-White-p-416843460.html?mallCode=1&pageListType=4&detailBusinessFrom=0-1_416843460%7C0-2,https://img.ltwebstatic.com/v4/j/spmp/2026/03/14/77/1773486217f00d5ae4f8ff9dd2ab8cf8b2425cf6a4_thumbnail_600x.webp,2026-05-31T16:19:03+08:00,,,,,
196820608,4,2,"4,6","Sundraya Women's LOVE Letter Print Short Sleeve T-Shirt,Loose Fit Round Neck Casual Summer Top,Artist Collaboration Black N White Design For Vacation Outings",S$0.91,https://sg.shein.com/Sundraya-Women-s-LOVE-Letter-Print-Short-Sleeve-T-Shirt-Loose-Fit-Round-Neck-Casual-Summer-Top-Artist-Collaboration-Black-N-White-Design-For-Vacation-Outings-p-196820608.html?mallCode=1&pageListType=4&detailBusinessFrom=0-1_196820608%7C0-2,https://img.ltwebstatic.com/v4/j/pi/2025/09/26/90/175887810991cdd19b5d1889c953e02f5269cf7627_thumbnail_600x.webp,2026-05-31T16:19:03+08:00,,,,,Save S$0.91
377100272,4,1,4,"Y2K Letter & Star Pattern Raglan Sleeve Loose T-Shirt, Women's Retro Streetwear Contrast Color Oversized Casual Tee White Summer",S$11.49,https://sg.shein.com/Y2K-Letter-Star-Pattern-Raglan-Sleeve-Loose-T-Shirt-Women-s-Retro-Streetwear-Contrast-Color-Oversized-Casual-Tee-White-Summer-p-377100272.html?mallCode=1&pageListType=4&detailBusinessFrom=0-1_377100272%7C0-2,https://img.ltwebstatic.com/v4/j/spmp/2026/03/06/a8/17727876287f76e2cbf39273fc5242dda3eba92fb3_thumbnail_600x.webp,2026-05-31T16:19:03+08:00,,,,,
443023405,4,1,4,"2pcs/Set Spring/Summer New Black + White Short Sleeve T-Shirts, Women Solid Color Slim Fit Undershirts Casual",S$11.49,https://sg.shein.com/2pcs-Set-Spring-Summer-New-Black-White-Short-Sleeve-T-Shirts-Women-Solid-Color-Slim-Fit-Undershirts-Casual-p-443023405.html?mallCode=1&pageListType=4&detailBusinessFrom=0-1_443023405%7C0-2,https://img.ltwebstatic.com/v4/p/spmp/2026/04/07/da/17755438841453375db2597fb7aaae0ad242a4cbe0_thumbnail_600x.webp,2026-05-31T16:19:03+08:00,,,,,High Repeat Customers
31173201,4,3,"4,7,9",DAZY Ladies' Solid Drawstring Waist Utility Shorts,S$2.08,https://sg.shein.com/DAZY-Ladies-Solid-Drawstring-Waist-Utility-Shorts-p-31173201.html?mallCode=1&pageListType=4&detailBusinessFrom=0-1_31173201%7C0-2,https://img.ltwebstatic.com/images3_pi/2024/03/08/4b/170988042526b8a5c6e929936654a4240e45b4f402_thumbnail_600x.webp,2026-05-31T16:19:03+08:00,,,,,Save S$2.08
483677301,4,1,4,Celisse Spring/Summer New Arrival Square Neck Petal Sleeve Ruffle Hem Belted Irregular Hem Ditsy Floral Dress For Women,S$33.99,https://sg.shein.com/Celisse-Spring-Summer-New-Arrival-Square-Neck-Petal-Sleeve-Ruffle-Hem-Belted-Irregular-Hem-Ditsy-Floral-Dress-For-Women-p-483677301.html?mallCode=1&pageListType=4&detailBusinessFrom=0-1_483677301%7C0-2,https://img.ltwebstatic.com/v4/j/pi/2026/05/27/5a/17798526330864ff5e866cd116cbef388da9aa182f_thumbnail_600x.webp,2026-05-31T16:19:03+08:00,,,,,NEW
457355977,4,1,4,"Siren Gaze Women's Solid Color Cape Sleeve Shirt And Pants Loose Casual Suit,Summer Outfits For Women",S$23.49,https://sg.shein.com/Siren-Gaze-Women-s-Solid-Color-Cape-Sleeve-Shirt-And-Pants-Loose-Casual-Suit-Summer-Outfits-For-Women-p-457355977.html?mallCode=1&pageListType=4&detailBusinessFrom=0-1_457355977%7C0-2,https://img.ltwebstatic.com/v4/j/pi/2026/04/29/83/17774517804308c80094871bc8bd4923ed9aa13d4b_thumbnail_600x.webp,2026-05-31T16:19:03+08:00,,,,,
417730925,4,1,4,DAZY Women's Solid Color Pleated Casual Versatile Commuting Pants,S$2.79,https://sg.shein.com/DAZY-Women-s-Solid-Color-Pleated-Casual-Versatile-Commuting-Pants-p-417730925.html?mallCode=1&pageListType=4&detailBusinessFrom=0-1_417730925%7C0-2,https://img.ltwebstatic.com/v4/j/pi/2026/03/10/5d/1773137531496e7c77f2e2576ceb37de68e6c1db40_thumbnail_600x.webp,2026-05-31T16:19:03+08:00,,,,,Save S$2.79
450047767,4,1,4,"YUXIN Women's Summer Lightweight Chiffon Blouse, Floral Print Ruffle Flare Sleeve Loose Casual Shirt With Asymmetrical Hem, Suitable For Daily, Work, Vacation And Leisure Wear Spring",S$14.61,https://sg.shein.com/YUXIN-Women-s-Summer-Lightweight-Chiffon-Blouse-Floral-Print-Ruffle-Flare-Sleeve-Loose-Casual-Shirt-With-Asymmetrical-Hem-Suitable-For-Daily-Work-Vacation-And-Leisure-Wear-Spring-p-450047767.html?mallCode=1&pageListType=4&detailBusinessFrom=0-1_450047767%7C0-2,https://img.ltwebstatic.com/v4/j/spmp/2026/04/14/ec/1776159409634a46f87d59497153a48511e13a5933_thumbnail_600x.webp,2026-05-31T16:19:03+08:00,,-14%,,,
46422396,4,1,4,"SHEIN MOD Khaki Collared Belted Long Trench Coat, Retro Jacket, Winter Coat, Holiday Wear",S$18.99,https://sg.shein.com/SHEIN-MOD-Khaki-Collared-Belted-Long-Trench-Coat-Retro-Jacket-Winter-Coat-Holiday-Wear-p-46422396.html?mallCode=1&pageListType=4&detailBusinessFrom=0-1_46422396%7C0-2,https://img.ltwebstatic.com/v4/j/pi/2025/08/22/d4/1755846974fd05e6f43936af09b3ad8a6bb29bf062_thumbnail_600x.webp,2026-05-31T16:19:03+08:00,,,,,
483884021,4,1,4,"Glamine Charm Women Pink Floral Print Deep V Neck Sleeveless Tube Top Dress, Romantic Vacation Dress, Garden Party Dress, Summer Casual Dress For Wedding Guest, Prom & Graduation",S$22.99,https://sg.shein.com/Glamine-Charm-Women-Pink-Floral-Print-Deep-V-Neck-Sleeveless-Tube-Top-Dress-Romantic-Vacation-Dress-Garden-Party-Dress-Summer-Casual-Dress-For-Wedding-Guest-Prom-Graduation-p-483884021.html?mallCode=1&pageListType=4&detailBusinessFrom=0-1_483884021%7C0-2,https://img.ltwebstatic.com/v4/j/pi/2026/05/27/a4/1779873018c558acee620b34a6b4f2d5b4c0b6c2c3_thumbnail_600x.webp,2026-05-31T16:19:03+08:00,,,,,NEW
13275367,4,1,4,SHEIN BASICS Solid Cami Top Simple Fashion Daily Casual Tops For Women Black Tops,S$6.99,https://sg.shein.com/SHEIN-BASICS-Solid-Cami-Top-Simple-Fashion-Daily-Casual-Tops-For-Women-Black-Tops-p-13275367.html?mallCode=1&pageListType=4&detailBusinessFrom=0-1_13275367%7C0-2,https://img.ltwebstatic.com/images3_pi/2025/01/15/dc/1736925381580f1d8798b21ed8a64b41dc699a2f22_thumbnail_600x.webp,2026-05-31T16:19:03+08:00,,,(1000+),,100+ sold
61618075,4,1,4,"Soleia 2pcs Women Black And White Striped Knit Asymmetrical Neck Crop Top And Bodycon Shorts Set,Summer Casual Holiday Vacation Outfit For Party,Beach",S$11.49,https://sg.shein.com/Soleia-2pcs-Women-Black-And-White-Striped-Knit-Asymmetrical-Neck-Crop-Top-And-Bodycon-Shorts-Set-Summer-Casual-Holiday-Vacation-Outfit-For-Party-Beach-p-61618075.html?mallCode=1&pageListType=4&detailBusinessFrom=0-1_61618075%7C0-2,https://img.ltwebstatic.com/images3_pi/2025/03/30/f9/17433078304c93c42abf4df41e32bd7ad288bd2e6e_thumbnail_600x.webp,2026-05-31T16:19:03+08:00,,,,,
332334528,4,1,4,"Women's Grey Button Cardigan - Casual & Fashionable Short Sleeve Cardigan, Stretchy, H-Shaped Silhouette, Suitable For Spring & Summer, Ribbed Detail Design, Button Closure, Breathable Fabric, Cardigan Style, Essential Spring/Summer Item",S$15.35,https://sg.shein.com/Women-s-Grey-Button-Cardigan-Casual-Fashionable-Short-Sleeve-Cardigan-Stretchy-H-Shaped-Silhouette-Suitable-For-Spring-Summer-Ribbed-Detail-Design-Button-Closure-Breathable-Fabric-Cardigan-Style-Essential-Spring-Summer-Item-p-332334528.html?mallCode=1&pageListType=4&detailBusinessFrom=0-1_332334528%7C0-2,https://img.ltwebstatic.com/v4/j/spmp/2025/12/08/e4/176518181944e331390a5a534b1889825c44cac70f_thumbnail_600x.webp,2026-05-31T16:19:03+08:00,,-4%,,,70+ sold
103913963,4,1,4,EMERY ROSE Women's Heart Pattern Printed Round Neck Short Sleeve Casual T-Shirt For Summer For New Year Clothes Graphic Tees Women Tops,S$6.99,https://sg.shein.com/EMERY-ROSE-Women-s-Heart-Pattern-Printed-Round-Neck-Short-Sleeve-Casual-T-Shirt-For-Summer-For-New-Year-Clothes-Graphic-Tees-Women-Tops-p-103913963.html?mallCode=1&pageListType=4&detailBusinessFrom=0-1_103913963%7C0-2,https://img.ltwebstatic.com/v4/j/pi/2025/11/06/50/1762415500d0fd1deac675f5255dcad010972274fc_thumbnail_600x.webp,2026-05-31T16:19:03+08:00,,,,,
143429940,4,1,4,INAWLY Women's Standard Size Solid Color Long Sleeve Frill Trim Cardigan Fall Winter Cloth For Women,S$7.99,https://sg.shein.com/INAWLY-Women-s-Standard-Size-Solid-Color-Long-Sleeve-Frill-Trim-Cardigan-Fall-Winter-Cloth-For-Women-p-143429940.html?mallCode=1&pageListType=4&detailBusinessFrom=0-1_143429940%7C0-2,https://img.ltwebstatic.com/v4/j/pi/2026/05/13/a6/17786491895e82b5b1ed9348753c1dd7d9d8371ea9_thumbnail_600x.webp,2026-05-31T16:19:03+08:00,,,,,100+ sold
476702861,4,1,4,ROMWE Avant Women's Y2K Music Festival Sexy Off Shoulder Deep V Puff Sleeve Ruffle Hem Mini Dress,S$14.99,https://sg.shein.com/ROMWE-Avant-Women-s-Y2K-Music-Festival-Sexy-Off-Shoulder-Deep-V-Puff-Sleeve-Ruffle-Hem-Mini-Dress-p-476702861.html?mallCode=1&pageListType=4&detailBusinessFrom=0-1_476702861%7C0-2,https://img.ltwebstatic.com/v4/j/pi/2026/05/20/1f/1779251753fabf68effa03ad9f5b1dabe795cd9fbf_thumbnail_600x.webp,2026-05-31T16:19:03+08:00,,,,,NEW
34461079,4,1,4,"Breezaya Bohemian Style Shorts With Asymmetrical Hem, Allover Print With Twisted Knot Design",S$9.49,https://sg.shein.com/Breezaya-Bohemian-Style-Shorts-With-Asymmetrical-Hem-Allover-Print-With-Twisted-Knot-Design-p-34461079.html?mallCode=1&pageListType=4&detailBusinessFrom=0-1_34461079%7C0-2,https://img.ltwebstatic.com/images3_pi/2024/05/06/1a/17149600465fa893c1a84fafd1e25a1c7edb7c700c_thumbnail_600x.webp,2026-05-31T16:19:03+08:00,,,,,
62159731,4,1,4,"DAZY Women Crew Neck Fitted Short Sleeve Elegant T-Shirt, Grey, Spring/Summer,Business Casual Women",S$9.99,https://sg.shein.com/DAZY-Women-Crew-Neck-Fitted-Short-Sleeve-Elegant-T-Shirt-Grey-Spring-Summer-Business-Casual-Women-p-62159731.html?mallCode=1&pageListType=4&detailBusinessFrom=0-1_62159731%7C0-2,https://img.ltwebstatic.com/images3_pi/2025/03/24/9d/1742810925c8c65200be6bcf0d634700b4a8838cd6_thumbnail_600x.webp,2026-05-31T16:19:03+08:00,,,,,60+ sold
38651725,4,1,4,Sundraya Women Summer Solid Color Short Sleeve Casual Round Neck T-Shirt,S$0.84,https://sg.shein.com/Sundraya-Women-Summer-Solid-Color-Short-Sleeve-Casual-Round-Neck-T-Shirt-p-38651725.html?mallCode=1&pageListType=4&detailBusinessFrom=0-1_38651725%7C0-2,https://img.ltwebstatic.com/images3_pi/2024/07/13/be/172084498630c4e588943bb922dbba076da4aeae47_thumbnail_600x.webp,2026-05-31T16:19:03+08:00,,,,,Save S$0.84
29914825,4,1,4,DAZY Women's Loose Fit Round Neck Short Sleeve T-Shirt With Letter Embroidery Summer Oversized T-Shirt,S$1.30,https://sg.shein.com/DAZY-Women-s-Loose-Fit-Round-Neck-Short-Sleeve-T-Shirt-With-Letter-Embroidery-Summer-Oversized-T-Shirt-p-29914825.html?mallCode=1&pageListType=4&detailBusinessFrom=0-1_29914825%7C0-2,https://img.ltwebstatic.com/images3_pi/2024/02/04/13/170702931401a5c72d54d4a31d3e3b07f69e7f45fc_thumbnail_600x.webp,2026-05-31T16:19:03+08:00,,,,,Save S$1.30
434921442,4,1,4,"Swim Vcay 2026 New Spring/Summer Women's Chinese Style Peacock Digital Print Spaghetti Strap Dress, High Waist Design Flatters Figure, Loose Flowy Skirt Slims Legs, Spaghetti Strap Exposes Collarbone, Elegant & Comfortable Women's Dress",S$19.49,https://sg.shein.com/Swim-Vcay-2026-New-Spring-Summer-Women-s-Chinese-Style-Peacock-Digital-Print-Spaghetti-Strap-Dress-High-Waist-Design-Flatters-Figure-Loose-Flowy-Skirt-Slims-Legs-Spaghetti-Strap-Exposes-Collarbone-Elegant-Comfortable-Women-s-Dress-p-434921442.html?mallCode=1&pageListType=4&detailBusinessFrom=0-1_434921442%7C0-2,https://img.ltwebstatic.com/v4/j/pi/2026/03/20/4b/1773986890222f0bcb54b929f2ceedc528fd837162_thumbnail_600x.webp,2026-05-31T16:19:03+08:00,,,,,NEW
410027799,4,1,4,"Women's U-Neck Short-Sleeve T-Shirt American-Style Babe, Summer New Letter Print Fashionable Versatile Slim-Fit Cropped Top Casual Black",S$4.99,https://sg.shein.com/Women-s-U-Neck-Short-Sleeve-T-Shirt-American-Style-Babe-Summer-New-Letter-Print-Fashionable-Versatile-Slim-Fit-Cropped-Top-Casual-Black-p-410027799.html?mallCode=1&pageListType=4&detailBusinessFrom=0-1_410027799%7C0-2,https://img.ltwebstatic.com/v4/j/spmp/2026/04/11/ba/1775893790dbd8c741fced4c3ecbc125d034ed75a2_thumbnail_600x.webp,2026-05-31T16:19:03+08:00,,,,,
64745404,4,1,4,Summer Korean Style Round Neck Fitted Casual Polka Dot Short Sleeve T-Shirt,S$10.49,https://sg.shein.com/Summer-Korean-Style-Round-Neck-Fitted-Casual-Polka-Dot-Short-Sleeve-T-Shirt-p-64745404.html?mallCode=1&pageListType=4&detailBusinessFrom=0-1_64745404%7C0-2,https://img.ltwebstatic.com/v4/j/spmp/2025/04/01/9e/1743479746f9035c0110b92f1e83d36dd8602dca69_thumbnail_600x.webp,2026-05-31T16:19:03+08:00,,,,,
209903633,4,1,4,SuriyaCove Retro American Y2K Style Minimalist Women Sweatpants,S$14.99,https://sg.shein.com/SuriyaCove-Retro-American-Y2K-Style-Minimalist-Women-Sweatpants-p-209903633.html?mallCode=1&pageListType=4&detailBusinessFrom=0-1_209903633%7C0-2,https://img.ltwebstatic.com/v4/j/pi/2026/03/18/15/1773823509a6dcc764cab20e2820bd7d899abd7645_thumbnail_600x.webp,2026-05-31T16:19:03+08:00,,,,,200+ sold
393593578,4,1,4,FRIFUL Women's Casual Denim Set With Knotted Design Blouse And Wide Leg Pants,S$32.48,https://sg.shein.com/FRIFUL-Women-s-Casual-Denim-Set-With-Knotted-Design-Blouse-And-Wide-Leg-Pants-p-393593578.html?mallCode=1&pageListType=4&detailBusinessFrom=0-1_393593578%7C0-2,https://img.ltwebstatic.com/v4/j/pi/2026/02/03/7f/17700815714964edd4f90f30f851e57f6117f5bca9_thumbnail_600x.webp,2026-05-31T16:19:03+08:00,,-29%,,,
434406587,4,2,"4,8",Franclia Women's White Fabric Short Skort With Asymmetrical Polka Dot Design Perfect For Parties,S$9.49,https://sg.shein.com/Franclia-Women-s-White-Fabric-Short-Skort-With-Asymmetrical-Polka-Dot-Design-Perfect-For-Parties-p-434406587.html?mallCode=1&pageListType=4&detailBusinessFrom=0-1_434406587%7C0-2,https://img.ltwebstatic.com/v4/j/pi/2026/04/28/48/1777366904846f69a9b88adc45bfadc1ef168e0853_thumbnail_600x.webp,2026-05-31T16:19:03+08:00,,,,,80+ sold
469309170,4,1,4,Aflion Women White Polka Dot Vacation Dress Elegant V Neck - Sleeveless Chiffon Maxi Dress For Summer Casual Wear,S$11.40,https://sg.shein.com/Aflion-Women-White-Polka-Dot-Vacation-Dress-Elegant-V-Neck-Sleeveless-Chiffon-Maxi-Dress-For-Summer-Casual-Wear-p-469309170.html?mallCode=1&pageListType=4&detailBusinessFrom=0-1_469309170%7C0-2,https://img.ltwebstatic.com/v4/j/spmp/2026/05/26/29/177977685151e5d06274f1468ee153f92fe2ebf4cd_thumbnail_600x.webp,2026-05-31T16:19:03+08:00,,-65%,,,
13306996,4,1,4,DAZY Solid Scoop Neck Crop Tee,S$1.10,https://sg.shein.com/DAZY-Solid-Scoop-Neck-Crop-Tee-p-13306996.html?mallCode=1&pageListType=4&detailBusinessFrom=0-1_13306996%7C0-2,https://img.ltwebstatic.com/images3_pi/2023/02/23/16771315654d7af1ace1370bada11940c445a29abe_thumbnail_600x.webp,2026-05-31T16:19:03+08:00,,,,,Save S$1.10
47977641,4,1,4,ROMWE Grunge Punk Spring/Summer Casual Baech Black Y2K Subculture Leopard Print Hem Slit Design Women Tube Top,S$1.44,https://sg.shein.com/ROMWE-Grunge-Punk-Spring-Summer-Casual-Baech-Black-Y2K-Subculture-Leopard-Print-Hem-Slit-Design-Women-Tube-Top-p-47977641.html?mallCode=1&pageListType=4&detailBusinessFrom=0-1_47977641%7C0-2,https://img.ltwebstatic.com/images3_pi/2024/11/16/0c/1731738189cdb774db43a863215138869af4452745_thumbnail_600x.webp,2026-05-31T16:19:03+08:00,,,,,Save S$1.44
46714706,4,1,4,"DAZY 1pc Women's Elongated Flare Leg Pants, Slimming And Leg Lengthening,Women Dress Pants",S$21.49,https://sg.shein.com/DAZY-1pc-Women-s-Elongated-Flare-Leg-Pants-Slimming-And-Leg-Lengthening-Women-Dress-Pants-p-46714706.html?mallCode=1&pageListType=4&detailBusinessFrom=0-1_46714706%7C0-2,https://img.ltwebstatic.com/v4/j/pi/2025/09/15/43/1757902773ea4c1358c0a347e325e578ace0f8684d_thumbnail_600x.webp,2026-05-31T16:19:03+08:00,,,,,60+ sold
9938889,4,1,4,SHEIN Clasi Notched Neck Dolman Sleeve Shirt,S$9.99,https://sg.shein.com/SHEIN-Clasi-Notched-Neck-Dolman-Sleeve-Shirt-p-9938889.html?mallCode=1&pageListType=4&detailBusinessFrom=0-1_9938889%7C0-2,https://img.ltwebstatic.com/images3_pi/2022/03/07/1646617027c0bc7645e5733486c116dda7753d6d5f_thumbnail_600x.webp,2026-05-31T16:19:03+08:00,,,,,
222863060,4,2,"4,8",Women's Casual Versatile Solid Color Zipper Waist Belt Skort Summer,S$15.83,https://sg.shein.com/Women-s-Casual-Versatile-Solid-Color-Zipper-Waist-Belt-Skort-Summer-p-222863060.html?mallCode=1&pageListType=4&detailBusinessFrom=0-1_222863060%7C0-2,https://img.ltwebstatic.com/v4/j/spmp/2025/10/31/b1/176190018594b051b3d8bd5ece73597c09e0751df0_thumbnail_600x.webp,2026-05-31T16:19:03+08:00,,-4%,,,
477125740,4,1,4,"CAJUNI Elegant Short Winter Dress, Long Sleeves With Floral Print, Boho Chic",S$11.99,https://sg.shein.com/CAJUNI-Elegant-Short-Winter-Dress-Long-Sleeves-With-Floral-Print-Boho-Chic-p-477125740.html?mallCode=1&pageListType=4&detailBusinessFrom=0-1_477125740%7C0-2,https://img.ltwebstatic.com/v4/j/pi/2026/05/30/3c/1780074233582d7231160792f7790476f4f2e55f1f_thumbnail_600x.webp,2026-05-31T16:19:03+08:00,,,,,NEW
59191488,4,1,4,"Sweetra Women's Casual Versatile Tank Top, Summer Graphic Cheetah Print Tees Women Tops",S$17.99,https://sg.shein.com/Sweetra-Women-s-Casual-Versatile-Tank-Top-Summer-Graphic-Cheetah-Print-Tees-Women-Tops-p-59191488.html?mallCode=1&pageListType=4&detailBusinessFrom=0-1_59191488%7C0-2,https://img.ltwebstatic.com/images3_pi/2025/02/25/04/1740468893ebef5d899b760b8c17eafe5af388fa39_thumbnail_600x.webp,2026-05-31T16:19:03+08:00,,,,,
103651778,4,1,4,DAZY Women Striped Print Button Front Loose Casual Long Sleeve Shirt Fall,S$2.46,https://sg.shein.com/DAZY-Women-Striped-Print-Button-Front-Loose-Casual-Long-Sleeve-Shirt-Fall-p-103651778.html?mallCode=1&pageListType=4&detailBusinessFrom=0-1_103651778%7C0-2,https://img.ltwebstatic.com/v4/j/pi/2025/07/15/f5/1752545481d17b5556e5f64040bcdefc01e36b5369_thumbnail_600x.webp,2026-05-31T16:19:03+08:00,,,,,Save S$2.46
50648302,4,2,"4,10","DAZY Women's Crew Neck Solid Color Basic Short Sleeve T-Shirt, White, Spring/Summer,Business Casual Women",S$8.99,https://sg.shein.com/DAZY-Women-s-Crew-Neck-Solid-Color-Basic-Short-Sleeve-T-Shirt-White-Spring-Summer-Business-Casual-Women-p-50648302.html?mallCode=1&pageListType=4&detailBusinessFrom=0-1_50648302%7C0-2,https://img.ltwebstatic.com/images3_pi/2025/04/08/d4/1744107908b530351714e7c5400522aa4931232f42_thumbnail_600x.webp,2026-05-31T16:19:03+08:00,,,(1000+),,300+ sold
32139424,4,1,4,DAZY Solid Color Asymmetrical Waist Tight Long Leggings For Women Summer,S$9.99,https://sg.shein.com/DAZY-Solid-Color-Asymmetrical-Waist-Tight-Long-Leggings-For-Women-Summer-p-32139424.html?mallCode=1&pageListType=4&detailBusinessFrom=0-1_32139424%7C0-2,https://img.ltwebstatic.com/images3_pi/2024/03/26/f2/17114160515a3eb9da4026b20f653f9f23624a0193_thumbnail_600x.webp,2026-05-31T16:19:03+08:00,,,,,
27199432,4,2,"4,10","DAZY Women's Short Tight Solid Color T-Shirt Summer,Crop Tops Women",S$9.49,https://sg.shein.com/DAZY-Women-s-Short-Tight-Solid-Color-T-Shirt-Summer-Crop-Tops-Women-p-27199432.html?mallCode=1&pageListType=4&detailBusinessFrom=0-1_27199432%7C0-2,https://img.ltwebstatic.com/v4/j/pi/2025/09/05/e4/1757065470ba29333cb36d8e365d59eb15dffbb84f_thumbnail_600x.webp,2026-05-31T16:19:03+08:00,,,,,
474518164,4,1,4,ZEYLAH Women's Solid Color Pleated Casual Party Long Dress,S$39.59,https://sg.shein.com/ZEYLAH-Women-s-Solid-Color-Pleated-Casual-Party-Long-Dress-p-474518164.html?mallCode=1&pageListType=4&detailBusinessFrom=0-1_474518164%7C0-2,https://img.ltwebstatic.com/v4/j/pi/2026/05/18/25/1779086607b06bf934efd98593f38a7782f95315eb_thumbnail_600x.webp,2026-05-31T16:19:03+08:00,,-29%,,,Estimated
29439485,4,1,4,DAZY Women's Solid Color High Waist Straight Shorts With Slanted Pockets And Pleats Summer,S$16.99,https://sg.shein.com/DAZY-Women-s-Solid-Color-High-Waist-Straight-Shorts-With-Slanted-Pockets-And-Pleats-Summer-p-29439485.html?mallCode=1&pageListType=4&detailBusinessFrom=0-1_29439485%7C0-2,https://img.ltwebstatic.com/images3_pi/2024/01/22/a1/1705891538abf777816656c04caae3a31b8f6cb3de_thumbnail_600x.webp,2026-05-31T16:19:03+08:00,,,,,
465862250,4,2,"4,9","Women's High Waist Slim Fit Wide Leg Pants, Bohemian Street Style, Suitable For Spring/Summer Daily Wear, Work Commute, Vacation, Fashion & Elegant (Belt Not Included)",S$19.49,https://sg.shein.com/Women-s-High-Waist-Slim-Fit-Wide-Leg-Pants-Bohemian-Street-Style-Suitable-For-Spring-Summer-Daily-Wear-Work-Commute-Vacation-Fashion-Elegant-Belt-Not-Included-p-465862250.html?mallCode=1&pageListType=4&detailBusinessFrom=0-1_465862250%7C0-2,https://img.ltwebstatic.com/v4/j/spmp/2026/05/12/15/1778575743b8921b9de2c381a91e553199d88c5dea_thumbnail_600x.webp,2026-05-31T16:19:03+08:00,,,,,NEW
409564151,4,2,"4,9",FRIFUL Women's Spring/Summer Short Sleeve Plaid Drawstring Bow Tie Fashionable Slim Fit Versatile T-Shirt Cute Tops,S$1.82,https://sg.shein.com/FRIFUL-Women-s-Spring-Summer-Short-Sleeve-Plaid-Drawstring-Bow-Tie-Fashionable-Slim-Fit-Versatile-T-Shirt-Cute-Tops-p-409564151.html?mallCode=1&pageListType=4&detailBusinessFrom=0-1_409564151%7C0-2,https://img.ltwebstatic.com/v4/j/pi/2026/02/26/d1/17720686099fc2e9ec3203ad307b36f5db45b80c8f_thumbnail_600x.webp,2026-05-31T16:19:03+08:00,,,,,Save S$1.82
340660896,4,1,4,SHEIN Women's Slogan & Cartoon Character Print Round Neck Short Sleeve Casual T-Shirt,S$0.84,https://sg.shein.com/SHEIN-Women-s-Slogan-Cartoon-Character-Print-Round-Neck-Short-Sleeve-Casual-T-Shirt-p-340660896.html?mallCode=1&pageListType=4&detailBusinessFrom=0-1_340660896%7C0-2,https://img.ltwebstatic.com/v4/j/pi/2025/12/26/71/176674033801463d00a2f7f802e6116013705daab1_thumbnail_600x.webp,2026-05-31T16:19:03+08:00,,,,,Save S$0.84
230189325,4,1,4,"Solid Color High Waist Straight Leg Pants, Minimalist Sports Sweatpants, Versatile Elastic Waist Drawstring Wide Leg Casual Trousers, All Season Black Spring",S$11.49,https://sg.shein.com/Solid-Color-High-Waist-Straight-Leg-Pants-Minimalist-Sports-Sweatpants-Versatile-Elastic-Waist-Drawstring-Wide-Leg-Casual-Trousers-All-Season-Black-Spring-p-230189325.html?mallCode=1&pageListType=4&detailBusinessFrom=0-1_230189325%7C0-2,https://img.ltwebstatic.com/v4/j/spmp/2025/11/17/c7/17633706110f5ecac4e54f832d249534d139d576a6_thumbnail_600x.webp,2026-05-31T16:19:03+08:00,,-8%,,,100+ sold
480285562,4,1,4,"Vesra Women's Solid Color Minimalist Sleeveless Dress, Casual Daily Wear",S$25.49,https://sg.shein.com/Vesra-Women-s-Solid-Color-Minimalist-Sleeveless-Dress-Casual-Daily-Wear-p-480285562.html?mallCode=1&pageListType=4&detailBusinessFrom=0-1_480285562%7C0-2,https://img.ltwebstatic.com/v4/j/pi/2026/05/25/30/1779686014294cb891b123dcb0b2c1778a23c4ee02_thumbnail_600x.webp,2026-05-31T16:19:03+08:00,,,,,NEW
88581998,4,1,4,"FRIFUL Women's Elegant Black V-Neck Textured Fabric Loose Fit Sleeveless Vest,Summer Dinner Birthday Gown Short Dresses & Jacket Coats Clothes",S$1.44,https://sg.shein.com/FRIFUL-Women-s-Elegant-Black-V-Neck-Textured-Fabric-Loose-Fit-Sleeveless-Vest-Summer-Dinner-Birthday-Gown-Short-Dresses-Jacket-Coats-Clothes-p-88581998.html?mallCode=1&pageListType=4&detailBusinessFrom=0-1_88581998%7C0-2,https://img.ltwebstatic.com/v4/j/pi/2025/05/29/97/1748483446622f45fc5ee973b1b550180ae17ccabe_thumbnail_600x.webp,2026-05-31T16:19:03+08:00,,,,,Save S$1.44
24258550,4,1,4,"DAZY Graphic Drop Shoulder Tee,100% Cotton Oversized T-Shirt,Black And White,Summer,Casual,Streetwear,City Break,Stay Strong Leisurely",S$1.62,https://sg.shein.com/DAZY-Graphic-Drop-Shoulder-Tee-100-Cotton-Oversized-T-Shirt-Black-And-White-Summer-Casual-Streetwear-City-Break-Stay-Strong-Leisurely-p-24258550.html?mallCode=1&pageListType=4&detailBusinessFrom=0-1_24258550%7C0-2,https://img.ltwebstatic.com/v4/j/pi/2025/04/15/f0/174470978495180ef4072c45419b1ea7a0b3fcff60_thumbnail_600x.webp,2026-05-31T16:19:03+08:00,,,,,Save S$1.62
467465472,4,1,4,"DONICY Women's High Waist Wide Leg Pants With Polka Dots, Vintage Style Full Length Trousers With Pockets, Suitable For Spring And Summer Daily Wear",S$21.43,https://sg.shein.com/DONICY-Women-s-High-Waist-Wide-Leg-Pants-With-Polka-Dots-Vintage-Style-Full-Length-Trousers-With-Pockets-Suitable-For-Spring-And-Summer-Daily-Wear-p-467465472.html?mallCode=1&pageListType=4&detailBusinessFrom=0-1_467465472%7C0-2,https://img.ltwebstatic.com/v4/j/spmp/2026/05/12/8d/1778557522c6817cb800383753c731f43213545936_thumbnail_600x.webp,2026-05-31T16:19:03+08:00,,-60%,,,
352770858,4,2,"4,8",INAWLY Women's Solid Color Hollow Out Padded Camisole Short Sleeve T-Shirt,S$0.48,https://sg.shein.com/INAWLY-Women-s-Solid-Color-Hollow-Out-Padded-Camisole-Short-Sleeve-T-Shirt-p-352770858.html?mallCode=1&pageListType=4&detailBusinessFrom=0-1_352770858%7C0-2,https://img.ltwebstatic.com/v4/j/pi/2026/03/13/20/177339019569bfb9a863258372a20fb6e0573015f7_thumbnail_600x.webp,2026-05-31T16:19:03+08:00,,,,,Save S$0.48
90841259,4,1,4,ROMWE Anime Spring/Summer Carnival Party Luxury Sequin Cute & Sexy 2D Cartoon Print Camisole Top For Women,S$0.60,https://sg.shein.com/ROMWE-Anime-Spring-Summer-Carnival-Party-Luxury-Sequin-Cute-Sexy-2D-Cartoon-Print-Camisole-Top-For-Women-p-90841259.html?mallCode=1&pageListType=4&detailBusinessFrom=0-1_90841259%7C0-2,https://img.ltwebstatic.com/v4/j/pi/2025/06/03/79/1748917915c6657c58035449551bde0e9a6af977e1_thumbnail_600x.webp,2026-05-31T16:19:03+08:00,,,,,Save S$0.60
455893303,4,1,4,"Zestiva Summer Resort StyleSexy Hollow-Out, Slim Fit & Figure FlatteringMini Length Elegant & Sophisticated Lace Dress",S$19.99,https://sg.shein.com/Zestiva-Summer-Resort-StyleSexy-Hollow-Out-Slim-Fit-Figure-FlatteringMini-Length-Elegant-Sophisticated-Lace-Dress-p-455893303.html?mallCode=1&pageListType=4&detailBusinessFrom=0-1_455893303%7C0-2,https://img.ltwebstatic.com/v4/j/pi/2026/04/15/30/17762172925c3e1e9a2bb96f29ae58252b1a6d5e1a_thumbnail_600x.webp,2026-05-31T16:19:03+08:00,,,,,NEW
146200504,4,1,4,Qadelle Women's Solid Color Zipper Front Dual Pocket Casual Loose Shorts,S$10.99,https://sg.shein.com/Qadelle-Women-s-Solid-Color-Zipper-Front-Dual-Pocket-Casual-Loose-Shorts-p-146200504.html?mallCode=1&pageListType=4&detailBusinessFrom=0-1_146200504%7C0-2,https://img.ltwebstatic.com/v4/j/pi/2025/08/06/ba/1754449535f5b63d8a3a0ae662b17a595bbe70ef2f_thumbnail_600x.webp,2026-05-31T16:19:03+08:00,,,,,
52554369,4,1,4,"Siren Gaze Women's Striped Casual Shorts, Minimalist Fashion, Everyday Wear Summer",S$0.84,https://sg.shein.com/Siren-Gaze-Women-s-Striped-Casual-Shorts-Minimalist-Fashion-Everyday-Wear-Summer-p-52554369.html?mallCode=1&pageListType=4&detailBusinessFrom=0-1_52554369%7C0-2,https://sc.ltwebstatic.com/she_dist/images/bg-grey-solid-color-fc04c1310d.png,2026-05-31T16:19:03+08:00,,,,,Save S$0.84
13763497,4,1,4,Elegant Solid Color Lace Camisole Casual Black Summer,S$7.99,https://sg.shein.com/Elegant-Solid-Color-Lace-Camisole-Casual-Black-Summer-p-13763497.html?mallCode=1&pageListType=4&detailBusinessFrom=0-1_13763497%7C0-2,https://sc.ltwebstatic.com/she_dist/images/bg-grey-solid-color-fc04c1310d.png,2026-05-31T16:19:03+08:00,,,,,
401736367,4,1,4,"2026 Spring/Summer New Short Sleeve Mid-Length T-Shirt Women, Fashionable Black Casual Top",S$0.75,https://sg.shein.com/2026-Spring-Summer-New-Short-Sleeve-Mid-Length-T-Shirt-Women-Fashionable-Black-Casual-Top-p-401736367.html?mallCode=1&pageListType=4&detailBusinessFrom=0-1_401736367%7C0-2,https://sc.ltwebstatic.com/she_dist/images/bg-grey-solid-color-fc04c1310d.png,2026-05-31T16:19:03+08:00,,,,,Save S$0.75
478774669,4,1,4,"Comfortcana Women's Casual Polka Dot & Striped Waist Tie Straight Leg Pants, Suitable For Summer, Daily Commute, Dating, Party, Autumn/Winter, Christmas, New Year, Thanksgiving, Party, Wedding, Beach, Graduation, Fashion, Elegant, Casual, Outing, Dating, Reservation, Commute, Shiny, Valentine's Day, Elegant, Vacation, Casual, Y2K, Outing, Graduation And Other Occasions",S$13.99,https://sg.shein.com/Comfortcana-Women-s-Casual-Polka-Dot-Striped-Waist-Tie-Straight-Leg-Pants-Suitable-For-Summer-Daily-Commute-Dating-Party-Autumn-Winter-Christmas-New-Year-Thanksgiving-Party-Wedding-Beach-Graduation-Fashion-Elegant-Casual-Outing-Dating-Reservation-Commute-Shiny-Valentine-s-Day-Elegant-Vacation-Casual-Y2K-Outing-Graduation-And-Other-Occasions-p-478774669.html?mallCode=1&pageListType=4&detailBusinessFrom=0-1_478774669%7C0-2,https://sc.ltwebstatic.com/she_dist/images/bg-grey-solid-color-fc04c1310d.png,2026-05-31T16:19:03+08:00,,,,,NEW
451298603,4,1,4,"AIJ Amarilo Women's Sexy Tie-Dye Halter Neck Sleeveless Backless Ruffle Hem Short Dress Elegant Fitted Slim Fit Party Style Outfit - Suitable For Summer, Spring, Wedding Guest, Graduation Ceremony And Vacation",S$16.08,https://sg.shein.com/AIJ-Amarilo-Women-s-Sexy-Tie-Dye-Halter-Neck-Sleeveless-Backless-Ruffle-Hem-Short-Dress-Elegant-Fitted-Slim-Fit-Party-Style-Outfit-Suitable-For-Summer-Spring-Wedding-Guest-Graduation-Ceremony-And-Vacation-p-451298603.html?mallCode=1&pageListType=4&detailBusinessFrom=0-1_451298603%7C0-2,https://sc.ltwebstatic.com/she_dist/images/bg-grey-solid-color-fc04c1310d.png,2026-05-31T16:19:03+08:00,,-30%,,,
10388748,4,1,4,DAZY High Waist Straight Leg Shorts,S$15.49,https://sg.shein.com/DAZY-High-Waist-Straight-Leg-Shorts-p-10388748.html?mallCode=1&pageListType=4&detailBusinessFrom=0-1_10388748%7C0-2,https://sc.ltwebstatic.com/she_dist/images/bg-grey-solid-color-fc04c1310d.png,2026-05-31T16:19:03+08:00,,,,,
58319508,4,1,4,DAZY Women's Casual Washed Rhinestone Embellished Wide Leg Jeans Sequin,S$32.49,https://sg.shein.com/DAZY-Women-s-Casual-Washed-Rhinestone-Embellished-Wide-Leg-Jeans-Sequin-p-58319508.html?mallCode=1&pageListType=4&detailBusinessFrom=0-1_58319508%7C0-2,https://sc.ltwebstatic.com/she_dist/images/bg-grey-solid-color-fc04c1310d.png,2026-05-31T16:19:03+08:00,,,,,
350722676,4,1,4,"FRIFUL Women's Solid Color Deep V-Neck Mesh Patchwork Straight Loose Casual Jumpsuit, Versatile Spring Outfit Jumpsuits For Women Lounge Sets For Women",S$2.73,https://sg.shein.com/FRIFUL-Women-s-Solid-Color-Deep-V-Neck-Mesh-Patchwork-Straight-Loose-Casual-Jumpsuit-Versatile-Spring-Outfit-Jumpsuits-For-Women-Lounge-Sets-For-Women-p-350722676.html?mallCode=1&pageListType=4&detailBusinessFrom=0-1_350722676%7C0-2,https://sc.ltwebstatic.com/she_dist/images/bg-grey-solid-color-fc04c1310d.png,2026-05-31T16:19:03+08:00,,,,,Save S$2.73
398284243,4,1,4,"2026 New Knitted Face Mask Short Sleeve Undershirt, Women's Summer Thin Round Neck White T-Shirt Casual",S$5.99,https://sg.shein.com/2026-New-Knitted-Face-Mask-Short-Sleeve-Undershirt-Women-s-Summer-Thin-Round-Neck-White-T-Shirt-Casual-p-398284243.html?mallCode=1&pageListType=4&detailBusinessFrom=0-1_398284243%7C0-2,https://sc.ltwebstatic.com/she_dist/images/bg-grey-solid-color-fc04c1310d.png,2026-05-31T16:19:03+08:00,,,,,
35282996,4,1,4,Coolane Women's Streetwear Casual Back To School Athleisure Sportswear Short Camouflage Tight Fit Tee,S$7.49,https://sg.shein.com/Coolane-Women-s-Streetwear-Casual-Back-To-School-Athleisure-Sportswear-Short-Camouflage-Tight-Fit-Tee-p-35282996.html?mallCode=1&pageListType=4&detailBusinessFrom=0-1_35282996%7C0-2,https://sc.ltwebstatic.com/she_dist/images/bg-grey-solid-color-fc04c1310d.png,2026-05-31T16:19:03+08:00,,,,,
463429143,4,1,4,"Lavishia Women's Metal Single-Breasted Striped Halter Top And Shorts 2 Pieces Set,Summer Outfits For Women",S$25.99,https://sg.shein.com/Lavishia-Women-s-Metal-Single-Breasted-Striped-Halter-Top-And-Shorts-2-Pieces-Set-Summer-Outfits-For-Women-p-463429143.html?mallCode=1&pageListType=4&detailBusinessFrom=0-1_463429143%7C0-2,https://sc.ltwebstatic.com/she_dist/images/bg-grey-solid-color-fc04c1310d.png,2026-05-31T16:19:03+08:00,,,,,
9979340,4,1,4,Solid Drawstring Side Shorts Casual Black Summer,S$13.49,https://sg.shein.com/Solid-Drawstring-Side-Shorts-Casual-Black-Summer-p-9979340.html?mallCode=1&pageListType=4&detailBusinessFrom=0-1_9979340%7C0-2,https://sc.ltwebstatic.com/she_dist/images/bg-grey-solid-color-fc04c1310d.png,2026-05-31T16:19:03+08:00,,,,,
427039250,4,1,4,"Red Plaid Shoulder Fitted Short Sleeve Shirt, Casual Design Cropped Blouse Top For Women, Summer",S$12.49,https://sg.shein.com/Red-Plaid-Shoulder-Fitted-Short-Sleeve-Shirt-Casual-Design-Cropped-Blouse-Top-For-Women-Summer-p-427039250.html?mallCode=1&pageListType=4&detailBusinessFrom=0-1_427039250%7C0-2,https://sc.ltwebstatic.com/she_dist/images/bg-grey-solid-color-fc04c1310d.png,2026-05-31T16:19:03+08:00,,,,,
477608713,4,1,4,Comfortcana Women's 4th Of July American Flag Style Casual Print Pants,S$13.99,https://sg.shein.com/Comfortcana-Women-s-4th-Of-July-American-Flag-Style-Casual-Print-Pants-p-477608713.html?mallCode=1&pageListType=4&detailBusinessFrom=0-1_477608713%7C0-2,https://sc.ltwebstatic.com/she_dist/images/bg-grey-solid-color-fc04c1310d.png,2026-05-31T16:19:03+08:00,,,,,NEW
381836039,4,1,4,"Siren Gaze Elegent White With Black Polka Dots Peplum Top,Summer Retro Sleeveless Fitted Waist A-Line Blouse For Women,Cute Tea Party Cream-Colored Top",S$1.92,https://sg.shein.com/Siren-Gaze-Elegent-White-With-Black-Polka-Dots-Peplum-Top-Summer-Retro-Sleeveless-Fitted-Waist-A-Line-Blouse-For-Women-Cute-Tea-Party-Cream-Colored-Top-p-381836039.html?mallCode=1&pageListType=4&detailBusinessFrom=0-1_381836039%7C0-2,https://sc.ltwebstatic.com/she_dist/images/bg-grey-solid-color-fc04c1310d.png,2026-05-31T16:19:03+08:00,,,,,Save S$1.92
78981025,4,1,4,"DAZY Women's High Waist Street Casual Slim Fit Long Leggings,Back To School Clothes Fall Tights",S$9.49,https://sg.shein.com/DAZY-Women-s-High-Waist-Street-Casual-Slim-Fit-Long-Leggings-Back-To-School-Clothes-Fall-Tights-p-78981025.html?mallCode=1&pageListType=4&detailBusinessFrom=0-1_78981025%7C0-2,https://sc.ltwebstatic.com/she_dist/images/bg-grey-solid-color-fc04c1310d.png,2026-05-31T16:19:03+08:00,,,,,
456830413,4,1,4,"Soleia Red Orange Gradient Textured Halter Neck Tie Strap Backless Dress,Summer Casual Beach Holiday Vacation Boho Cruise City Afternoon Tea Music Festival",S$23.99,https://sg.shein.com/Soleia-Red-Orange-Gradient-Textured-Halter-Neck-Tie-Strap-Backless-Dress-Summer-Casual-Beach-Holiday-Vacation-Boho-Cruise-City-Afternoon-Tea-Music-Festival-p-456830413.html?mallCode=1&pageListType=4&detailBusinessFrom=0-1_456830413%7C0-2,https://sc.ltwebstatic.com/she_dist/images/bg-grey-solid-color-fc04c1310d.png,2026-05-31T16:19:03+08:00,,,,,NEW
11673771,4,1,4,SHEIN EZwear Ruched Front Button Up Shirt,S$2.66,https://sg.shein.com/SHEIN-EZwear-Ruched-Front-Button-Up-Shirt-p-11673771.html?mallCode=1&pageListType=4&detailBusinessFrom=0-1_11673771%7C0-2,https://sc.ltwebstatic.com/she_dist/images/bg-grey-solid-color-fc04c1310d.png,2026-05-31T16:19:03+08:00,,,,,Save S$2.66
434107352,4,1,4,"SHEIN X Care Bears Women's Cartoon Print Elastic Waist Leggings,",S$3.59,https://sg.shein.com/SHEIN-X-Care-Bears-Women-s-Cartoon-Print-Elastic-Waist-Leggings-p-434107352.html?mallCode=1&pageListType=4&detailBusinessFrom=0-1_434107352%7C0-2,https://sc.ltwebstatic.com/she_dist/images/bg-grey-solid-color-fc04c1310d.png,2026-05-31T16:19:03+08:00,,,,,Save S$3.59
10517558,4,1,4,DAZY High Waist Wide Leg Shorts,S$9.83,https://sg.shein.com/DAZY-High-Waist-Wide-Leg-Shorts-p-10517558.html?mallCode=1&pageListType=4&detailBusinessFrom=0-1_10517558%7C0-2,https://sc.ltwebstatic.com/she_dist/images/bg-grey-solid-color-fc04c1310d.png,2026-05-31T16:19:03+08:00,,-18%,,,
483985703,4,1,4,Rafferiza Women's Solid Color Long Sleeve Casual Versatile Vest Cardigan,S$13.49,https://sg.shein.com/Rafferiza-Women-s-Solid-Color-Long-Sleeve-Casual-Versatile-Vest-Cardigan-p-483985703.html?mallCode=1&pageListType=4&detailBusinessFrom=0-1_483985703%7C0-2,https://sc.ltwebstatic.com/she_dist/images/bg-grey-solid-color-fc04c1310d.png,2026-05-31T16:19:03+08:00,,,,,NEW
474763681,4,1,4,Mistrie Women's Fuchsia Pink Summer 70's Beach Club Party Disco Mesh Patchwork Halter Backless Deep V-Neck Twist Design Ruffled Hem Ultra-Long Dress,S$22.53,https://sg.shein.com/Mistrie-Women-s-Fuchsia-Pink-Summer-70-s-Beach-Club-Party-Disco-Mesh-Patchwork-Halter-Backless-Deep-V-Neck-Twist-Design-Ruffled-Hem-Ultra-Long-Dress-p-474763681.html?mallCode=1&pageListType=4&detailBusinessFrom=0-1_474763681%7C0-2,https://sc.ltwebstatic.com/she_dist/images/bg-grey-solid-color-fc04c1310d.png,2026-05-31T16:19:03+08:00,,-8%,,,
471246173,4,1,4,NYA SZN Women's Plaid Patchwork Ruffle Asymmetric Hem Halter Neck Dress,S$27.99,https://sg.shein.com/NYA-SZN-Women-s-Plaid-Patchwork-Ruffle-Asymmetric-Hem-Halter-Neck-Dress-p-471246173.html?mallCode=1&pageListType=4&detailBusinessFrom=0-1_471246173%7C0-2,https://sc.ltwebstatic.com/she_dist/images/bg-grey-solid-color-fc04c1310d.png,2026-05-31T16:19:03+08:00,,,,,NEW
445895584,4,1,4,Franclia Women's Mid-Length Digital Print Denim Effect Crew Neck Dress,S$1.57,https://sg.shein.com/Franclia-Women-s-Mid-Length-Digital-Print-Denim-Effect-Crew-Neck-Dress-p-445895584.html?mallCode=1&pageListType=4&detailBusinessFrom=0-1_445895584%7C0-2,https://sc.ltwebstatic.com/she_dist/images/bg-grey-solid-color-fc04c1310d.png,2026-05-31T16:19:03+08:00,,,,,Save S$1.57
116710397,4,1,4,Jeanoix Women's Casual Loose Flare Leg Low Waist Jeans Y2k,S$33.99,https://sg.shein.com/Jeanoix-Women-s-Casual-Loose-Flare-Leg-Low-Waist-Jeans-Y2k-p-116710397.html?mallCode=1&pageListType=4&detailBusinessFrom=0-1_116710397%7C0-2,https://sc.ltwebstatic.com/she_dist/images/bg-grey-solid-color-fc04c1310d.png,2026-05-31T16:19:03+08:00,,,,,
32700845,4,1,4,Women's Fashionable Black Multi-Layer Ruffle Detail Shorts Casual Summer,S$15.99,https://sg.shein.com/Women-s-Fashionable-Black-Multi-Layer-Ruffle-Detail-Shorts-Casual-Summer-p-32700845.html?mallCode=1&pageListType=4&detailBusinessFrom=0-1_32700845%7C0-2,https://sc.ltwebstatic.com/she_dist/images/bg-grey-solid-color-fc04c1310d.png,2026-05-31T16:19:03+08:00,,,,,
475051547,4,1,4,Modelyn Women's Elegant Bell Sleeve Backless Tie Waist Fishtail Hem Dress,S$18.49,https://sg.shein.com/Modelyn-Women-s-Elegant-Bell-Sleeve-Backless-Tie-Waist-Fishtail-Hem-Dress-p-475051547.html?mallCode=1&pageListType=4&detailBusinessFrom=0-1_475051547%7C0-2,https://sc.ltwebstatic.com/she_dist/images/bg-grey-solid-color-fc04c1310d.png,2026-05-31T16:19:03+08:00,,,,,NEW
363753415,4,1,4,"Mint Green Regular Shoulder Short Sleeve T-Shirt For Women, Summer, Round Neck, Slim Fit, Chic American Style Versatile Sexy Top Casual",S$8.81,https://sg.shein.com/Mint-Green-Regular-Shoulder-Short-Sleeve-T-Shirt-For-Women-Summer-Round-Neck-Slim-Fit-Chic-American-Style-Versatile-Sexy-Top-Casual-p-363753415.html?mallCode=1&pageListType=4&detailBusinessFrom=0-1_363753415%7C0-2,https://sc.ltwebstatic.com/she_dist/images/bg-grey-solid-color-fc04c1310d.png,2026-05-31T16:19:03+08:00,,-2%,,,High Repeat Customers
65670688,4,1,4,"Customized Personalized Printed T-Shirt For Women & Men, Custom Text Logo Photo, Fashionable Hip-Hop Casual Minimalist Chic, Capsule Wardrobe Streetwear, Ideal Gift For Him Boyfriend Family, Birthday Holiday School Sports Autumn Wedding, Gift Ideas",S$1.32,https://sg.shein.com/Customized-Personalized-Printed-T-Shirt-For-Women-Men-Custom-Text-Logo-Photo-Fashionable-Hip-Hop-Casual-Minimalist-Chic-Capsule-Wardrobe-Streetwear-Ideal-Gift-For-Him-Boyfriend-Family-Birthday-Holiday-School-Sports-Autumn-Wedding-Gift-Ideas-p-65670688.html?mallCode=1&pageListType=4&detailBusinessFrom=0-1_65670688%7C0-2,https://sc.ltwebstatic.com/she_dist/images/bg-grey-solid-color-fc04c1310d.png,2026-05-31T16:19:03+08:00,,,,,Save S$1.32
18088870,4,1,4,Washed Ripped Wide Leg Jeans Casual Spring,S$30.49,https://sg.shein.com/Washed-Ripped-Wide-Leg-Jeans-Casual-Spring-p-18088870.html?mallCode=1&pageListType=4&detailBusinessFrom=0-1_18088870%7C0-2,https://sc.ltwebstatic.com/she_dist/images/bg-grey-solid-color-fc04c1310d.png,2026-05-31T16:19:03+08:00,,,,,
63310135,4,2,"4,8",FRIFUL Women's Casual Navy Blue Cropped Jumpsuit With Strap Neckline And Pockets Lounge Sets For Women,S$3.60,https://sg.shein.com/FRIFUL-Women-s-Casual-Navy-Blue-Cropped-Jumpsuit-With-Strap-Neckline-And-Pockets-Lounge-Sets-For-Women-p-63310135.html?mallCode=1&pageListType=4&detailBusinessFrom=0-1_63310135%7C0-2,https://sc.ltwebstatic.com/she_dist/images/bg-grey-solid-color-fc04c1310d.png,2026-05-31T16:19:03+08:00,,,,,Save S$3.60
343784542,4,1,4,"Glimmora Y2K Women's Angel Rhinestone Shiny Shorts, Women's Casual Short Bottoms, Suitable For Summer Outings, Parties And Daily Wear",S$0.97,https://sg.shein.com/Glimmora-Y2K-Women-s-Angel-Rhinestone-Shiny-Shorts-Women-s-Casual-Short-Bottoms-Suitable-For-Summer-Outings-Parties-And-Daily-Wear-p-343784542.html?mallCode=1&pageListType=4&detailBusinessFrom=0-1_343784542%7C0-2,https://sc.ltwebstatic.com/she_dist/images/bg-grey-solid-color-fc04c1310d.png,2026-05-31T16:19:03+08:00,,,,,Save S$0.97
479092319,4,1,4,"Enchnt Summer Romantic Women's Yellow Floral Print Draped Fitted Elegant Wireless Long Dress,Prom Dress,Festa Junina Dress,Sea,Beach Dress,Wedding Guest Dress,Birthday Dress For Women,Holiday Dresses,Ceremony Dress,Work Dress,Women's Formal Wear,Fringe Dress,Party Dress,Vacation Outfits Women,Summer Outfits For Women,Chic",S$41.49,https://sg.shein.com/Enchnt-Summer-Romantic-Women-s-Yellow-Floral-Print-Draped-Fitted-Elegant-Wireless-Long-Dress-Prom-Dress-Festa-Junina-Dress-Sea-Beach-Dress-Wedding-Guest-Dress-Birthday-Dress-For-Women-Holiday-Dresses-Ceremony-Dress-Work-Dress-Women-s-Formal-Wear-Fringe-Dress-Party-Dress-Vacation-Outfits-Women-Summer-Outfits-For-Women-Chic-p-479092319.html?mallCode=1&pageListType=4&detailBusinessFrom=0-1_479092319%7C0-2,https://sc.ltwebstatic.com/she_dist/images/bg-grey-solid-color-fc04c1310d.png,2026-05-31T16:19:03+08:00,,,,,NEW
457341367,4,1,4,DAZY Women's Solid Color Fishtail Hem Elegant Skirt,S$14.49,https://sg.shein.com/DAZY-Women-s-Solid-Color-Fishtail-Hem-Elegant-Skirt-p-457341367.html?mallCode=1&pageListType=4&detailBusinessFrom=0-1_457341367%7C0-2,https://sc.ltwebstatic.com/she_dist/images/bg-grey-solid-color-fc04c1310d.png,2026-05-31T16:19:03+08:00,,,,,
443564067,4,1,4,"Lace Camisole With Removable Pads, Versatile Sleeveless Undershirt For Women, Suitable For Back To School Season, Christmas, Spring Festival Casual White Summer",S$6.99,https://sg.shein.com/Lace-Camisole-With-Removable-Pads-Versatile-Sleeveless-Undershirt-For-Women-Suitable-For-Back-To-School-Season-Christmas-Spring-Festival-Casual-White-Summer-p-443564067.html?mallCode=1&pageListType=4&detailBusinessFrom=0-1_443564067%7C0-2,https://sc.ltwebstatic.com/she_dist/images/bg-grey-solid-color-fc04c1310d.png,2026-05-31T16:19:03+08:00,,,,,
445078190,4,1,4,SHEIN Lace Patchwork Fitted Camisole Top For Women,S$8.99,https://sg.shein.com/SHEIN-Lace-Patchwork-Fitted-Camisole-Top-For-Women-p-445078190.html?mallCode=1&pageListType=4&detailBusinessFrom=0-1_445078190%7C0-2,https://sc.ltwebstatic.com/she_dist/images/bg-grey-solid-color-fc04c1310d.png,2026-05-31T16:19:03+08:00,,,,,
460857188,4,1,4,"Women's Round Neck Short Sleeve T-Shirt, Summer New Letter Print, Fashion Casual Versatile Loose Top Black",S$5.99,https://sg.shein.com/Women-s-Round-Neck-Short-Sleeve-T-Shirt-Summer-New-Letter-Print-Fashion-Casual-Versatile-Loose-Top-Black-p-460857188.html?mallCode=1&pageListType=4&detailBusinessFrom=0-1_460857188%7C0-2,https://sc.ltwebstatic.com/she_dist/images/bg-grey-solid-color-fc04c1310d.png,2026-05-31T16:19:03+08:00,,,,,
393593772,4,1,4,"FRIFUL Women's Polka Dot Ruffle Pleated Casual Jumpsuit, Suitable For Daily, Vacation And Travel Jumpsuits For Women Summer",S$3.05,https://sg.shein.com/FRIFUL-Women-s-Polka-Dot-Ruffle-Pleated-Casual-Jumpsuit-Suitable-For-Daily-Vacation-And-Travel-Jumpsuits-For-Women-Summer-p-393593772.html?mallCode=1&pageListType=4&detailBusinessFrom=0-1_393593772%7C0-2,https://sc.ltwebstatic.com/she_dist/images/bg-grey-solid-color-fc04c1310d.png,2026-05-31T16:19:03+08:00,,,,,Save S$3.05
462349471,4,1,4,"StreetHx 2pcs/Set Women's Streetwear Contrast Color Print T-Shirt And Low-Waist Shorts Set, Summer",S$13.49,https://sg.shein.com/StreetHx-2pcs-Set-Women-s-Streetwear-Contrast-Color-Print-T-Shirt-And-Low-Waist-Shorts-Set-Summer-p-462349471.html?mallCode=1&pageListType=4&detailBusinessFrom=0-1_462349471%7C0-2,https://sc.ltwebstatic.com/she_dist/images/bg-grey-solid-color-fc04c1310d.png,2026-05-31T16:19:03+08:00,,,,,
446050391,5,1,5,Women's Vintage Loose Boyfriend Straight Leg Jeans,S$25.99,https://sg.shein.com/Women-s-Vintage-Loose-Boyfriend-Straight-Leg-Jeans-p-446050391.html?mallCode=1&pageListType=4&detailBusinessFrom=0-1_446050391%7C0-2,https://img.ltwebstatic.com/v4/j/spmp/2026/04/13/60/17760693493142829ce34fb325da4c6593dc05ec9d_thumbnail_600x.webp,2026-05-31T16:20:45+08:00,,,,,NEW
350566412,5,3,"5,6,9",FRIFUL 2-In-1 Splice Contrast Color Pleated Drawstring Tie Slim Casual Versatile T-Shirt Summer Cute Tops,S$1.26,https://sg.shein.com/FRIFUL-2-In-1-Splice-Contrast-Color-Pleated-Drawstring-Tie-Slim-Casual-Versatile-T-Shirt-Summer-Cute-Tops-p-350566412.html?mallCode=1&pageListType=4&detailBusinessFrom=0-1_350566412%7C0-2,https://img.ltwebstatic.com/v4/j/pi/2026/01/04/3c/176749089431b36959e1abfcb629ed63937f460e23_thumbnail_600x.webp,2026-05-31T16:20:45+08:00,,,,,Save S$1.26
439260380,5,1,5,Women's Retro Casual Loose Straight Leg Jeans,S$25.99,https://sg.shein.com/Women-s-Retro-Casual-Loose-Straight-Leg-Jeans-p-439260380.html?mallCode=1&pageListType=4&detailBusinessFrom=0-1_439260380%7C0-2,https://img.ltwebstatic.com/v4/j/spmp/2026/04/10/eb/17758059236e0680adc407cbf0fc71b2ca5f2db047_thumbnail_600x.webp,2026-05-31T16:20:45+08:00,,,,,NEW
397856927,5,1,5,New Summer Z-Gen Y2K Style Women's Funny Red English Print Crew Neck Short Sleeve T-Shirt Casual Black,S$4.40,https://sg.shein.com/New-Summer-Z-Gen-Y2K-Style-Women-s-Funny-Red-English-Print-Crew-Neck-Short-Sleeve-T-Shirt-Casual-Black-p-397856927.html?mallCode=1&pageListType=4&detailBusinessFrom=0-1_397856927%7C0-2,https://img.ltwebstatic.com/v4/j/spmp/2026/03/06/2d/1772803814f16bc3b72974df09c0c0f750c571a8d5_thumbnail_600x.webp,2026-05-31T16:20:45+08:00,,-2%,,,
66845538,5,2,"5,10","FRIFUL Women's Black Jumpsuit Trousers, V-Neck With Drawstring, Summer Attire Jumpsuit Lounge Sets For Women",S$2.60,https://sg.shein.com/FRIFUL-Women-s-Black-Jumpsuit-Trousers-V-Neck-With-Drawstring-Summer-Attire-Jumpsuit-Lounge-Sets-For-Women-p-66845538.html?mallCode=1&pageListType=4&detailBusinessFrom=0-1_66845538%7C0-2,https://img.ltwebstatic.com/v4/j/pi/2025/04/11/0a/174435057718aef1ef1f307efcde795635fb26244c_thumbnail_600x.webp,2026-05-31T16:20:45+08:00,,,,,Save S$2.60
453652595,5,1,5,Balvessa Island Resort Elegant Navy Collar Mid-Length Dress For Women,S$20.99,https://sg.shein.com/Balvessa-Island-Resort-Elegant-Navy-Collar-Mid-Length-Dress-For-Women-p-453652595.html?mallCode=1&pageListType=4&detailBusinessFrom=0-1_453652595%7C0-2,https://img.ltwebstatic.com/v4/j/pi/2026/04/27/93/177725439282f977d3b91aa4b27db0df5434e776b8_thumbnail_600x.webp,2026-05-31T16:20:45+08:00,,,,,
127301836,5,2,"5,8","INAWLY 2pcs Women's Casual Heart Embroidery T-Shirt And Striped Pants Set, Summer",S$2.10,https://sg.shein.com/INAWLY-2pcs-Women-s-Casual-Heart-Embroidery-T-Shirt-And-Striped-Pants-Set-Summer-p-127301836.html?mallCode=1&pageListType=4&detailBusinessFrom=0-1_127301836%7C0-2,https://img.ltwebstatic.com/v4/j/pi/2025/08/01/2e/1754039493fa28be69c0b5d2b75b3ecdd5d0426045_thumbnail_600x.webp,2026-05-31T16:20:45+08:00,,,,,Save S$2.10
461123454,5,1,5,FRIFUL Women's Casual Loose Polka Dot Open Front T-Shirt,S$8.63,https://sg.shein.com/FRIFUL-Women-s-Casual-Loose-Polka-Dot-Open-Front-T-Shirt-p-461123454.html?mallCode=1&pageListType=4&detailBusinessFrom=0-1_461123454%7C0-2,https://img.ltwebstatic.com/v4/j/pi/2026/05/27/92/17798485505fab41a834f8994aaf47aba1bf54e49e_thumbnail_600x.webp,2026-05-31T16:20:45+08:00,,-28%,,,
390402685,5,1,5,"SuriyaCove Embroidered Minimalist Women's Polo Collar T-Shirt + Pants 2-Piece Set, Gift For Friends",S$21.49,https://sg.shein.com/SuriyaCove-Embroidered-Minimalist-Women-s-Polo-Collar-T-Shirt-Pants-2-Piece-Set-Gift-For-Friends-p-390402685.html?mallCode=1&pageListType=4&detailBusinessFrom=0-1_390402685%7C0-2,https://img.ltwebstatic.com/v4/j/pi/2026/01/29/0a/1769652748a688ddb9af41792da3d4c2afc7d0d4b4_thumbnail_600x.webp,2026-05-31T16:20:45+08:00,,,,,
392283877,5,1,5,"Women's Loose Fit Round Neck Short Sleeve Letter & Floral Print T-Shirt, Spring/Summer Casual",S$10.49,https://sg.shein.com/Women-s-Loose-Fit-Round-Neck-Short-Sleeve-Letter-Floral-Print-T-Shirt-Spring-Summer-Casual-p-392283877.html?mallCode=1&pageListType=4&detailBusinessFrom=0-1_392283877%7C0-2,https://img.ltwebstatic.com/v4/j/spmp/2026/02/01/89/17699312062cc1ccee49c29214c452436414f7132e_thumbnail_600x.webp,2026-05-31T16:20:45+08:00,,,,,
467818974,5,1,5,"Vintamour Vintage Elegant Women's Yellow Dress,Lace Patchwork Off Shoulder With Pockets,Casual Summmer Holiday Date Outfit,Wedding Guest Party Graduation Prom",S$28.49,https://sg.shein.com/Vintamour-Vintage-Elegant-Women-s-Yellow-Dress-Lace-Patchwork-Off-Shoulder-With-Pockets-Casual-Summmer-Holiday-Date-Outfit-Wedding-Guest-Party-Graduation-Prom-p-467818974.html?mallCode=1&pageListType=4&detailBusinessFrom=0-1_467818974%7C0-2,https://img.ltwebstatic.com/v4/j/pi/2026/05/18/94/1779085717740258178b23537e33f8e2cc63e0f61b_thumbnail_600x.webp,2026-05-31T16:20:45+08:00,,,,,
444529000,5,1,5,Elamini Women's Casual Minimalist Polo Collar Horse Embroidered Fitted T-Shirt + Mini Low-Waist Skirt Pants Set,S$20.49,https://sg.shein.com/Elamini-Women-s-Casual-Minimalist-Polo-Collar-Horse-Embroidered-Fitted-T-Shirt-Mini-Low-Waist-Skirt-Pants-Set-p-444529000.html?mallCode=1&pageListType=4&detailBusinessFrom=0-1_444529000%7C0-2,https://img.ltwebstatic.com/v4/j/pi/2026/04/15/b2/17762478286ea55c2f09a72986b917c933d4762eba_thumbnail_600x.webp,2026-05-31T16:20:45+08:00,,,,,
47929989,5,1,5,"Slaydiva 3pcs/Set Tie-Dye Casual Knit Leggings For Women, Long Style Suitable For Summer Suitable For Going Out Fall Clothes Women's Sportswear",S$15.49,https://sg.shein.com/Slaydiva-3pcs-Set-Tie-Dye-Casual-Knit-Leggings-For-Women-Long-Style-Suitable-For-Summer-Suitable-For-Going-Out-Fall-Clothes-Women-s-Sportswear-p-47929989.html?mallCode=1&pageListType=4&detailBusinessFrom=0-1_47929989%7C0-2,https://img.ltwebstatic.com/images3_pi/2024/11/18/25/1731904716d29450042c6598ae9bfe7f37b97ad5e2_thumbnail_600x.webp,2026-05-31T16:20:45+08:00,,,,,
169418360,5,1,5,DAZY Women's High Waist Elastic Fitted Grey Shorts Fall,S$1.38,https://sg.shein.com/DAZY-Women-s-High-Waist-Elastic-Fitted-Grey-Shorts-Fall-p-169418360.html?mallCode=1&pageListType=4&detailBusinessFrom=0-1_169418360%7C0-2,https://img.ltwebstatic.com/v4/j/pi/2025/09/02/cc/17567986249423749538edf68288c1a511e23a52ce_thumbnail_600x.webp,2026-05-31T16:20:45+08:00,,,,,Save S$1.38
37338036,5,1,5,Women's Drawstring Elastic Waist Versatile Shorts Casual Black Spring,S$19.49,https://sg.shein.com/Women-s-Drawstring-Elastic-Waist-Versatile-Shorts-Casual-Black-Spring-p-37338036.html?mallCode=1&pageListType=4&detailBusinessFrom=0-1_37338036%7C0-2,https://img.ltwebstatic.com/images3_pi/2024/06/20/1d/17188871741dcfdee908e4f5e38aeff9aab0489163_thumbnail_600x.webp,2026-05-31T16:20:45+08:00,,,,,
3110901,5,2,"5,8","Women's Versatile Solid Color Flare Pants, Fashionable Style Suitable For Daily Commute Casual Spring",S$22.49,https://sg.shein.com/Women-s-Versatile-Solid-Color-Flare-Pants-Fashionable-Style-Suitable-For-Daily-Commute-Casual-Spring-p-3110901.html?mallCode=1&pageListType=4&detailBusinessFrom=0-1_3110901%7C0-2,https://img.ltwebstatic.com/images3_pi/2021/07/05/16254654698180619a52f09c18c44a8bd6b785843f_thumbnail_600x.webp,2026-05-31T16:20:45+08:00,,,,,
461016445,5,1,5,"SHEIN Holidaya Women's White Summer Boho Holiday Vacation Holiday Short V-Neck Sleeveless Dress,Asymmetrical Red Line Digital Printing,Linen-Like Cotton,Loose Fit",S$12.99,https://sg.shein.com/SHEIN-Holidaya-Women-s-White-Summer-Boho-Holiday-Vacation-Holiday-Short-V-Neck-Sleeveless-Dress-Asymmetrical-Red-Line-Digital-Printing-Linen-Like-Cotton-Loose-Fit-p-461016445.html?mallCode=1&pageListType=4&detailBusinessFrom=0-1_461016445%7C0-2,https://img.ltwebstatic.com/v4/j/pi/2026/05/15/d0/1778835739369290ba6311b9845f7c2ab201f42fb2_thumbnail_600x.webp,2026-05-31T16:20:45+08:00,,,,,
432420176,5,1,5,"Customized T-Shirt. Customized Women's Top. Personalize With Text And Photos. Upload Your Photos (Patterns/Logos/Couple Photos/Family Photos/Selfies/Cute Pet Photos, Etc.), Then Add Text, Choose Your Favorite Colors And Fonts, And Design A One-Of-A-Kind T-Shirt. This Is The Perfect Choice For Anniversaries, Birthday Celebrations, Holiday Gatherings, And Various Special Occasions. Customized T-Shirt | Women's Top | Personalized Printed T-Shirt | Women's Short Sleeve T-Shirt Sports",S$1.49,https://sg.shein.com/Customized-T-Shirt-Customized-Women-s-Top-Personalize-With-Text-And-Photos-Upload-Your-Photos-Patterns-Logos-Couple-Photos-Family-Photos-Selfies-Cute-Pet-Photos-Etc-Then-Add-Text-Choose-Your-Favorite-Colors-And-Fonts-And-Design-A-One-Of-A-Kind-T-Shirt-This-Is-The-Perfect-Choice-For-Anniversaries-Birthday-Celebrations-Holiday-Gatherings-And-Various-Special-Occasions-Customized-T-Shirt-Women-s-Top-Personalized-Printed-T-Shirt-Women-s-Short-Sleeve-T-Shirt-Sports-p-432420176.html?mallCode=1&pageListType=4&detailBusinessFrom=0-1_432420176%7C0-2,https://img.ltwebstatic.com/v4/j/spmp/2026/03/24/29/177434350386ecdddd06c359b9b15e16b27741db63_thumbnail_600x.webp,2026-05-31T16:20:45+08:00,,,,,Save S$1.49
69143821,5,2,"5,6",DAZY Solid Color Loose Fit Button Decorated Bottom Hem Straight Cut Black Jeans,S$30.99,https://sg.shein.com/DAZY-Solid-Color-Loose-Fit-Button-Decorated-Bottom-Hem-Straight-Cut-Black-Jeans-p-69143821.html?mallCode=1&pageListType=4&detailBusinessFrom=0-1_69143821%7C0-2,https://img.ltwebstatic.com/v4/j/pi/2025/11/28/e8/1764313551acd444d027660fd06e2b315241d9b235_thumbnail_600x.webp,2026-05-31T16:20:45+08:00,,,,,
89095015,5,1,5,"SHEIN MOD Gray Sleeveless Rhinestone Decorated Lightweight Women Waistcoat,Cute Tops,Back To School,Business Casual, Office In Fall/Winter",S$12.79,https://sg.shein.com/SHEIN-MOD-Gray-Sleeveless-Rhinestone-Decorated-Lightweight-Women-Waistcoat-Cute-Tops-Back-To-School-Business-Casual-Office-In-Fall-Winter-p-89095015.html?mallCode=1&pageListType=4&detailBusinessFrom=0-1_89095015%7C0-2,https://img.ltwebstatic.com/v4/j/pi/2025/11/13/7b/176300459159a38c33f341374559a2c2c4fb8f6a84_thumbnail_600x.webp,2026-05-31T16:20:45+08:00,,-20%,,,
62263350,5,1,5,"Customized Women Short Sleeve, Personalized Gift, Upload Your Photos, Valentine's Day Gift, Gift For Her, Anniversary Gift, Holiday Gift, Team Uniform, Summer Top, Graphic Print, Pink Girls, Family, Friends, Chic & Elegant",S$0.88,https://sg.shein.com/Customized-Women-Short-Sleeve-Personalized-Gift-Upload-Your-Photos-Valentine-s-Day-Gift-Gift-For-Her-Anniversary-Gift-Holiday-Gift-Team-Uniform-Summer-Top-Graphic-Print-Pink-Girls-Family-Friends-Chic-Elegant-p-62263350.html?mallCode=1&pageListType=4&detailBusinessFrom=0-1_62263350%7C0-2,https://img.ltwebstatic.com/images3_spmp/2025/03/13/7e/1741874475bc3a1a16c6db6408199fc41596406d5a_thumbnail_600x.webp,2026-05-31T16:20:45+08:00,,,,,Save S$0.88
483645121,5,1,5,Aralina Women's Single-Breasted Casual Versatile Daily Denim Jacket,S$34.49,https://sg.shein.com/Aralina-Women-s-Single-Breasted-Casual-Versatile-Daily-Denim-Jacket-p-483645121.html?mallCode=1&pageListType=4&detailBusinessFrom=0-1_483645121%7C0-2,https://img.ltwebstatic.com/v4/j/pi/2026/05/28/3f/1779945955049848a46cf6ca16cefb767c56cd4cd7_thumbnail_600x.webp,2026-05-31T16:20:45+08:00,,,,,NEW
476700033,5,1,5,"SOLERSUN Women's Elegant,Deep-V Fitted-Waist Bodycon Dress,Cream Tropical Lily Print Slit Flowy Summer Holiday Vacation Holiday,Beach Island Resort Parties",S$16.99,https://sg.shein.com/SOLERSUN-Women-s-Elegant-Deep-V-Fitted-Waist-Bodycon-Dress-Cream-Tropical-Lily-Print-Slit-Flowy-Summer-Holiday-Vacation-Holiday-Beach-Island-Resort-Parties-p-476700033.html?mallCode=1&pageListType=4&detailBusinessFrom=0-1_476700033%7C0-2,https://img.ltwebstatic.com/v4/j/pi/2026/05/21/f4/1779345442f37427af5df21e52b9d157fd4313c93f_thumbnail_600x.webp,2026-05-31T16:20:45+08:00,,,,,NEW
327648089,5,1,5,"New Autumn/Winter Personalized Letter Denim Jeans, Streetwear Hipster Style Long Pants Casual Spring",S$29.49,https://sg.shein.com/New-Autumn-Winter-Personalized-Letter-Denim-Jeans-Streetwear-Hipster-Style-Long-Pants-Casual-Spring-p-327648089.html?mallCode=1&pageListType=4&detailBusinessFrom=0-1_327648089%7C0-2,https://img.ltwebstatic.com/v4/j/spmp/2026/04/02/f2/17751115652420738246b818c97a6c5e4537bb58d3_thumbnail_600x.webp,2026-05-31T16:20:45+08:00,,,,,
441792309,5,1,5,KIZN Taupe Halter Neck Sleeveless Draped Ruched Side Split Maxi Dress Bodycon Evening Party Formal Occasion,S$26.79,https://sg.shein.com/KIZN-Taupe-Halter-Neck-Sleeveless-Draped-Ruched-Side-Split-Maxi-Dress-Bodycon-Evening-Party-Formal-Occasion-p-441792309.html?mallCode=1&pageListType=4&detailBusinessFrom=0-1_441792309%7C0-2,https://img.ltwebstatic.com/v4/j/sxfs/2026/04/13/e1/1776083178243200b74e010e6dfd33241f060c9b80_thumbnail_600x.webp,2026-05-31T16:20:45+08:00,,-30%,,,
460413764,5,1,5,"New Burgundy Women's Personalized Blazer Jacket. This Fashionable And Sunny Classic Notched Lapel Blazer Jacket Can Also Be Worn In Autumn. Suitable For Dates, Parties, Weddings And Other Formal Occasions.",S$32.99,https://sg.shein.com/New-Burgundy-Women-s-Personalized-Blazer-Jacket-This-Fashionable-And-Sunny-Classic-Notched-Lapel-Blazer-Jacket-Can-Also-Be-Worn-In-Autumn-Suitable-For-Dates-Parties-Weddings-And-Other-Formal-Occasions-p-460413764.html?mallCode=1&pageListType=4&detailBusinessFrom=0-1_460413764%7C0-2,https://img.ltwebstatic.com/v4/j/spmp/2026/05/06/63/17780566255bfbf5d05802f2e7239ae9fadcff6ac9_thumbnail_600x.webp,2026-05-31T16:20:45+08:00,,,,,NEW
179387352,5,1,5,Glimmora Women's Solid Color Comfortable Breathable Long Sleeve Front Button Casual Versatile Thin Cardigan,S$8.99,https://sg.shein.com/Glimmora-Women-s-Solid-Color-Comfortable-Breathable-Long-Sleeve-Front-Button-Casual-Versatile-Thin-Cardigan-p-179387352.html?mallCode=1&pageListType=4&detailBusinessFrom=0-1_179387352%7C0-2,https://img.ltwebstatic.com/v4/j/pi/2025/09/08/3c/17573086481bfa97246a66c539dcb6fa76df0001e1_thumbnail_600x.webp,2026-05-31T16:20:45+08:00,,,,,
468057012,5,1,5,FRIFUL Women's Summer Solid Color Front Tie Camisole Top And Pleated Ruffle Trim Cami Tank Top 2 Piece Set,S$10.79,https://sg.shein.com/FRIFUL-Women-s-Summer-Solid-Color-Front-Tie-Camisole-Top-And-Pleated-Ruffle-Trim-Cami-Tank-Top-2-Piece-Set-p-468057012.html?mallCode=1&pageListType=4&detailBusinessFrom=0-1_468057012%7C0-2,https://img.ltwebstatic.com/v4/j/pi/2026/05/14/9e/17787234218308460be6f5326adc3be234111a857f_thumbnail_600x.webp,2026-05-31T16:20:45+08:00,,-28%,,,
467017749,5,1,5,"SHEIN Franclia Women's White Summer Elegant Party Dress,Pearl V-Neck Sleeveless A-Line Silhouette Midi Skirt,Elastic Waist Woven Fabric Formal Midi Dress",S$16.99,https://sg.shein.com/SHEIN-Franclia-Women-s-White-Summer-Elegant-Party-Dress-Pearl-V-Neck-Sleeveless-A-Line-Silhouette-Midi-Skirt-Elastic-Waist-Woven-Fabric-Formal-Midi-Dress-p-467017749.html?mallCode=1&pageListType=4&detailBusinessFrom=0-1_467017749%7C0-2,https://img.ltwebstatic.com/v4/j/pi/2026/05/20/7c/1779244084c95022b1c72d3dbd643e35cfc079885e_thumbnail_600x.webp,2026-05-31T16:20:45+08:00,,,,,
33165304,5,1,5,EMERY ROSE Gradient V-Neck Short Sleeve T-Shirt For Summer,S$8.49,https://sg.shein.com/EMERY-ROSE-Gradient-V-Neck-Short-Sleeve-T-Shirt-For-Summer-p-33165304.html?mallCode=1&pageListType=4&detailBusinessFrom=0-1_33165304%7C0-2,https://img.ltwebstatic.com/images3_pi/2024/04/12/3a/1712889276a136a33dda04c49933d4a8a01b886cf7_thumbnail_600x.webp,2026-05-31T16:20:45+08:00,,,,,
457307043,5,2,"5,7",GlowEve Women's Contrast Color Round Neck Casual Versatile Tank Top,S$6.49,https://sg.shein.com/GlowEve-Women-s-Contrast-Color-Round-Neck-Casual-Versatile-Tank-Top-p-457307043.html?mallCode=1&pageListType=4&detailBusinessFrom=0-1_457307043%7C0-2,https://img.ltwebstatic.com/v4/j/pi/2026/04/29/34/1777441015960439eeec96e721838bd2b60e706e3b_thumbnail_600x.webp,2026-05-31T16:20:45+08:00,,,,,
375244480,5,1,5,"2pcs Women's Spring/Autumn Round Neck Short Sleeve T-Shirt And Elastic Waist Loose Pants Set, Casual Daily Wear Summer Elegant",S$20.99,https://sg.shein.com/2pcs-Women-s-Spring-Autumn-Round-Neck-Short-Sleeve-T-Shirt-And-Elastic-Waist-Loose-Pants-Set-Casual-Daily-Wear-Summer-Elegant-p-375244480.html?mallCode=1&pageListType=4&detailBusinessFrom=0-1_375244480%7C0-2,https://img.ltwebstatic.com/v4/j/spmp/2026/04/18/18/1776504952d2eebb53ef992aec20c71599268f036f_thumbnail_600x.webp,2026-05-31T16:20:45+08:00,,,,,60+ sold
428447375,5,1,5,"SHEIN Holidaya Women's Elegant Beige Summer Casual Blouse,V-Neck Batwing Sleeve Striped Print Linen-Inspired Top For Vacation,Holiday,Beachwear & Business Office",S$11.49,https://sg.shein.com/SHEIN-Holidaya-Women-s-Elegant-Beige-Summer-Casual-Blouse-V-Neck-Batwing-Sleeve-Striped-Print-Linen-Inspired-Top-For-Vacation-Holiday-Beachwear-Business-Office-p-428447375.html?mallCode=1&pageListType=4&detailBusinessFrom=0-1_428447375%7C0-2,https://img.ltwebstatic.com/v4/j/pi/2026/04/24/01/1777027108fdb9118932916ba89e4c42681b59c11a_thumbnail_600x.webp,2026-05-31T16:20:45+08:00,,,,,
187774152,5,1,5,"Franclia Women's Casual Solid Color Turndown Collar Short Sleeve Shirt, Summer",S$11.49,https://sg.shein.com/Franclia-Women-s-Casual-Solid-Color-Turndown-Collar-Short-Sleeve-Shirt-Summer-p-187774152.html?mallCode=1&pageListType=4&detailBusinessFrom=0-1_187774152%7C0-2,https://img.ltwebstatic.com/v4/j/pi/2025/09/18/2a/175815886322707ed1e11e5fb8dca8636ed89032df_thumbnail_600x.webp,2026-05-31T16:20:45+08:00,,,,,
457733875,5,1,5,"Coolane Women's Summer Outfits 2pcs/Set Lace V-Neck Top & Straight Leg,Grey Casual Streetwear Preppy Yoga Sport Athletic Everyday Two Pieces French Two Pieces",S$25.99,https://sg.shein.com/Coolane-Women-s-Summer-Outfits-2pcs-Set-Lace-V-Neck-Top-Straight-Leg-Grey-Casual-Streetwear-Preppy-Yoga-Sport-Athletic-Everyday-Two-Pieces-French-Two-Pieces-p-457733875.html?mallCode=1&pageListType=4&detailBusinessFrom=0-1_457733875%7C0-2,https://img.ltwebstatic.com/v4/j/pi/2026/05/11/1b/17784965136357c5aff9e5ba7409e1f116ba9ed9b0_thumbnail_600x.webp,2026-05-31T16:20:45+08:00,,,,,
282347122,5,1,5,"SuriyaCove Women's Casual Contrast Trim Knight Print Round Neck Short Sleeve T-Shirt, Summer",S$6.17,https://sg.shein.com/SuriyaCove-Women-s-Casual-Contrast-Trim-Knight-Print-Round-Neck-Short-Sleeve-T-Shirt-Summer-p-282347122.html?mallCode=1&pageListType=4&detailBusinessFrom=0-1_282347122%7C0-2,https://img.ltwebstatic.com/v4/j/pi/2025/10/21/fe/176102618215daa235515ee0ff61ef1947351d16eb_thumbnail_600x.webp,2026-05-31T16:20:45+08:00,,-5%,,,100+ sold
418744648,5,1,5,"Franclia Women's Off-White Chiffon Embroidered Slit Belted Wide-Leg Trousers,Elegant Summer Beach Wear For Picnic,Floral Casual Vacation & Office Long Pants",S$4.50,https://sg.shein.com/Franclia-Women-s-Off-White-Chiffon-Embroidered-Slit-Belted-Wide-Leg-Trousers-Elegant-Summer-Beach-Wear-For-Picnic-Floral-Casual-Vacation-Office-Long-Pants-p-418744648.html?mallCode=1&pageListType=4&detailBusinessFrom=0-1_418744648%7C0-2,https://img.ltwebstatic.com/v4/j/pi/2026/03/29/3c/1774774827857bc5255c8aa5c824669785b984fa61_thumbnail_600x.webp,2026-05-31T16:20:45+08:00,,,,,Save S$4.50
432810666,5,1,5,New Spring/Summer Women Casual Korean Style Ruffled Hem Blouse Top,S$12.49,https://sg.shein.com/New-Spring-Summer-Women-Casual-Korean-Style-Ruffled-Hem-Blouse-Top-p-432810666.html?mallCode=1&pageListType=4&detailBusinessFrom=0-1_432810666%7C0-2,https://img.ltwebstatic.com/v4/j/spmp/2026/05/18/e4/17790766795587176fc0181d84811d68a1b545df60_thumbnail_600x.webp,2026-05-31T16:20:45+08:00,,,,,
33102963,5,1,5,DAZY Color Block Texture Round Neck Loose Short Sleeve Women T-Shirt Summer,S$1.26,https://sg.shein.com/DAZY-Color-Block-Texture-Round-Neck-Loose-Short-Sleeve-Women-T-Shirt-Summer-p-33102963.html?mallCode=1&pageListType=4&detailBusinessFrom=0-1_33102963%7C0-2,https://img.ltwebstatic.com/images3_pi/2024/04/11/63/17127991778e7f2ef1051aa91a69e52a89e807986b_thumbnail_600x.webp,2026-05-31T16:20:45+08:00,,,,,Save S$1.26
66063156,5,1,5,"SHEIN Clasi V-Neck Button Red Polka Dot Waist Cinched Women Dress,Spring Clothes,Valentine Day Dress Summer Dresses For Women,Sun Dresses For Women",S$12.99,https://sg.shein.com/SHEIN-Clasi-V-Neck-Button-Red-Polka-Dot-Waist-Cinched-Women-Dress-Spring-Clothes-Valentine-Day-Dress-Summer-Dresses-For-Women-Sun-Dresses-For-Women-p-66063156.html?mallCode=1&pageListType=4&detailBusinessFrom=0-1_66063156%7C0-2,https://img.ltwebstatic.com/v4/j/pi/2026/04/22/ab/1776849240232b35eeb875c48901f71d0dde1b7a88_thumbnail_600x.webp,2026-05-31T16:20:45+08:00,,,,,
450198933,5,1,5,"Soleia Women's Leopard & Floral Print Sleeveless Casual Dress,Dresses For Women Summer",S$36.49,https://sg.shein.com/Soleia-Women-s-Leopard-Floral-Print-Sleeveless-Casual-Dress-Dresses-For-Women-Summer-p-450198933.html?mallCode=1&pageListType=4&detailBusinessFrom=0-1_450198933%7C0-2,https://img.ltwebstatic.com/v4/j/pi/2026/04/23/76/1776913552978831259578e45d1d9b075bcbfd16b9_thumbnail_600x.webp,2026-05-31T16:20:45+08:00,,,,,
37551588,5,1,5,CovetEZ Summer Casual Pants Women Holidays For Vacations Home Comfortable Everyday Wear,S$1.32,https://sg.shein.com/CovetEZ-Summer-Casual-Pants-Women-Holidays-For-Vacations-Home-Comfortable-Everyday-Wear-p-37551588.html?mallCode=1&pageListType=4&detailBusinessFrom=0-1_37551588%7C0-2,https://img.ltwebstatic.com/v4/j/pi/2026/03/31/87/177496038878970c3ade1f1a3a6804e8b6eedf019b_thumbnail_600x.webp,2026-05-31T16:20:45+08:00,,,,,Save S$1.32
100306051,5,2,"5,10","White Short Sleeve Mid-Length T-Shirt With English Print, Women Casual Top Summer",S$5.39,https://sg.shein.com/White-Short-Sleeve-Mid-Length-T-Shirt-With-English-Print-Women-Casual-Top-Summer-p-100306051.html?mallCode=1&pageListType=4&detailBusinessFrom=0-1_100306051%7C0-2,https://img.ltwebstatic.com/v4/p/spmp/2025/06/07/15/1749300102992da78a827d8338d680903b26d6315b_thumbnail_600x.webp,2026-05-31T16:20:45+08:00,,-10%,,,High Repeat Customers
141460365,5,3,"5,7,8",Women's Summer Solid Color V-Neck Short Sleeve Casual Loose T-Shirt,S$5.99,https://sg.shein.com/Women-s-Summer-Solid-Color-V-Neck-Short-Sleeve-Casual-Loose-T-Shirt-p-141460365.html?mallCode=1&pageListType=4&detailBusinessFrom=0-1_141460365%7C0-2,https://img.ltwebstatic.com/v4/j/pi/2025/09/08/16/17572958132b94edd098ab57a65e1a6b8ce92b33d5_thumbnail_600x.webp,2026-05-31T16:20:45+08:00,,,,,
87947056,5,2,"5,6","XLLAIS Sexy Backless Women Camisole, Elastic Casual Spaghetti Strap Tank Top Summer",S$7.49,https://sg.shein.com/XLLAIS-Sexy-Backless-Women-Camisole-Elastic-Casual-Spaghetti-Strap-Tank-Top-Summer-p-87947056.html?mallCode=1&pageListType=4&detailBusinessFrom=0-1_87947056%7C0-2,https://img.ltwebstatic.com/v4/j/spmp/2025/11/18/a9/176346657568bbd0a6903fe6e0dd7b5a5a8ef5739a_thumbnail_600x.webp,2026-05-31T16:20:45+08:00,,,,,100+ sold
57887548,5,1,5,Resyla Women'sCartoon Owl Print Pleated Round Neck Short Sleeve Casual T-Shirt,S$6.99,https://sg.shein.com/Resyla-Women-sCartoon-Owl-Print-Pleated-Round-Neck-Short-Sleeve-Casual-T-Shirt-p-57887548.html?mallCode=1&pageListType=4&detailBusinessFrom=0-1_57887548%7C0-2,https://img.ltwebstatic.com/v4/j/pi/2026/04/17/b4/17764218112595d84817fc772eda1e688ad4d19764_thumbnail_600x.webp,2026-05-31T16:20:45+08:00,,,,,
447805865,5,1,5,"Sunnyshic Women's Polka Dot V-Neck Bow Tie Halter Bodycon Dress, Sexy Elegant Retro Sweet Vacation Style For Spring & Summer",S$15.99,https://sg.shein.com/Sunnyshic-Women-s-Polka-Dot-V-Neck-Bow-Tie-Halter-Bodycon-Dress-Sexy-Elegant-Retro-Sweet-Vacation-Style-For-Spring-Summer-p-447805865.html?mallCode=1&pageListType=4&detailBusinessFrom=0-1_447805865%7C0-2,https://img.ltwebstatic.com/v4/j/pi/2026/04/21/8e/1776737003890cbc5a8a8b528892b76e9af262bbf0_thumbnail_600x.webp,2026-05-31T16:20:45+08:00,,,,,
427082911,5,1,5,"EMERY ROSE Women's 100% Cotton Short Sleeve Shirt,All White Summer Casual Holiday Blouse,V Neck Country Outfits For Women,Occasion Vacation Top",S$11.99,https://sg.shein.com/EMERY-ROSE-Women-s-100-Cotton-Short-Sleeve-Shirt-All-White-Summer-Casual-Holiday-Blouse-V-Neck-Country-Outfits-For-Women-Occasion-Vacation-Top-p-427082911.html?mallCode=1&pageListType=4&detailBusinessFrom=0-1_427082911%7C0-2,https://img.ltwebstatic.com/v4/j/pi/2026/03/20/6e/1774004698f4135b4f0ae7dcec943d22a77a6b09af_thumbnail_600x.webp,2026-05-31T16:20:45+08:00,,00%,,,
139142269,5,1,5,"BizChic Burgundy Autumn Elegant Office Polo Collar Diamond Knit Sweater,90s Retro Urban Commute Chic Daily Wear,Versatile Minimalist For Christmas&Party,Date",S$15.49,https://sg.shein.com/BizChic-Burgundy-Autumn-Elegant-Office-Polo-Collar-Diamond-Knit-Sweater-90s-Retro-Urban-Commute-Chic-Daily-Wear-Versatile-Minimalist-For-Christmas-Party-Date-p-139142269.html?mallCode=1&pageListType=4&detailBusinessFrom=0-1_139142269%7C0-2,https://img.ltwebstatic.com/v4/j/pi/2025/07/30/98/1753839587fbd7c3e2a5a8b78bd8d99549c0052974_thumbnail_600x.webp,2026-05-31T16:20:45+08:00,,,,,100+ sold
130540930,5,1,5,"White Cropped Top, Sexy Style, New Summer Collection, Cropped, Short Sleeve T-Shirt, Summer Fitted Slim Round Neck Crop Top Casual",S$4.36,https://sg.shein.com/White-Cropped-Top-Sexy-Style-New-Summer-Collection-Cropped-Short-Sleeve-T-Shirt-Summer-Fitted-Slim-Round-Neck-Crop-Top-Casual-p-130540930.html?mallCode=1&pageListType=4&detailBusinessFrom=0-1_130540930%7C0-2,https://img.ltwebstatic.com/v4/j/spmp/2025/07/09/2b/1752052390fd260a2963eecdba136a2d77ade87a16_thumbnail_600x.webp,2026-05-31T16:20:45+08:00,,-3%,,,70+ sold
301755128,5,2,"5,10",Button V-Neck Versatile Elegant Waist Fitted Short Sleeve T-Shirt Casual Black Summer,S$12.99,https://sg.shein.com/Button-V-Neck-Versatile-Elegant-Waist-Fitted-Short-Sleeve-T-Shirt-Casual-Black-Summer-p-301755128.html?mallCode=1&pageListType=4&detailBusinessFrom=0-1_301755128%7C0-2,https://img.ltwebstatic.com/v4/j/spmp/2026/03/28/78/1774678055fe67cf0b1b064f9c6b6b6e0ebe720d5f_thumbnail_600x.webp,2026-05-31T16:20:45+08:00,,,,,High Repeat Customers
418740661,5,2,"5,8","Franclia Women Blue White Stripe Button Pleated Cross V-Neck Shirt,Summer Effortless Chic Blouse,Back-To-School School Outfit,Spring Casual Pinterest Outfits",S$11.99,https://sg.shein.com/Franclia-Women-Blue-White-Stripe-Button-Pleated-Cross-V-Neck-Shirt-Summer-Effortless-Chic-Blouse-Back-To-School-School-Outfit-Spring-Casual-Pinterest-Outfits-p-418740661.html?mallCode=1&pageListType=4&detailBusinessFrom=0-1_418740661%7C0-2,https://img.ltwebstatic.com/v4/j/pi/2026/03/11/b0/1773197014d3eaa7336d5f92999cf795f7d4bcabd6_thumbnail_600x.webp,2026-05-31T16:20:45+08:00,,,,,
465968806,5,1,5,"Ontre 100% Cotton Camel Summer Dress,Women's Coffee Brown Waist Gathered A-Line Spaghetti Strap Casual Vacation Beach Music Festival Urban Wear",S$27.99,https://sg.shein.com/Ontre-100-Cotton-Camel-Summer-Dress-Women-s-Coffee-Brown-Waist-Gathered-A-Line-Spaghetti-Strap-Casual-Vacation-Beach-Music-Festival-Urban-Wear-p-465968806.html?mallCode=1&pageListType=4&detailBusinessFrom=0-1_465968806%7C0-2,https://img.ltwebstatic.com/v4/j/pi/2026/05/13/75/17786734640e1ed44672db934240647f33de6c6659_thumbnail_600x.webp,2026-05-31T16:20:45+08:00,,00%,,,
31062346,5,1,5,"Sylviya Elastic Waist Tie Rolled Hem Slant Pocket Casual Shorts Summer Green Shorts Cotton Women Shorts,Vacation",S$1.54,https://sg.shein.com/Sylviya-Elastic-Waist-Tie-Rolled-Hem-Slant-Pocket-Casual-Shorts-Summer-Green-Shorts-Cotton-Women-Shorts-Vacation-p-31062346.html?mallCode=1&pageListType=4&detailBusinessFrom=0-1_31062346%7C0-2,https://sc.ltwebstatic.com/she_dist/images/bg-grey-solid-color-fc04c1310d.png,2026-05-31T16:20:45+08:00,,,,,Save S$1.54
452962267,5,1,5,"Vintage Coffee Cup Print T-Shirt, Women's Summer New Loose Side Slit White Casual Short Sleeve Top Coffee Cup Print T-Shirt, Women's Summer New Loose Side Slit White Casual Short Sleeve Top Coffee Cup Print T-Shirt, Women's Summer New Loose Side Slit White Casual Short Sleeve Top",S$5.49,https://sg.shein.com/Vintage-Coffee-Cup-Print-T-Shirt-Women-s-Summer-New-Loose-Side-Slit-White-Casual-Short-Sleeve-Top-Coffee-Cup-Print-T-Shirt-Women-s-Summer-New-Loose-Side-Slit-White-Casual-Short-Sleeve-Top-Coffee-Cup-Print-T-Shirt-Women-s-Summer-New-Loose-Side-Slit-White-Casual-Short-Sleeve-Top-p-452962267.html?mallCode=1&pageListType=4&detailBusinessFrom=0-1_452962267%7C0-2,https://sc.ltwebstatic.com/she_dist/images/bg-grey-solid-color-fc04c1310d.png,2026-05-31T16:20:45+08:00,,,,,
59399829,5,1,5,INAWLY Fitted Casual Metal Button Polo Collar Short Sleeve T-Shirt,S$9.49,https://sg.shein.com/INAWLY-Fitted-Casual-Metal-Button-Polo-Collar-Short-Sleeve-T-Shirt-p-59399829.html?mallCode=1&pageListType=4&detailBusinessFrom=0-1_59399829%7C0-2,https://sc.ltwebstatic.com/she_dist/images/bg-grey-solid-color-fc04c1310d.png,2026-05-31T16:20:45+08:00,,,,,
57090548,5,1,5,"Women's Short Sleeve Fitted Contrast Color Knit Top, Summer",S$12.49,https://sg.shein.com/Women-s-Short-Sleeve-Fitted-Contrast-Color-Knit-Top-Summer-p-57090548.html?mallCode=1&pageListType=4&detailBusinessFrom=0-1_57090548%7C0-2,https://sc.ltwebstatic.com/she_dist/images/bg-grey-solid-color-fc04c1310d.png,2026-05-31T16:20:45+08:00,,,,,
354199412,5,1,5,"EMERY ROSE Women's Elegant Casual Pocket Midi Dress, Summer Carnival,Casual",S$11.49,https://sg.shein.com/EMERY-ROSE-Women-s-Elegant-Casual-Pocket-Midi-Dress-Summer-Carnival-Casual-p-354199412.html?mallCode=1&pageListType=4&detailBusinessFrom=0-1_354199412%7C0-2,https://sc.ltwebstatic.com/she_dist/images/bg-grey-solid-color-fc04c1310d.png,2026-05-31T16:20:45+08:00,,,,,
462210595,5,1,5,"SHEIN PariChic Women's Brown And Yellow Polka Dot Summer Autumn Dress,Vintage Date Holiday Outfits,Elegant Party Graduation Ceremony Birthday Work Ruffle Skirt",S$18.99,https://sg.shein.com/SHEIN-PariChic-Women-s-Brown-And-Yellow-Polka-Dot-Summer-Autumn-Dress-Vintage-Date-Holiday-Outfits-Elegant-Party-Graduation-Ceremony-Birthday-Work-Ruffle-Skirt-p-462210595.html?mallCode=1&pageListType=4&detailBusinessFrom=0-1_462210595%7C0-2,https://sc.ltwebstatic.com/she_dist/images/bg-grey-solid-color-fc04c1310d.png,2026-05-31T16:20:45+08:00,,,,,
158288378,5,1,5,"SHEIN Embroidered Collar Fitted Short Sleeve T-Shirt For Women, Christmas",S$7.49,https://sg.shein.com/SHEIN-Embroidered-Collar-Fitted-Short-Sleeve-T-Shirt-For-Women-Christmas-p-158288378.html?mallCode=1&pageListType=4&detailBusinessFrom=0-1_158288378%7C0-2,https://sc.ltwebstatic.com/she_dist/images/bg-grey-solid-color-fc04c1310d.png,2026-05-31T16:20:45+08:00,,,,,
444771143,5,1,5,"Franclia Women's Contrast Color Elegant Round Neck Short Sleeve Casual Knit T-Shirt,Black Summer Everyday Ladies' Office Commuting Outfit Outdoor Top",S$6.49,https://sg.shein.com/Franclia-Women-s-Contrast-Color-Elegant-Round-Neck-Short-Sleeve-Casual-Knit-T-Shirt-Black-Summer-Everyday-Ladies-Office-Commuting-Outfit-Outdoor-Top-p-444771143.html?mallCode=1&pageListType=4&detailBusinessFrom=0-1_444771143%7C0-2,https://sc.ltwebstatic.com/she_dist/images/bg-grey-solid-color-fc04c1310d.png,2026-05-31T16:20:45+08:00,,,,,
33334083,5,1,5,"FRIFUL Women Fashion Summer Basic Short Sleeve T-Shirt,Ruffle",S$1.43,https://sg.shein.com/FRIFUL-Women-Fashion-Summer-Basic-Short-Sleeve-T-Shirt-Ruffle-p-33334083.html?mallCode=1&pageListType=4&detailBusinessFrom=0-1_33334083%7C0-2,https://sc.ltwebstatic.com/she_dist/images/bg-grey-solid-color-fc04c1310d.png,2026-05-31T16:20:45+08:00,,,,,Save S$1.43
382432405,5,1,5,"Loose High Waist Striped Wide Leg Pants, Drawstring Waist, Versatile (Stripe Pattern Random) Spring",S$13.49,https://sg.shein.com/Loose-High-Waist-Striped-Wide-Leg-Pants-Drawstring-Waist-Versatile-Stripe-Pattern-Random-Spring-p-382432405.html?mallCode=1&pageListType=4&detailBusinessFrom=0-1_382432405%7C0-2,https://sc.ltwebstatic.com/she_dist/images/bg-grey-solid-color-fc04c1310d.png,2026-05-31T16:20:45+08:00,,,,,
69950015,5,1,5,Short Sleeve Lapel Vintage French Romantic Fitted Blouse White Summer,S$16.49,https://sg.shein.com/Short-Sleeve-Lapel-Vintage-French-Romantic-Fitted-Blouse-White-Summer-p-69950015.html?mallCode=1&pageListType=4&detailBusinessFrom=0-1_69950015%7C0-2,https://sc.ltwebstatic.com/she_dist/images/bg-grey-solid-color-fc04c1310d.png,2026-05-31T16:20:45+08:00,,,,,70+ sold
473737663,5,1,5,MUSERA Halterneck Backless Tassle Fringe Mini Dress Spring Summer Holiday Vacation Ibiza Roja De Sol,S$28.49,https://sg.shein.com/MUSERA-Halterneck-Backless-Tassle-Fringe-Mini-Dress-Spring-Summer-Holiday-Vacation-Ibiza-Roja-De-Sol-p-473737663.html?mallCode=1&pageListType=4&detailBusinessFrom=0-1_473737663%7C0-2,https://sc.ltwebstatic.com/she_dist/images/bg-grey-solid-color-fc04c1310d.png,2026-05-31T16:20:45+08:00,,,,,NEW
357045903,5,1,5,"EMERY ROSE Brown Striped Pattern Half Sleeve Casual Minimalist Style Blouse For Women, Suitable For Spring/Summer Spring",S$9.49,https://sg.shein.com/EMERY-ROSE-Brown-Striped-Pattern-Half-Sleeve-Casual-Minimalist-Style-Blouse-For-Women-Suitable-For-Spring-Summer-Spring-p-357045903.html?mallCode=1&pageListType=4&detailBusinessFrom=0-1_357045903%7C0-2,https://sc.ltwebstatic.com/she_dist/images/bg-grey-solid-color-fc04c1310d.png,2026-05-31T16:20:45+08:00,,,,,
455649092,5,1,5,"DAZY White With Black Polka Dots,Summer,Casual,Cute,Everyday Fitted Short Sleeve T-Shirt For Women,Colorful Button Decor Street Style Music Festival Tee",S$10.49,https://sg.shein.com/DAZY-White-With-Black-Polka-Dots-Summer-Casual-Cute-Everyday-Fitted-Short-Sleeve-T-Shirt-For-Women-Colorful-Button-Decor-Street-Style-Music-Festival-Tee-p-455649092.html?mallCode=1&pageListType=4&detailBusinessFrom=0-1_455649092%7C0-2,https://sc.ltwebstatic.com/she_dist/images/bg-grey-solid-color-fc04c1310d.png,2026-05-31T16:20:45+08:00,,,,,
434410359,5,1,5,"Loose Fit Polka Dot Waist Wide Leg Pants, Casual Versatile Sweatpants For Women Spring",S$22.99,https://sg.shein.com/Loose-Fit-Polka-Dot-Waist-Wide-Leg-Pants-Casual-Versatile-Sweatpants-For-Women-Spring-p-434410359.html?mallCode=1&pageListType=4&detailBusinessFrom=0-1_434410359%7C0-2,https://sc.ltwebstatic.com/she_dist/images/bg-grey-solid-color-fc04c1310d.png,2026-05-31T16:20:45+08:00,,,,,
85227956,5,1,5,Sweet Girl Puff Sleeve Lace Trim Tie Waist Slim Fit White Blouse Summer,S$16.99,https://sg.shein.com/Sweet-Girl-Puff-Sleeve-Lace-Trim-Tie-Waist-Slim-Fit-White-Blouse-Summer-p-85227956.html?mallCode=1&pageListType=4&detailBusinessFrom=0-1_85227956%7C0-2,https://sc.ltwebstatic.com/she_dist/images/bg-grey-solid-color-fc04c1310d.png,2026-05-31T16:20:45+08:00,,,,,90+ sold
339545746,5,1,5,"Comfortcana Women's Black White Polka Dot Elegant Satin Pajama Sets With Padded Bra,Lace Trim Camisole Top&Shorts For Summmer Sleep,Vacation&Beach Outfits",S$16.49,https://sg.shein.com/Comfortcana-Women-s-Black-White-Polka-Dot-Elegant-Satin-Pajama-Sets-With-Padded-Bra-Lace-Trim-Camisole-Top-Shorts-For-Summmer-Sleep-Vacation-Beach-Outfits-p-339545746.html?mallCode=1&pageListType=4&detailBusinessFrom=0-1_339545746%7C0-2,https://sc.ltwebstatic.com/she_dist/images/bg-grey-solid-color-fc04c1310d.png,2026-05-31T16:20:45+08:00,,,,,
460445098,5,1,5,Pariaura French Style Commuter Pea Green Vertical Striped Blazer Collar Metal Button Decor Cinched Waist Shoulder Sleeve Top And Wide Leg Pants 2 Pieces Set,S$5.62,https://sg.shein.com/Pariaura-French-Style-Commuter-Pea-Green-Vertical-Striped-Blazer-Collar-Metal-Button-Decor-Cinched-Waist-Shoulder-Sleeve-Top-And-Wide-Leg-Pants-2-Pieces-Set-p-460445098.html?mallCode=1&pageListType=4&detailBusinessFrom=0-1_460445098%7C0-2,https://sc.ltwebstatic.com/she_dist/images/bg-grey-solid-color-fc04c1310d.png,2026-05-31T16:20:45+08:00,,,,,Save S$5.62
86744643,5,1,5,"DAZY 3pcs Textured Blue Fabric Swimwear Set - Swimwear Top, Skirt And Bottoms Vacation Outfits Women",S$13.99,https://sg.shein.com/DAZY-3pcs-Textured-Blue-Fabric-Swimwear-Set-Swimwear-Top-Skirt-And-Bottoms-Vacation-Outfits-Women-p-86744643.html?mallCode=1&pageListType=4&detailBusinessFrom=0-1_86744643%7C0-2,https://sc.ltwebstatic.com/she_dist/images/bg-grey-solid-color-fc04c1310d.png,2026-05-31T16:20:45+08:00,,,,,
71665437,5,1,5,NostaNoir 3pcs Women's Black & White Plaid Casual/Business Shorts Set (Without Belt),S$4.26,https://sg.shein.com/NostaNoir-3pcs-Women-s-Black-White-Plaid-Casual-Business-Shorts-Set-Without-Belt-p-71665437.html?mallCode=1&pageListType=4&detailBusinessFrom=0-1_71665437%7C0-2,https://sc.ltwebstatic.com/she_dist/images/bg-grey-solid-color-fc04c1310d.png,2026-05-31T16:20:45+08:00,,,,,Save S$4.26
456536763,5,1,5,"SHEIN EZwear Women's Striped Round Neck Short Sleeve Contrast Color Oversized T-Shirt,Beige Summer Casual School Top,Fashionable Elegant Y2K Style For Commute",S$7.49,https://sg.shein.com/SHEIN-EZwear-Women-s-Striped-Round-Neck-Short-Sleeve-Contrast-Color-Oversized-T-Shirt-Beige-Summer-Casual-School-Top-Fashionable-Elegant-Y2K-Style-For-Commute-p-456536763.html?mallCode=1&pageListType=4&detailBusinessFrom=0-1_456536763%7C0-2,https://sc.ltwebstatic.com/she_dist/images/bg-grey-solid-color-fc04c1310d.png,2026-05-31T16:20:45+08:00,,,,,
52544880,5,1,5,DAZY Women Contrast Color Bow Casual Short Sleeve T-Shirt Summer Babydoll Top Cute Tops,S$1.26,https://sg.shein.com/DAZY-Women-Contrast-Color-Bow-Casual-Short-Sleeve-T-Shirt-Summer-Babydoll-Top-Cute-Tops-p-52544880.html?mallCode=1&pageListType=4&detailBusinessFrom=0-1_52544880%7C0-2,https://sc.ltwebstatic.com/she_dist/images/bg-grey-solid-color-fc04c1310d.png,2026-05-31T16:20:45+08:00,,,,,Save S$1.26
361246165,5,1,5,"Women's Solid Color Short Sleeve T-Shirt, Versatile Slim Fit Casual Tee White Summer",S$4.49,https://sg.shein.com/Women-s-Solid-Color-Short-Sleeve-T-Shirt-Versatile-Slim-Fit-Casual-Tee-White-Summer-p-361246165.html?mallCode=1&pageListType=4&detailBusinessFrom=0-1_361246165%7C0-2,https://sc.ltwebstatic.com/she_dist/images/bg-grey-solid-color-fc04c1310d.png,2026-05-31T16:20:45+08:00,,,,,High Repeat Customers
410016127,5,1,5,"Elegant Simple Romantic Party Holiday Long Ribbon Backless Bandeau Evening Gown Dress Wedding Formal Summer Dinner Date Summer Dress, Wedding Party Dress, Elegant Dresses For Women, Vacation Outfits For Women",S$27.65,https://sg.shein.com/Elegant-Simple-Romantic-Party-Holiday-Long-Ribbon-Backless-Bandeau-Evening-Gown-Dress-Wedding-Formal-Summer-Dinner-Date-Summer-Dress-Wedding-Party-Dress-Elegant-Dresses-For-Women-Vacation-Outfits-For-Women-p-410016127.html?mallCode=1&pageListType=4&detailBusinessFrom=0-1_410016127%7C0-2,https://sc.ltwebstatic.com/she_dist/images/bg-grey-solid-color-fc04c1310d.png,2026-05-31T16:20:45+08:00,,-8%,,,
441547678,5,1,5,Korean Sweet & Spicy Style Asymmetric Neck Asymmetric Neck Short Sleeve T-Shirt Women's English Print Side Drawstring Slimming Fit Hot Girl Top American Vintage Dream Letter Asymmetric Neck T-Shirt Side Drawstring Waist Design Niche Asymmetric Neck Top Sweet & Cool Girl Style White Asymmetric Neck Asymmetric Neck Short Sleeve,S$0.90,https://sg.shein.com/Korean-Sweet-Spicy-Style-Asymmetric-Neck-Asymmetric-Neck-Short-Sleeve-T-Shirt-Women-s-English-Print-Side-Drawstring-Slimming-Fit-Hot-Girl-Top-American-Vintage-Dream-Letter-Asymmetric-Neck-T-Shirt-Side-Drawstring-Waist-Design-Niche-Asymmetric-Neck-Top-Sweet-Cool-Girl-Style-White-Asymmetric-Neck-Asymmetric-Neck-Short-Sleeve-p-441547678.html?mallCode=1&pageListType=4&detailBusinessFrom=0-1_441547678%7C0-2,https://sc.ltwebstatic.com/she_dist/images/bg-grey-solid-color-fc04c1310d.png,2026-05-31T16:20:45+08:00,,,,,Save S$0.90
345395398,5,2,"5,7","1pc Women's Casual All-Match Drawstring Knit Fabric Pants, Versatile For Leisure, Sports And Fitness, Suitable For Spring, Summer And Autumn",S$1.20,https://sg.shein.com/1pc-Women-s-Casual-All-Match-Drawstring-Knit-Fabric-Pants-Versatile-For-Leisure-Sports-And-Fitness-Suitable-For-Spring-Summer-And-Autumn-p-345395398.html?mallCode=1&pageListType=4&detailBusinessFrom=0-1_345395398%7C0-2,https://sc.ltwebstatic.com/she_dist/images/bg-grey-solid-color-fc04c1310d.png,2026-05-31T16:20:45+08:00,,,,,Save S$1.20
416420002,5,1,5,"Y2K Brazil Football Jersey - Green & Yellow Striped Loose V-Neck T-Shirt, Streetwear Style Women's Brazil #00 Loose Football Jersey - Green & Yellow Striped V-Neck T-Shirt With National Flag Casual Summer",S$0.60,https://sg.shein.com/Y2K-Brazil-Football-Jersey-Green-Yellow-Striped-Loose-V-Neck-T-Shirt-Streetwear-Style-Women-s-Brazil-00-Loose-Football-Jersey-Green-Yellow-Striped-V-Neck-T-Shirt-With-National-Flag-Casual-Summer-p-416420002.html?mallCode=1&pageListType=4&detailBusinessFrom=0-1_416420002%7C0-2,https://sc.ltwebstatic.com/she_dist/images/bg-grey-solid-color-fc04c1310d.png,2026-05-31T16:20:45+08:00,,,,,Save S$0.60
100283610,5,1,5,INAWLY 2pcs Casual Commuter Set: Loose Open Front Shirt + Elastic Waist Straight Leg Pants,S$19.49,https://sg.shein.com/INAWLY-2pcs-Casual-Commuter-Set-Loose-Open-Front-Shirt-Elastic-Waist-Straight-Leg-Pants-p-100283610.html?mallCode=1&pageListType=4&detailBusinessFrom=0-1_100283610%7C0-2,https://sc.ltwebstatic.com/she_dist/images/bg-grey-solid-color-fc04c1310d.png,2026-05-31T16:20:45+08:00,,,,,
387701172,5,2,"5,7",Comfortcana Navy Blue Knit Tie-Front Sleeveless Casual Suit For Women,S$18.99,https://sg.shein.com/Comfortcana-Navy-Blue-Knit-Tie-Front-Sleeveless-Casual-Suit-For-Women-p-387701172.html?mallCode=1&pageListType=4&detailBusinessFrom=0-1_387701172%7C0-2,https://sc.ltwebstatic.com/she_dist/images/bg-grey-solid-color-fc04c1310d.png,2026-05-31T16:20:45+08:00,,,,,
66107379,5,1,5,Summer Loose Girly Floral & Striped Short Sleeve Shirt,S$13.49,https://sg.shein.com/Summer-Loose-Girly-Floral-Striped-Short-Sleeve-Shirt-p-66107379.html?mallCode=1&pageListType=4&detailBusinessFrom=0-1_66107379%7C0-2,https://sc.ltwebstatic.com/she_dist/images/bg-grey-solid-color-fc04c1310d.png,2026-05-31T16:20:45+08:00,,,,,
337462313,5,1,5,FRIFUL Women's Polka Dot Print Patchwork Ruffle Trim Loose Camisole,S$1.08,https://sg.shein.com/FRIFUL-Women-s-Polka-Dot-Print-Patchwork-Ruffle-Trim-Loose-Camisole-p-337462313.html?mallCode=1&pageListType=4&detailBusinessFrom=0-1_337462313%7C0-2,https://sc.ltwebstatic.com/she_dist/images/bg-grey-solid-color-fc04c1310d.png,2026-05-31T16:20:45+08:00,,,,,Save S$1.08
430416439,5,1,5,"Women's Elegant Solid Color Backless Tie Blouse (Note: Lightweight, Breathable Thin Style) With Cinched Waist Design Black",S$10.07,https://sg.shein.com/Women-s-Elegant-Solid-Color-Backless-Tie-Blouse-Note-Lightweight-Breathable-Thin-Style-With-Cinched-Waist-Design-Black-p-430416439.html?mallCode=1&pageListType=4&detailBusinessFrom=0-1_430416439%7C0-2,https://sc.ltwebstatic.com/she_dist/images/bg-grey-solid-color-fc04c1310d.png,2026-05-31T16:20:45+08:00,,-4%,,,High Repeat Customers
355635498,5,1,5,DAZY Women's Casual Loose Korean Style Washed Denim Jeans,S$3.25,https://sg.shein.com/DAZY-Women-s-Casual-Loose-Korean-Style-Washed-Denim-Jeans-p-355635498.html?mallCode=1&pageListType=4&detailBusinessFrom=0-1_355635498%7C0-2,https://sc.ltwebstatic.com/she_dist/images/bg-grey-solid-color-fc04c1310d.png,2026-05-31T16:20:45+08:00,,,,,Save S$3.25
307747004,5,2,"5,7","Muvela Women's 2 Pieces Set Round Neck Tank Top And Elastic Waist Pants,Black And White Checkered,Lace Trim,Summer,Casual,Holiday,Vacation,Minimalist Suit",S$18.99,https://sg.shein.com/Muvela-Women-s-2-Pieces-Set-Round-Neck-Tank-Top-And-Elastic-Waist-Pants-Black-And-White-Checkered-Lace-Trim-Summer-Casual-Holiday-Vacation-Minimalist-Suit-p-307747004.html?mallCode=1&pageListType=4&detailBusinessFrom=0-1_307747004%7C0-2,https://sc.ltwebstatic.com/she_dist/images/bg-grey-solid-color-fc04c1310d.png,2026-05-31T16:20:45+08:00,,,,,80+ sold
480996400,5,1,5,"2026 HoloChill Women's Casual Solid Color Semi-Sheer Dress, Summer Casual New Arrival. Women's Casual Elegant Long Green Chiffon Dress, Long Sleeve Woven Fabric With Slight Stretch For Fitted Silhouette. Suitable For Summer Dress, Holiday Dress, Elegant Party Dress, Beach Dress, Wedding Guest Dress, Birthday Dress, Vacation Dress",S$14.33,https://sg.shein.com/2026-HoloChill-Women-s-Casual-Solid-Color-Semi-Sheer-Dress-Summer-Casual-New-Arrival-Women-s-Casual-Elegant-Long-Green-Chiffon-Dress-Long-Sleeve-Woven-Fabric-With-Slight-Stretch-For-Fitted-Silhouette-Suitable-For-Summer-Dress-Holiday-Dress-Elegant-Party-Dress-Beach-Dress-Wedding-Guest-Dress-Birthday-Dress-Vacation-Dress-p-480996400.html?mallCode=1&pageListType=4&detailBusinessFrom=0-1_480996400%7C0-2,https://sc.ltwebstatic.com/she_dist/images/bg-grey-solid-color-fc04c1310d.png,2026-05-31T16:20:45+08:00,,-39%,,,
38335503,5,2,"5,7",Sexy Backless Pleated Slim-Fit Cami Dress For Women Black Summer Elegant,S$17.49,https://sg.shein.com/Sexy-Backless-Pleated-Slim-Fit-Cami-Dress-For-Women-Black-Summer-Elegant-p-38335503.html?mallCode=1&pageListType=4&detailBusinessFrom=0-1_38335503%7C0-2,https://sc.ltwebstatic.com/she_dist/images/bg-grey-solid-color-fc04c1310d.png,2026-05-31T16:20:45+08:00,,,,,70+ sold
87892284,5,2,"5,7","Yellow Fitted Round Neck Short Sleeve T-Shirt For Women, Summer American Spicy Vintage Style Versatile Top Casual",S$7.99,https://sg.shein.com/Yellow-Fitted-Round-Neck-Short-Sleeve-T-Shirt-For-Women-Summer-American-Spicy-Vintage-Style-Versatile-Top-Casual-p-87892284.html?mallCode=1&pageListType=4&detailBusinessFrom=0-1_87892284%7C0-2,https://sc.ltwebstatic.com/she_dist/images/bg-grey-solid-color-fc04c1310d.png,2026-05-31T16:20:45+08:00,,,,,High Repeat Customers
351536570,5,2,"5,7","Korean Streetwear Drawstring Waist Plaid Short Sleeve Shirt, Summer Black",S$13.99,https://sg.shein.com/Korean-Streetwear-Drawstring-Waist-Plaid-Short-Sleeve-Shirt-Summer-Black-p-351536570.html?mallCode=1&pageListType=4&detailBusinessFrom=0-1_351536570%7C0-2,https://sc.ltwebstatic.com/she_dist/images/bg-grey-solid-color-fc04c1310d.png,2026-05-31T16:20:45+08:00,,,,,
416664413,5,2,"5,7","Elamini Spring & Summer Casual Collared Ruched T-Shirt And Embroidered A-Line Skirt 2-Piece Set, Navy Blue Polo Tracksuit Preppy Clothes In Women",S$2.60,https://sg.shein.com/Elamini-Spring-Summer-Casual-Collared-Ruched-T-Shirt-And-Embroidered-A-Line-Skirt-2-Piece-Set-Navy-Blue-Polo-Tracksuit-Preppy-Clothes-In-Women-p-416664413.html?mallCode=1&pageListType=4&detailBusinessFrom=0-1_416664413%7C0-2,https://sc.ltwebstatic.com/she_dist/images/bg-grey-solid-color-fc04c1310d.png,2026-05-31T16:20:45+08:00,,,,,Save S$2.60
416643459,5,1,5,"Resyla 2pcs/Set Women's Casual Floral Print T-Shirt And Pants Set, Summer",S$3.00,https://sg.shein.com/Resyla-2pcs-Set-Women-s-Casual-Floral-Print-T-Shirt-And-Pants-Set-Summer-p-416643459.html?mallCode=1&pageListType=4&detailBusinessFrom=0-1_416643459%7C0-2,https://sc.ltwebstatic.com/she_dist/images/bg-grey-solid-color-fc04c1310d.png,2026-05-31T16:20:45+08:00,,,,,Save S$3.00
437473216,5,1,5,"Women's Elegant Business - Slim Fit Black Mid-Length Dress, V-Neck With Back Slit Design, Slim & Flattering, Stretchy & Comfortable Fabric Suitable For Office, Business And Party Occasions",S$9.20,https://sg.shein.com/Women-s-Elegant-Business-Slim-Fit-Black-Mid-Length-Dress-V-Neck-With-Back-Slit-Design-Slim-Flattering-Stretchy-Comfortable-Fabric-Suitable-For-Office-Business-And-Party-Occasions-p-437473216.html?mallCode=1&pageListType=4&detailBusinessFrom=0-1_437473216%7C0-2,https://sc.ltwebstatic.com/she_dist/images/bg-grey-solid-color-fc04c1310d.png,2026-05-31T16:20:45+08:00,,-34%,,,
55525934,5,1,5,"Livesso Women's Solid Color Loose Straight-Leg Pants With Elastic Waist Drawstring, Casual For Summer Linen",S$19.99,https://sg.shein.com/Livesso-Women-s-Solid-Color-Loose-Straight-Leg-Pants-With-Elastic-Waist-Drawstring-Casual-For-Summer-Linen-p-55525934.html?mallCode=1&pageListType=4&detailBusinessFrom=0-1_55525934%7C0-2,https://sc.ltwebstatic.com/she_dist/images/bg-grey-solid-color-fc04c1310d.png,2026-05-31T16:20:45+08:00,,,,,
421431792,5,2,"5,7","Street Style Hip Hop Print Off Shoulder Short Sleeve T-Shirt, Sexy Oblique Shoulder Black Top For Women, Summer Casual",S$9.99,https://sg.shein.com/Street-Style-Hip-Hop-Print-Off-Shoulder-Short-Sleeve-T-Shirt-Sexy-Oblique-Shoulder-Black-Top-For-Women-Summer-Casual-p-421431792.html?mallCode=1&pageListType=4&detailBusinessFrom=0-1_421431792%7C0-2,https://sc.ltwebstatic.com/she_dist/images/bg-grey-solid-color-fc04c1310d.png,2026-05-31T16:20:45+08:00,,,,,
27131964,5,1,5,Swim Basics Summer Beach Women's Hollow Out Bottoms Music Festival,S$5.78,https://sg.shein.com/Swim-Basics-Summer-Beach-Women-s-Hollow-Out-Bottoms-Music-Festival-p-27131964.html?mallCode=1&pageListType=4&detailBusinessFrom=0-1_27131964%7C0-2,https://sc.ltwebstatic.com/she_dist/images/bg-grey-solid-color-fc04c1310d.png,2026-05-31T16:20:45+08:00,,-11%,,,
30391871,5,2,"5,7","Solid Color Loose Linen Asymmetrical Hem T-Shirt, Loose 3/4 Sleeve Round Neck Top, Relaxed Fit Slimming Design, Loose Batwing Sleeve Unique Top, Suitable For Commute And Casual Wear Black Summer",S$12.99,https://sg.shein.com/Solid-Color-Loose-Linen-Asymmetrical-Hem-T-Shirt-Loose-3-4-Sleeve-Round-Neck-Top-Relaxed-Fit-Slimming-Design-Loose-Batwing-Sleeve-Unique-Top-Suitable-For-Commute-And-Casual-Wear-Black-Summer-p-30391871.html?mallCode=1&pageListType=4&detailBusinessFrom=0-1_30391871%7C0-2,https://sc.ltwebstatic.com/she_dist/images/bg-grey-solid-color-fc04c1310d.png,2026-05-31T16:20:45+08:00,,,,,
21777369,5,2,"5,7","Solid Drop Shoulder Drawstring Hoodie,Long Sleeve Tops Casual Spring",S$26.99,https://sg.shein.com/Solid-Drop-Shoulder-Drawstring-Hoodie-Long-Sleeve-Tops-Casual-Spring-p-21777369.html?mallCode=1&pageListType=4&detailBusinessFrom=0-1_21777369%7C0-2,https://sc.ltwebstatic.com/she_dist/images/bg-grey-solid-color-fc04c1310d.png,2026-05-31T16:20:45+08:00,,,,,
445838115,5,1,5,Franclia Women's Solid Color Minimalist Casual Hooded Short Sleeve Sweatshirt,S$14.49,https://sg.shein.com/Franclia-Women-s-Solid-Color-Minimalist-Casual-Hooded-Short-Sleeve-Sweatshirt-p-445838115.html?mallCode=1&pageListType=4&detailBusinessFrom=0-1_445838115%7C0-2,https://sc.ltwebstatic.com/she_dist/images/bg-grey-solid-color-fc04c1310d.png,2026-05-31T16:20:45+08:00,,,,,
475161833,5,2,"5,8","SHEIN Clasi Women's Shirt With Tie Bow And Loose Straight Leg Pants 2 Pieces Set, Women's Summer Clothing, Women's Pants Suit",S$15.49,https://sg.shein.com/SHEIN-Clasi-Women-s-Shirt-With-Tie-Bow-And-Loose-Straight-Leg-Pants-2-Pieces-Set-Women-s-Summer-Clothing-Women-s-Pants-Suit-p-475161833.html?mallCode=1&pageListType=4&detailBusinessFrom=0-1_475161833%7C0-2,https://sc.ltwebstatic.com/she_dist/images/bg-grey-solid-color-fc04c1310d.png,2026-05-31T16:20:45+08:00,,,,,NEW
482724209,5,1,5,"Women's Casual Striped Knit 2 Pieces Set, Lapel Button-Up Top And Shorts, Loose Summer Outfit",S$34.30,https://sg.shein.com/Women-s-Casual-Striped-Knit-2-Pieces-Set-Lapel-Button-Up-Top-And-Shorts-Loose-Summer-Outfit-p-482724209.html?mallCode=1&pageListType=4&detailBusinessFrom=0-1_482724209%7C0-2,https://sc.ltwebstatic.com/she_dist/images/bg-grey-solid-color-fc04c1310d.png,2026-05-31T16:20:45+08:00,,-46%,,,
459951368,5,1,5,"FRIFUL Women's Wavy Striped Loose Contrast Trim Short Sleeve T-Shirt, Summer Casual Wear",S$11.99,https://sg.shein.com/FRIFUL-Women-s-Wavy-Striped-Loose-Contrast-Trim-Short-Sleeve-T-Shirt-Summer-Casual-Wear-p-459951368.html?mallCode=1&pageListType=4&detailBusinessFrom=0-1_459951368%7C0-2,https://sc.ltwebstatic.com/she_dist/images/bg-grey-solid-color-fc04c1310d.png,2026-05-31T16:20:45+08:00,,,,,
441876408,5,1,5,FRIFUL Women's Round Neck Ribbed Hollow Out Petal Sleeve Plaid Bow Tie Front Fitted Short Sweet T-Shirt For Summer,S$1.87,https://sg.shein.com/FRIFUL-Women-s-Round-Neck-Ribbed-Hollow-Out-Petal-Sleeve-Plaid-Bow-Tie-Front-Fitted-Short-Sweet-T-Shirt-For-Summer-p-441876408.html?mallCode=1&pageListType=4&detailBusinessFrom=0-1_441876408%7C0-2,https://sc.ltwebstatic.com/she_dist/images/bg-grey-solid-color-fc04c1310d.png,2026-05-31T16:20:45+08:00,,,,,Save S$1.87
80578057,5,1,5,"Siren Gaze Women's Casual Elegant Short Sleeve Knit Sweater, Suitable For Summer,Knitted Sweater",S$10.92,https://sg.shein.com/Siren-Gaze-Women-s-Casual-Elegant-Short-Sleeve-Knit-Sweater-Suitable-For-Summer-Knitted-Sweater-p-80578057.html?mallCode=1&pageListType=4&detailBusinessFrom=0-1_80578057%7C0-2,https://sc.ltwebstatic.com/she_dist/images/bg-grey-solid-color-fc04c1310d.png,2026-05-31T16:20:45+08:00,,-5%,,,
67219041,5,1,5,"DAZY Washed Blue Loose Wide Leg A-Line Denim Shorts, Spring & Summer Jorts",S$2.53,https://sg.shein.com/DAZY-Washed-Blue-Loose-Wide-Leg-A-Line-Denim-Shorts-Spring-Summer-Jorts-p-67219041.html?mallCode=1&pageListType=4&detailBusinessFrom=0-1_67219041%7C0-2,https://sc.ltwebstatic.com/she_dist/images/bg-grey-solid-color-fc04c1310d.png,2026-05-31T16:20:45+08:00,,,,,Save S$2.53
47944549,5,1,5,"SHEIN EZwear Women's Casual Simple Solid Color Loose Wide Leg Sweatpants Graduation,Back To School Outfits,Graduation,Teacher Outfits For Women,Back To School",S$12.49,https://sg.shein.com/SHEIN-EZwear-Women-s-Casual-Simple-Solid-Color-Loose-Wide-Leg-Sweatpants-Graduation-Back-To-School-Outfits-Graduation-Teacher-Outfits-For-Women-Back-To-School-p-47944549.html?mallCode=1&pageListType=4&detailBusinessFrom=0-1_47944549%7C0-2,https://sc.ltwebstatic.com/she_dist/images/bg-grey-solid-color-fc04c1310d.png,2026-05-31T16:20:45+08:00,,,(1000+),,500+ sold
446883723,6,1,6,"Siren Gaze Women's Summer Casual Vacation Minimalist Solid Color Peplum Cami Top With Embroidery And Mesh Panels,Summer Top",S$10.99,https://sg.shein.com/Siren-Gaze-Women-s-Summer-Casual-Vacation-Minimalist-Solid-Color-Peplum-Cami-Top-With-Embroidery-And-Mesh-Panels-Summer-Top-p-446883723.html?mallCode=1&pageListType=4&detailBusinessFrom=0-1_446883723%7C0-2,https://img.ltwebstatic.com/v4/j/pi/2026/04/20/3c/17766504372ef3d9de80db62723900fcd080491654_thumbnail_600x.webp,2026-05-31T16:22:31+08:00,,,,,
386953627,6,1,6,"Letter Print Round Neck Fitted Short Sleeve T-Shirt For Women, Summer Pink Casual",S$9.99,https://sg.shein.com/Letter-Print-Round-Neck-Fitted-Short-Sleeve-T-Shirt-For-Women-Summer-Pink-Casual-p-386953627.html?mallCode=1&pageListType=4&detailBusinessFrom=0-1_386953627%7C0-2,https://img.ltwebstatic.com/v4/j/spmp/2026/01/19/5d/176882315771a170ec4bdbc7c6a189f3661ec1bb2c_thumbnail_600x.webp,2026-05-31T16:22:31+08:00,,,,,50+ sold
71814814,6,1,6,"DAZY Distressed Dark Wash Mini Straight Leg Denim Shorts, Spring/Summer Jorts",S$2.25,https://sg.shein.com/DAZY-Distressed-Dark-Wash-Mini-Straight-Leg-Denim-Shorts-Spring-Summer-Jorts-p-71814814.html?mallCode=1&pageListType=4&detailBusinessFrom=0-1_71814814%7C0-2,https://img.ltwebstatic.com/v4/j/pi/2025/04/30/8e/174600834005b04c2b47063e26510db36171958539_thumbnail_600x.webp,2026-05-31T16:22:31+08:00,,,,,Save S$2.25
417015107,6,1,6,Dazy Tall Women's Drawstring Waist Casual Everyday Wear Sweatpants Summer,S$2.60,https://sg.shein.com/Dazy-Tall-Women-s-Drawstring-Waist-Casual-Everyday-Wear-Sweatpants-Summer-p-417015107.html?mallCode=1&pageListType=4&detailBusinessFrom=0-1_417015107%7C0-2,https://img.ltwebstatic.com/v4/j/pi/2026/03/10/fe/17731144266163a72ffe20ac76ee50875f4bd84d6f_thumbnail_600x.webp,2026-05-31T16:22:31+08:00,,,,,Save S$2.60
166147389,6,1,6,"SHEIN EZwear Women's Blue Striped Low-Waist Denim Shorts, Summer",S$1.80,https://sg.shein.com/SHEIN-EZwear-Women-s-Blue-Striped-Low-Waist-Denim-Shorts-Summer-p-166147389.html?mallCode=1&pageListType=4&detailBusinessFrom=0-1_166147389%7C0-2,https://img.ltwebstatic.com/v4/j/pi/2025/10/17/92/176066613546d9077c104e540727ab5748e5e9e860_thumbnail_600x.webp,2026-05-31T16:22:31+08:00,,,,,Save S$1.80
101956323,6,1,6,"Franclia Women's Fashionable Blue And White Stripe Summer Casual Vacation Blouse,Textured Short Sleeve Striped Design Cute Shirt,Classy Daily Concert Top",S$12.99,https://sg.shein.com/Franclia-Women-s-Fashionable-Blue-And-White-Stripe-Summer-Casual-Vacation-Blouse-Textured-Short-Sleeve-Striped-Design-Cute-Shirt-Classy-Daily-Concert-Top-p-101956323.html?mallCode=1&pageListType=4&detailBusinessFrom=0-1_101956323%7C0-2,https://img.ltwebstatic.com/v4/j/pi/2025/10/22/33/1761105671dba675057c5a94ffc1790927df240991_thumbnail_600x.webp,2026-05-31T16:22:31+08:00,,,,,70+ sold
35536235,6,2,"6,10","DAZY Solid Color Textured Puff Sleeve Fitted Women's Short Sleeve T-Shirt Summer,Ruffle",S$1.23,https://sg.shein.com/DAZY-Solid-Color-Textured-Puff-Sleeve-Fitted-Women-s-Short-Sleeve-T-Shirt-Summer-Ruffle-p-35536235.html?mallCode=1&pageListType=4&detailBusinessFrom=0-1_35536235%7C0-2,https://img.ltwebstatic.com/images3_pi/2024/05/22/be/1716341934c11d083ca82c77cc30efaeaf0b44bd3a_thumbnail_600x.webp,2026-05-31T16:22:31+08:00,,,,,Save S$1.23
83536393,6,1,6,Franclia 2pcs Women Summer Casual Solid Color T-Shirt And Pants Set,S$16.49,https://sg.shein.com/Franclia-2pcs-Women-Summer-Casual-Solid-Color-T-Shirt-And-Pants-Set-p-83536393.html?mallCode=1&pageListType=4&detailBusinessFrom=0-1_83536393%7C0-2,https://img.ltwebstatic.com/v4/j/pi/2025/05/19/90/1747643419303ef32eaf2c486cf40ea0eb68194f5d_thumbnail_600x.webp,2026-05-31T16:22:31+08:00,,,,,
47574761,6,1,6,"FRIFUL Women Casual Plain Ruffled Hem T-Shirt, Autumn Long Sleeve Women Tops",S$1.95,https://sg.shein.com/FRIFUL-Women-Casual-Plain-Ruffled-Hem-T-Shirt-Autumn-Long-Sleeve-Women-Tops-p-47574761.html?mallCode=1&pageListType=4&detailBusinessFrom=0-1_47574761%7C0-2,https://img.ltwebstatic.com/images3_pi/2025/02/26/ca/17405695091fed38830bc7fb87735426475852329e_thumbnail_600x.webp,2026-05-31T16:22:31+08:00,,,,,Save S$1.95
442981903,6,1,6,"DEEKA Spring/Autumn New Oversized Loose European And American Fashion Minimalist Versatile Litchi Texture Leather Jacket, High-End Outerwear",S$44.99,https://sg.shein.com/DEEKA-Spring-Autumn-New-Oversized-Loose-European-And-American-Fashion-Minimalist-Versatile-Litchi-Texture-Leather-Jacket-High-End-Outerwear-p-442981903.html?mallCode=1&pageListType=4&detailBusinessFrom=0-1_442981903%7C0-2,https://img.ltwebstatic.com/v4/j/spmp/2026/04/03/93/1775202900fb506b98ca76793ceb77c8ac3fb3200c_thumbnail_600x.webp,2026-05-31T16:22:31+08:00,,,,,NEW
68601199,6,1,6,Flirla Women's Casual Versatile Solid Color Wide Leg Pants Fall Cloth For Women,S$11.99,https://sg.shein.com/Flirla-Women-s-Casual-Versatile-Solid-Color-Wide-Leg-Pants-Fall-Cloth-For-Women-p-68601199.html?mallCode=1&pageListType=4&detailBusinessFrom=0-1_68601199%7C0-2,https://img.ltwebstatic.com/v4/j/pi/2025/11/27/37/1764224934a63d4945d9e67ef1335dae433f12984b_thumbnail_600x.webp,2026-05-31T16:22:31+08:00,,,,,
457507860,6,1,6,"Franclia New Arrival, Best Seller: Specially Printed Fabric, Regular Fit, Women's Slim-Fit Maxi Dress With Spaghetti Straps",S$9.99,https://sg.shein.com/Franclia-New-Arrival-Best-Seller-Specially-Printed-Fabric-Regular-Fit-Women-s-Slim-Fit-Maxi-Dress-With-Spaghetti-Straps-p-457507860.html?mallCode=1&pageListType=4&detailBusinessFrom=0-1_457507860%7C0-2,https://img.ltwebstatic.com/v4/j/pi/2026/05/21/4e/1779337442041c3872afb449061685c0159eb3085f_thumbnail_600x.webp,2026-05-31T16:22:31+08:00,,,,,
367909581,6,1,6,"SHEIN Retro American Black & White Striped, Pony Logo Print, Women Casual Loose Fashion 2 Pieces Set",S$18.04,https://sg.shein.com/SHEIN-Retro-American-Black-White-Striped-Pony-Logo-Print-Women-Casual-Loose-Fashion-2-Pieces-Set-p-367909581.html?mallCode=1&pageListType=4&detailBusinessFrom=0-1_367909581%7C0-2,https://img.ltwebstatic.com/v4/j/pi/2026/01/13/04/1768293997869842d8c4cb221bb794ff72fd9df733_thumbnail_600x.webp,2026-05-31T16:22:31+08:00,,-5%,,,
422046336,6,1,6,"Women's Solid Color Henley Neck Button Design T-Shirt, Waist Cinched Elegant Short Sleeve Blouse White Summer",S$12.49,https://sg.shein.com/Women-s-Solid-Color-Henley-Neck-Button-Design-T-Shirt-Waist-Cinched-Elegant-Short-Sleeve-Blouse-White-Summer-p-422046336.html?mallCode=1&pageListType=4&detailBusinessFrom=0-1_422046336%7C0-2,https://img.ltwebstatic.com/v4/j/spmp/2026/03/10/d3/17731378987f64bc48757fdc7e847ee2cb99bf8829_thumbnail_600x.webp,2026-05-31T16:22:31+08:00,,,,,
323323528,6,1,6,"EMERY ROSE Women's Sleeveless Mandarin Collar Linen-Like Tank Top, Versatile And Slimming For Commuting",S$10.49,https://sg.shein.com/EMERY-ROSE-Women-s-Sleeveless-Mandarin-Collar-Linen-Like-Tank-Top-Versatile-And-Slimming-For-Commuting-p-323323528.html?mallCode=1&pageListType=4&detailBusinessFrom=0-1_323323528%7C0-2,https://img.ltwebstatic.com/v4/j/pi/2026/05/11/13/17784901776569eff540f7329acb798bc256e5c1f8_thumbnail_600x.webp,2026-05-31T16:22:31+08:00,,,,,300+ sold
144474468,6,1,6,FRIFUL Women's V-Neck Textured Loose Fit Sleeveless Vest Jacket Black Vest Women Women Black Vest Black Tie Front Vest Sheer Black Vest Vest Top Women Coats,S$12.99,https://sg.shein.com/FRIFUL-Women-s-V-Neck-Textured-Loose-Fit-Sleeveless-Vest-Jacket-Black-Vest-Women-Women-Black-Vest-Black-Tie-Front-Vest-Sheer-Black-Vest-Vest-Top-Women-Coats-p-144474468.html?mallCode=1&pageListType=4&detailBusinessFrom=0-1_144474468%7C0-2,https://img.ltwebstatic.com/v4/j/pi/2025/08/05/71/175437235950fed388e8c97fa8f0df5c5b8ee6c901_thumbnail_600x.webp,2026-05-31T16:22:31+08:00,,,,,
66036741,6,1,6,DAZY Women Summer Spring Style Weekend Casual Loose Fitting Blazer Linen Business Attire,S$21.99,https://sg.shein.com/DAZY-Women-Summer-Spring-Style-Weekend-Casual-Loose-Fitting-Blazer-Linen-Business-Attire-p-66036741.html?mallCode=1&pageListType=4&detailBusinessFrom=0-1_66036741%7C0-2,https://img.ltwebstatic.com/v4/j/pi/2025/04/30/64/17459985073787c7ab633ece1c666e8aa309a079ae_thumbnail_600x.webp,2026-05-31T16:22:31+08:00,,,,,
433238788,6,1,6,"Easowa Summer Casual Solid Color Short Sleeve Shirt Cotton Tops Blouse Modern Tops For Women New Arrivals Blouse For Women Casual Blouse Cotton,Summer Top",S$1.50,https://sg.shein.com/Easowa-Summer-Casual-Solid-Color-Short-Sleeve-Shirt-Cotton-Tops-Blouse-Modern-Tops-For-Women-New-Arrivals-Blouse-For-Women-Casual-Blouse-Cotton-Summer-Top-p-433238788.html?mallCode=1&pageListType=4&detailBusinessFrom=0-1_433238788%7C0-2,https://img.ltwebstatic.com/v4/j/pi/2026/03/30/ae/17748484400070482734fa01363ab45e515e59c9a0_thumbnail_600x.webp,2026-05-31T16:22:31+08:00,,,,,Save S$1.50
52313089,6,1,6,"CovetEZ Women's Summer Simple Front Tie Loose Sweatpants, Casual Daily Wear , Graduation, Teacher For Women, Back To School",S$16.49,https://sg.shein.com/CovetEZ-Women-s-Summer-Simple-Front-Tie-Loose-Sweatpants-Casual-Daily-Wear-Graduation-Teacher-For-Women-Back-To-School-p-52313089.html?mallCode=1&pageListType=4&detailBusinessFrom=0-1_52313089%7C0-2,https://img.ltwebstatic.com/v4/j/pi/2025/11/21/30/17637281124072ac33a5287b8d7df7caa6920af796_thumbnail_600x.webp,2026-05-31T16:22:31+08:00,,,(1000+),,200+ sold
458058888,6,1,6,Franclia Women's Summer Casual Vacation & Commute Contrast Stripe Print Fitted Comfortable Tank Top,S$6.99,https://sg.shein.com/Franclia-Women-s-Summer-Casual-Vacation-Commute-Contrast-Stripe-Print-Fitted-Comfortable-Tank-Top-p-458058888.html?mallCode=1&pageListType=4&detailBusinessFrom=0-1_458058888%7C0-2,https://img.ltwebstatic.com/v4/j/pi/2026/05/13/aa/177866305707843d38ce5e4ecca690c35d741515ca_thumbnail_600x.webp,2026-05-31T16:22:31+08:00,,,,,
431658471,6,1,6,Resyla Women's Casual Chic Basic Blue Round Neck Sleeveless Bodycon Mini Dress Summer Outfits For Women 2026 Going Out Clothes,S$9.99,https://sg.shein.com/Resyla-Women-s-Casual-Chic-Basic-Blue-Round-Neck-Sleeveless-Bodycon-Mini-Dress-Summer-Outfits-For-Women-2026-Going-Out-Clothes-p-431658471.html?mallCode=1&pageListType=4&detailBusinessFrom=0-1_431658471%7C0-2,https://img.ltwebstatic.com/v4/j/pi/2026/05/15/d6/17788390892ac789e88b58744ab47b0dbebfaa318d_thumbnail_600x.webp,2026-05-31T16:22:31+08:00,,,,,
426960240,6,1,6,Flexra Women's Street Style Elastic Casual Sports Denim Wide Leg Pants,S$23.49,https://sg.shein.com/Flexra-Women-s-Street-Style-Elastic-Casual-Sports-Denim-Wide-Leg-Pants-p-426960240.html?mallCode=1&pageListType=4&detailBusinessFrom=0-1_426960240%7C0-2,https://img.ltwebstatic.com/v4/j/pi/2026/03/20/03/177396901862e7ca2dd25014a0f194b51ec84b3f00_thumbnail_600x.webp,2026-05-31T16:22:31+08:00,,,,,60+ sold
166177003,6,1,6,MUSERA Midrise Button Capri Leggings Summer Holiday Vacation Y2k Elegant Cute Casual Sexy Collective Party,S$15.49,https://sg.shein.com/MUSERA-Midrise-Button-Capri-Leggings-Summer-Holiday-Vacation-Y2k-Elegant-Cute-Casual-Sexy-Collective-Party-p-166177003.html?mallCode=1&pageListType=4&detailBusinessFrom=0-1_166177003%7C0-2,https://img.ltwebstatic.com/v4/j/pi/2025/08/29/b6/17564381470cbb012e9c7601750856ba78dd35fb7c_thumbnail_600x.webp,2026-05-31T16:22:31+08:00,,,,,
38965902,6,1,6,"DAZY Women Casual Side Slit Oversized T-Shirt, Spring Summer,Fall Clothes Long Sleeve Women Tops Cover Ups For Swimwear",S$1.08,https://sg.shein.com/DAZY-Women-Casual-Side-Slit-Oversized-T-Shirt-Spring-Summer-Fall-Clothes-Long-Sleeve-Women-Tops-Cover-Ups-For-Swimwear-p-38965902.html?mallCode=1&pageListType=4&detailBusinessFrom=0-1_38965902%7C0-2,https://img.ltwebstatic.com/images3_pi/2024/07/18/8c/17213073340b6be6883337e0e4534b6674cc1cd6b9_thumbnail_600x.webp,2026-05-31T16:22:31+08:00,,,,,Save S$1.08
481406677,6,1,6,"Elegant Women's Sheer Long Sleeve Dress, Round Neck Asymmetric Hem, Suitable For Formal Occasions",S$25.51,https://sg.shein.com/Elegant-Women-s-Sheer-Long-Sleeve-Dress-Round-Neck-Asymmetric-Hem-Suitable-For-Formal-Occasions-p-481406677.html?mallCode=1&pageListType=4&detailBusinessFrom=0-1_481406677%7C0-2,https://img.ltwebstatic.com/v4/j/spmp/2026/05/22/d3/1779436053818b1f44c51f04559a72c6bb00e0171b_thumbnail_600x.webp,2026-05-31T16:22:31+08:00,,-47%,,,
77963391,6,1,6,"EMERY ROSE 2pcs/Set Women Floral Pattern Fitted Spring/Summer Set Fall Clothes,Casual",S$17.49,https://sg.shein.com/EMERY-ROSE-2pcs-Set-Women-Floral-Pattern-Fitted-Spring-Summer-Set-Fall-Clothes-Casual-p-77963391.html?mallCode=1&pageListType=4&detailBusinessFrom=0-1_77963391%7C0-2,https://img.ltwebstatic.com/v4/j/pi/2025/05/14/ed/1747208598be1dd72500fcb01d7bcaee086c18b154_thumbnail_600x.webp,2026-05-31T16:22:31+08:00,,,,,
81014269,6,1,6,"FRIFUL Women's T-Shirt With Zipper, Layered Mesh Pleated Design, Loose Casual Versatile Summer Outfit, Suitable For Vacation And Music Festivals",S$2.04,https://sg.shein.com/FRIFUL-Women-s-T-Shirt-With-Zipper-Layered-Mesh-Pleated-Design-Loose-Casual-Versatile-Summer-Outfit-Suitable-For-Vacation-And-Music-Festivals-p-81014269.html?mallCode=1&pageListType=4&detailBusinessFrom=0-1_81014269%7C0-2,https://img.ltwebstatic.com/v4/j/pi/2025/05/19/fc/1747617990df8c687953799c99b33172bcc1ab2b43_thumbnail_600x.webp,2026-05-31T16:22:31+08:00,,,,,Save S$2.04
423784157,6,1,6,"EMERY ROSE Women's V-Neck Sleeveless T-Shirt,Blue Summer Casual Vacation Top,Faux Denim Print Pattern,Faux Pocket Design,Stylish Graphic Outdoor,Shopping,Travel",S$6.99,https://sg.shein.com/EMERY-ROSE-Women-s-V-Neck-Sleeveless-T-Shirt-Blue-Summer-Casual-Vacation-Top-Faux-Denim-Print-Pattern-Faux-Pocket-Design-Stylish-Graphic-Outdoor-Shopping-Travel-p-423784157.html?mallCode=1&pageListType=4&detailBusinessFrom=0-1_423784157%7C0-2,https://img.ltwebstatic.com/v4/j/pi/2026/04/13/70/17760763901c614eeb75735e05c679761ab417e91a_thumbnail_600x.webp,2026-05-31T16:22:31+08:00,,,,,
397545634,6,1,6,FRIFUL Women's Fashion Mesh Floral Patchwork Sleeveless Blazer,S$24.99,https://sg.shein.com/FRIFUL-Women-s-Fashion-Mesh-Floral-Patchwork-Sleeveless-Blazer-p-397545634.html?mallCode=1&pageListType=4&detailBusinessFrom=0-1_397545634%7C0-2,https://img.ltwebstatic.com/v4/j/pi/2026/02/05/cc/1770254474e246e3cb9c6fb9c80f6062b39f9712e4_thumbnail_600x.webp,2026-05-31T16:22:31+08:00,,,,,
38519802,6,1,6,DAZY Women's Solid Color Elastic Waist Casual Shorts Swimwear Bottom Summer Vacation Outfits Women,S$6.82,https://sg.shein.com/DAZY-Women-s-Solid-Color-Elastic-Waist-Casual-Shorts-Swimwear-Bottom-Summer-Vacation-Outfits-Women-p-38519802.html?mallCode=1&pageListType=4&detailBusinessFrom=0-1_38519802%7C0-2,https://img.ltwebstatic.com/images3_pi/2024/07/12/56/17207477921cdac90fbec765a264d2be62ec6839a8_thumbnail_600x.webp,2026-05-31T16:22:31+08:00,,-9%,,,
280536537,6,1,6,Cévolie Women's Elastic Waist Contrast Lace Elegant Fashionable Skirt,S$19.49,https://sg.shein.com/C-volie-Women-s-Elastic-Waist-Contrast-Lace-Elegant-Fashionable-Skirt-p-280536537.html?mallCode=1&pageListType=4&detailBusinessFrom=0-1_280536537%7C0-2,https://img.ltwebstatic.com/v4/j/pi/2025/11/25/86/1764040189b9b854d32b7d54b57055f097dd19e3d7_thumbnail_600x.webp,2026-05-31T16:22:31+08:00,,,,,
62514610,6,1,6,SHEIN PETITE Women's Striped Low-Rise Shorts For Summer Vacation Beach,S$6.99,https://sg.shein.com/SHEIN-PETITE-Women-s-Striped-Low-Rise-Shorts-For-Summer-Vacation-Beach-p-62514610.html?mallCode=1&pageListType=4&detailBusinessFrom=0-1_62514610%7C0-2,https://img.ltwebstatic.com/images3_pi/2025/03/24/31/174274962401419d8955bf399cf9afe81559d53c01_thumbnail_600x.webp,2026-05-31T16:22:31+08:00,,,,,
375142226,6,1,6,"Women's Casual Daily Commute Fashion Street College Airport Outfit Solid Color Faux Suede Lapel Zip-Up Cropped Long Sleeve Jacket, Autumn",S$17.49,https://sg.shein.com/Women-s-Casual-Daily-Commute-Fashion-Street-College-Airport-Outfit-Solid-Color-Faux-Suede-Lapel-Zip-Up-Cropped-Long-Sleeve-Jacket-Autumn-p-375142226.html?mallCode=1&pageListType=4&detailBusinessFrom=0-1_375142226%7C0-2,https://img.ltwebstatic.com/v4/p/spmp/2026/01/31/13/176984456407c961a4927a944ff9dfa273b503734f_thumbnail_600x.webp,2026-05-31T16:22:31+08:00,,,,,100+ sold
350750195,6,1,6,"EMERY ROSE Women's Casual Linen-Like Green Short Sleeve Round Neck Mid-Length Dress, Spring/Summer Spring,Casual",S$1.26,https://sg.shein.com/EMERY-ROSE-Women-s-Casual-Linen-Like-Green-Short-Sleeve-Round-Neck-Mid-Length-Dress-Spring-Summer-Spring-Casual-p-350750195.html?mallCode=1&pageListType=4&detailBusinessFrom=0-1_350750195%7C0-2,https://img.ltwebstatic.com/v4/j/pi/2026/01/04/32/17674942293b9247d2b216e11296d29779ef4c235a_thumbnail_600x.webp,2026-05-31T16:22:31+08:00,,,,,Save S$1.26
64118057,6,1,6,"Asymmetrical Casual Shirt For Women, Black, Spring/Summer",S$12.45,https://sg.shein.com/Asymmetrical-Casual-Shirt-For-Women-Black-Spring-Summer-p-64118057.html?mallCode=1&pageListType=4&detailBusinessFrom=0-1_64118057%7C0-2,https://img.ltwebstatic.com/v4/j/spmp/2025/09/13/91/17577486169abe24c74f2e7b09a3ef0703e5dcafce_thumbnail_600x.webp,2026-05-31T16:22:31+08:00,,-11%,(500+),,100+ sold
476881135,6,1,6,SOLERSUN Sexy And Elegant Women's Beach Vacation Spring/Summer Art Print Oil Painting Trousers,S$14.49,https://sg.shein.com/SOLERSUN-Sexy-And-Elegant-Women-s-Beach-Vacation-Spring-Summer-Art-Print-Oil-Painting-Trousers-p-476881135.html?mallCode=1&pageListType=4&detailBusinessFrom=0-1_476881135%7C0-2,https://img.ltwebstatic.com/v4/j/pi/2026/05/21/56/1779345459f1d7207ebfb1090cbff9398dd52a6ee5_thumbnail_600x.webp,2026-05-31T16:22:31+08:00,,,,,NEW
379931995,6,1,6,"Women's New Casual Cute Pattern Loose Fit Round Neck Short Sleeve T-Shirt, Fashionable Daily Vacation Wear. Women's Printed Short Sleeve T-Shirt, Suitable For Valentine's Day, Back To School Season, Teacher's Day And Other Holidays. Summer",S$5.49,https://sg.shein.com/Women-s-New-Casual-Cute-Pattern-Loose-Fit-Round-Neck-Short-Sleeve-T-Shirt-Fashionable-Daily-Vacation-Wear-Women-s-Printed-Short-Sleeve-T-Shirt-Suitable-For-Valentine-s-Day-Back-To-School-Season-Teacher-s-Day-And-Other-Holidays-Summer-p-379931995.html?mallCode=1&pageListType=4&detailBusinessFrom=0-1_379931995%7C0-2,https://img.ltwebstatic.com/v4/j/spmp/2026/03/02/8a/177242864878a0a9251d2d7a8336d0b7fb8434f572_thumbnail_600x.webp,2026-05-31T16:22:31+08:00,,,,,100+ sold
443282225,6,1,6,"Women's Summer Pure Desire Style Mesh Patchwork V-Neck Ribbed Short Sleeve Top, Slim Fit Flattering Elastic Knit T-Shirt, Versatile For Daily Wear And Dates, Plus Size Friendly (Size Runs Small, Recommend Sizing Up For Curvy Figures)",S$7.34,https://sg.shein.com/Women-s-Summer-Pure-Desire-Style-Mesh-Patchwork-V-Neck-Ribbed-Short-Sleeve-Top-Slim-Fit-Flattering-Elastic-Knit-T-Shirt-Versatile-For-Daily-Wear-And-Dates-Plus-Size-Friendly-Size-Runs-Small-Recommend-Sizing-Up-For-Curvy-Figures-p-443282225.html?mallCode=1&pageListType=4&detailBusinessFrom=0-1_443282225%7C0-2,https://img.ltwebstatic.com/v4/j/spmp/2026/04/06/ca/1775465119d953aa2ff1b2c550874d6c56f30f59ed_thumbnail_600x.webp,2026-05-31T16:22:31+08:00,,-30%,,,
315709051,6,1,6,DAZY Women's Casual Loose Wide Leg Flare Jeans,S$3.96,https://sg.shein.com/DAZY-Women-s-Casual-Loose-Wide-Leg-Flare-Jeans-p-315709051.html?mallCode=1&pageListType=4&detailBusinessFrom=0-1_315709051%7C0-2,https://img.ltwebstatic.com/v4/j/pi/2025/12/03/51/1764743874d34e626116f19623c82b57df4c8aeb7c_thumbnail_600x.webp,2026-05-31T16:22:31+08:00,,,,,Save S$3.96
71479008,6,2,"6,9","Women's Solid Color Sleeveless Top With Bowknot Collar And High-Low Hemline, Elegant Casual Summer Top",S$4.99,https://sg.shein.com/Women-s-Solid-Color-Sleeveless-Top-With-Bowknot-Collar-And-High-Low-Hemline-Elegant-Casual-Summer-Top-p-71479008.html?mallCode=1&pageListType=4&detailBusinessFrom=0-1_71479008%7C0-2,https://img.ltwebstatic.com/v4/j/spmp/2025/07/28/5c/17536743890e656236ac3bbc66c30865970432e589_thumbnail_600x.webp,2026-05-31T16:22:31+08:00,,,,,
419833721,6,1,6,"Lalippa Black & White Striped Digital Print Oversized Mid-Length Round Neck Drop Shoulder Women T-Shirt, Casual Gift For Friends",S$8.99,https://sg.shein.com/Lalippa-Black-White-Striped-Digital-Print-Oversized-Mid-Length-Round-Neck-Drop-Shoulder-Women-T-Shirt-Casual-Gift-For-Friends-p-419833721.html?mallCode=1&pageListType=4&detailBusinessFrom=0-1_419833721%7C0-2,https://img.ltwebstatic.com/v4/j/pi/2026/03/12/99/17732831244e0564002e68528b3ef9df603b63c35f_thumbnail_600x.webp,2026-05-31T16:22:31+08:00,,,,,100+ sold
147716024,6,2,"6,10","Qadelle Women's Casual Gym Sports 2 Pieces Set Light Grey,Embroidered Contrast Side Stripe Round Neck Loose T-Shirt & High Waist Drawstring Shorts For Summer",S$2.60,https://sg.shein.com/Qadelle-Women-s-Casual-Gym-Sports-2-Pieces-Set-Light-Grey-Embroidered-Contrast-Side-Stripe-Round-Neck-Loose-T-Shirt-High-Waist-Drawstring-Shorts-For-Summer-p-147716024.html?mallCode=1&pageListType=4&detailBusinessFrom=0-1_147716024%7C0-2,https://img.ltwebstatic.com/v4/j/pi/2026/04/06/90/177546615784c9c9d79143984625701bb21d2f5f0e_thumbnail_600x.webp,2026-05-31T16:22:31+08:00,,,,,Save S$2.60
468447933,6,1,6,Swim Lushoire Mature Sexy Striped Special Fabric Long Pants Swimwear Top And High-Waisted Bikini Bottom 2 Pieces Set,S$19.49,https://sg.shein.com/Swim-Lushoire-Mature-Sexy-Striped-Special-Fabric-Long-Pants-Swimwear-Top-And-High-Waisted-Bikini-Bottom-2-Pieces-Set-p-468447933.html?mallCode=1&pageListType=4&detailBusinessFrom=0-1_468447933%7C0-2,https://img.ltwebstatic.com/v4/j/pi/2026/05/13/f0/1778639961554b5f210847e82ca78f97ae01df2036_thumbnail_600x.webp,2026-05-31T16:22:31+08:00,,,,,NEW
28632431,6,1,6,LYSMO Ladies' Plaid Mesh Skirt,S$11.49,https://sg.shein.com/LYSMO-Ladies-Plaid-Mesh-Skirt-p-28632431.html?mallCode=1&pageListType=4&detailBusinessFrom=0-1_28632431%7C0-2,https://img.ltwebstatic.com/images3_pi/2025/01/16/f1/1736997444f46900092c5aca4b81911d6b1f1db03a_thumbnail_600x.webp,2026-05-31T16:22:31+08:00,,,,,200+ sold
150385273,6,1,6,"Custom Photo T-Shirt, 90s Retro Rap Style, Couple Top With ""Love My Wife"". DIY With Photos & Text,Stylish OOTD For Daily Wear",S$10.99,https://sg.shein.com/Custom-Photo-T-Shirt-90s-Retro-Rap-Style-Couple-Top-With-Love-My-Wife-DIY-With-Photos-Text-Stylish-OOTD-For-Daily-Wear-p-150385273.html?mallCode=1&pageListType=4&detailBusinessFrom=0-1_150385273%7C0-2,https://img.ltwebstatic.com/v4/j/spmp/2025/08/07/37/1754533634bfdd79fa943a06b4372875cb082ed52c_thumbnail_600x.webp,2026-05-31T16:22:31+08:00,,,,,
451823823,6,1,6,Qadelle Women's Beige Summer Boho Holiday Vacation Holiday Sleeveless V-Neck Vest Cardigan Button Top And High Waist Shorts Two Pieces Set Beach Outfit,S$16.49,https://sg.shein.com/Qadelle-Women-s-Beige-Summer-Boho-Holiday-Vacation-Holiday-Sleeveless-V-Neck-Vest-Cardigan-Button-Top-And-High-Waist-Shorts-Two-Pieces-Set-Beach-Outfit-p-451823823.html?mallCode=1&pageListType=4&detailBusinessFrom=0-1_451823823%7C0-2,https://img.ltwebstatic.com/v4/j/pi/2026/04/24/13/1777007413e39ddde7606a5a0f7e2146d305b2457e_thumbnail_600x.webp,2026-05-31T16:22:31+08:00,,,,,
433091179,6,1,6,"Wommer Summer Casual Knee-Length Loose Wide-Leg Denim Shorts, Suitable For Vacation, Beach, Country Music Festival",S$19.99,https://sg.shein.com/Wommer-Summer-Casual-Knee-Length-Loose-Wide-Leg-Denim-Shorts-Suitable-For-Vacation-Beach-Country-Music-Festival-p-433091179.html?mallCode=1&pageListType=4&detailBusinessFrom=0-1_433091179%7C0-2,https://img.ltwebstatic.com/v4/j/spmp/2026/04/11/9c/1775893935b42be37501373be720635f207351afca_thumbnail_600x.webp,2026-05-31T16:22:31+08:00,,,,,NEW
409549733,6,1,6,DAZY Women's Fresh Korean Style Polka Dot Pattern Polo Collar Short Sleeve Shirt Summer,S$12.49,https://sg.shein.com/DAZY-Women-s-Fresh-Korean-Style-Polka-Dot-Pattern-Polo-Collar-Short-Sleeve-Shirt-Summer-p-409549733.html?mallCode=1&pageListType=4&detailBusinessFrom=0-1_409549733%7C0-2,https://img.ltwebstatic.com/v4/j/pi/2026/02/25/7f/17720043996a8fc992f21bdfc5e3495e0eb3143839_thumbnail_600x.webp,2026-05-31T16:22:31+08:00,,,,,
388385094,6,1,6,DAZY Solid Color Round Neck Fitted Short Sleeve Women's T-Shirt Summer,S$1.02,https://sg.shein.com/DAZY-Solid-Color-Round-Neck-Fitted-Short-Sleeve-Women-s-T-Shirt-Summer-p-388385094.html?mallCode=1&pageListType=4&detailBusinessFrom=0-1_388385094%7C0-2,https://img.ltwebstatic.com/v4/j/pi/2026/01/27/21/17695119203718c1bce8468b9e9725d3e56151411a_thumbnail_600x.webp,2026-05-31T16:22:31+08:00,,,,,Save S$1.02
420108155,6,1,6,SHEIN Women's Casual Comfortable Shirt / Fashion Striped Color-Block Single-Buckle Shirt / Casual Style / Daily Wear / Summer,S$1.36,https://sg.shein.com/SHEIN-Women-s-Casual-Comfortable-Shirt-Fashion-Striped-Color-Block-Single-Buckle-Shirt-Casual-Style-Daily-Wear-Summer-p-420108155.html?mallCode=1&pageListType=4&detailBusinessFrom=0-1_420108155%7C0-2,https://sc.ltwebstatic.com/she_dist/images/bg-grey-solid-color-fc04c1310d.png,2026-05-31T16:22:31+08:00,,,,,Save S$1.36
448575373,6,1,6,"Serisse Women's Plaid 2 Pieces Set,Puff Petal Sleeve Shirt & Mini Skirt,White And Black Checkered Outfits For Summer,Elegant,Holiday,Tea Party,Holiday Picnic",S$18.99,https://sg.shein.com/Serisse-Women-s-Plaid-2-Pieces-Set-Puff-Petal-Sleeve-Shirt-Mini-Skirt-White-And-Black-Checkered-Outfits-For-Summer-Elegant-Holiday-Tea-Party-Holiday-Picnic-p-448575373.html?mallCode=1&pageListType=4&detailBusinessFrom=0-1_448575373%7C0-2,https://sc.ltwebstatic.com/she_dist/images/bg-grey-solid-color-fc04c1310d.png,2026-05-31T16:22:31+08:00,,,,,
435582523,6,1,6,Women's California USA Flag Graphic Loose Fit Tee Crew Neck Short Sleeve Casual Streetwear Top Summer,S$7.99,https://sg.shein.com/Women-s-California-USA-Flag-Graphic-Loose-Fit-Tee-Crew-Neck-Short-Sleeve-Casual-Streetwear-Top-Summer-p-435582523.html?mallCode=1&pageListType=4&detailBusinessFrom=0-1_435582523%7C0-2,https://sc.ltwebstatic.com/she_dist/images/bg-grey-solid-color-fc04c1310d.png,2026-05-31T16:22:31+08:00,,,,,High Repeat Customers
458648154,6,1,6,"Women's Beige Straight Midi Skirt, High Waist Pleated Business Pencil Skirt With Pockets, Elegant Office Wear",S$15.93,https://sg.shein.com/Women-s-Beige-Straight-Midi-Skirt-High-Waist-Pleated-Business-Pencil-Skirt-With-Pockets-Elegant-Office-Wear-p-458648154.html?mallCode=1&pageListType=4&detailBusinessFrom=0-1_458648154%7C0-2,https://sc.ltwebstatic.com/she_dist/images/bg-grey-solid-color-fc04c1310d.png,2026-05-31T16:22:31+08:00,,-57%,,,
100127532,6,1,6,INAWLY Elegant & Fashionable Color Block V-Neck Cinching Waist A-Line Short Dress For Women,S$10.99,https://sg.shein.com/INAWLY-Elegant-Fashionable-Color-Block-V-Neck-Cinching-Waist-A-Line-Short-Dress-For-Women-p-100127532.html?mallCode=1&pageListType=4&detailBusinessFrom=0-1_100127532%7C0-2,https://sc.ltwebstatic.com/she_dist/images/bg-grey-solid-color-fc04c1310d.png,2026-05-31T16:22:31+08:00,,,,,
410482145,6,1,6,"Matcha Print 100% Cotton Short Sleeve Casual Tee, Graphic Tee, Outdoor Wear, Printed Pattern, Summer T-Shirt, Women's T-Shirt, Top, Summer Blouse, Vacation Outfit, Beach Style, Minimalist Resort Wear",S$0.84,https://sg.shein.com/Matcha-Print-100-Cotton-Short-Sleeve-Casual-Tee-Graphic-Tee-Outdoor-Wear-Printed-Pattern-Summer-T-Shirt-Women-s-T-Shirt-Top-Summer-Blouse-Vacation-Outfit-Beach-Style-Minimalist-Resort-Wear-p-410482145.html?mallCode=1&pageListType=4&detailBusinessFrom=0-1_410482145%7C0-2,https://sc.ltwebstatic.com/she_dist/images/bg-grey-solid-color-fc04c1310d.png,2026-05-31T16:22:31+08:00,,,,,Save S$0.84
42962391,6,1,6,EMERY ROSE Women's Solid Color Waist Tie Pocket Loose Wide Leg Casual Pants Fall Cloth For Women,S$15.99,https://sg.shein.com/EMERY-ROSE-Women-s-Solid-Color-Waist-Tie-Pocket-Loose-Wide-Leg-Casual-Pants-Fall-Cloth-For-Women-p-42962391.html?mallCode=1&pageListType=4&detailBusinessFrom=0-1_42962391%7C0-2,https://sc.ltwebstatic.com/she_dist/images/bg-grey-solid-color-fc04c1310d.png,2026-05-31T16:22:31+08:00,,,,,
100967895,6,1,6,SHEIN Frenchy Women's Vacation Casual Solid Color Hollow-Out Long Pants Winter Black Casual Black Spring Holiday Resort,S$11.49,https://sg.shein.com/SHEIN-Frenchy-Women-s-Vacation-Casual-Solid-Color-Hollow-Out-Long-Pants-Winter-Black-Casual-Black-Spring-Holiday-Resort-p-100967895.html?mallCode=1&pageListType=4&detailBusinessFrom=0-1_100967895%7C0-2,https://sc.ltwebstatic.com/she_dist/images/bg-grey-solid-color-fc04c1310d.png,2026-05-31T16:22:31+08:00,,,,,70+ sold
355923863,6,1,6,"Resyla Half-Zip Hooded Short Sleeve T-Shirt, New Design Asymmetrical Top, Spring/Summer",S$11.99,https://sg.shein.com/Resyla-Half-Zip-Hooded-Short-Sleeve-T-Shirt-New-Design-Asymmetrical-Top-Spring-Summer-p-355923863.html?mallCode=1&pageListType=4&detailBusinessFrom=0-1_355923863%7C0-2,https://sc.ltwebstatic.com/she_dist/images/bg-grey-solid-color-fc04c1310d.png,2026-05-31T16:22:31+08:00,,,,,
468095607,6,1,6,"Soleia Women's Lemon Print One-Piece Swimsuit, Vacation Style",S$10.99,https://sg.shein.com/Soleia-Women-s-Lemon-Print-One-Piece-Swimsuit-Vacation-Style-p-468095607.html?mallCode=1&pageListType=4&detailBusinessFrom=0-1_468095607%7C0-2,https://sc.ltwebstatic.com/she_dist/images/bg-grey-solid-color-fc04c1310d.png,2026-05-31T16:22:31+08:00,,,,,NEW
245451061,6,2,"6,7",Qadelle Women's Lace Patchwork Flowy Wide Leg Jumpsuit,S$5.30,https://sg.shein.com/Qadelle-Women-s-Lace-Patchwork-Flowy-Wide-Leg-Jumpsuit-p-245451061.html?mallCode=1&pageListType=4&detailBusinessFrom=0-1_245451061%7C0-2,https://sc.ltwebstatic.com/she_dist/images/bg-grey-solid-color-fc04c1310d.png,2026-05-31T16:22:31+08:00,,,,,Save S$5.30
480444087,6,1,6,"Divinelle Women's Casual Minimalist Round Neck Fitted Short Sleeve T-Shirt, Suitable For Spring/Summer",S$5.49,https://sg.shein.com/Divinelle-Women-s-Casual-Minimalist-Round-Neck-Fitted-Short-Sleeve-T-Shirt-Suitable-For-Spring-Summer-p-480444087.html?mallCode=1&pageListType=4&detailBusinessFrom=0-1_480444087%7C0-2,https://sc.ltwebstatic.com/she_dist/images/bg-grey-solid-color-fc04c1310d.png,2026-05-31T16:22:31+08:00,,,,,NEW
434808216,6,1,6,"Sexy Women's Casual Elastic High Stretch Skinny Capri Pants, Slimming Black Versatile Commuter Full Length Pants, Y2K Style Capri Pants, Spring & Summer White",S$19.99,https://sg.shein.com/Sexy-Women-s-Casual-Elastic-High-Stretch-Skinny-Capri-Pants-Slimming-Black-Versatile-Commuter-Full-Length-Pants-Y2K-Style-Capri-Pants-Spring-Summer-White-p-434808216.html?mallCode=1&pageListType=4&detailBusinessFrom=0-1_434808216%7C0-2,https://sc.ltwebstatic.com/she_dist/images/bg-grey-solid-color-fc04c1310d.png,2026-05-31T16:22:31+08:00,,,,,
434572068,6,1,6,Comfortcana Women's Elastic Waist Side Stripe Casual Shorts,S$0.86,https://sg.shein.com/Comfortcana-Women-s-Elastic-Waist-Side-Stripe-Casual-Shorts-p-434572068.html?mallCode=1&pageListType=4&detailBusinessFrom=0-1_434572068%7C0-2,https://sc.ltwebstatic.com/she_dist/images/bg-grey-solid-color-fc04c1310d.png,2026-05-31T16:22:31+08:00,,,,,Save S$0.86
476015510,6,1,6,"WESTFADE Off-White Cotton Blend Denim Midi Skirt,High Waist Scalloped Button Front A Line Skirts For Women,Casual Autumn Clothes,Boho Western Country Occasion",S$35.49,https://sg.shein.com/WESTFADE-Off-White-Cotton-Blend-Denim-Midi-Skirt-High-Waist-Scalloped-Button-Front-A-Line-Skirts-For-Women-Casual-Autumn-Clothes-Boho-Western-Country-Occasion-p-476015510.html?mallCode=1&pageListType=4&detailBusinessFrom=0-1_476015510%7C0-2,https://sc.ltwebstatic.com/she_dist/images/bg-grey-solid-color-fc04c1310d.png,2026-05-31T16:22:31+08:00,,,,,NEW
439410675,6,1,6,"Franclia Women's Floral Print V-Neck Dress, Suitable For Vacation, Travel, And Beach In Summer",S$14.99,https://sg.shein.com/Franclia-Women-s-Floral-Print-V-Neck-Dress-Suitable-For-Vacation-Travel-And-Beach-In-Summer-p-439410675.html?mallCode=1&pageListType=4&detailBusinessFrom=0-1_439410675%7C0-2,https://sc.ltwebstatic.com/she_dist/images/bg-grey-solid-color-fc04c1310d.png,2026-05-31T16:22:31+08:00,,,,,60+ sold
65610580,6,1,6,"French Hollow Crochet Hooded Long Sleeve Blouse, Loose Street Style Fashionable Elegant Thin Shirt For Women, Autumn/Winter White Spring",S$15.49,https://sg.shein.com/French-Hollow-Crochet-Hooded-Long-Sleeve-Blouse-Loose-Street-Style-Fashionable-Elegant-Thin-Shirt-For-Women-Autumn-Winter-White-Spring-p-65610580.html?mallCode=1&pageListType=4&detailBusinessFrom=0-1_65610580%7C0-2,https://sc.ltwebstatic.com/she_dist/images/bg-grey-solid-color-fc04c1310d.png,2026-05-31T16:22:31+08:00,,,,,90+ sold
46049537,6,1,6,"SHEIN EZwear 3pcs Square Neck Short Sleeve Cropped Casual Solid Color Versatile Fitted Women T-Shirt, All-Match Style, Suitable For Summer Suitable For Going Out",S$1.32,https://sg.shein.com/SHEIN-EZwear-3pcs-Square-Neck-Short-Sleeve-Cropped-Casual-Solid-Color-Versatile-Fitted-Women-T-Shirt-All-Match-Style-Suitable-For-Summer-Suitable-For-Going-Out-p-46049537.html?mallCode=1&pageListType=4&detailBusinessFrom=0-1_46049537%7C0-2,https://sc.ltwebstatic.com/she_dist/images/bg-grey-solid-color-fc04c1310d.png,2026-05-31T16:22:31+08:00,,,,,Save S$1.32
461428085,6,1,6,"Solid Color Regular Shoulder Short Sleeve Women's Casual Round Neck Fitted Stretchy T-Shirt Top, Summer",S$10.99,https://sg.shein.com/Solid-Color-Regular-Shoulder-Short-Sleeve-Women-s-Casual-Round-Neck-Fitted-Stretchy-T-Shirt-Top-Summer-p-461428085.html?mallCode=1&pageListType=4&detailBusinessFrom=0-1_461428085%7C0-2,https://sc.ltwebstatic.com/she_dist/images/bg-grey-solid-color-fc04c1310d.png,2026-05-31T16:22:31+08:00,,,,,
480293232,6,1,6,SHEIN Frenchy Women's Elastic Waist Striped Drawstring Loose Retro Casual Pants,S$11.99,https://sg.shein.com/SHEIN-Frenchy-Women-s-Elastic-Waist-Striped-Drawstring-Loose-Retro-Casual-Pants-p-480293232.html?mallCode=1&pageListType=4&detailBusinessFrom=0-1_480293232%7C0-2,https://sc.ltwebstatic.com/she_dist/images/bg-grey-solid-color-fc04c1310d.png,2026-05-31T16:22:31+08:00,,,,,NEW
457360253,6,1,6,"SHEIN Women's Summer Sleeveless Halter Neck Blouse,Elegant Black And White Striped Woven Wrap Tops,Business Casual Office Work Shirts,Relaxed Fit Smart Top",S$8.49,https://sg.shein.com/SHEIN-Women-s-Summer-Sleeveless-Halter-Neck-Blouse-Elegant-Black-And-White-Striped-Woven-Wrap-Tops-Business-Casual-Office-Work-Shirts-Relaxed-Fit-Smart-Top-p-457360253.html?mallCode=1&pageListType=4&detailBusinessFrom=0-1_457360253%7C0-2,https://sc.ltwebstatic.com/she_dist/images/bg-grey-solid-color-fc04c1310d.png,2026-05-31T16:22:31+08:00,,,,,
61065328,6,1,6,SHEIN Frenchy Women's Summer Casual Solid Color Ruffle Trim Shirt Black,S$11.99,https://sg.shein.com/SHEIN-Frenchy-Women-s-Summer-Casual-Solid-Color-Ruffle-Trim-Shirt-Black-p-61065328.html?mallCode=1&pageListType=4&detailBusinessFrom=0-1_61065328%7C0-2,https://sc.ltwebstatic.com/she_dist/images/bg-grey-solid-color-fc04c1310d.png,2026-05-31T16:22:31+08:00,,,,,60+ sold
471236235,6,1,6,Women's Retro Casual Loose Straight Leg Jeans,S$26.49,https://sg.shein.com/Women-s-Retro-Casual-Loose-Straight-Leg-Jeans-p-471236235.html?mallCode=1&pageListType=4&detailBusinessFrom=0-1_471236235%7C0-2,https://sc.ltwebstatic.com/she_dist/images/bg-grey-solid-color-fc04c1310d.png,2026-05-31T16:22:31+08:00,,,,,NEW
420470273,6,2,"6,7",Siren Gaze Women's Fashion Casual New Polka Dot Petal Sleeve Blouse,S$1.44,https://sg.shein.com/Siren-Gaze-Women-s-Fashion-Casual-New-Polka-Dot-Petal-Sleeve-Blouse-p-420470273.html?mallCode=1&pageListType=4&detailBusinessFrom=0-1_420470273%7C0-2,https://sc.ltwebstatic.com/she_dist/images/bg-grey-solid-color-fc04c1310d.png,2026-05-31T16:22:31+08:00,,,,,Save S$1.44
102940045,6,2,"6,9","Women's Solid Color Sexy Hollow-Out See-Through Backless Long Sleeve Cover Up, Short Beach Dress, Spring/Summer Vacation",S$16.49,https://sg.shein.com/Women-s-Solid-Color-Sexy-Hollow-Out-See-Through-Backless-Long-Sleeve-Cover-Up-Short-Beach-Dress-Spring-Summer-Vacation-p-102940045.html?mallCode=1&pageListType=4&detailBusinessFrom=0-1_102940045%7C0-2,https://sc.ltwebstatic.com/she_dist/images/bg-grey-solid-color-fc04c1310d.png,2026-05-31T16:22:31+08:00,,,,,
383078253,6,1,6,"SHEIN Glimmora Y2KStyle Women's Casual Commuting Press Buttoned Short Sleeve Fitted T-Shirt, Summer",S$7.49,https://sg.shein.com/SHEIN-Glimmora-Y2KStyle-Women-s-Casual-Commuting-Press-Buttoned-Short-Sleeve-Fitted-T-Shirt-Summer-p-383078253.html?mallCode=1&pageListType=4&detailBusinessFrom=0-1_383078253%7C0-2,https://sc.ltwebstatic.com/she_dist/images/bg-grey-solid-color-fc04c1310d.png,2026-05-31T16:22:31+08:00,,,,,200+ sold
343628538,6,1,6,"1pc Solid Color Knit Fabric Front Button Cardigan, Lightweight For Daily Wear, Spring/Summer",S$15.99,https://sg.shein.com/1pc-Solid-Color-Knit-Fabric-Front-Button-Cardigan-Lightweight-For-Daily-Wear-Spring-Summer-p-343628538.html?mallCode=1&pageListType=4&detailBusinessFrom=0-1_343628538%7C0-2,https://sc.ltwebstatic.com/she_dist/images/bg-grey-solid-color-fc04c1310d.png,2026-05-31T16:22:31+08:00,,,,,100+ sold
474968516,6,3,"6,7,9","Swim Mod Women's Beach Vacation Red & White Striped Ruched One-Piece Swimsuit, Sexy Tie-Up",S$11.99,https://sg.shein.com/Swim-Mod-Women-s-Beach-Vacation-Red-White-Striped-Ruched-One-Piece-Swimsuit-Sexy-Tie-Up-p-474968516.html?mallCode=1&pageListType=4&detailBusinessFrom=0-1_474968516%7C0-2,https://sc.ltwebstatic.com/she_dist/images/bg-grey-solid-color-fc04c1310d.png,2026-05-31T16:22:31+08:00,,,,,NEW
458028554,6,3,"6,7,9","Polovedo Official White & Brown Color Block Cutout One-Piece Swimsuit, Elegant Swimwear For Beach Vacation & Party",S$18.99,https://sg.shein.com/Polovedo-Official-White-Brown-Color-Block-Cutout-One-Piece-Swimsuit-Elegant-Swimwear-For-Beach-Vacation-Party-p-458028554.html?mallCode=1&pageListType=4&detailBusinessFrom=0-1_458028554%7C0-2,https://sc.ltwebstatic.com/she_dist/images/bg-grey-solid-color-fc04c1310d.png,2026-05-31T16:22:31+08:00,,,,,NEW
481761568,6,1,6,"1pc Solid Color Drawstring Casual Pants, Suitable For Airport, Brunch, Travel, Daily, School, Sports, Vacation, Date, Home, Office, Summer",S$15.31,https://sg.shein.com/1pc-Solid-Color-Drawstring-Casual-Pants-Suitable-For-Airport-Brunch-Travel-Daily-School-Sports-Vacation-Date-Home-Office-Summer-p-481761568.html?mallCode=1&pageListType=4&detailBusinessFrom=0-1_481761568%7C0-2,https://sc.ltwebstatic.com/she_dist/images/bg-grey-solid-color-fc04c1310d.png,2026-05-31T16:22:31+08:00,,-29%,,,
467533631,6,1,6,SHEIN Clasi Women's Geometric Print V-Neck Short Sleeve Dress,S$19.99,https://sg.shein.com/SHEIN-Clasi-Women-s-Geometric-Print-V-Neck-Short-Sleeve-Dress-p-467533631.html?mallCode=1&pageListType=4&detailBusinessFrom=0-1_467533631%7C0-2,https://sc.ltwebstatic.com/she_dist/images/bg-grey-solid-color-fc04c1310d.png,2026-05-31T16:22:31+08:00,,,,,NEW
377711467,6,2,"6,7",FRIFUL Women's Allover Print Waist Splice Pleated Loose Casual Versatile Spring Long Robe Robe Wedding Guest Dress Sundress Boho Vacation Outfits Women,S$20.39,https://sg.shein.com/FRIFUL-Women-s-Allover-Print-Waist-Splice-Pleated-Loose-Casual-Versatile-Spring-Long-Robe-Robe-Wedding-Guest-Dress-Sundress-Boho-Vacation-Outfits-Women-p-377711467.html?mallCode=1&pageListType=4&detailBusinessFrom=0-1_377711467%7C0-2,https://sc.ltwebstatic.com/she_dist/images/bg-grey-solid-color-fc04c1310d.png,2026-05-31T16:22:31+08:00,,-15%,,,
133958461,6,1,6,"EMERY ROSE Women's Casual Dress With All-Over Print, Suitable For Vacation Navy Blue Maxi Dress Abstract Print Maxi Dress",S$10.49,https://sg.shein.com/EMERY-ROSE-Women-s-Casual-Dress-With-All-Over-Print-Suitable-For-Vacation-Navy-Blue-Maxi-Dress-Abstract-Print-Maxi-Dress-p-133958461.html?mallCode=1&pageListType=4&detailBusinessFrom=0-1_133958461%7C0-2,https://sc.ltwebstatic.com/she_dist/images/bg-grey-solid-color-fc04c1310d.png,2026-05-31T16:22:31+08:00,,,,,
476368199,6,2,"6,7",SHEIN Essnce Women's Pocket Skinny Casual Versatile Denim Shorts,S$23.49,https://sg.shein.com/SHEIN-Essnce-Women-s-Pocket-Skinny-Casual-Versatile-Denim-Shorts-p-476368199.html?mallCode=1&pageListType=4&detailBusinessFrom=0-1_476368199%7C0-2,https://sc.ltwebstatic.com/she_dist/images/bg-grey-solid-color-fc04c1310d.png,2026-05-31T16:22:31+08:00,,,,,NEW
426954746,6,1,6,FRIFUL Women's Round Neck Flocked Polka Dot Fitted Contrast Trim T-Shirt Summer,S$0.97,https://sg.shein.com/FRIFUL-Women-s-Round-Neck-Flocked-Polka-Dot-Fitted-Contrast-Trim-T-Shirt-Summer-p-426954746.html?mallCode=1&pageListType=4&detailBusinessFrom=0-1_426954746%7C0-2,https://sc.ltwebstatic.com/she_dist/images/bg-grey-solid-color-fc04c1310d.png,2026-05-31T16:22:31+08:00,,,,,Save S$0.97
445008707,6,1,6,"SHEIN EZwear 2pcs Set Embroidered Round Neck Short Sleeve Top And Striped Print Pants, Casual,Vacation Outfits Women",S$18.49,https://sg.shein.com/SHEIN-EZwear-2pcs-Set-Embroidered-Round-Neck-Short-Sleeve-Top-And-Striped-Print-Pants-Casual-Vacation-Outfits-Women-p-445008707.html?mallCode=1&pageListType=4&detailBusinessFrom=0-1_445008707%7C0-2,https://sc.ltwebstatic.com/she_dist/images/bg-grey-solid-color-fc04c1310d.png,2026-05-31T16:22:31+08:00,,,,,
476834500,6,1,6,"SHEIN Frenchy Women's Casual Waist Tie Straight Leg Pants With Purple Floral Print,Summer Boho Beach Vacation Holiday,Elegant Cruise Trips & Western Festivals Style",S$11.49,https://sg.shein.com/SHEIN-Frenchy-Women-s-Casual-Waist-Tie-Straight-Leg-Pants-With-Purple-Floral-Print-Summer-Boho-Beach-Vacation-Holiday-Elegant-Cruise-Trips-Western-Festivals-Style-p-476834500.html?mallCode=1&pageListType=4&detailBusinessFrom=0-1_476834500%7C0-2,https://sc.ltwebstatic.com/she_dist/images/bg-grey-solid-color-fc04c1310d.png,2026-05-31T16:22:31+08:00,,,,,NEW
422529129,6,1,6,Women Lace Trim V-Neck Short Sleeve Blouse Casual White Summer,S$11.49,https://sg.shein.com/Women-Lace-Trim-V-Neck-Short-Sleeve-Blouse-Casual-White-Summer-p-422529129.html?mallCode=1&pageListType=4&detailBusinessFrom=0-1_422529129%7C0-2,https://sc.ltwebstatic.com/she_dist/images/bg-grey-solid-color-fc04c1310d.png,2026-05-31T16:22:31+08:00,,,,,
53933051,6,1,6,"DAZY High Waist Tight Sports Yoga Pants For Women, Designed Waistband, Suitable For Spring Casual",S$7.49,https://sg.shein.com/DAZY-High-Waist-Tight-Sports-Yoga-Pants-For-Women-Designed-Waistband-Suitable-For-Spring-Casual-p-53933051.html?mallCode=1&pageListType=4&detailBusinessFrom=0-1_53933051%7C0-2,https://sc.ltwebstatic.com/she_dist/images/bg-grey-solid-color-fc04c1310d.png,2026-05-31T16:22:31+08:00,,,,,
54673722,6,1,6,DAZY Women Mesh Patchwork Transparent Suit Jacket Women Blazers Business Attire,S$3.07,https://sg.shein.com/DAZY-Women-Mesh-Patchwork-Transparent-Suit-Jacket-Women-Blazers-Business-Attire-p-54673722.html?mallCode=1&pageListType=4&detailBusinessFrom=0-1_54673722%7C0-2,https://sc.ltwebstatic.com/she_dist/images/bg-grey-solid-color-fc04c1310d.png,2026-05-31T16:22:31+08:00,,,,,Save S$3.07
461762889,6,1,6,"Women's Satin Silk Solid Color Pants With Pockets And Zipper, Suitable For Vacation, Office, Brunch, Airport Outfit, All Seasons",S$17.49,https://sg.shein.com/Women-s-Satin-Silk-Solid-Color-Pants-With-Pockets-And-Zipper-Suitable-For-Vacation-Office-Brunch-Airport-Outfit-All-Seasons-p-461762889.html?mallCode=1&pageListType=4&detailBusinessFrom=0-1_461762889%7C0-2,https://sc.ltwebstatic.com/she_dist/images/bg-grey-solid-color-fc04c1310d.png,2026-05-31T16:22:31+08:00,,,,,NEW
380160032,6,1,6,Qadelle Women's Rhinestone Decor Bow Pocket Wide Leg Loose Fit Jeans,S$40.99,https://sg.shein.com/Qadelle-Women-s-Rhinestone-Decor-Bow-Pocket-Wide-Leg-Loose-Fit-Jeans-p-380160032.html?mallCode=1&pageListType=4&detailBusinessFrom=0-1_380160032%7C0-2,https://sc.ltwebstatic.com/she_dist/images/bg-grey-solid-color-fc04c1310d.png,2026-05-31T16:22:31+08:00,,,,,
435705114,6,1,6,"Resyla Oversized Wild Flower Embroidered T-Shirt, Floral Embroidered T-Shirt, Round Neck Short Sleeve T-Shirt For Summer",S$7.49,https://sg.shein.com/Resyla-Oversized-Wild-Flower-Embroidered-T-Shirt-Floral-Embroidered-T-Shirt-Round-Neck-Short-Sleeve-T-Shirt-For-Summer-p-435705114.html?mallCode=1&pageListType=4&detailBusinessFrom=0-1_435705114%7C0-2,https://sc.ltwebstatic.com/she_dist/images/bg-grey-solid-color-fc04c1310d.png,2026-05-31T16:22:31+08:00,,,,,50+ sold
437861958,6,1,6,SHEIN PETITE Women's Solid Color Tie Waist Wide Leg Loose Casual Versatile Pants,S$10.99,https://sg.shein.com/SHEIN-PETITE-Women-s-Solid-Color-Tie-Waist-Wide-Leg-Loose-Casual-Versatile-Pants-p-437861958.html?mallCode=1&pageListType=4&detailBusinessFrom=0-1_437861958%7C0-2,https://sc.ltwebstatic.com/she_dist/images/bg-grey-solid-color-fc04c1310d.png,2026-05-31T16:22:31+08:00,,,,,60+ sold
27246938,6,1,6,SHEIN SXY Women's Sexy Waisted Sheer Detail Leggings,S$1.23,https://sg.shein.com/SHEIN-SXY-Women-s-Sexy-Waisted-Sheer-Detail-Leggings-p-27246938.html?mallCode=1&pageListType=4&detailBusinessFrom=0-1_27246938%7C0-2,https://sc.ltwebstatic.com/she_dist/images/bg-grey-solid-color-fc04c1310d.png,2026-05-31T16:22:31+08:00,,,,,Save S$1.23
88253650,6,1,6,"Customized Sports T-Shirt, Customized Front And Back Pattern Women's T-Shirt, Add Your Text (Team/Name/Number/Label, Etc.), Choose Your Favorite Color And Font, Customize Front And Back Pattern, Design Your Personalized Printed T-Shirt As A Gift For Your Girlfriend, Can Also Be Used As Sports T-Shirt, Couple's Date Shirt, Etc. Comfortable And Casual, Women's Top, Customized Printed Top, Women's Short Sleeve T-Shirt Black Summer, Gym Wear, Vintage Finds, Personalized Gift",S$1.72,https://sg.shein.com/Customized-Sports-T-Shirt-Customized-Front-And-Back-Pattern-Women-s-T-Shirt-Add-Your-Text-Team-Name-Number-Label-Etc-Choose-Your-Favorite-Color-And-Font-Customize-Front-And-Back-Pattern-Design-Your-Personalized-Printed-T-Shirt-As-A-Gift-For-Your-Girlfriend-Can-Also-Be-Used-As-Sports-T-Shirt-Couple-s-Date-Shirt-Etc-Comfortable-And-Casual-Women-s-Top-Customized-Printed-Top-Women-s-Short-Sleeve-T-Shirt-Black-Summer-Gym-Wear-Vintage-Finds-Personalized-Gift-p-88253650.html?mallCode=1&pageListType=4&detailBusinessFrom=0-1_88253650%7C0-2,https://sc.ltwebstatic.com/she_dist/images/bg-grey-solid-color-fc04c1310d.png,2026-05-31T16:22:31+08:00,,,,,Save S$1.72
437322179,6,1,6,"Franclia Women's Black And White Striped V-Neck Short Sleeve Blouse,Elegant Summer Side Drawstring Pleated Top,Minimalist Versatile Casual Office Work Wear",S$8.49,https://sg.shein.com/Franclia-Women-s-Black-And-White-Striped-V-Neck-Short-Sleeve-Blouse-Elegant-Summer-Side-Drawstring-Pleated-Top-Minimalist-Versatile-Casual-Office-Work-Wear-p-437322179.html?mallCode=1&pageListType=4&detailBusinessFrom=0-1_437322179%7C0-2,https://sc.ltwebstatic.com/she_dist/images/bg-grey-solid-color-fc04c1310d.png,2026-05-31T16:22:31+08:00,,,,,
470723064,6,3,"6,7,9",SHEIN Clasi Women's Summer Casual Vacation Floral Print Batwing Sleeve Loose Blouse,S$8.49,https://sg.shein.com/SHEIN-Clasi-Women-s-Summer-Casual-Vacation-Floral-Print-Batwing-Sleeve-Loose-Blouse-p-470723064.html?mallCode=1&pageListType=4&detailBusinessFrom=0-1_470723064%7C0-2,https://sc.ltwebstatic.com/she_dist/images/bg-grey-solid-color-fc04c1310d.png,2026-05-31T16:22:31+08:00,,,,,NEW
36098152,6,2,"6,10",Aidyla Women's Drawstring Ruched Solid Color 2 In 1 Leggings Fall Cloth For Women,S$1.56,https://sg.shein.com/Aidyla-Women-s-Drawstring-Ruched-Solid-Color-2-In-1-Leggings-Fall-Cloth-For-Women-p-36098152.html?mallCode=1&pageListType=4&detailBusinessFrom=0-1_36098152%7C0-2,https://sc.ltwebstatic.com/she_dist/images/bg-grey-solid-color-fc04c1310d.png,2026-05-31T16:22:31+08:00,,,,,Save S$1.56
331823612,6,1,6,"Women's Cute Lace Trim V-Neck Cover Up Sweater, Lightweight Summer Shrug Outwear Black Spring",S$15.99,https://sg.shein.com/Women-s-Cute-Lace-Trim-V-Neck-Cover-Up-Sweater-Lightweight-Summer-Shrug-Outwear-Black-Spring-p-331823612.html?mallCode=1&pageListType=4&detailBusinessFrom=0-1_331823612%7C0-2,https://sc.ltwebstatic.com/she_dist/images/bg-grey-solid-color-fc04c1310d.png,2026-05-31T16:22:31+08:00,,,,,
460344090,6,1,6,"FRIFUL Women's Wavy Striped Loose Contrast Trim Short Sleeve T-Shirt, Summer Casual Wear",S$11.49,https://sg.shein.com/FRIFUL-Women-s-Wavy-Striped-Loose-Contrast-Trim-Short-Sleeve-T-Shirt-Summer-Casual-Wear-p-460344090.html?mallCode=1&pageListType=4&detailBusinessFrom=0-1_460344090%7C0-2,https://sc.ltwebstatic.com/she_dist/images/bg-grey-solid-color-fc04c1310d.png,2026-05-31T16:22:31+08:00,,,,,
449172040,6,1,6,"Pariaura Women's White Ribbed Knit Lace Trim Cap Sleeve Button Front Peplum Top,High Stretch Slim Fit Elegant Summer Blouse For Daily Wear Brunch",S$8.99,https://sg.shein.com/Pariaura-Women-s-White-Ribbed-Knit-Lace-Trim-Cap-Sleeve-Button-Front-Peplum-Top-High-Stretch-Slim-Fit-Elegant-Summer-Blouse-For-Daily-Wear-Brunch-p-449172040.html?mallCode=1&pageListType=4&detailBusinessFrom=0-1_449172040%7C0-2,https://sc.ltwebstatic.com/she_dist/images/bg-grey-solid-color-fc04c1310d.png,2026-05-31T16:22:31+08:00,,,,,
415003570,7,1,7,"3pcs Women's Summer New Minimalist Colorful Letter, Sea Turtle, Dolphin, Jellyfish Graphic Print Round Neck Short Sleeve T-Shirt Set, Versatile, Suitable For Women's Tops, Holiday Casual Wear, Spring",S$13.99,https://sg.shein.com/3pcs-Women-s-Summer-New-Minimalist-Colorful-Letter-Sea-Turtle-Dolphin-Jellyfish-Graphic-Print-Round-Neck-Short-Sleeve-T-Shirt-Set-Versatile-Suitable-For-Women-s-Tops-Holiday-Casual-Wear-Spring-p-415003570.html?mallCode=1&pageListType=4&detailBusinessFrom=0-1_415003570%7C0-2,https://img.ltwebstatic.com/v4/j/spmp/2026/03/04/fe/177262801272418b7404e6159977e7f75efcd998f5_thumbnail_600x.webp,2026-05-31T16:24:14+08:00,,,,,
107615596,7,1,7,"SHEIN EZwear 3pcs Set Women Pleated Polka Dot Cami Tank Top, Loose Fit Adjustable Strap, Suitable For Spring/Summer Pack Of Tops Back To School",S$13.99,https://sg.shein.com/SHEIN-EZwear-3pcs-Set-Women-Pleated-Polka-Dot-Cami-Tank-Top-Loose-Fit-Adjustable-Strap-Suitable-For-Spring-Summer-Pack-Of-Tops-Back-To-School-p-107615596.html?mallCode=1&pageListType=4&detailBusinessFrom=0-1_107615596%7C0-2,https://img.ltwebstatic.com/v4/j/pi/2025/06/25/0e/17508429904ebf56113ae6394e18aa58ca08ab4821_thumbnail_600x.webp,2026-05-31T16:24:14+08:00,,,,,
44480216,7,1,7,SHEIN Essnce 3packs Summer Pants Women's Solid Color Waist-Tie Wide Leg Loose Casual Pants,S$18.99,https://sg.shein.com/SHEIN-Essnce-3packs-Summer-Pants-Women-s-Solid-Color-Waist-Tie-Wide-Leg-Loose-Casual-Pants-p-44480216.html?mallCode=1&pageListType=4&detailBusinessFrom=0-1_44480216%7C0-2,https://img.ltwebstatic.com/images3_pi/2024/10/10/39/17285414138345eed4192dcd1e6c0e6d5be4178a90_thumbnail_600x.webp,2026-05-31T16:24:14+08:00,,,,,
185779027,7,1,7,Korean Chic Summer Casual Single-Breasted Striped Contrast Color Loose Fit Long Sleeve Hooded Shirt For Women White Spring,S$12.49,https://sg.shein.com/Korean-Chic-Summer-Casual-Single-Breasted-Striped-Contrast-Color-Loose-Fit-Long-Sleeve-Hooded-Shirt-For-Women-White-Spring-p-185779027.html?mallCode=1&pageListType=4&detailBusinessFrom=0-1_185779027%7C0-2,https://img.ltwebstatic.com/v4/j/spmp/2025/10/03/f7/175947796488cfd9d171e4f06b764dd8d2cfecaf26_thumbnail_600x.webp,2026-05-31T16:24:14+08:00,,,,,100+ sold
307820061,7,1,7,"StreetHx 2000s Style Women Casual Streetwear Sleeveless Crop Top With Metal Decor, Punk",S$10.99,https://sg.shein.com/StreetHx-2000s-Style-Women-Casual-Streetwear-Sleeveless-Crop-Top-With-Metal-Decor-Punk-p-307820061.html?mallCode=1&pageListType=4&detailBusinessFrom=0-1_307820061%7C0-2,https://img.ltwebstatic.com/v4/j/pi/2025/11/27/21/176422078011cd0044b28ea9cb65248d1288c1132b_thumbnail_600x.webp,2026-05-31T16:24:14+08:00,,,,,100+ sold
477104667,7,1,7,"Bohemian Off-Shoulder Knit Cover Up, Sheer Batwing Sleeve Pullover, Sapphire Blue, Casual/Party Wear, Spring/Summer/Autumn",S$9.83,https://sg.shein.com/Bohemian-Off-Shoulder-Knit-Cover-Up-Sheer-Batwing-Sleeve-Pullover-Sapphire-Blue-Casual-Party-Wear-Spring-Summer-Autumn-p-477104667.html?mallCode=1&pageListType=4&detailBusinessFrom=0-1_477104667%7C0-2,https://img.ltwebstatic.com/v4/j/spmp/2026/05/21/ab/1779348328799f2b1c4f78658e2beb8503dd96dda6_thumbnail_600x.webp,2026-05-31T16:24:14+08:00,,-18%,,,
63332663,7,2,"7,9","Women Casual Round Neck Short Sleeve Loose T-Shirt With Cute Cat ""Worker"" Print, For Daily Wear Black Summer",S$6.49,https://sg.shein.com/Women-Casual-Round-Neck-Short-Sleeve-Loose-T-Shirt-With-Cute-Cat-Worker-Print-For-Daily-Wear-Black-Summer-p-63332663.html?mallCode=1&pageListType=4&detailBusinessFrom=0-1_63332663%7C0-2,https://img.ltwebstatic.com/v4/j/spmp/2025/03/24/cd/17427884004ea4e106415b2829d4a1c1c4cafff0a5_thumbnail_600x.webp,2026-05-31T16:24:14+08:00,,,,,100+ sold
458003315,7,2,"7,9","SHEIN Holidaya Women's Bamboo-Joint Round Neck Tie-Front Blouse,Khaki,Summer,Casual,Elegant Unique,Everyday Vacation Outfit,,Holiday Outdoor Light Gray Top",S$1.57,https://sg.shein.com/SHEIN-Holidaya-Women-s-Bamboo-Joint-Round-Neck-Tie-Front-Blouse-Khaki-Summer-Casual-Elegant-Unique-Everyday-Vacation-Outfit-Holiday-Outdoor-Light-Gray-Top-p-458003315.html?mallCode=1&pageListType=4&detailBusinessFrom=0-1_458003315%7C0-2,https://img.ltwebstatic.com/v4/j/pi/2026/05/20/53/177928201639d3f8e58567876cae004eaf262c18f3_thumbnail_600x.webp,2026-05-31T16:24:14+08:00,,,,,Save S$1.57
302462595,7,2,"7,9","INAWLY Embroidered Collar White Striped Shirt, Loose Casual 3/4 Sleeve Textured Blouse For Women",S$10.19,https://sg.shein.com/INAWLY-Embroidered-Collar-White-Striped-Shirt-Loose-Casual-3-4-Sleeve-Textured-Blouse-For-Women-p-302462595.html?mallCode=1&pageListType=4&detailBusinessFrom=0-1_302462595%7C0-2,https://img.ltwebstatic.com/v4/j/pi/2026/05/18/dd/1779098292f9d6b6aa8f0cb888c4e2933445dff81e_thumbnail_600x.webp,2026-05-31T16:24:14+08:00,,-15%,,,200+ sold
444711200,7,1,7,"Lalippa Leopard Print Graphic Minimalist Round Neck T-Shirt, Gift For Friends",S$8.49,https://sg.shein.com/Lalippa-Leopard-Print-Graphic-Minimalist-Round-Neck-T-Shirt-Gift-For-Friends-p-444711200.html?mallCode=1&pageListType=4&detailBusinessFrom=0-1_444711200%7C0-2,https://img.ltwebstatic.com/v4/j/pi/2026/04/20/f2/1776651065015c827059abf49f8dafdc046aa0494a_thumbnail_600x.webp,2026-05-31T16:24:14+08:00,,,,,
466797365,7,2,"7,9",Poéselle Women's Solid Color Casual Versatile Daily Wear Pants,S$10.99,https://sg.shein.com/Po-selle-Women-s-Solid-Color-Casual-Versatile-Daily-Wear-Pants-p-466797365.html?mallCode=1&pageListType=4&detailBusinessFrom=0-1_466797365%7C0-2,https://img.ltwebstatic.com/v4/j/pi/2026/05/21/72/17793441553b2f80e1e14465e95e286cec77ab7041_thumbnail_600x.webp,2026-05-31T16:24:14+08:00,,,,,NEW
444977301,7,2,"7,10",Franclia Women's Round Neck Colorblock Striped Print Casual Short Sleeve T-Shirt,S$8.49,https://sg.shein.com/Franclia-Women-s-Round-Neck-Colorblock-Striped-Print-Casual-Short-Sleeve-T-Shirt-p-444977301.html?mallCode=1&pageListType=4&detailBusinessFrom=0-1_444977301%7C0-2,https://img.ltwebstatic.com/v4/j/pi/2026/04/16/bb/17763197162a154512e20faf680fcde547f7cb92a5_thumbnail_600x.webp,2026-05-31T16:24:14+08:00,,,,,
37665379,7,1,7,SHEIN EZwear Summer Loose Casual Pink Drawstring Waist Patch Detail Sports Shorts,S$8.49,https://sg.shein.com/SHEIN-EZwear-Summer-Loose-Casual-Pink-Drawstring-Waist-Patch-Detail-Sports-Shorts-p-37665379.html?mallCode=1&pageListType=4&detailBusinessFrom=0-1_37665379%7C0-2,https://img.ltwebstatic.com/v4/j/pi/2026/02/28/e8/17722461682885d818ab0d29f6b2377d8a621ccf54_thumbnail_600x.webp,2026-05-31T16:24:14+08:00,,,,,70+ sold
85349355,7,1,7,Flirla Petite Women's Solid Color Pocket Drawstring Waist Wide Leg Pants Fall Cloth For Women,S$11.99,https://sg.shein.com/Flirla-Petite-Women-s-Solid-Color-Pocket-Drawstring-Waist-Wide-Leg-Pants-Fall-Cloth-For-Women-p-85349355.html?mallCode=1&pageListType=4&detailBusinessFrom=0-1_85349355%7C0-2,https://img.ltwebstatic.com/v4/j/pi/2026/04/29/a4/1777431491d99666a11c3c7f6876ca024812ebf5f3_thumbnail_600x.webp,2026-05-31T16:24:14+08:00,,,,,
445985900,7,2,"7,9",Lalippa Women's Loose Fit Digital Stripe Round Neck Drop Shoulder T-Shirt,S$9.99,https://sg.shein.com/Lalippa-Women-s-Loose-Fit-Digital-Stripe-Round-Neck-Drop-Shoulder-T-Shirt-p-445985900.html?mallCode=1&pageListType=4&detailBusinessFrom=0-1_445985900%7C0-2,https://img.ltwebstatic.com/v4/j/pi/2026/04/17/32/1776415031769fd0a1390f67d57336616f80e33f9a_thumbnail_600x.webp,2026-05-31T16:24:14+08:00,,,,,
42148891,7,2,"7,9",Y2K Vintage Washed Distressed Low Waist Flare Leg Denim Shorts With Side Pockets Casual Summer,S$22.49,https://sg.shein.com/Y2K-Vintage-Washed-Distressed-Low-Waist-Flare-Leg-Denim-Shorts-With-Side-Pockets-Casual-Summer-p-42148891.html?mallCode=1&pageListType=4&detailBusinessFrom=0-1_42148891%7C0-2,https://img.ltwebstatic.com/images3_pi/2024/09/05/2d/1725465688c27bef637ba369f709c42203ad9a0d11_thumbnail_600x.webp,2026-05-31T16:24:14+08:00,,,,,
50849570,7,1,7,Swim SPRTY Summer Beach Wear Solid Color Swim Shorts,S$9.99,https://sg.shein.com/Swim-SPRTY-Summer-Beach-Wear-Solid-Color-Swim-Shorts-p-50849570.html?mallCode=1&pageListType=4&detailBusinessFrom=0-1_50849570%7C0-2,https://img.ltwebstatic.com/images3_pi/2025/01/14/e8/1736817348a8ed8acdbc11a2962fdea2a4e3bd0576_thumbnail_600x.webp,2026-05-31T16:24:14+08:00,,,,,
40234504,7,2,"7,9",DAZY Women's Solid Color Fitted Gym Black Tank Top Crop Women Tops,S$0.97,https://sg.shein.com/DAZY-Women-s-Solid-Color-Fitted-Gym-Black-Tank-Top-Crop-Women-Tops-p-40234504.html?mallCode=1&pageListType=4&detailBusinessFrom=0-1_40234504%7C0-2,https://img.ltwebstatic.com/images3_pi/2024/08/07/6d/172299548484e7d618a3e773585d7731c0fac4759c_thumbnail_600x.webp,2026-05-31T16:24:14+08:00,,,,,Save S$0.97
435823535,7,1,7,"SHEIN Elenzya Women's Dusty Blue Striped Suit Pants,High-Waisted Elegant Summer Office Casual Pleated Elastic Waist Wide Leg Trousers For Spring Autumn Commute",S$14.99,https://sg.shein.com/SHEIN-Elenzya-Women-s-Dusty-Blue-Striped-Suit-Pants-High-Waisted-Elegant-Summer-Office-Casual-Pleated-Elastic-Waist-Wide-Leg-Trousers-For-Spring-Autumn-Commute-p-435823535.html?mallCode=1&pageListType=4&detailBusinessFrom=0-1_435823535%7C0-2,https://img.ltwebstatic.com/v4/j/pi/2026/04/03/6a/177519458680a93756b5227aea86973d17a8135303_thumbnail_600x.webp,2026-05-31T16:24:14+08:00,,,,,
434907850,7,1,7,Women's Classic Casual Shirt Long Sleeve Loose Fashion Holiday Button Down Classic Fit Blouse For Office And Casual Wear Spring Summer,S$12.99,https://sg.shein.com/Women-s-Classic-Casual-Shirt-Long-Sleeve-Loose-Fashion-Holiday-Button-Down-Classic-Fit-Blouse-For-Office-And-Casual-Wear-Spring-Summer-p-434907850.html?mallCode=1&pageListType=4&detailBusinessFrom=0-1_434907850%7C0-2,https://img.ltwebstatic.com/v4/j/spmp/2026/03/19/2a/17738902568039ca7d6508a42d5ac840e2b248fdfd_thumbnail_600x.webp,2026-05-31T16:24:14+08:00,,,,,
54215147,7,1,7,SHEIN PETITE Women's Simple Casual Fashion Back-To-School Season Old Money Commuting High-Waist Texture Wide-Leg Trousers,S$13.49,https://sg.shein.com/SHEIN-PETITE-Women-s-Simple-Casual-Fashion-Back-To-School-Season-Old-Money-Commuting-High-Waist-Texture-Wide-Leg-Trousers-p-54215147.html?mallCode=1&pageListType=4&detailBusinessFrom=0-1_54215147%7C0-2,https://img.ltwebstatic.com/images3_pi/2025/01/20/86/1737369712ed68cc29a26a7615cc16c1001c079f3b_thumbnail_600x.webp,2026-05-31T16:24:14+08:00,,,(1000+),,200+ sold
411955670,7,1,7,DAZY Women's Summer Polka Dot Allover Print Ruched V-Neck Sleeveless Casual Tank Top,S$7.99,https://sg.shein.com/DAZY-Women-s-Summer-Polka-Dot-Allover-Print-Ruched-V-Neck-Sleeveless-Casual-Tank-Top-p-411955670.html?mallCode=1&pageListType=4&detailBusinessFrom=0-1_411955670%7C0-2,https://img.ltwebstatic.com/v4/j/pi/2026/03/02/99/17724406053a29d1eb55c6a5072990c359ac54bc51_thumbnail_600x.webp,2026-05-31T16:24:14+08:00,,,,,100+ sold
418699804,7,1,7,"Franclia French Minimalist Fashion Woven Solid Color Commuter Casual, Retro, High Waist A-Line Wide Leg New Women Shorts",S$1.86,https://sg.shein.com/Franclia-French-Minimalist-Fashion-Woven-Solid-Color-Commuter-Casual-Retro-High-Waist-A-Line-Wide-Leg-New-Women-Shorts-p-418699804.html?mallCode=1&pageListType=4&detailBusinessFrom=0-1_418699804%7C0-2,https://img.ltwebstatic.com/v4/j/pi/2026/04/27/99/1777267922e3c63738d5849ddf72c9a9801db137ee_thumbnail_600x.webp,2026-05-31T16:24:14+08:00,,,,,Save S$1.86
427583702,7,2,"7,9","AOMEI Women's African Print Loose Dress With Drawstring High Waist Pants 2 Pieces Set, Fashionable For Formal Occasions In Summer",S$57.93,https://sg.shein.com/AOMEI-Women-s-African-Print-Loose-Dress-With-Drawstring-High-Waist-Pants-2-Pieces-Set-Fashionable-For-Formal-Occasions-In-Summer-p-427583702.html?mallCode=1&pageListType=4&detailBusinessFrom=0-1_427583702%7C0-2,https://img.ltwebstatic.com/v4/j/spmp/2026/04/15/7d/1776217778a15f33cdceab2c58ffc5c477fdff6b53_thumbnail_600x.webp,2026-05-31T16:24:14+08:00,,-32%,,,
403829429,7,1,7,"Elenzga Women's Summer New Arrival French Patchwork Sleeveless Dress, Unique Design Printed Halter Neck Contrast Color Fitted Waist Tie Dress",S$16.49,https://sg.shein.com/Elenzga-Women-s-Summer-New-Arrival-French-Patchwork-Sleeveless-Dress-Unique-Design-Printed-Halter-Neck-Contrast-Color-Fitted-Waist-Tie-Dress-p-403829429.html?mallCode=1&pageListType=4&detailBusinessFrom=0-1_403829429%7C0-2,https://img.ltwebstatic.com/v4/j/pi/2026/03/17/1a/177372009644e9443cb02edcd7bdc395cd551c3a04_thumbnail_600x.webp,2026-05-31T16:24:14+08:00,,,,,
75299575,7,2,"7,9","INAWLY Women's Casual Loose Fit Long Sleeve Shirt, Minimalist And Versatile For Daily Wear",S$11.99,https://sg.shein.com/INAWLY-Women-s-Casual-Loose-Fit-Long-Sleeve-Shirt-Minimalist-And-Versatile-For-Daily-Wear-p-75299575.html?mallCode=1&pageListType=4&detailBusinessFrom=0-1_75299575%7C0-2,https://img.ltwebstatic.com/v4/j/pi/2025/08/23/1f/1755942809b37b7c28ca2e4442a0c87307e4bbf4a7_thumbnail_600x.webp,2026-05-31T16:24:14+08:00,,-4%,,,200+ sold
424815720,7,1,7,"Cute Cartoon Print Short Sleeve Mid-Length T-Shirt, Casual Top For Women Black Summer",S$0.84,https://sg.shein.com/Cute-Cartoon-Print-Short-Sleeve-Mid-Length-T-Shirt-Casual-Top-For-Women-Black-Summer-p-424815720.html?mallCode=1&pageListType=4&detailBusinessFrom=0-1_424815720%7C0-2,https://img.ltwebstatic.com/v4/p/spmp/2026/03/12/1c/177330984837a07b2a462f3ff9b4819e014a1756a1_thumbnail_600x.webp,2026-05-31T16:24:14+08:00,,,,,Save S$0.84
34045585,7,1,7,EMERY ROSE Solid Color Loose Wide Leg Elegant Pants With Pocket Fall Cloth For Women,S$15.99,https://sg.shein.com/EMERY-ROSE-Solid-Color-Loose-Wide-Leg-Elegant-Pants-With-Pocket-Fall-Cloth-For-Women-p-34045585.html?mallCode=1&pageListType=4&detailBusinessFrom=0-1_34045585%7C0-2,https://img.ltwebstatic.com/v4/j/pi/2025/07/23/37/1753239202181a76072e56e66b9c9d98049028e313_thumbnail_600x.webp,2026-05-31T16:24:14+08:00,,,,,100+ sold
250049972,7,1,7,Elenzga New Summer Khaki Knitted Jacquard Elegant Slim Fit Tie-Front Mini Dress For Women Event Tea Party,S$10.99,https://sg.shein.com/Elenzga-New-Summer-Khaki-Knitted-Jacquard-Elegant-Slim-Fit-Tie-Front-Mini-Dress-For-Women-Event-Tea-Party-p-250049972.html?mallCode=1&pageListType=4&detailBusinessFrom=0-1_250049972%7C0-2,https://img.ltwebstatic.com/v4/j/pi/2026/03/09/a9/1773028844c92878799df2843fa66b350381133432_thumbnail_600x.webp,2026-05-31T16:24:14+08:00,,,,,60+ sold
460238513,7,2,"7,9","SHEIN EZwear Casual Minimalist All-Over Print Off Shoulder Loose Short Sleeve T-Shirt For Women,Summer Top",S$1.20,https://sg.shein.com/SHEIN-EZwear-Casual-Minimalist-All-Over-Print-Off-Shoulder-Loose-Short-Sleeve-T-Shirt-For-Women-Summer-Top-p-460238513.html?mallCode=1&pageListType=4&detailBusinessFrom=0-1_460238513%7C0-2,https://img.ltwebstatic.com/v4/j/pi/2026/05/06/39/1778037427d95ee0edb7e136b7c3161d833167748c_thumbnail_600x.webp,2026-05-31T16:24:14+08:00,,,,,Save S$1.20
418071856,7,3,"7,9,10","Women's Transparent Batwing Sleeve Round Neck Top, Regular Asymmetric Hem, Knit Fabric With Moderate Stretch Black Summer",S$6.49,https://sg.shein.com/Women-s-Transparent-Batwing-Sleeve-Round-Neck-Top-Regular-Asymmetric-Hem-Knit-Fabric-With-Moderate-Stretch-Black-Summer-p-418071856.html?mallCode=1&pageListType=4&detailBusinessFrom=0-1_418071856%7C0-2,https://img.ltwebstatic.com/v4/j/spmp/2026/02/02/ff/1770013673408f462596dccf894eb5d5120a93df4f_thumbnail_600x.webp,2026-05-31T16:24:14+08:00,,,,,60+ sold
463214778,7,2,"7,9","Women's Vacation Beach Fashion Casual Elegant Minimalist Bohemian Style Multi-Layer Ruffle Pleated Dress, Women's Black Ruffle Summer Dress",S$16.12,https://sg.shein.com/Women-s-Vacation-Beach-Fashion-Casual-Elegant-Minimalist-Bohemian-Style-Multi-Layer-Ruffle-Pleated-Dress-Women-s-Black-Ruffle-Summer-Dress-p-463214778.html?mallCode=1&pageListType=4&detailBusinessFrom=0-1_463214778%7C0-2,https://img.ltwebstatic.com/v4/j/spmp/2026/05/03/68/177777257560f6d6d61ec47b34bd8cc094e13e0e50_thumbnail_600x.webp,2026-05-31T16:24:14+08:00,,-17%,,,
420932262,7,2,"7,9",Silhoulove Women's Solid Color Round Neck Fashionable Party Long Dress,S$11.99,https://sg.shein.com/Silhoulove-Women-s-Solid-Color-Round-Neck-Fashionable-Party-Long-Dress-p-420932262.html?mallCode=1&pageListType=4&detailBusinessFrom=0-1_420932262%7C0-2,https://img.ltwebstatic.com/v4/j/pi/2026/04/30/e7/1777516637b9f8a5c9c4aefef063bebc01490bfcf3_thumbnail_600x.webp,2026-05-31T16:24:14+08:00,,,,,50+ sold
443225204,7,1,7,Lalippa Women's Loose V-Neck T-Shirt With Red And White Striped Print,S$9.49,https://sg.shein.com/Lalippa-Women-s-Loose-V-Neck-T-Shirt-With-Red-And-White-Striped-Print-p-443225204.html?mallCode=1&pageListType=4&detailBusinessFrom=0-1_443225204%7C0-2,https://img.ltwebstatic.com/v4/j/pi/2026/04/14/d4/1776168636b3b46b81d8e9a8c76b7c471049d6ab81_thumbnail_600x.webp,2026-05-31T16:24:14+08:00,,,,,
227832158,7,1,7,"Customized Black Casual Oversized Short Sleeve Tee, Upload Your Photo, Custom Text Name, Personalized Gift, Birthday Gift, Anniversary Gift, 90s Bootleg Style, Team Building Uniform, Couple Outfit, Family Gathering Outfit, Father's Day Gift",S$0.92,https://sg.shein.com/Customized-Black-Casual-Oversized-Short-Sleeve-Tee-Upload-Your-Photo-Custom-Text-Name-Personalized-Gift-Birthday-Gift-Anniversary-Gift-90s-Bootleg-Style-Team-Building-Uniform-Couple-Outfit-Family-Gathering-Outfit-Father-s-Day-Gift-p-227832158.html?mallCode=1&pageListType=4&detailBusinessFrom=0-1_227832158%7C0-2,https://img.ltwebstatic.com/v4/j/spmp/2025/10/11/ca/1760179994ce739f00aaa21e28075a2dba67bf114e_thumbnail_600x.webp,2026-05-31T16:24:14+08:00,,,,,Save S$0.92
440303264,7,1,7,Printed V-Neck Casual Short Blouse For Women Summer,S$16.99,https://sg.shein.com/Printed-V-Neck-Casual-Short-Blouse-For-Women-Summer-p-440303264.html?mallCode=1&pageListType=4&detailBusinessFrom=0-1_440303264%7C0-2,https://img.ltwebstatic.com/v4/j/spmp/2026/04/06/e4/177547824472c6e429502d5f534a727606ed7f2cf1_thumbnail_600x.webp,2026-05-31T16:24:14+08:00,,,,,
457086011,7,1,7,"Sweetra Women's New Fashion Versatile Knit V-Neck T-Shirt, Waist Drawstring, Front & Back V-Neck, Shoulder Sleeve Design",S$7.99,https://sg.shein.com/Sweetra-Women-s-New-Fashion-Versatile-Knit-V-Neck-T-Shirt-Waist-Drawstring-Front-Back-V-Neck-Shoulder-Sleeve-Design-p-457086011.html?mallCode=1&pageListType=4&detailBusinessFrom=0-1_457086011%7C0-2,https://img.ltwebstatic.com/v4/j/pi/2026/04/29/52/17774327050dd2c9c27131b2e745db2d63fef009f0_thumbnail_600x.webp,2026-05-31T16:24:14+08:00,,,,,
92798090,7,1,7,INAWLY 2pcs/Set Women Summer Casual Shirt And Shorts Set,S$2.64,https://sg.shein.com/INAWLY-2pcs-Set-Women-Summer-Casual-Shirt-And-Shorts-Set-p-92798090.html?mallCode=1&pageListType=4&detailBusinessFrom=0-1_92798090%7C0-2,https://img.ltwebstatic.com/v4/j/pi/2025/06/09/e3/1749435685ba2ee8739257b1f845c64bbc525fef3a_thumbnail_600x.webp,2026-05-31T16:24:14+08:00,,,,,Save S$2.64
448159922,7,1,7,"Franclia Elegant Brown Halter-Neck Mini Bodycon Dress For Women,Summer Shades Of Brown Ruffled Fit Waist Night Out Dress,Business Casual Party Attire",S$13.49,https://sg.shein.com/Franclia-Elegant-Brown-Halter-Neck-Mini-Bodycon-Dress-For-Women-Summer-Shades-Of-Brown-Ruffled-Fit-Waist-Night-Out-Dress-Business-Casual-Party-Attire-p-448159922.html?mallCode=1&pageListType=4&detailBusinessFrom=0-1_448159922%7C0-2,https://img.ltwebstatic.com/v4/j/pi/2026/04/20/99/1776656655085c6c7c542495afb0971ccb74a63686_thumbnail_600x.webp,2026-05-31T16:24:14+08:00,,,,,
188785214,7,1,7,StreetHx Petite Letter Print Contrast Color Drop Shoulder Bomber Jacket For New Year Clothes,S$17.99,https://sg.shein.com/StreetHx-Petite-Letter-Print-Contrast-Color-Drop-Shoulder-Bomber-Jacket-For-New-Year-Clothes-p-188785214.html?mallCode=1&pageListType=4&detailBusinessFrom=0-1_188785214%7C0-2,https://img.ltwebstatic.com/v4/j/pi/2025/09/19/0e/1758265555be5f8139aa07c645448acb7a00ec0aca_thumbnail_600x.webp,2026-05-31T16:24:14+08:00,,,,,
387922003,7,1,7,DAZY Women's Korean Style Washed Flared Distressed Casual Jeans,S$28.99,https://sg.shein.com/DAZY-Women-s-Korean-Style-Washed-Flared-Distressed-Casual-Jeans-p-387922003.html?mallCode=1&pageListType=4&detailBusinessFrom=0-1_387922003%7C0-2,https://img.ltwebstatic.com/v4/j/pi/2026/01/27/04/176948550525ad3b7a7ddd12135576accae006f0d7_thumbnail_600x.webp,2026-05-31T16:24:14+08:00,,,,,
166058512,7,1,7,Resyla Women's T-Shirt/Paul Pattern Printing/Embroidery Craft/Women's Loose Casual Contrast Color Round Neck T-Shirt Top/Spring And Summer,S$5.80,https://sg.shein.com/Resyla-Women-s-T-Shirt-Paul-Pattern-Printing-Embroidery-Craft-Women-s-Loose-Casual-Contrast-Color-Round-Neck-T-Shirt-Top-Spring-And-Summer-p-166058512.html?mallCode=1&pageListType=4&detailBusinessFrom=0-1_166058512%7C0-2,https://img.ltwebstatic.com/v4/j/pi/2025/11/08/49/1762566809fb784f8bc89b82d183f3410f24342d80_thumbnail_600x.webp,2026-05-31T16:24:14+08:00,,-27%,,,
166005305,7,2,"7,10","Glamine Vintage Low-Waist Wide Leg Pants, Draped Casual Women's Trousers Brown Pants Brown Wide Leg Pants Wide Pants Skirt Pants",S$21.99,https://sg.shein.com/Glamine-Vintage-Low-Waist-Wide-Leg-Pants-Draped-Casual-Women-s-Trousers-Brown-Pants-Brown-Wide-Leg-Pants-Wide-Pants-Skirt-Pants-p-166005305.html?mallCode=1&pageListType=4&detailBusinessFrom=0-1_166005305%7C0-2,https://img.ltwebstatic.com/v4/j/pi/2025/08/28/00/1756345270bc302033dbb9598cb9c6617ec2bd17f4_thumbnail_600x.webp,2026-05-31T16:24:14+08:00,,,,,100+ sold
398711847,7,1,7,"Sweetra Women's Vintage Floral Mini Dress, Waist Cinched, Sleeveless, Ruffle Hem, Romantic Beach Vacation Style, Spring/Summer",S$1.62,https://sg.shein.com/Sweetra-Women-s-Vintage-Floral-Mini-Dress-Waist-Cinched-Sleeveless-Ruffle-Hem-Romantic-Beach-Vacation-Style-Spring-Summer-p-398711847.html?mallCode=1&pageListType=4&detailBusinessFrom=0-1_398711847%7C0-2,https://img.ltwebstatic.com/v4/j/pi/2026/02/05/38/17702773328a1192b2ace876686e1eb421b093d6fa_thumbnail_600x.webp,2026-05-31T16:24:14+08:00,,,,,Save S$1.62
437967381,7,1,7,"Lalippa Striped Digital Print Casual Oversized Mid-Length Round Neck Drop Shoulder Women T-Shirt, Gift For Friends",S$1.23,https://sg.shein.com/Lalippa-Striped-Digital-Print-Casual-Oversized-Mid-Length-Round-Neck-Drop-Shoulder-Women-T-Shirt-Gift-For-Friends-p-437967381.html?mallCode=1&pageListType=4&detailBusinessFrom=0-1_437967381%7C0-2,https://img.ltwebstatic.com/v4/j/pi/2026/04/07/0c/17755539133c3d65a182fdbbe859d8dcd2f78b0b67_thumbnail_600x.webp,2026-05-31T16:24:14+08:00,,,,,Save S$1.23
99332347,7,1,7,Franclia 1 Pc Women Casual Solid Color Asymmetrical Hem T-Shirt,S$6.99,https://sg.shein.com/Franclia-1-Pc-Women-Casual-Solid-Color-Asymmetrical-Hem-T-Shirt-p-99332347.html?mallCode=1&pageListType=4&detailBusinessFrom=0-1_99332347%7C0-2,https://img.ltwebstatic.com/v4/j/pi/2025/06/14/59/1749830518cc1dcaf20ec2d74bbf334efb3f673f69_thumbnail_600x.webp,2026-05-31T16:24:14+08:00,,,,,
396242073,7,1,7,"Summer Red Camisole Top For Women, New Arrival, Built-In Padded Bra, Elegant Layering Cami Top, Outerwear Casual",S$0.90,https://sg.shein.com/Summer-Red-Camisole-Top-For-Women-New-Arrival-Built-In-Padded-Bra-Elegant-Layering-Cami-Top-Outerwear-Casual-p-396242073.html?mallCode=1&pageListType=4&detailBusinessFrom=0-1_396242073%7C0-2,https://img.ltwebstatic.com/v4/j/spmp/2026/01/27/f7/176944422673c7ca1554a520a080345bbaaf893620_thumbnail_600x.webp,2026-05-31T16:24:14+08:00,,,,,Save S$0.90
54495624,7,2,"7,9","Comfortcana Two-Piece Set Mini Skirt, Minimalist, Fashion, Casual, Solid Color",S$20.99,https://sg.shein.com/Comfortcana-Two-Piece-Set-Mini-Skirt-Minimalist-Fashion-Casual-Solid-Color-p-54495624.html?mallCode=1&pageListType=4&detailBusinessFrom=0-1_54495624%7C0-2,https://sc.ltwebstatic.com/she_dist/images/bg-grey-solid-color-fc04c1310d.png,2026-05-31T16:24:14+08:00,,,,,100+ sold
66053894,7,1,7,"Sweetra Vintage American Style Black & White Striped Short Sleeve Blouse, Slim Fit & Waist-Cinched, Unique Design, Versatile For Ladies",S$2.12,https://sg.shein.com/Sweetra-Vintage-American-Style-Black-White-Striped-Short-Sleeve-Blouse-Slim-Fit-Waist-Cinched-Unique-Design-Versatile-For-Ladies-p-66053894.html?mallCode=1&pageListType=4&detailBusinessFrom=0-1_66053894%7C0-2,https://sc.ltwebstatic.com/she_dist/images/bg-grey-solid-color-fc04c1310d.png,2026-05-31T16:24:14+08:00,,,,,Save S$2.12
1489630,7,2,"7,9",SHEIN EZwear Rib-knit Single Breasted Tee,S$1.10,https://sg.shein.com/SHEIN-EZwear-Rib-knit-Single-Breasted-Tee-p-1489630.html?mallCode=1&pageListType=4&detailBusinessFrom=0-1_1489630%7C0-2,https://sc.ltwebstatic.com/she_dist/images/bg-grey-solid-color-fc04c1310d.png,2026-05-31T16:24:14+08:00,,,,,Save S$1.10
411442639,7,1,7,"LYSMO Women's Elegant Burnt Orange Summer 90s Retro Striped Mesh Hollow Blouse,Everyday Casual Irregular Neck Batwing Sleeve Fitted Cropped Top",S$9.49,https://sg.shein.com/LYSMO-Women-s-Elegant-Burnt-Orange-Summer-90s-Retro-Striped-Mesh-Hollow-Blouse-Everyday-Casual-Irregular-Neck-Batwing-Sleeve-Fitted-Cropped-Top-p-411442639.html?mallCode=1&pageListType=4&detailBusinessFrom=0-1_411442639%7C0-2,https://sc.ltwebstatic.com/she_dist/images/bg-grey-solid-color-fc04c1310d.png,2026-05-31T16:24:14+08:00,,,,,70+ sold
468818214,7,2,"7,10","Swim Lushoire Women's Geometric Print Deep V-Neck One-Piece Swimsuit, Vacation",S$10.99,https://sg.shein.com/Swim-Lushoire-Women-s-Geometric-Print-Deep-V-Neck-One-Piece-Swimsuit-Vacation-p-468818214.html?mallCode=1&pageListType=4&detailBusinessFrom=0-1_468818214%7C0-2,https://sc.ltwebstatic.com/she_dist/images/bg-grey-solid-color-fc04c1310d.png,2026-05-31T16:24:14+08:00,,,,,NEW
27552579,7,1,7,DAZY Solid Color Slim Fit Women's Crop Leggings Tights,S$6.49,https://sg.shein.com/DAZY-Solid-Color-Slim-Fit-Women-s-Crop-Leggings-Tights-p-27552579.html?mallCode=1&pageListType=4&detailBusinessFrom=0-1_27552579%7C0-2,https://sc.ltwebstatic.com/she_dist/images/bg-grey-solid-color-fc04c1310d.png,2026-05-31T16:24:14+08:00,,,(1000+),,100+ sold
435604981,7,2,"7,9","Women's New Elegant Casual Knit Cardigan, Solid Color Round Neck Long Sleeve Single Button Sheer Design, Fashion Minimalist Commuting Delicate Thin Knit Cardigan, Sun Protection Thin Knit Slouchy Cardigan, Outerwear For Outing And Vacation, Women's Street Fashion Black Summer",S$17.99,https://sg.shein.com/Women-s-New-Elegant-Casual-Knit-Cardigan-Solid-Color-Round-Neck-Long-Sleeve-Single-Button-Sheer-Design-Fashion-Minimalist-Commuting-Delicate-Thin-Knit-Cardigan-Sun-Protection-Thin-Knit-Slouchy-Cardigan-Outerwear-For-Outing-And-Vacation-Women-s-Street-Fashion-Black-Summer-p-435604981.html?mallCode=1&pageListType=4&detailBusinessFrom=0-1_435604981%7C0-2,https://sc.ltwebstatic.com/she_dist/images/bg-grey-solid-color-fc04c1310d.png,2026-05-31T16:24:14+08:00,,,,,
390407859,7,1,7,"Sexy Chic Red Cold-Shoulder Sleeveless T-Shirt, Unique Stylish Fitted Top For Women, Summer Casual",S$0.55,https://sg.shein.com/Sexy-Chic-Red-Cold-Shoulder-Sleeveless-T-Shirt-Unique-Stylish-Fitted-Top-For-Women-Summer-Casual-p-390407859.html?mallCode=1&pageListType=4&detailBusinessFrom=0-1_390407859%7C0-2,https://sc.ltwebstatic.com/she_dist/images/bg-grey-solid-color-fc04c1310d.png,2026-05-31T16:24:14+08:00,,,,,Save S$0.55
305879875,7,1,7,"1pc Women's Vintage Street Style Embroidered Barrel Leg Pants, Loose Wide Leg Jeans, Fashion Versatile All Season Trousers (Belt/Accessories Not Included) Casual Spring Black",S$30.49,https://sg.shein.com/1pc-Women-s-Vintage-Street-Style-Embroidered-Barrel-Leg-Pants-Loose-Wide-Leg-Jeans-Fashion-Versatile-All-Season-Trousers-Belt-Accessories-Not-Included-Casual-Spring-Black-p-305879875.html?mallCode=1&pageListType=4&detailBusinessFrom=0-1_305879875%7C0-2,https://sc.ltwebstatic.com/she_dist/images/bg-grey-solid-color-fc04c1310d.png,2026-05-31T16:24:14+08:00,,,,,
99326389,7,1,7,"Comfortcana Women's Pink Striped Casual Pants, Suitable For Summer Vacation",S$15.49,https://sg.shein.com/Comfortcana-Women-s-Pink-Striped-Casual-Pants-Suitable-For-Summer-Vacation-p-99326389.html?mallCode=1&pageListType=4&detailBusinessFrom=0-1_99326389%7C0-2,https://sc.ltwebstatic.com/she_dist/images/bg-grey-solid-color-fc04c1310d.png,2026-05-31T16:24:14+08:00,,,,,
377891205,7,1,7,Elenzga Women's Contrast Color Round Neck Short Sleeve Casual Ribbed T-Shirt,S$7.49,https://sg.shein.com/Elenzga-Women-s-Contrast-Color-Round-Neck-Short-Sleeve-Casual-Ribbed-T-Shirt-p-377891205.html?mallCode=1&pageListType=4&detailBusinessFrom=0-1_377891205%7C0-2,https://sc.ltwebstatic.com/she_dist/images/bg-grey-solid-color-fc04c1310d.png,2026-05-31T16:24:14+08:00,,,,,50+ sold
307752613,7,1,7,"Comfortcana Women's Casual Plaid Front Button Ruched Waist Short Sleeve Shirt, Summer,Summer Top",S$1.98,https://sg.shein.com/Comfortcana-Women-s-Casual-Plaid-Front-Button-Ruched-Waist-Short-Sleeve-Shirt-Summer-Summer-Top-p-307752613.html?mallCode=1&pageListType=4&detailBusinessFrom=0-1_307752613%7C0-2,https://sc.ltwebstatic.com/she_dist/images/bg-grey-solid-color-fc04c1310d.png,2026-05-31T16:24:14+08:00,,,,,Save S$1.98
63432586,7,1,7,"SHEIN EZwear Women's Casual Drawstring Waist Loose Sweatpants, Suitable For Sports, Business Casual Woman , Graduation, Teacher For Women, Back To School",S$12.95,https://sg.shein.com/SHEIN-EZwear-Women-s-Casual-Drawstring-Waist-Loose-Sweatpants-Suitable-For-Sports-Business-Casual-Woman-Graduation-Teacher-For-Women-Back-To-School-p-63432586.html?mallCode=1&pageListType=4&detailBusinessFrom=0-1_63432586%7C0-2,https://sc.ltwebstatic.com/she_dist/images/bg-grey-solid-color-fc04c1310d.png,2026-05-31T16:24:14+08:00,,-4%,,,
430810561,7,1,7,"Red OHHI Letter Print Round Neck Short Sleeve T-Shirt. Women's New Minimalist Cute Pattern Casual Vacation Style Loose Versatile Round Neck Short Sleeve T-Shirt, Fashionable Everyday Top, Suitable For Valentine's Day, Back To School Season, Teacher's Day And Other Holidays. Summer",S$5.99,https://sg.shein.com/Red-OHHI-Letter-Print-Round-Neck-Short-Sleeve-T-Shirt-Women-s-New-Minimalist-Cute-Pattern-Casual-Vacation-Style-Loose-Versatile-Round-Neck-Short-Sleeve-T-Shirt-Fashionable-Everyday-Top-Suitable-For-Valentine-s-Day-Back-To-School-Season-Teacher-s-Day-And-Other-Holidays-Summer-p-430810561.html?mallCode=1&pageListType=4&detailBusinessFrom=0-1_430810561%7C0-2,https://sc.ltwebstatic.com/she_dist/images/bg-grey-solid-color-fc04c1310d.png,2026-05-31T16:24:14+08:00,,,,,
123127096,7,1,7,"Striped Drawstring Waist Pants With Pockets, Suitable For Office, Business, Vacation, Casual, Daily Wear, School, Travel, New Arrival",S$12.99,https://sg.shein.com/Striped-Drawstring-Waist-Pants-With-Pockets-Suitable-For-Office-Business-Vacation-Casual-Daily-Wear-School-Travel-New-Arrival-p-123127096.html?mallCode=1&pageListType=4&detailBusinessFrom=0-1_123127096%7C0-2,https://sc.ltwebstatic.com/she_dist/images/bg-grey-solid-color-fc04c1310d.png,2026-05-31T16:24:14+08:00,,,,,
50499209,7,1,7,SHEIN EZwear Women's Casual Striped Wide Leg Pants,S$0.92,https://sg.shein.com/SHEIN-EZwear-Women-s-Casual-Striped-Wide-Leg-Pants-p-50499209.html?mallCode=1&pageListType=4&detailBusinessFrom=0-1_50499209%7C0-2,https://sc.ltwebstatic.com/she_dist/images/bg-grey-solid-color-fc04c1310d.png,2026-05-31T16:24:14+08:00,,,,,Save S$0.92
33982205,7,1,7,CovetEZ Women's Casual Blue Striped Woven Wide Leg Pants With Loose Fit,S$18.49,https://sg.shein.com/CovetEZ-Women-s-Casual-Blue-Striped-Woven-Wide-Leg-Pants-With-Loose-Fit-p-33982205.html?mallCode=1&pageListType=4&detailBusinessFrom=0-1_33982205%7C0-2,https://sc.ltwebstatic.com/she_dist/images/bg-grey-solid-color-fc04c1310d.png,2026-05-31T16:24:14+08:00,,,,,
18088808,7,1,7,Washed Ripped Wide Leg Jeans Casual Spring,S$27.99,https://sg.shein.com/Washed-Ripped-Wide-Leg-Jeans-Casual-Spring-p-18088808.html?mallCode=1&pageListType=4&detailBusinessFrom=0-1_18088808%7C0-2,https://sc.ltwebstatic.com/she_dist/images/bg-grey-solid-color-fc04c1310d.png,2026-05-31T16:24:14+08:00,,,,,
443907236,7,1,7,Soft Green Bubble Gum Bunny Graphic T-Shirt | Y2K/Soft Girl Aesthetic | Cute Bunny Print Crew Neck Casual Everyday Wear Summer,S$0.66,https://sg.shein.com/Soft-Green-Bubble-Gum-Bunny-Graphic-T-Shirt-Y2K-Soft-Girl-Aesthetic-Cute-Bunny-Print-Crew-Neck-Casual-Everyday-Wear-Summer-p-443907236.html?mallCode=1&pageListType=4&detailBusinessFrom=0-1_443907236%7C0-2,https://sc.ltwebstatic.com/she_dist/images/bg-grey-solid-color-fc04c1310d.png,2026-05-31T16:24:14+08:00,,,,,Save S$0.66
434835394,7,1,7,"Summer Korean Style Women's Diamond Knit Top, Sweet Cute Street Style, 3/4 Sleeve Collared Fitted Sweater With Bow Tie, Black & White, Suitable For Dates, Sweet Girls, Spring/Summer",S$2.27,https://sg.shein.com/Summer-Korean-Style-Women-s-Diamond-Knit-Top-Sweet-Cute-Street-Style-3-4-Sleeve-Collared-Fitted-Sweater-With-Bow-Tie-Black-White-Suitable-For-Dates-Sweet-Girls-Spring-Summer-p-434835394.html?mallCode=1&pageListType=4&detailBusinessFrom=0-1_434835394%7C0-2,https://sc.ltwebstatic.com/she_dist/images/bg-grey-solid-color-fc04c1310d.png,2026-05-31T16:24:14+08:00,,,,,Save S$2.27
68245456,7,1,7,"Livesso Plus Size Loose Solid Color Harem Pocket Pants For Women, Spring/Summer Casual",S$3.54,https://sg.shein.com/Livesso-Plus-Size-Loose-Solid-Color-Harem-Pocket-Pants-For-Women-Spring-Summer-Casual-p-68245456.html?mallCode=1&pageListType=4&detailBusinessFrom=0-1_68245456%7C0-2,https://sc.ltwebstatic.com/she_dist/images/bg-grey-solid-color-fc04c1310d.png,2026-05-31T16:24:14+08:00,,,,,Save S$3.54
62405080,7,1,7,DAZY Women's Casual Solid Color Drawstring Waist Long Pants,S$22.99,https://sg.shein.com/DAZY-Women-s-Casual-Solid-Color-Drawstring-Waist-Long-Pants-p-62405080.html?mallCode=1&pageListType=4&detailBusinessFrom=0-1_62405080%7C0-2,https://sc.ltwebstatic.com/she_dist/images/bg-grey-solid-color-fc04c1310d.png,2026-05-31T16:24:14+08:00,,,,,
466819171,7,1,7,"SHEIN Clasi Women's Round Neck Casual Streetwear Leopard Embroidery Faux Pearl Decor Short Sleeve T-Shirt, Versatile For Daily Wear Party Blue Summer",S$8.99,https://sg.shein.com/SHEIN-Clasi-Women-s-Round-Neck-Casual-Streetwear-Leopard-Embroidery-Faux-Pearl-Decor-Short-Sleeve-T-Shirt-Versatile-For-Daily-Wear-Party-Blue-Summer-p-466819171.html?mallCode=1&pageListType=4&detailBusinessFrom=0-1_466819171%7C0-2,https://sc.ltwebstatic.com/she_dist/images/bg-grey-solid-color-fc04c1310d.png,2026-05-31T16:24:14+08:00,,,,,
411972338,7,1,7,"Bellisia Women Brown And Blue Polka Dot 3-Piece Set Bikini,Summer Tropical Beach Party Holiday Vacation,Contrast Color Spaghetti Strap Vest Backless Camisole",S$16.49,https://sg.shein.com/Bellisia-Women-Brown-And-Blue-Polka-Dot-3-Piece-Set-Bikini-Summer-Tropical-Beach-Party-Holiday-Vacation-Contrast-Color-Spaghetti-Strap-Vest-Backless-Camisole-p-411972338.html?mallCode=1&pageListType=4&detailBusinessFrom=0-1_411972338%7C0-2,https://sc.ltwebstatic.com/she_dist/images/bg-grey-solid-color-fc04c1310d.png,2026-05-31T16:24:14+08:00,,,,,
127161192,7,1,7,"FRIFUL Women's Metal Zipper Casual Solid Color Loose Summer Short Sleeve Dress, Vacation & Graduation",S$2.46,https://sg.shein.com/FRIFUL-Women-s-Metal-Zipper-Casual-Solid-Color-Loose-Summer-Short-Sleeve-Dress-Vacation-Graduation-p-127161192.html?mallCode=1&pageListType=4&detailBusinessFrom=0-1_127161192%7C0-2,https://sc.ltwebstatic.com/she_dist/images/bg-grey-solid-color-fc04c1310d.png,2026-05-31T16:24:14+08:00,,,,,Save S$2.46
440316723,7,1,7,Women's Summer Casual Loose Cotton Letter & Cartoon Print Short Sleeve T-Shirt Black,S$10.49,https://sg.shein.com/Women-s-Summer-Casual-Loose-Cotton-Letter-Cartoon-Print-Short-Sleeve-T-Shirt-Black-p-440316723.html?mallCode=1&pageListType=4&detailBusinessFrom=0-1_440316723%7C0-2,https://sc.ltwebstatic.com/she_dist/images/bg-grey-solid-color-fc04c1310d.png,2026-05-31T16:24:14+08:00,,,,,
327682686,7,1,7,"Casual White Zip-Up Hooded Sweatshirt Jacket, Slim Fit Versatile Sports Short Outerwear For Women Spring",S$16.99,https://sg.shein.com/Casual-White-Zip-Up-Hooded-Sweatshirt-Jacket-Slim-Fit-Versatile-Sports-Short-Outerwear-For-Women-Spring-p-327682686.html?mallCode=1&pageListType=4&detailBusinessFrom=0-1_327682686%7C0-2,https://sc.ltwebstatic.com/she_dist/images/bg-grey-solid-color-fc04c1310d.png,2026-05-31T16:24:14+08:00,,,,,
437484797,7,1,7,FRIFUL Women's Floral Lace Round Neck Ruffle Hem Sleeveless Top And Pants Fashion 2-Piece Set Boho Short Sets For Women Vacation Outfits Women Summer,S$9.45,https://sg.shein.com/FRIFUL-Women-s-Floral-Lace-Round-Neck-Ruffle-Hem-Sleeveless-Top-And-Pants-Fashion-2-Piece-Set-Boho-Short-Sets-For-Women-Vacation-Outfits-Women-Summer-p-437484797.html?mallCode=1&pageListType=4&detailBusinessFrom=0-1_437484797%7C0-2,https://sc.ltwebstatic.com/she_dist/images/bg-grey-solid-color-fc04c1310d.png,2026-05-31T16:24:14+08:00,,,,,Save S$9.45
132108301,7,1,7,"Comfortcana Elegant Long Woven Fabric Blue Pants Featuring Stripe Design And Casual Fit Blue Striped Pants,Fall Clothes For Women",S$15.49,https://sg.shein.com/Comfortcana-Elegant-Long-Woven-Fabric-Blue-Pants-Featuring-Stripe-Design-And-Casual-Fit-Blue-Striped-Pants-Fall-Clothes-For-Women-p-132108301.html?mallCode=1&pageListType=4&detailBusinessFrom=0-1_132108301%7C0-2,https://sc.ltwebstatic.com/she_dist/images/bg-grey-solid-color-fc04c1310d.png,2026-05-31T16:24:14+08:00,,,,,
37010064,7,1,7,Comfortcana Two-Piece Set Striped Print Patched Summer Shorts,S$1.75,https://sg.shein.com/Comfortcana-Two-Piece-Set-Striped-Print-Patched-Summer-Shorts-p-37010064.html?mallCode=1&pageListType=4&detailBusinessFrom=0-1_37010064%7C0-2,https://sc.ltwebstatic.com/she_dist/images/bg-grey-solid-color-fc04c1310d.png,2026-05-31T16:24:14+08:00,,,,,Save S$1.75
352767893,7,1,7,"Everyssa Casual Two-Piece Knitted Fabric Outfit Women's Striped Pants And Short Sleeve Tee Set Loungewear, Daily Wear, Streetwear, Office Casual",S$2.52,https://sg.shein.com/Everyssa-Casual-Two-Piece-Knitted-Fabric-Outfit-Women-s-Striped-Pants-And-Short-Sleeve-Tee-Set-Loungewear-Daily-Wear-Streetwear-Office-Casual-p-352767893.html?mallCode=1&pageListType=4&detailBusinessFrom=0-1_352767893%7C0-2,https://sc.ltwebstatic.com/she_dist/images/bg-grey-solid-color-fc04c1310d.png,2026-05-31T16:24:14+08:00,,,,,Save S$2.52
67383207,7,1,7,"Women's Spring/Summer Dignified Elegant Simple Loose Comfortable Linen Dress, Short Sleeve Pocket Round Neck Solid Color Linen Dress",S$21.99,https://sg.shein.com/Women-s-Spring-Summer-Dignified-Elegant-Simple-Loose-Comfortable-Linen-Dress-Short-Sleeve-Pocket-Round-Neck-Solid-Color-Linen-Dress-p-67383207.html?mallCode=1&pageListType=4&detailBusinessFrom=0-1_67383207%7C0-2,https://sc.ltwebstatic.com/she_dist/images/bg-grey-solid-color-fc04c1310d.png,2026-05-31T16:24:14+08:00,,,,,
427660666,7,1,7,"Franclia Women's Casual Black And White 2 Pieces Set,Summer Elegent Short Sleeve T-Shirt And Shorts,Brunch Outfits For Petite Ladies,New Elegant Clothes",S$16.49,https://sg.shein.com/Franclia-Women-s-Casual-Black-And-White-2-Pieces-Set-Summer-Elegent-Short-Sleeve-T-Shirt-And-Shorts-Brunch-Outfits-For-Petite-Ladies-New-Elegant-Clothes-p-427660666.html?mallCode=1&pageListType=4&detailBusinessFrom=0-1_427660666%7C0-2,https://sc.ltwebstatic.com/she_dist/images/bg-grey-solid-color-fc04c1310d.png,2026-05-31T16:24:14+08:00,,,,,
343778467,7,1,7,"Resyla Women's New Striped Print Round Neck Fitted Sleeveless Dress, Spring/Summer",S$8.49,https://sg.shein.com/Resyla-Women-s-New-Striped-Print-Round-Neck-Fitted-Sleeveless-Dress-Spring-Summer-p-343778467.html?mallCode=1&pageListType=4&detailBusinessFrom=0-1_343778467%7C0-2,https://sc.ltwebstatic.com/she_dist/images/bg-grey-solid-color-fc04c1310d.png,2026-05-31T16:24:14+08:00,,,,,50+ sold
330613139,7,1,7,Grey Knit Cardigan Short Sleeve Women Slim Fit Collegiate Style Summer Round Neck Lace Patchwork Thin Top With Drawstring Hem,S$18.49,https://sg.shein.com/Grey-Knit-Cardigan-Short-Sleeve-Women-Slim-Fit-Collegiate-Style-Summer-Round-Neck-Lace-Patchwork-Thin-Top-With-Drawstring-Hem-p-330613139.html?mallCode=1&pageListType=4&detailBusinessFrom=0-1_330613139%7C0-2,https://sc.ltwebstatic.com/she_dist/images/bg-grey-solid-color-fc04c1310d.png,2026-05-31T16:24:14+08:00,,,,,90+ sold
346603945,7,1,7,"Franclia Women's Navy And White Striped Shirt And Navy Shorts Set,Summer Casual Elegant Office Style,Spring/Autumn 2 Piece Outfit For Daily Work,Versatile",S$20.99,https://sg.shein.com/Franclia-Women-s-Navy-And-White-Striped-Shirt-And-Navy-Shorts-Set-Summer-Casual-Elegant-Office-Style-Spring-Autumn-2-Piece-Outfit-For-Daily-Work-Versatile-p-346603945.html?mallCode=1&pageListType=4&detailBusinessFrom=0-1_346603945%7C0-2,https://sc.ltwebstatic.com/she_dist/images/bg-grey-solid-color-fc04c1310d.png,2026-05-31T16:24:14+08:00,,,,,
32350846,7,1,7,"Breezaya Ladies Tapered Khaki Pants,Summer Casual Vacation Holiday Women Regular Fit Jogger With Elastic Waistband,Diagonal Pockets,Tie Belt And Drawstring",S$14.99,https://sg.shein.com/Breezaya-Ladies-Tapered-Khaki-Pants-Summer-Casual-Vacation-Holiday-Women-Regular-Fit-Jogger-With-Elastic-Waistband-Diagonal-Pockets-Tie-Belt-And-Drawstring-p-32350846.html?mallCode=1&pageListType=4&detailBusinessFrom=0-1_32350846%7C0-2,https://sc.ltwebstatic.com/she_dist/images/bg-grey-solid-color-fc04c1310d.png,2026-05-31T16:24:14+08:00,,,,,
448631198,7,1,7,"Vintage Slogan Graphic T-Shirt, Urban Street Basic Top, Retro Daily Style Short Sleeve, Avant-Garde Aesthetic Casual Daily Shirt Summer",S$5.49,https://sg.shein.com/Vintage-Slogan-Graphic-T-Shirt-Urban-Street-Basic-Top-Retro-Daily-Style-Short-Sleeve-Avant-Garde-Aesthetic-Casual-Daily-Shirt-Summer-p-448631198.html?mallCode=1&pageListType=4&detailBusinessFrom=0-1_448631198%7C0-2,https://sc.ltwebstatic.com/she_dist/images/bg-grey-solid-color-fc04c1310d.png,2026-05-31T16:24:14+08:00,,,,,
321612230,7,1,7,"Women's Plaid Short Sleeve Shirt, Suitable For Autumn And Winter Summer",S$16.49,https://sg.shein.com/Women-s-Plaid-Short-Sleeve-Shirt-Suitable-For-Autumn-And-Winter-Summer-p-321612230.html?mallCode=1&pageListType=4&detailBusinessFrom=0-1_321612230%7C0-2,https://sc.ltwebstatic.com/she_dist/images/bg-grey-solid-color-fc04c1310d.png,2026-05-31T16:24:14+08:00,,,,,
352164170,7,1,7,"K-Vae Women's Loose Striped 2-Piece Set, Includes Oblique Shoulder Long Sleeve Top + Drawstring Shorts, Casual Loungewear Outfit",S$13.99,https://sg.shein.com/K-Vae-Women-s-Loose-Striped-2-Piece-Set-Includes-Oblique-Shoulder-Long-Sleeve-Top-Drawstring-Shorts-Casual-Loungewear-Outfit-p-352164170.html?mallCode=1&pageListType=4&detailBusinessFrom=0-1_352164170%7C0-2,https://sc.ltwebstatic.com/she_dist/images/bg-grey-solid-color-fc04c1310d.png,2026-05-31T16:24:14+08:00,,,,,50+ sold
438324055,7,2,"7,8","Elenzga Women's Summer Boho Holiday Vacation Beige Leaf Print Halter Neck Tank Top,Elegant Sleeveless Bow Tie Neckline Wooden Bead Asymmetric Hem Slim Fit",S$1.30,https://sg.shein.com/Elenzga-Women-s-Summer-Boho-Holiday-Vacation-Beige-Leaf-Print-Halter-Neck-Tank-Top-Elegant-Sleeveless-Bow-Tie-Neckline-Wooden-Bead-Asymmetric-Hem-Slim-Fit-p-438324055.html?mallCode=1&pageListType=4&detailBusinessFrom=0-1_438324055%7C0-2,https://sc.ltwebstatic.com/she_dist/images/bg-grey-solid-color-fc04c1310d.png,2026-05-31T16:24:14+08:00,,,,,Save S$1.30
426985832,7,2,"7,8","Summer New Arrival Simple Fashion Blue Striped Print Casual Round Neck Short Sleeve T-Shirt, Versatile Stylish Blouse For Women White",S$6.99,https://sg.shein.com/Summer-New-Arrival-Simple-Fashion-Blue-Striped-Print-Casual-Round-Neck-Short-Sleeve-T-Shirt-Versatile-Stylish-Blouse-For-Women-White-p-426985832.html?mallCode=1&pageListType=4&detailBusinessFrom=0-1_426985832%7C0-2,https://sc.ltwebstatic.com/she_dist/images/bg-grey-solid-color-fc04c1310d.png,2026-05-31T16:24:14+08:00,,,,,
448710142,7,2,"7,10","Elenzga Women's Summer Black And Beige Striped Asymmetric Shoulder Short Sleeve Fitted T-Shirt,Seksi Chic Night Elegant Blouse For &Street Photography",S$7.99,https://sg.shein.com/Elenzga-Women-s-Summer-Black-And-Beige-Striped-Asymmetric-Shoulder-Short-Sleeve-Fitted-T-Shirt-Seksi-Chic-Night-Elegant-Blouse-For-Street-Photography-p-448710142.html?mallCode=1&pageListType=4&detailBusinessFrom=0-1_448710142%7C0-2,https://sc.ltwebstatic.com/she_dist/images/bg-grey-solid-color-fc04c1310d.png,2026-05-31T16:24:14+08:00,,,,,
433751433,7,1,7,SHEIN Women's Striped Button Design Short Sleeve Casual T-Shirt,S$5.49,https://sg.shein.com/SHEIN-Women-s-Striped-Button-Design-Short-Sleeve-Casual-T-Shirt-p-433751433.html?mallCode=1&pageListType=4&detailBusinessFrom=0-1_433751433%7C0-2,https://sc.ltwebstatic.com/she_dist/images/bg-grey-solid-color-fc04c1310d.png,2026-05-31T16:24:14+08:00,,,,,
123178113,7,1,7,"2pcs Set Women Dramatic Sarcasm Slogan Funny Graphic Print Casual Outfit, Suitable For Daily Wear",S$12.49,https://sg.shein.com/2pcs-Set-Women-Dramatic-Sarcasm-Slogan-Funny-Graphic-Print-Casual-Outfit-Suitable-For-Daily-Wear-p-123178113.html?mallCode=1&pageListType=4&detailBusinessFrom=0-1_123178113%7C0-2,https://sc.ltwebstatic.com/she_dist/images/bg-grey-solid-color-fc04c1310d.png,2026-05-31T16:24:14+08:00,,,,,
41700267,8,1,8,SHEIN PETITE Women's Casual Vacation Waistband Blue Wide Leg Pants,S$10.49,https://sg.shein.com/SHEIN-PETITE-Women-s-Casual-Vacation-Waistband-Blue-Wide-Leg-Pants-p-41700267.html?mallCode=1&pageListType=4&detailBusinessFrom=0-1_41700267%7C0-2,https://img.ltwebstatic.com/images3_pi/2024/09/06/e3/17256082003523c7dbdc1ff8711a3da30e527a47e4_thumbnail_600x.webp,2026-05-31T16:24:38+08:00,,,,,
369720944,8,1,8,Comfortcana Women's Spring Casual Polka Dot Print Camisole And Pants 2 Pieces Set Summer Cute Polka Dot 2 Pieces Set Halloween Polka Dot 2 Pieces Set,S$2.28,https://sg.shein.com/Comfortcana-Women-s-Spring-Casual-Polka-Dot-Print-Camisole-And-Pants-2-Pieces-Set-Summer-Cute-Polka-Dot-2-Pieces-Set-Halloween-Polka-Dot-2-Pieces-Set-p-369720944.html?mallCode=1&pageListType=4&detailBusinessFrom=0-1_369720944%7C0-2,https://img.ltwebstatic.com/v4/j/pi/2026/01/14/70/17683701280555f6a64130123b9c29e724913adf3f_thumbnail_600x.webp,2026-05-31T16:24:38+08:00,,,,,Save S$2.28
465262180,8,1,8,SHEIN Franclia Women's Summer Lace Trim Asymmetrical Hem Blouse,S$11.49,https://sg.shein.com/SHEIN-Franclia-Women-s-Summer-Lace-Trim-Asymmetrical-Hem-Blouse-p-465262180.html?mallCode=1&pageListType=4&detailBusinessFrom=0-1_465262180%7C0-2,https://img.ltwebstatic.com/v4/j/pi/2026/05/10/a1/17784126537589b42dfe99de097683fce6967d1723_thumbnail_600x.webp,2026-05-31T16:24:38+08:00,,,,,
446140384,8,2,"8,10",DrmWander Women's Polka Dot Print Casual Halter Neck Camisole,S$5.49,https://sg.shein.com/DrmWander-Women-s-Polka-Dot-Print-Casual-Halter-Neck-Camisole-p-446140384.html?mallCode=1&pageListType=4&detailBusinessFrom=0-1_446140384%7C0-2,https://img.ltwebstatic.com/v4/j/pi/2026/04/16/7a/1776328150171f798298a773be0f7e2736baf7ca40_thumbnail_600x.webp,2026-05-31T16:24:38+08:00,,,,,
442813016,8,1,8,"Lalippa Striped Digital Print Casual Oversized Mid-Length Round Neck Drop Shoulder Women T-Shirt, Gift For Friends",S$1.50,https://sg.shein.com/Lalippa-Striped-Digital-Print-Casual-Oversized-Mid-Length-Round-Neck-Drop-Shoulder-Women-T-Shirt-Gift-For-Friends-p-442813016.html?mallCode=1&pageListType=4&detailBusinessFrom=0-1_442813016%7C0-2,https://img.ltwebstatic.com/v4/j/pi/2026/04/14/78/1776136652c2bea8f1931dbb4bd5630a0619661756_thumbnail_600x.webp,2026-05-31T16:24:38+08:00,,,,,Save S$1.50
420335629,8,1,8,"SHEIN Clasi Women's 2-Piece Set Chic Floral Shirt With Tie Bow & Khaki Loose Straight Leg Pants,All Shades Of Brown,Summer,Casual,Everyday Vintage Style Outfit",S$1.80,https://sg.shein.com/SHEIN-Clasi-Women-s-2-Piece-Set-Chic-Floral-Shirt-With-Tie-Bow-Khaki-Loose-Straight-Leg-Pants-All-Shades-Of-Brown-Summer-Casual-Everyday-Vintage-Style-Outfit-p-420335629.html?mallCode=1&pageListType=4&detailBusinessFrom=0-1_420335629%7C0-2,https://img.ltwebstatic.com/v4/j/pi/2026/03/13/ac/17733898560b21b844b5d34c5349fe77fc11751e2f_thumbnail_600x.webp,2026-05-31T16:24:38+08:00,,,,,Save S$1.80
147800358,8,1,8,SuriyaCove Women's Navy Blue Bestselling Embroidered Lemon Side Slit Shorts,S$1.02,https://sg.shein.com/SuriyaCove-Women-s-Navy-Blue-Bestselling-Embroidered-Lemon-Side-Slit-Shorts-p-147800358.html?mallCode=1&pageListType=4&detailBusinessFrom=0-1_147800358%7C0-2,https://img.ltwebstatic.com/v4/j/pi/2026/01/26/53/1769420281116c4ed06151a300f47de6aeec42bfa2_thumbnail_600x.webp,2026-05-31T16:24:38+08:00,,,,,Save S$1.02
419399820,8,1,8,"Women's Elegant Lightweight Printed Wide-Leg Pants, Comfortable Loose Fit, Suitable For All Seasons Vacation Spring",S$14.49,https://sg.shein.com/Women-s-Elegant-Lightweight-Printed-Wide-Leg-Pants-Comfortable-Loose-Fit-Suitable-For-All-Seasons-Vacation-Spring-p-419399820.html?mallCode=1&pageListType=4&detailBusinessFrom=0-1_419399820%7C0-2,https://img.ltwebstatic.com/v4/j/spmp/2026/03/01/57/177235734682299425b2ac63cc84413d1a5c7e64de_thumbnail_600x.webp,2026-05-31T16:24:38+08:00,,,,,
430708463,8,1,8,"Resyla Vintage Casual Loose 2 Pieces Set, Fashion Versatile",S$24.99,https://sg.shein.com/Resyla-Vintage-Casual-Loose-2-Pieces-Set-Fashion-Versatile-p-430708463.html?mallCode=1&pageListType=4&detailBusinessFrom=0-1_430708463%7C0-2,https://img.ltwebstatic.com/v4/j/pi/2026/03/26/14/177448902447be666bbc21d20f6e4bfbb1b5eba680_thumbnail_600x.webp,2026-05-31T16:24:38+08:00,,,,,
112406599,8,1,8,"2025 Summer New V-Neck Sleeveless Cropped Camisole Tank Tops For Girls, Versatile All-Match Layer Casual Red",S$11.99,https://sg.shein.com/2025-Summer-New-V-Neck-Sleeveless-Cropped-Camisole-Tank-Tops-For-Girls-Versatile-All-Match-Layer-Casual-Red-p-112406599.html?mallCode=1&pageListType=4&detailBusinessFrom=0-1_112406599%7C0-2,https://img.ltwebstatic.com/v4/j/spmp/2025/11/15/ac/1763177722441c924c754d7e024e29c733a128ed7a_thumbnail_600x.webp,2026-05-31T16:24:38+08:00,,,,,High Repeat Customers
338914170,8,2,"8,9","Swim Mod Women's Solid Apricot Textured Fabric Beaded Decor Camisole & Bikini Set, Suitable For Summer Beach & Vacation",S$15.19,https://sg.shein.com/Swim-Mod-Women-s-Solid-Apricot-Textured-Fabric-Beaded-Decor-Camisole-Bikini-Set-Suitable-For-Summer-Beach-Vacation-p-338914170.html?mallCode=1&pageListType=4&detailBusinessFrom=0-1_338914170%7C0-2,https://img.ltwebstatic.com/v4/j/pi/2025/12/25/a9/1766644397ca6d85ec46811892a9c457148c286018_thumbnail_600x.webp,2026-05-31T16:24:38+08:00,,-5%,,,100+ sold
15718367,8,2,"8,9",Summer Casual Vintage Washed Denim Shorts,S$21.49,https://sg.shein.com/Summer-Casual-Vintage-Washed-Denim-Shorts-p-15718367.html?mallCode=1&pageListType=4&detailBusinessFrom=0-1_15718367%7C0-2,https://img.ltwebstatic.com/images3_pi/2023/04/24/168233543055a9bcddbaea29d791bea3b6a6f319d8_thumbnail_600x.webp,2026-05-31T16:24:38+08:00,,,,,
394751790,8,2,"8,9","Franclia Women Blue And White Stripe Two-Piece Set,Elegant Casual Summer Vacation Holiday Outfits Featuring Striped Collar Casual Top And White Fitted Shorts",S$2.36,https://sg.shein.com/Franclia-Women-Blue-And-White-Stripe-Two-Piece-Set-Elegant-Casual-Summer-Vacation-Holiday-Outfits-Featuring-Striped-Collar-Casual-Top-And-White-Fitted-Shorts-p-394751790.html?mallCode=1&pageListType=4&detailBusinessFrom=0-1_394751790%7C0-2,https://img.ltwebstatic.com/v4/j/pi/2026/05/11/ca/177850449810f325ff30016d43f8dc3d7bbcb8e96e_thumbnail_600x.webp,2026-05-31T16:24:38+08:00,,,,,Save S$2.36
13651875,8,2,"8,9","Stretchy Skinny Fitted Sexy Korean Style Casual Beach Vacation Denim Shorts, Versatile For Daily Wear Black Summer",S$17.99,https://sg.shein.com/Stretchy-Skinny-Fitted-Sexy-Korean-Style-Casual-Beach-Vacation-Denim-Shorts-Versatile-For-Daily-Wear-Black-Summer-p-13651875.html?mallCode=1&pageListType=4&detailBusinessFrom=0-1_13651875%7C0-2,https://img.ltwebstatic.com/images3_pi/2023/02/28/167757601730516ab7b726c36f0ea49f1388f9aaaa_thumbnail_600x.webp,2026-05-31T16:24:38+08:00,,,,,
443300618,8,2,"8,9",EMERY ROSE Women's Woven Printed Striped Casual Resort Short Dress,S$11.49,https://sg.shein.com/EMERY-ROSE-Women-s-Woven-Printed-Striped-Casual-Resort-Short-Dress-p-443300618.html?mallCode=1&pageListType=4&detailBusinessFrom=0-1_443300618%7C0-2,https://img.ltwebstatic.com/v4/j/pi/2026/04/14/a9/1776168363d780f28446da77150ea30d9538731fc1_thumbnail_600x.webp,2026-05-31T16:24:38+08:00,,,,,
35940570,8,2,"8,9",Vivid Eden Summer Holiday Boho Style Women's Jumpsuit With Hollow Out And All-Over Print And Thick Strap Boho Style Blue And White,S$12.49,https://sg.shein.com/Vivid-Eden-Summer-Holiday-Boho-Style-Women-s-Jumpsuit-With-Hollow-Out-And-All-Over-Print-And-Thick-Strap-Boho-Style-Blue-And-White-p-35940570.html?mallCode=1&pageListType=4&detailBusinessFrom=0-1_35940570%7C0-2,https://img.ltwebstatic.com/images3_pi/2024/12/12/2a/1733981418853acee6bf330aa20725dab7a46287ec_thumbnail_600x.webp,2026-05-31T16:24:38+08:00,,,,,
80783290,8,1,8,"Women's Loose White Woven Fabric Drop Shoulder Short Sleeve Top, Perfect For Summer Bohemian Style.",S$8.99,https://sg.shein.com/Women-s-Loose-White-Woven-Fabric-Drop-Shoulder-Short-Sleeve-Top-Perfect-For-Summer-Bohemian-Style-p-80783290.html?mallCode=1&pageListType=4&detailBusinessFrom=0-1_80783290%7C0-2,https://img.ltwebstatic.com/v4/j/spmp/2025/05/05/92/1746447431672cf4b97474252eabd722c99fdf154e_thumbnail_600x.webp,2026-05-31T16:24:38+08:00,,,,,90+ sold
442392849,8,1,8,"Women's Loose White Woven Fabric Drop Shoulder Short Sleeve Top, Perfect For Summer Bohemian Style.",S$8.49,https://sg.shein.com/Women-s-Loose-White-Woven-Fabric-Drop-Shoulder-Short-Sleeve-Top-Perfect-For-Summer-Bohemian-Style-p-442392849.html?mallCode=1&pageListType=4&detailBusinessFrom=0-1_442392849%7C0-2,https://img.ltwebstatic.com/v4/j/spmp/2026/04/11/33/1775907301e1e34f74c15cea01208b8fe61d3c0284_thumbnail_600x.webp,2026-05-31T16:24:38+08:00,,,,,50+ sold
32063872,8,1,8,"DAZY Washed Flared Wide-Leg Denim Pants,Baggy Jeans Y2k Low Rise Jeans",S$3.30,https://sg.shein.com/DAZY-Washed-Flared-Wide-Leg-Denim-Pants-Baggy-Jeans-Y2k-Low-Rise-Jeans-p-32063872.html?mallCode=1&pageListType=4&detailBusinessFrom=0-1_32063872%7C0-2,https://img.ltwebstatic.com/images3_pi/2024/03/25/7b/171132987575b3e037a57e5e7af6c016ae7b7047df_thumbnail_600x.webp,2026-05-31T16:24:38+08:00,,,,,Save S$3.30
248774452,8,2,"8,9",INAWLY Women's Casual Layered Design Cuffed Sleeve Collared Shirt,S$10.38,https://sg.shein.com/INAWLY-Women-s-Casual-Layered-Design-Cuffed-Sleeve-Collared-Shirt-p-248774452.html?mallCode=1&pageListType=4&detailBusinessFrom=0-1_248774452%7C0-2,https://img.ltwebstatic.com/v4/j/pi/2025/10/21/95/1761011200fa577b8ec964ba5e36150e3a094196c7_thumbnail_600x.webp,2026-05-31T16:24:38+08:00,,-13%,,,100+ sold
442871320,8,1,8,"Women's Loose White Woven Fabric Drop Shoulder Short Sleeve Top, Perfect For Summer Bohemian Style.",S$8.49,https://sg.shein.com/Women-s-Loose-White-Woven-Fabric-Drop-Shoulder-Short-Sleeve-Top-Perfect-For-Summer-Bohemian-Style-p-442871320.html?mallCode=1&pageListType=4&detailBusinessFrom=0-1_442871320%7C0-2,https://img.ltwebstatic.com/v4/j/spmp/2026/04/11/ca/177590727624e30811691d4b0ddd7931293aae8166_thumbnail_600x.webp,2026-05-31T16:24:38+08:00,,,,,
84304947,8,1,8,"SHEIN Women's Casual Solid Color Side-Drawstring Short Sleeve T-Shirt, Summer",S$6.99,https://sg.shein.com/SHEIN-Women-s-Casual-Solid-Color-Side-Drawstring-Short-Sleeve-T-Shirt-Summer-p-84304947.html?mallCode=1&pageListType=4&detailBusinessFrom=0-1_84304947%7C0-2,https://img.ltwebstatic.com/v4/j/pi/2025/05/22/ea/1747881722d729a5d01cb843889c2015078bf6b4f9_thumbnail_600x.webp,2026-05-31T16:24:38+08:00,,,,,100+ sold
73889538,8,1,8,"Franclia Fashionable High-End French Design Loose Batwing Sleeve Lapel Collar Women Shirt, Black Blouse",S$10.99,https://sg.shein.com/Franclia-Fashionable-High-End-French-Design-Loose-Batwing-Sleeve-Lapel-Collar-Women-Shirt-Black-Blouse-p-73889538.html?mallCode=1&pageListType=4&detailBusinessFrom=0-1_73889538%7C0-2,https://img.ltwebstatic.com/v4/j/pi/2025/05/06/b0/1746523013f9c84fe63efa2d34d3097eb7927a6d6a_thumbnail_600x.webp,2026-05-31T16:24:38+08:00,,,(1000+),,100+ sold
254299548,8,1,8,"Women's Criss-Cross Waist Flare Pants, High Elasticity Polyester Solid Color Sports Yoga Pants, Criss-Cross Waist Casual Long Pants, Solid Color Skinny Workout Leggings Suitable For All Seasons, Knit Fabric Wide Leg Pants Suitable For Fitness And Leisure Wear White Spring",S$10.49,https://sg.shein.com/Women-s-Criss-Cross-Waist-Flare-Pants-High-Elasticity-Polyester-Solid-Color-Sports-Yoga-Pants-Criss-Cross-Waist-Casual-Long-Pants-Solid-Color-Skinny-Workout-Leggings-Suitable-For-All-Seasons-Knit-Fabric-Wide-Leg-Pants-Suitable-For-Fitness-And-Leisure-Wear-White-Spring-p-254299548.html?mallCode=1&pageListType=4&detailBusinessFrom=0-1_254299548%7C0-2,https://img.ltwebstatic.com/v4/j/spmp/2026/04/26/56/17771991915935b7ca47336e8f532905a90896698e_thumbnail_600x.webp,2026-05-31T16:24:38+08:00,,,,,70+ sold
291475547,8,1,8,"INAWLY 3pcs Women Fitted Ruched T-Shirt Set,All Shades Of Brown,Summer,Casual,Everyday,Short Sleeve Outdoor Tops,Champagne,Mocha Brown,Black,Back To School",S$14.49,https://sg.shein.com/INAWLY-3pcs-Women-Fitted-Ruched-T-Shirt-Set-All-Shades-Of-Brown-Summer-Casual-Everyday-Short-Sleeve-Outdoor-Tops-Champagne-Mocha-Brown-Black-Back-To-School-p-291475547.html?mallCode=1&pageListType=4&detailBusinessFrom=0-1_291475547%7C0-2,https://img.ltwebstatic.com/v4/j/pi/2025/11/18/42/17634612890328670ddce061165fed805f32ec1f0b_thumbnail_600x.webp,2026-05-31T16:24:38+08:00,,,,,
443911705,8,1,8,"Korean Style Fashionable Cream-Colored Women's Short Sleeve Casual Blazer Jacket, Summer New Arrival",S$1.12,https://sg.shein.com/Korean-Style-Fashionable-Cream-Colored-Women-s-Short-Sleeve-Casual-Blazer-Jacket-Summer-New-Arrival-p-443911705.html?mallCode=1&pageListType=4&detailBusinessFrom=0-1_443911705%7C0-2,https://img.ltwebstatic.com/v4/j/spmp/2026/04/15/56/177618691018f764a71fc4dcd8510aad1b19919194_thumbnail_600x.webp,2026-05-31T16:24:38+08:00,,,,,Save S$1.12
444301134,8,1,8,"Women's Summer Ice Silk Breathable Running Pants, Quick-Dry Lightweight Sports Pants With Zipper Pockets & Elastic Waistband For Fitness & Jogging Black",S$5.67,https://sg.shein.com/Women-s-Summer-Ice-Silk-Breathable-Running-Pants-Quick-Dry-Lightweight-Sports-Pants-With-Zipper-Pockets-Elastic-Waistband-For-Fitness-Jogging-Black-p-444301134.html?mallCode=1&pageListType=4&detailBusinessFrom=0-1_444301134%7C0-2,https://img.ltwebstatic.com/v4/j/spmp/2026/04/08/4a/1775630315358f737f74f54fc2c98ac4672e43da26_thumbnail_600x.webp,2026-05-31T16:24:38+08:00,,,,,Save S$5.67
116650552,8,1,8,"White English Print Short Sleeve Mid-Length T-Shirt For Women, Stylish And Chic Casual Summer",S$6.30,https://sg.shein.com/White-English-Print-Short-Sleeve-Mid-Length-T-Shirt-For-Women-Stylish-And-Chic-Casual-Summer-p-116650552.html?mallCode=1&pageListType=4&detailBusinessFrom=0-1_116650552%7C0-2,https://img.ltwebstatic.com/v4/p/spmp/2026/03/11/84/1773217013710f5cd1c3d797f325c7545b30b9f286_thumbnail_600x.webp,2026-05-31T16:24:38+08:00,,-3%,,,High Repeat Customers
39747433,8,1,8,DAZY Women's Solid Color Minimalist Casual Straight Leg Pants,S$2.08,https://sg.shein.com/DAZY-Women-s-Solid-Color-Minimalist-Casual-Straight-Leg-Pants-p-39747433.html?mallCode=1&pageListType=4&detailBusinessFrom=0-1_39747433%7C0-2,https://img.ltwebstatic.com/images3_pi/2024/07/30/9d/17223104822be8715a4ea16873620a6a354462683e_thumbnail_600x.webp,2026-05-31T16:24:38+08:00,,,,,Save S$2.08
444573353,8,1,8,"Women's Summer Ice Silk Breathable Running Pants, Quick-Dry Lightweight Sports Pants With Zipper Pockets & Elastic Waistband For Fitness & Jogging Spring",S$11.55,https://sg.shein.com/Women-s-Summer-Ice-Silk-Breathable-Running-Pants-Quick-Dry-Lightweight-Sports-Pants-With-Zipper-Pockets-Elastic-Waistband-For-Fitness-Jogging-Spring-p-444573353.html?mallCode=1&pageListType=4&detailBusinessFrom=0-1_444573353%7C0-2,https://img.ltwebstatic.com/v4/j/spmp/2026/04/08/64/17756304519107a95e79ac08dceb4f9c8cdfa7b880_thumbnail_600x.webp,2026-05-31T16:24:38+08:00,,-14%,,,60+ sold
97761235,8,1,8,"Women's Solid Color Button Half Placket Short Sleeve Casual T-Shirt, Summer Black",S$12.99,https://sg.shein.com/Women-s-Solid-Color-Button-Half-Placket-Short-Sleeve-Casual-T-Shirt-Summer-Black-p-97761235.html?mallCode=1&pageListType=4&detailBusinessFrom=0-1_97761235%7C0-2,https://img.ltwebstatic.com/v4/j/spmp/2025/06/04/07/17490179814efef4363ddf6594b6824a410a1e38f2_thumbnail_600x.webp,2026-05-31T16:24:38+08:00,,,,,50+ sold
135820920,8,1,8,"ELVA Black Blouse, Polka Dot Retro Luxurious Style, Long Sleeve Loose Fit, Suitable For Women's Office Wear, Including Work Tops, Autumn Womenswear, Back To School Season Outfits, Back To School Party Dresses, Boyfriend Style Teacher Attire",S$12.73,https://sg.shein.com/ELVA-Black-Blouse-Polka-Dot-Retro-Luxurious-Style-Long-Sleeve-Loose-Fit-Suitable-For-Women-s-Office-Wear-Including-Work-Tops-Autumn-Womenswear-Back-To-School-Season-Outfits-Back-To-School-Party-Dresses-Boyfriend-Style-Teacher-Attire-p-135820920.html?mallCode=1&pageListType=4&detailBusinessFrom=0-1_135820920%7C0-2,https://img.ltwebstatic.com/v4/j/spmp/2025/07/23/77/17532635226e7d48f8c176de14ecebf73df0f158ce_thumbnail_600x.webp,2026-05-31T16:24:38+08:00,,-9%,(1000+),,200+ sold
77249437,8,1,8,DAZY Women's Slim Fit Short Sleeve Solid Color Collared Blouse,S$13.49,https://sg.shein.com/DAZY-Women-s-Slim-Fit-Short-Sleeve-Solid-Color-Collared-Blouse-p-77249437.html?mallCode=1&pageListType=4&detailBusinessFrom=0-1_77249437%7C0-2,https://img.ltwebstatic.com/v4/j/pi/2026/03/16/9e/17736293663e64bf94465ea91454d6a0dcb18a41dc_thumbnail_600x.webp,2026-05-31T16:24:38+08:00,,,(1000+),,300+ sold
281753263,8,1,8,"Vela Rue Minimalist Design Pants, Hook & Zipper Closure Thin Solid Gray Wide Leg Trousers, Flattering Silhouette, Fashionable Wide Leg Pants For All Seasons Spring",S$13.91,https://sg.shein.com/Vela-Rue-Minimalist-Design-Pants-Hook-Zipper-Closure-Thin-Solid-Gray-Wide-Leg-Trousers-Flattering-Silhouette-Fashionable-Wide-Leg-Pants-For-All-Seasons-Spring-p-281753263.html?mallCode=1&pageListType=4&detailBusinessFrom=0-1_281753263%7C0-2,https://img.ltwebstatic.com/v4/j/spmp/2026/01/14/d4/17684030668a9e7114ce708a394b50fe1eed57e5ef_thumbnail_600x.webp,2026-05-31T16:24:38+08:00,,-4%,,,200+ sold
435719715,8,1,8,EMERY ROSE Women's Short Sleeve T-Shirt With Special Lace Trim,S$1.17,https://sg.shein.com/EMERY-ROSE-Women-s-Short-Sleeve-T-Shirt-With-Special-Lace-Trim-p-435719715.html?mallCode=1&pageListType=4&detailBusinessFrom=0-1_435719715%7C0-2,https://img.ltwebstatic.com/v4/j/pi/2026/04/03/ee/1775205576ca82744ee705ba75dae6c4a09ebe972d_thumbnail_600x.webp,2026-05-31T16:24:38+08:00,,,,,Save S$1.17
425558535,8,1,8,SHEIN Women's Fitted Raglan Short Sleeve Crew Neck T-Shirt With White Printed Graphic,S$6.49,https://sg.shein.com/SHEIN-Women-s-Fitted-Raglan-Short-Sleeve-Crew-Neck-T-Shirt-With-White-Printed-Graphic-p-425558535.html?mallCode=1&pageListType=4&detailBusinessFrom=0-1_425558535%7C0-2,https://img.ltwebstatic.com/v4/j/pi/2026/03/19/02/17739062621e1f8f4c70103bc62e4ccbf0b99131b2_thumbnail_600x.webp,2026-05-31T16:24:38+08:00,,,,,70+ sold
440785437,8,1,8,"Lalippa Retro Pattern Digital Print Fashionable Minimalist Oversized Mid-Length Round Neck Drop Shoulder Women T-Shirt, Gift For Friends",S$1.00,https://sg.shein.com/Lalippa-Retro-Pattern-Digital-Print-Fashionable-Minimalist-Oversized-Mid-Length-Round-Neck-Drop-Shoulder-Women-T-Shirt-Gift-For-Friends-p-440785437.html?mallCode=1&pageListType=4&detailBusinessFrom=0-1_440785437%7C0-2,https://img.ltwebstatic.com/v4/j/pi/2026/04/11/df/1775874771b39b9d5360aae0a8fbc16d379e2b6bb2_thumbnail_600x.webp,2026-05-31T16:24:38+08:00,,,,,Save S$1.00
39284776,8,1,8,"INAWLY Women's Casual Letter Print Asymmetric Neck Loose Short Sleeve T-Shirt, Summer Graphic Tees Women Tops",S$8.49,https://sg.shein.com/INAWLY-Women-s-Casual-Letter-Print-Asymmetric-Neck-Loose-Short-Sleeve-T-Shirt-Summer-Graphic-Tees-Women-Tops-p-39284776.html?mallCode=1&pageListType=4&detailBusinessFrom=0-1_39284776%7C0-2,https://img.ltwebstatic.com/images3_pi/2024/07/31/d6/17224085971b12181b14a2a13a09b0dca7a6a51378_thumbnail_600x.webp,2026-05-31T16:24:38+08:00,,,(1000+),,200+ sold
456882504,8,1,8,"Breezaya Women's Black Summer Casual Loose High Waist Wide Leg Solid Color Pants,Elegant Fashion Outfit For Vacation,Holiday,Commuting,Daily Wear,Party,Beach",S$14.99,https://sg.shein.com/Breezaya-Women-s-Black-Summer-Casual-Loose-High-Waist-Wide-Leg-Solid-Color-Pants-Elegant-Fashion-Outfit-For-Vacation-Holiday-Commuting-Daily-Wear-Party-Beach-p-456882504.html?mallCode=1&pageListType=4&detailBusinessFrom=0-1_456882504%7C0-2,https://img.ltwebstatic.com/v4/j/pi/2026/05/26/84/17797620951b6757d15e637a2ddc433bbb80b6c618_thumbnail_600x.webp,2026-05-31T16:24:38+08:00,,,,,
150436910,8,1,8,INAWLY Summer Casual Solid Color Short Sleeve T-Shirt And Striped Pants Set,S$19.49,https://sg.shein.com/INAWLY-Summer-Casual-Solid-Color-Short-Sleeve-T-Shirt-And-Striped-Pants-Set-p-150436910.html?mallCode=1&pageListType=4&detailBusinessFrom=0-1_150436910%7C0-2,https://img.ltwebstatic.com/v4/j/pi/2025/08/12/6f/1754980089534441815283b4bbfb528b78e799e457_thumbnail_600x.webp,2026-05-31T16:24:38+08:00,,,,,
430552044,8,1,8,"2026 New Colorblock Round Neck Printed Short Sleeve T-Shirt, Loose Casual Sporty Top For Summer Black",S$7.99,https://sg.shein.com/2026-New-Colorblock-Round-Neck-Printed-Short-Sleeve-T-Shirt-Loose-Casual-Sporty-Top-For-Summer-Black-p-430552044.html?mallCode=1&pageListType=4&detailBusinessFrom=0-1_430552044%7C0-2,https://img.ltwebstatic.com/v4/j/spmp/2026/04/06/dd/17754613078f4e0af1f6bdf5e5492e16cbfb24c1fc_thumbnail_600x.webp,2026-05-31T16:24:38+08:00,,,,,
398898617,8,1,8,"Resyla Lace Trim Camisole Dress Cover Up, Long Sleeve Knit Shrug Tops For Women, Summer Sun Protection",S$8.49,https://sg.shein.com/Resyla-Lace-Trim-Camisole-Dress-Cover-Up-Long-Sleeve-Knit-Shrug-Tops-For-Women-Summer-Sun-Protection-p-398898617.html?mallCode=1&pageListType=4&detailBusinessFrom=0-1_398898617%7C0-2,https://img.ltwebstatic.com/v4/j/pi/2026/02/05/68/177028511186b0c01d10a951efc7b456a4b3415839_thumbnail_600x.webp,2026-05-31T16:24:38+08:00,,,,,200+ sold
61649877,8,1,8,DAZY Casual Plain Color Wide Leg Jeans Low Rise Jeans,S$3.30,https://sg.shein.com/DAZY-Casual-Plain-Color-Wide-Leg-Jeans-Low-Rise-Jeans-p-61649877.html?mallCode=1&pageListType=4&detailBusinessFrom=0-1_61649877%7C0-2,https://img.ltwebstatic.com/images3_pi/2025/03/18/af/1742296328f31dd436181a03596c7cc22152278cad_thumbnail_600x.webp,2026-05-31T16:24:38+08:00,,,,,Save S$3.30
35098388,8,2,"8,10","Dazy-Less Women's Solid Color V-Neck Short Sleeve T-Shirt, Summer Old Money Style Business Casual Woman Work Clothes",S$8.49,https://sg.shein.com/Dazy-Less-Women-s-Solid-Color-V-Neck-Short-Sleeve-T-Shirt-Summer-Old-Money-Style-Business-Casual-Woman-Work-Clothes-p-35098388.html?mallCode=1&pageListType=4&detailBusinessFrom=0-1_35098388%7C0-2,https://img.ltwebstatic.com/images3_pi/2025/02/20/41/1740017097a007a63e74ba275f04c9a200930b5ce2_thumbnail_600x.webp,2026-05-31T16:24:38+08:00,,,,,100+ sold
47131565,8,1,8,"Sweetra Women's Retro Elegant Jacquard Crimp Pleated Wide-Leg Pants, Autumn/Winter Fall Cloth For Women",S$16.49,https://sg.shein.com/Sweetra-Women-s-Retro-Elegant-Jacquard-Crimp-Pleated-Wide-Leg-Pants-Autumn-Winter-Fall-Cloth-For-Women-p-47131565.html?mallCode=1&pageListType=4&detailBusinessFrom=0-1_47131565%7C0-2,https://img.ltwebstatic.com/images3_pi/2024/11/08/9c/1731063483c081895b04d19e38e25e236b8a4d1933_thumbnail_600x.webp,2026-05-31T16:24:38+08:00,,,(1000+),,100+ sold
411144463,8,1,8,Resyla Summer Casual Solid Color Regular Shoulder Loose T-Shirt And Shorts Set,S$14.24,https://sg.shein.com/Resyla-Summer-Casual-Solid-Color-Regular-Shoulder-Loose-T-Shirt-And-Shorts-Set-p-411144463.html?mallCode=1&pageListType=4&detailBusinessFrom=0-1_411144463%7C0-2,https://img.ltwebstatic.com/v4/j/pi/2026/02/28/bf/177224677356b2bbbd8d24746e9748c4d25ef8f422_thumbnail_600x.webp,2026-05-31T16:24:38+08:00,,-5%,,,
69673811,8,2,"8,9","Coolane Women's Summer Country Concert Going Out Boho Beach Vacation Basic Minimalist Washed 100% Cotton White Pants Curved Hem Pants, Fall Women Clothes",S$15.99,https://sg.shein.com/Coolane-Women-s-Summer-Country-Concert-Going-Out-Boho-Beach-Vacation-Basic-Minimalist-Washed-100-Cotton-White-Pants-Curved-Hem-Pants-Fall-Women-Clothes-p-69673811.html?mallCode=1&pageListType=4&detailBusinessFrom=0-1_69673811%7C0-2,https://img.ltwebstatic.com/v4/j/pi/2025/06/05/ce/1749103043b6498e4efa8b0f84dfcbcafb715cabbb_thumbnail_600x.webp,2026-05-31T16:24:38+08:00,,00%,(1000+),,200+ sold
91580917,8,2,"8,10","DAZY Women's A-Line Denim Shorts, Casual & Sexy Street Style, Summer Jorts",S$17.49,https://sg.shein.com/DAZY-Women-s-A-Line-Denim-Shorts-Casual-Sexy-Street-Style-Summer-Jorts-p-91580917.html?mallCode=1&pageListType=4&detailBusinessFrom=0-1_91580917%7C0-2,https://img.ltwebstatic.com/v4/j/pi/2025/06/04/7e/1749029860653dbca5c3740d61b3bf70e06f9ede83_thumbnail_600x.webp,2026-05-31T16:24:38+08:00,,,,,200+ sold
212592577,8,1,8,"SHEIN Essnce 3pcs Women Casual Solid Color Versatile High Waist Drawstring Pocket Straight Loose Pants Set, Suitable For Spring/Summer",S$30.49,https://sg.shein.com/SHEIN-Essnce-3pcs-Women-Casual-Solid-Color-Versatile-High-Waist-Drawstring-Pocket-Straight-Loose-Pants-Set-Suitable-For-Spring-Summer-p-212592577.html?mallCode=1&pageListType=4&detailBusinessFrom=0-1_212592577%7C0-2,https://sc.ltwebstatic.com/she_dist/images/bg-grey-solid-color-fc04c1310d.png,2026-05-31T16:24:38+08:00,,,,,
9653617,8,1,8,Dazy-Less Solid Crew Neck Crop Tee Summer Preppy Tops Business Casual Woman Work Clothes,S$1.10,https://sg.shein.com/Dazy-Less-Solid-Crew-Neck-Crop-Tee-Summer-Preppy-Tops-Business-Casual-Woman-Work-Clothes-p-9653617.html?mallCode=1&pageListType=4&detailBusinessFrom=0-1_9653617%7C0-2,https://sc.ltwebstatic.com/she_dist/images/bg-grey-solid-color-fc04c1310d.png,2026-05-31T16:24:38+08:00,,,,,Save S$1.10
68780690,8,1,8,"INAWLY Women's Solid Color Casual Thin Cardigan, Spring/Summer Fall Winter Cloth For Women",S$7.59,https://sg.shein.com/INAWLY-Women-s-Solid-Color-Casual-Thin-Cardigan-Spring-Summer-Fall-Winter-Cloth-For-Women-p-68780690.html?mallCode=1&pageListType=4&detailBusinessFrom=0-1_68780690%7C0-2,https://sc.ltwebstatic.com/she_dist/images/bg-grey-solid-color-fc04c1310d.png,2026-05-31T16:24:38+08:00,,-5%,(1000+),,300+ sold
357270597,8,1,8,"Franclia Women's High Waist Slit Culottes,Navy Blue Summer Casual Office Textured Soft Fabric Shorts,Fashionable Commute Versatile Hot Pants Bottoms Suit",S$11.49,https://sg.shein.com/Franclia-Women-s-High-Waist-Slit-Culottes-Navy-Blue-Summer-Casual-Office-Textured-Soft-Fabric-Shorts-Fashionable-Commute-Versatile-Hot-Pants-Bottoms-Suit-p-357270597.html?mallCode=1&pageListType=4&detailBusinessFrom=0-1_357270597%7C0-2,https://sc.ltwebstatic.com/she_dist/images/bg-grey-solid-color-fc04c1310d.png,2026-05-31T16:24:38+08:00,,,,,100+ sold
429754220,8,1,8,"DAZY Women's Sleeveless Crop Top, Backless, Fitted, Adjustable Strap, Suitable For Summer & Spring",S$1.04,https://sg.shein.com/DAZY-Women-s-Sleeveless-Crop-Top-Backless-Fitted-Adjustable-Strap-Suitable-For-Summer-Spring-p-429754220.html?mallCode=1&pageListType=4&detailBusinessFrom=0-1_429754220%7C0-2,https://sc.ltwebstatic.com/she_dist/images/bg-grey-solid-color-fc04c1310d.png,2026-05-31T16:24:38+08:00,,,,,Save S$1.04
34954487,8,1,8,"INAWLY Women's Vacation Casual Loose Long Sleeve Drop Shoulder Solid Color Shirt,Long Sleeve Tops Fall Cloth For Women",S$9.49,https://sg.shein.com/INAWLY-Women-s-Vacation-Casual-Loose-Long-Sleeve-Drop-Shoulder-Solid-Color-Shirt-Long-Sleeve-Tops-Fall-Cloth-For-Women-p-34954487.html?mallCode=1&pageListType=4&detailBusinessFrom=0-1_34954487%7C0-2,https://sc.ltwebstatic.com/she_dist/images/bg-grey-solid-color-fc04c1310d.png,2026-05-31T16:24:38+08:00,,,(1000+),,400+ sold
444103664,8,1,8,"Women's Summer Ice Silk Breathable Running Pants, Quick-Dry Lightweight Sports Trousers With Zipper Pockets & Elastic Waistband For Fitness & Jogging Spring",S$9.61,https://sg.shein.com/Women-s-Summer-Ice-Silk-Breathable-Running-Pants-Quick-Dry-Lightweight-Sports-Trousers-With-Zipper-Pockets-Elastic-Waistband-For-Fitness-Jogging-Spring-p-444103664.html?mallCode=1&pageListType=4&detailBusinessFrom=0-1_444103664%7C0-2,https://sc.ltwebstatic.com/she_dist/images/bg-grey-solid-color-fc04c1310d.png,2026-05-31T16:24:38+08:00,,-26%,,,
91412828,8,1,8,Glimmora Women Casual Versatile Solid Color Cardigan Fall Winter Cloth For Women,S$9.02,https://sg.shein.com/Glimmora-Women-Casual-Versatile-Solid-Color-Cardigan-Fall-Winter-Cloth-For-Women-p-91412828.html?mallCode=1&pageListType=4&detailBusinessFrom=0-1_91412828%7C0-2,https://sc.ltwebstatic.com/she_dist/images/bg-grey-solid-color-fc04c1310d.png,2026-05-31T16:24:38+08:00,,-5%,,,100+ sold
432957140,8,1,8,"V-Neck Solid Color Slim Fit T-Shirt, Versatile Casual Undershirt For Women Black Summer",S$7.99,https://sg.shein.com/V-Neck-Solid-Color-Slim-Fit-T-Shirt-Versatile-Casual-Undershirt-For-Women-Black-Summer-p-432957140.html?mallCode=1&pageListType=4&detailBusinessFrom=0-1_432957140%7C0-2,https://sc.ltwebstatic.com/she_dist/images/bg-grey-solid-color-fc04c1310d.png,2026-05-31T16:24:38+08:00,,,,,High Repeat Customers
142260622,8,1,8,"Short Sleeve T-Shirt, Versatile Short Sleeve Tee, Women's Short Sleeve Top, Slim Fit Solid Color Undershirt Casual White Summer",S$4.84,https://sg.shein.com/Short-Sleeve-T-Shirt-Versatile-Short-Sleeve-Tee-Women-s-Short-Sleeve-Top-Slim-Fit-Solid-Color-Undershirt-Casual-White-Summer-p-142260622.html?mallCode=1&pageListType=4&detailBusinessFrom=0-1_142260622%7C0-2,https://sc.ltwebstatic.com/she_dist/images/bg-grey-solid-color-fc04c1310d.png,2026-05-31T16:24:38+08:00,,-3%,,,High Repeat Customers
299444616,8,1,8,Resyla 2pcs Women Casual Pleated Short Sleeve Top & Pants Set,S$20.49,https://sg.shein.com/Resyla-2pcs-Women-Casual-Pleated-Short-Sleeve-Top-Pants-Set-p-299444616.html?mallCode=1&pageListType=4&detailBusinessFrom=0-1_299444616%7C0-2,https://sc.ltwebstatic.com/she_dist/images/bg-grey-solid-color-fc04c1310d.png,2026-05-31T16:24:38+08:00,,,,,
36207613,8,1,8,Livesso Women's Casual Striped Wide-Leg Pants With Drawstring Waist Summer,S$20.49,https://sg.shein.com/Livesso-Women-s-Casual-Striped-Wide-Leg-Pants-With-Drawstring-Waist-Summer-p-36207613.html?mallCode=1&pageListType=4&detailBusinessFrom=0-1_36207613%7C0-2,https://sc.ltwebstatic.com/she_dist/images/bg-grey-solid-color-fc04c1310d.png,2026-05-31T16:24:38+08:00,,,,,
269320240,8,1,8,Resyla Women's Letter Print Round Neck Short Sleeve Ruched T-Shirt And Wide Leg Pants Casual 2-Piece Set,S$2.22,https://sg.shein.com/Resyla-Women-s-Letter-Print-Round-Neck-Short-Sleeve-Ruched-T-Shirt-And-Wide-Leg-Pants-Casual-2-Piece-Set-p-269320240.html?mallCode=1&pageListType=4&detailBusinessFrom=0-1_269320240%7C0-2,https://sc.ltwebstatic.com/she_dist/images/bg-grey-solid-color-fc04c1310d.png,2026-05-31T16:24:38+08:00,,,,,Save S$2.22
427065380,8,1,8,"Resyla Summer Casual Outfit, Minimalist Letter Print Design, Contrast Color T-Shirt And Shorts Set, Relaxed Fit, Student Style, Daily Wear",S$17.99,https://sg.shein.com/Resyla-Summer-Casual-Outfit-Minimalist-Letter-Print-Design-Contrast-Color-T-Shirt-And-Shorts-Set-Relaxed-Fit-Student-Style-Daily-Wear-p-427065380.html?mallCode=1&pageListType=4&detailBusinessFrom=0-1_427065380%7C0-2,https://sc.ltwebstatic.com/she_dist/images/bg-grey-solid-color-fc04c1310d.png,2026-05-31T16:24:38+08:00,,,,,
429192659,8,1,8,"Franclia Women's Solid Elegant Mini Skirt, Casual Summer Outfit,Women's Simple Casual Mini Skirt, Fashion Daily Wear",S$8.49,https://sg.shein.com/Franclia-Women-s-Solid-Elegant-Mini-Skirt-Casual-Summer-Outfit-Women-s-Simple-Casual-Mini-Skirt-Fashion-Daily-Wear-p-429192659.html?mallCode=1&pageListType=4&detailBusinessFrom=0-1_429192659%7C0-2,https://sc.ltwebstatic.com/she_dist/images/bg-grey-solid-color-fc04c1310d.png,2026-05-31T16:24:38+08:00,,,,,100+ sold
48324267,8,1,8,Jouncy Women Casual Versatile Fitted White Cropped Round Neck T-Shirt,S$6.71,https://sg.shein.com/Jouncy-Women-Casual-Versatile-Fitted-White-Cropped-Round-Neck-T-Shirt-p-48324267.html?mallCode=1&pageListType=4&detailBusinessFrom=0-1_48324267%7C0-2,https://sc.ltwebstatic.com/she_dist/images/bg-grey-solid-color-fc04c1310d.png,2026-05-31T16:24:38+08:00,,-4%,(1000+),,300+ sold
422714083,8,1,8,"Cartoon Print Short Sleeve Mid-Length T-Shirt, Fashionable Casual Top For Women White Summer",S$0.84,https://sg.shein.com/Cartoon-Print-Short-Sleeve-Mid-Length-T-Shirt-Fashionable-Casual-Top-For-Women-White-Summer-p-422714083.html?mallCode=1&pageListType=4&detailBusinessFrom=0-1_422714083%7C0-2,https://sc.ltwebstatic.com/she_dist/images/bg-grey-solid-color-fc04c1310d.png,2026-05-31T16:24:38+08:00,,,,,Save S$0.84
428116687,8,1,8,"FRIFUL Women's Wavy Striped Loose Contrast Trim Short Sleeve T-Shirt, Summer Casual Wear",S$1.42,https://sg.shein.com/FRIFUL-Women-s-Wavy-Striped-Loose-Contrast-Trim-Short-Sleeve-T-Shirt-Summer-Casual-Wear-p-428116687.html?mallCode=1&pageListType=4&detailBusinessFrom=0-1_428116687%7C0-2,https://sc.ltwebstatic.com/she_dist/images/bg-grey-solid-color-fc04c1310d.png,2026-05-31T16:24:38+08:00,,,,,Save S$1.42
351779408,8,1,8,"California Blue Letter Print Cropped Top, Round Neck Short Sleeve Midriff Baring, Suitable For Summer White Cropped Top, Sexy Style, Short Sleeve T-Shirt Vacation Casual Black",S$5.99,https://sg.shein.com/California-Blue-Letter-Print-Cropped-Top-Round-Neck-Short-Sleeve-Midriff-Baring-Suitable-For-Summer-White-Cropped-Top-Sexy-Style-Short-Sleeve-T-Shirt-Vacation-Casual-Black-p-351779408.html?mallCode=1&pageListType=4&detailBusinessFrom=0-1_351779408%7C0-2,https://sc.ltwebstatic.com/she_dist/images/bg-grey-solid-color-fc04c1310d.png,2026-05-31T16:24:38+08:00,,,,,
352564498,8,1,8,"California Blue Letter Print Cropped Top, Round Neck Short Sleeve Midriff Baring, Suitable For Summer White Cropped Top, Sexy Style, Short Sleeve T-Shirt Casual",S$5.99,https://sg.shein.com/California-Blue-Letter-Print-Cropped-Top-Round-Neck-Short-Sleeve-Midriff-Baring-Suitable-For-Summer-White-Cropped-Top-Sexy-Style-Short-Sleeve-T-Shirt-Casual-p-352564498.html?mallCode=1&pageListType=4&detailBusinessFrom=0-1_352564498%7C0-2,https://sc.ltwebstatic.com/she_dist/images/bg-grey-solid-color-fc04c1310d.png,2026-05-31T16:24:38+08:00,,,,,
34511748,8,1,8,Joudiya Women's Daily Wear Flared Jeans,S$29.99,https://sg.shein.com/Joudiya-Women-s-Daily-Wear-Flared-Jeans-p-34511748.html?mallCode=1&pageListType=4&detailBusinessFrom=0-1_34511748%7C0-2,https://sc.ltwebstatic.com/she_dist/images/bg-grey-solid-color-fc04c1310d.png,2026-05-31T16:24:38+08:00,,,,,
474655933,8,1,8,SHEIN ChicEase Women's Striped Contrast Color Cropped Long Sleeve Cardigan,S$14.99,https://sg.shein.com/SHEIN-ChicEase-Women-s-Striped-Contrast-Color-Cropped-Long-Sleeve-Cardigan-p-474655933.html?mallCode=1&pageListType=4&detailBusinessFrom=0-1_474655933%7C0-2,https://sc.ltwebstatic.com/she_dist/images/bg-grey-solid-color-fc04c1310d.png,2026-05-31T16:24:38+08:00,,,,,NEW
45095554,8,1,8,"INAWLY 1pc Women Lace Trim Camisole Top, Basic Fitted Elegant Solid Color Tank",S$5.75,https://sg.shein.com/INAWLY-1pc-Women-Lace-Trim-Camisole-Top-Basic-Fitted-Elegant-Solid-Color-Tank-p-45095554.html?mallCode=1&pageListType=4&detailBusinessFrom=0-1_45095554%7C0-2,https://sc.ltwebstatic.com/she_dist/images/bg-grey-solid-color-fc04c1310d.png,2026-05-31T16:24:38+08:00,,-4%,,,200+ sold
365837123,8,1,8,SHEIN Lace Patchwork Fitted Women Camisole,S$8.99,https://sg.shein.com/SHEIN-Lace-Patchwork-Fitted-Women-Camisole-p-365837123.html?mallCode=1&pageListType=4&detailBusinessFrom=0-1_365837123%7C0-2,https://sc.ltwebstatic.com/she_dist/images/bg-grey-solid-color-fc04c1310d.png,2026-05-31T16:24:38+08:00,,,,,200+ sold
88655751,8,1,8,"Women's Lace Camisole With Removable Pads, Cute & Sexy Solid Color Undershirt, Suitable For Back To School Season, Winter, Christmas, Spring Festival Casual Black Summer",S$6.49,https://sg.shein.com/Women-s-Lace-Camisole-With-Removable-Pads-Cute-Sexy-Solid-Color-Undershirt-Suitable-For-Back-To-School-Season-Winter-Christmas-Spring-Festival-Casual-Black-Summer-p-88655751.html?mallCode=1&pageListType=4&detailBusinessFrom=0-1_88655751%7C0-2,https://sc.ltwebstatic.com/she_dist/images/bg-grey-solid-color-fc04c1310d.png,2026-05-31T16:24:38+08:00,,,,,
439522476,8,1,8,"Women's Loose Fit White Short Sleeve T-Shirt, Minimalist Design, Summer New Arrival Casual",S$6.99,https://sg.shein.com/Women-s-Loose-Fit-White-Short-Sleeve-T-Shirt-Minimalist-Design-Summer-New-Arrival-Casual-p-439522476.html?mallCode=1&pageListType=4&detailBusinessFrom=0-1_439522476%7C0-2,https://sc.ltwebstatic.com/she_dist/images/bg-grey-solid-color-fc04c1310d.png,2026-05-31T16:24:38+08:00,,,,,
116585349,8,1,8,"White English Print Short Sleeve Mid-Length T-Shirt For Women, Stylish & Graphic Printing Casual Summer",S$5.81,https://sg.shein.com/White-English-Print-Short-Sleeve-Mid-Length-T-Shirt-For-Women-Stylish-Graphic-Printing-Casual-Summer-p-116585349.html?mallCode=1&pageListType=4&detailBusinessFrom=0-1_116585349%7C0-2,https://sc.ltwebstatic.com/she_dist/images/bg-grey-solid-color-fc04c1310d.png,2026-05-31T16:24:38+08:00,,-3%,,,70+ sold
442810545,8,1,8,"Lalippa Teacher's Day Digitally Printed Fashionable Minimalist Oversized Mid-Length Round Neck Drop Shoulder Women's T-Shirt, Gift For Friends",S$9.99,https://sg.shein.com/Lalippa-Teacher-s-Day-Digitally-Printed-Fashionable-Minimalist-Oversized-Mid-Length-Round-Neck-Drop-Shoulder-Women-s-T-Shirt-Gift-For-Friends-p-442810545.html?mallCode=1&pageListType=4&detailBusinessFrom=0-1_442810545%7C0-2,https://sc.ltwebstatic.com/she_dist/images/bg-grey-solid-color-fc04c1310d.png,2026-05-31T16:24:38+08:00,,,,,
442307066,8,1,8,Franclia Loose Fit Contrast Color Round Neck T-Shirt And Shorts Set,S$15.99,https://sg.shein.com/Franclia-Loose-Fit-Contrast-Color-Round-Neck-T-Shirt-And-Shorts-Set-p-442307066.html?mallCode=1&pageListType=4&detailBusinessFrom=0-1_442307066%7C0-2,https://sc.ltwebstatic.com/she_dist/images/bg-grey-solid-color-fc04c1310d.png,2026-05-31T16:24:38+08:00,,,,,
151127921,8,1,8,"INAWLY Women's T-Shirt With Drawstring & Striped Shorts, Black & White Horse Logo 2 Pieces Set",S$18.99,https://sg.shein.com/INAWLY-Women-s-T-Shirt-With-Drawstring-Striped-Shorts-Black-White-Horse-Logo-2-Pieces-Set-p-151127921.html?mallCode=1&pageListType=4&detailBusinessFrom=0-1_151127921%7C0-2,https://sc.ltwebstatic.com/she_dist/images/bg-grey-solid-color-fc04c1310d.png,2026-05-31T16:24:38+08:00,,,,,60+ sold
269281745,8,1,8,Resyla Women's Letter Print Pleated Round Neck Short Sleeve T-Shirt And Wide Leg Pants Casual 2-Piece Set,S$18.49,https://sg.shein.com/Resyla-Women-s-Letter-Print-Pleated-Round-Neck-Short-Sleeve-T-Shirt-And-Wide-Leg-Pants-Casual-2-Piece-Set-p-269281745.html?mallCode=1&pageListType=4&detailBusinessFrom=0-1_269281745%7C0-2,https://sc.ltwebstatic.com/she_dist/images/bg-grey-solid-color-fc04c1310d.png,2026-05-31T16:24:38+08:00,,,,,
380429557,8,1,8,Franclia Women's Color Block Knight Print Short Sleeve Casual Versatile Round Neck T-Shirt,S$6.99,https://sg.shein.com/Franclia-Women-s-Color-Block-Knight-Print-Short-Sleeve-Casual-Versatile-Round-Neck-T-Shirt-p-380429557.html?mallCode=1&pageListType=4&detailBusinessFrom=0-1_380429557%7C0-2,https://sc.ltwebstatic.com/she_dist/images/bg-grey-solid-color-fc04c1310d.png,2026-05-31T16:24:38+08:00,,,,,
207475820,8,1,8,"Women's Criss-Cross Waist Flare Pants, High Elasticity Polyester Solid Color Sports Yoga Pants, Criss-Cross Waist Casual Long Pants, Solid Color Skinny Workout Leggings Suitable For All Seasons, Knit Fabric Wide Leg Pants Suitable For Fitness And Leisure Wear Spring",S$10.49,https://sg.shein.com/Women-s-Criss-Cross-Waist-Flare-Pants-High-Elasticity-Polyester-Solid-Color-Sports-Yoga-Pants-Criss-Cross-Waist-Casual-Long-Pants-Solid-Color-Skinny-Workout-Leggings-Suitable-For-All-Seasons-Knit-Fabric-Wide-Leg-Pants-Suitable-For-Fitness-And-Leisure-Wear-Spring-p-207475820.html?mallCode=1&pageListType=4&detailBusinessFrom=0-1_207475820%7C0-2,https://sc.ltwebstatic.com/she_dist/images/bg-grey-solid-color-fc04c1310d.png,2026-05-31T16:24:38+08:00,,,,,80+ sold
350760671,8,1,8,"Franclia Fashionable Casual Commuter Versatile Textured Soft Fabric High Waist Slit Women Shorts/Skirt/Culottes/Hot Pants, Spring/Autumn",S$11.49,https://sg.shein.com/Franclia-Fashionable-Casual-Commuter-Versatile-Textured-Soft-Fabric-High-Waist-Slit-Women-Shorts-Skirt-Culottes-Hot-Pants-Spring-Autumn-p-350760671.html?mallCode=1&pageListType=4&detailBusinessFrom=0-1_350760671%7C0-2,https://sc.ltwebstatic.com/she_dist/images/bg-grey-solid-color-fc04c1310d.png,2026-05-31T16:24:38+08:00,,,,,300+ sold
412787837,8,2,"8,9","Resyla Women's T-Shirt And Shorts Set, Summer Casual Graphic Design Top, Elegant And Versatile, Suitable For Daily Wear, Outdoor, Shopping, Travel",S$15.99,https://sg.shein.com/Resyla-Women-s-T-Shirt-And-Shorts-Set-Summer-Casual-Graphic-Design-Top-Elegant-And-Versatile-Suitable-For-Daily-Wear-Outdoor-Shopping-Travel-p-412787837.html?mallCode=1&pageListType=4&detailBusinessFrom=0-1_412787837%7C0-2,https://sc.ltwebstatic.com/she_dist/images/bg-grey-solid-color-fc04c1310d.png,2026-05-31T16:24:38+08:00,,,,,
36237524,8,1,8,INAWLY Women's Summer Solid Color Round Neck Short Sleeve Casual T-Shirt,S$6.71,https://sg.shein.com/INAWLY-Women-s-Summer-Solid-Color-Round-Neck-Short-Sleeve-Casual-T-Shirt-p-36237524.html?mallCode=1&pageListType=4&detailBusinessFrom=0-1_36237524%7C0-2,https://sc.ltwebstatic.com/she_dist/images/bg-grey-solid-color-fc04c1310d.png,2026-05-31T16:24:38+08:00,,-4%,(1000+),,500+ sold
389927535,8,1,8,DAZY Women's Solid Color Minimalist Casual Denim Jeans,S$3.44,https://sg.shein.com/DAZY-Women-s-Solid-Color-Minimalist-Casual-Denim-Jeans-p-389927535.html?mallCode=1&pageListType=4&detailBusinessFrom=0-1_389927535%7C0-2,https://sc.ltwebstatic.com/she_dist/images/bg-grey-solid-color-fc04c1310d.png,2026-05-31T16:24:38+08:00,,,,,Save S$3.44
124811795,8,1,8,"SHEIN VCAY 3pcs/Set Women Summer Woven Fashionable Multi-Color Linen Shorts,Summer For Women,Summer Clothes,Festival For Women",S$9.99,https://sg.shein.com/SHEIN-VCAY-3pcs-Set-Women-Summer-Woven-Fashionable-Multi-Color-Linen-Shorts-Summer-For-Women-Summer-Clothes-Festival-For-Women-p-124811795.html?mallCode=1&pageListType=4&detailBusinessFrom=0-1_124811795%7C0-2,https://sc.ltwebstatic.com/she_dist/images/bg-grey-solid-color-fc04c1310d.png,2026-05-31T16:24:38+08:00,,,,,100+ sold
179826060,8,1,8,"Vela Rue Minimalist Design Jumpsuit Pants, Hook & Zipper Closure, Thin Polyester Twill Straight Leg Trousers, Solid Black Color, Wide Leg Flattering Silhouette, Fashionable All Season",S$14.39,https://sg.shein.com/Vela-Rue-Minimalist-Design-Jumpsuit-Pants-Hook-Zipper-Closure-Thin-Polyester-Twill-Straight-Leg-Trousers-Solid-Black-Color-Wide-Leg-Flattering-Silhouette-Fashionable-All-Season-p-179826060.html?mallCode=1&pageListType=4&detailBusinessFrom=0-1_179826060%7C0-2,https://sc.ltwebstatic.com/she_dist/images/bg-grey-solid-color-fc04c1310d.png,2026-05-31T16:24:38+08:00,,-4%,,,900+ sold
415114480,8,1,8,"Women's Casual Loose Fit Round Neck Letter & Motorcycle Graphic Print Short Sleeve T-Shirt, Versatile For Spring/Summer Black",S$10.49,https://sg.shein.com/Women-s-Casual-Loose-Fit-Round-Neck-Letter-Motorcycle-Graphic-Print-Short-Sleeve-T-Shirt-Versatile-For-Spring-Summer-Black-p-415114480.html?mallCode=1&pageListType=4&detailBusinessFrom=0-1_415114480%7C0-2,https://sc.ltwebstatic.com/she_dist/images/bg-grey-solid-color-fc04c1310d.png,2026-05-31T16:24:38+08:00,,,,,
191213274,8,1,8,Korean Chic Summer Casual Single-Breasted Striped Contrast Color Loose Fit Long Sleeve Hooded Shirt For Women Black Spring,S$12.49,https://sg.shein.com/Korean-Chic-Summer-Casual-Single-Breasted-Striped-Contrast-Color-Loose-Fit-Long-Sleeve-Hooded-Shirt-For-Women-Black-Spring-p-191213274.html?mallCode=1&pageListType=4&detailBusinessFrom=0-1_191213274%7C0-2,https://sc.ltwebstatic.com/she_dist/images/bg-grey-solid-color-fc04c1310d.png,2026-05-31T16:24:38+08:00,,,,,
387874205,8,1,8,DAZY Women's Korean Style Washed Flared Distressed Casual Jeans,S$15.49,https://sg.shein.com/DAZY-Women-s-Korean-Style-Washed-Flared-Distressed-Casual-Jeans-p-387874205.html?mallCode=1&pageListType=4&detailBusinessFrom=0-1_387874205%7C0-2,https://sc.ltwebstatic.com/she_dist/images/bg-grey-solid-color-fc04c1310d.png,2026-05-31T16:24:38+08:00,,,,,
459211533,8,2,"8,9","Women's High-Waisted Slim Fit Wide Leg Pants, Bohemian Street Style, Suitable For Spring/Summer Daily Wear, Work Commute, Vacation, Fashion & Elegant (Belt Not Included)",S$19.49,https://sg.shein.com/Women-s-High-Waisted-Slim-Fit-Wide-Leg-Pants-Bohemian-Street-Style-Suitable-For-Spring-Summer-Daily-Wear-Work-Commute-Vacation-Fashion-Elegant-Belt-Not-Included-p-459211533.html?mallCode=1&pageListType=4&detailBusinessFrom=0-1_459211533%7C0-2,https://sc.ltwebstatic.com/she_dist/images/bg-grey-solid-color-fc04c1310d.png,2026-05-31T16:24:38+08:00,,,,,NEW
336787732,8,2,"8,9",Easelle Contrast Color Mesh Polka Dot Women Skirt,S$9.49,https://sg.shein.com/Easelle-Contrast-Color-Mesh-Polka-Dot-Women-Skirt-p-336787732.html?mallCode=1&pageListType=4&detailBusinessFrom=0-1_336787732%7C0-2,https://sc.ltwebstatic.com/she_dist/images/bg-grey-solid-color-fc04c1310d.png,2026-05-31T16:24:38+08:00,,,,,100+ sold
427317149,8,1,8,EMERY ROSE Women's Solid Color Crew Neck Ribbed Fitted Casual T-Shirt,S$6.99,https://sg.shein.com/EMERY-ROSE-Women-s-Solid-Color-Crew-Neck-Ribbed-Fitted-Casual-T-Shirt-p-427317149.html?mallCode=1&pageListType=4&detailBusinessFrom=0-1_427317149%7C0-2,https://sc.ltwebstatic.com/she_dist/images/bg-grey-solid-color-fc04c1310d.png,2026-05-31T16:24:38+08:00,,,,,
357250397,8,2,"8,9",Easelle Coffee Brown Mesh Polka Dot Women's Casual Summer Skirt,S$9.49,https://sg.shein.com/Easelle-Coffee-Brown-Mesh-Polka-Dot-Women-s-Casual-Summer-Skirt-p-357250397.html?mallCode=1&pageListType=4&detailBusinessFrom=0-1_357250397%7C0-2,https://sc.ltwebstatic.com/she_dist/images/bg-grey-solid-color-fc04c1310d.png,2026-05-31T16:24:38+08:00,,,,,70+ sold
414059670,8,1,8,"Women's Cute & Sexy Lace Camisole With Padded Bust, Solid Color Undershirt, Suitable For Back To School Season, Winter, Christmas, New Year Layering Casual Summer Red",S$6.49,https://sg.shein.com/Women-s-Cute-Sexy-Lace-Camisole-With-Padded-Bust-Solid-Color-Undershirt-Suitable-For-Back-To-School-Season-Winter-Christmas-New-Year-Layering-Casual-Summer-Red-p-414059670.html?mallCode=1&pageListType=4&detailBusinessFrom=0-1_414059670%7C0-2,https://sc.ltwebstatic.com/she_dist/images/bg-grey-solid-color-fc04c1310d.png,2026-05-31T16:24:38+08:00,,,,,
53361605,8,2,"8,9","Easowa Women's Solid Color Waist Tie Pocket Casual Shorts,Casual",S$10.99,https://sg.shein.com/Easowa-Women-s-Solid-Color-Waist-Tie-Pocket-Casual-Shorts-Casual-p-53361605.html?mallCode=1&pageListType=4&detailBusinessFrom=0-1_53361605%7C0-2,https://sc.ltwebstatic.com/she_dist/images/bg-grey-solid-color-fc04c1310d.png,2026-05-31T16:24:38+08:00,,,,,100+ sold
465252906,8,2,"8,9","Women's High Waist Slim Fit Wide Leg Pants, Bohemian Street Style, Suitable For Spring/Summer Daily Wear, Work Commute, Vacation, Fashionable And Elegant",S$19.49,https://sg.shein.com/Women-s-High-Waist-Slim-Fit-Wide-Leg-Pants-Bohemian-Street-Style-Suitable-For-Spring-Summer-Daily-Wear-Work-Commute-Vacation-Fashionable-And-Elegant-p-465252906.html?mallCode=1&pageListType=4&detailBusinessFrom=0-1_465252906%7C0-2,https://sc.ltwebstatic.com/she_dist/images/bg-grey-solid-color-fc04c1310d.png,2026-05-31T16:24:38+08:00,,,,,NEW
465862392,8,2,"8,9","Women's High Waist Slim Fit Wide Leg Pants, Fuchsia Pink, Bohemian Street Style, Casual & Office Wear For Spring/Summer (Belt Not Included)",S$19.49,https://sg.shein.com/Women-s-High-Waist-Slim-Fit-Wide-Leg-Pants-Fuchsia-Pink-Bohemian-Street-Style-Casual-Office-Wear-For-Spring-Summer-Belt-Not-Included-p-465862392.html?mallCode=1&pageListType=4&detailBusinessFrom=0-1_465862392%7C0-2,https://sc.ltwebstatic.com/she_dist/images/bg-grey-solid-color-fc04c1310d.png,2026-05-31T16:24:38+08:00,,,,,NEW
460440552,9,1,9,"New Spring Women's Personalized Blazer Jacket. This Fashionable And Sunny Classic Notched Lapel Blazer Jacket Can Also Be Worn In Autumn. Suitable For Dates, Parties, Weddings And Other Formal Occasions.",S$33.49,https://sg.shein.com/New-Spring-Women-s-Personalized-Blazer-Jacket-This-Fashionable-And-Sunny-Classic-Notched-Lapel-Blazer-Jacket-Can-Also-Be-Worn-In-Autumn-Suitable-For-Dates-Parties-Weddings-And-Other-Formal-Occasions-p-460440552.html?mallCode=1&pageListType=4&detailBusinessFrom=0-1_460440552%7C0-2,https://img.ltwebstatic.com/v4/j/spmp/2026/05/05/b4/177794756448340a6f76e9271e841005380cff5b25_thumbnail_600x.webp,2026-05-31T16:26:23+08:00,,,,,NEW
58934173,9,1,9,"Sweetra Women's Vintage Elegant Textured Pleated Wide Leg Pants, Autumn/Winter Fall Cloth For Women",S$16.49,https://sg.shein.com/Sweetra-Women-s-Vintage-Elegant-Textured-Pleated-Wide-Leg-Pants-Autumn-Winter-Fall-Cloth-For-Women-p-58934173.html?mallCode=1&pageListType=4&detailBusinessFrom=0-1_58934173%7C0-2,https://img.ltwebstatic.com/images3_pi/2025/02/27/24/17406516130173d33597ce7f829f727bf15b6b818a_thumbnail_600x.webp,2026-05-31T16:26:23+08:00,,,,,100+ sold
342024551,9,1,9,SHEIN VCAY 2pcs Women Summer Casual Solid Color Asymmetrical Shoulder Top And Floral Print Pants Set,S$14.99,https://sg.shein.com/SHEIN-VCAY-2pcs-Women-Summer-Casual-Solid-Color-Asymmetrical-Shoulder-Top-And-Floral-Print-Pants-Set-p-342024551.html?mallCode=1&pageListType=4&detailBusinessFrom=0-1_342024551%7C0-2,https://img.ltwebstatic.com/v4/j/pi/2026/01/01/fe/1767274605be62f3f299793c431eff4b3f6e8b3a43_thumbnail_600x.webp,2026-05-31T16:26:23+08:00,,,,,
436236893,9,1,9,"Comfortcana 3pcs 100% Cotton Women's Casual Short-Length Shorts Pack,White And Black,Summer,Home Comfortable Woven Fabric Everyday Shorts For Sports,Gym & Street",S$20.49,https://sg.shein.com/Comfortcana-3pcs-100-Cotton-Women-s-Casual-Short-Length-Shorts-Pack-White-And-Black-Summer-Home-Comfortable-Woven-Fabric-Everyday-Shorts-For-Sports-Gym-Street-p-436236893.html?mallCode=1&pageListType=4&detailBusinessFrom=0-1_436236893%7C0-2,https://img.ltwebstatic.com/v4/j/pi/2026/05/18/53/1779089747e6fabe01222ee4da28008f06599722b1_thumbnail_600x.webp,2026-05-31T16:26:23+08:00,,00%,,,
438482729,9,1,9,Resyla Women's Solid Color Regular-Shoulder Loose T-Shirt And Shorts Set,S$4.62,https://sg.shein.com/Resyla-Women-s-Solid-Color-Regular-Shoulder-Loose-T-Shirt-And-Shorts-Set-p-438482729.html?mallCode=1&pageListType=4&detailBusinessFrom=0-1_438482729%7C0-2,https://img.ltwebstatic.com/v4/j/pi/2026/03/30/3f/177485532976445a220960ef3f9ebbd19c216fbc17_thumbnail_600x.webp,2026-05-31T16:26:23+08:00,,,,,Save S$4.62
465861439,9,1,9,"Women's High-Waisted Slim Fit Wide Leg Pants In Coffee Brown, Bohemian Street Style, Suitable For Spring/Summer Daily Wear, Work Commute, Vacation, Fashionable And Elegant (Belt Not Included)",S$19.49,https://sg.shein.com/Women-s-High-Waisted-Slim-Fit-Wide-Leg-Pants-In-Coffee-Brown-Bohemian-Street-Style-Suitable-For-Spring-Summer-Daily-Wear-Work-Commute-Vacation-Fashionable-And-Elegant-Belt-Not-Included-p-465861439.html?mallCode=1&pageListType=4&detailBusinessFrom=0-1_465861439%7C0-2,https://img.ltwebstatic.com/v4/j/spmp/2026/05/12/2e/1778575482541aaafd7bc9e11a3636561cf9316ca8_thumbnail_600x.webp,2026-05-31T16:26:23+08:00,,,,,NEW
26685254,9,1,9,DAZY Women's Mid-rise Flared Jeans With Normal Waistline,S$26.49,https://sg.shein.com/DAZY-Women-s-Mid-rise-Flared-Jeans-With-Normal-Waistline-p-26685254.html?mallCode=1&pageListType=4&detailBusinessFrom=0-1_26685254%7C0-2,https://img.ltwebstatic.com/images3_pi/2023/11/20/08/1700446807ef260b86757717d464e33a1bb06e8d2c_thumbnail_600x.webp,2026-05-31T16:26:23+08:00,,,,,
427714525,9,1,9,Resyla Women's Solid Color Round Neck Short Sleeve Top And Shorts Casual Daily Outfit,S$1.82,https://sg.shein.com/Resyla-Women-s-Solid-Color-Round-Neck-Short-Sleeve-Top-And-Shorts-Casual-Daily-Outfit-p-427714525.html?mallCode=1&pageListType=4&detailBusinessFrom=0-1_427714525%7C0-2,https://img.ltwebstatic.com/v4/j/pi/2026/03/23/63/1774231675ae2c56ea6553d520681404dbe1499ce2_thumbnail_600x.webp,2026-05-31T16:26:23+08:00,,,,,Save S$1.82
460410741,9,1,9,"New Spring Women's Sapphire Blue Personalized Blazer Jacket. This Fashionable And Sunny Classic Notched Lapel Blazer Jacket Can Also Be Worn In Autumn. Suitable For Dates, Parties, Weddings And Other Formal Occasions",S$33.49,https://sg.shein.com/New-Spring-Women-s-Sapphire-Blue-Personalized-Blazer-Jacket-This-Fashionable-And-Sunny-Classic-Notched-Lapel-Blazer-Jacket-Can-Also-Be-Worn-In-Autumn-Suitable-For-Dates-Parties-Weddings-And-Other-Formal-Occasions-p-460410741.html?mallCode=1&pageListType=4&detailBusinessFrom=0-1_460410741%7C0-2,https://img.ltwebstatic.com/v4/j/spmp/2026/05/05/3d/177794748430907b309d4fff5dfbdbd5e84b422e94_thumbnail_600x.webp,2026-05-31T16:26:23+08:00,,,,,NEW
482961565,9,1,9,Women's Casual Elegant Striped Button Collar Top And Shorts 2 Pieces Summer Set,S$34.30,https://sg.shein.com/Women-s-Casual-Elegant-Striped-Button-Collar-Top-And-Shorts-2-Pieces-Summer-Set-p-482961565.html?mallCode=1&pageListType=4&detailBusinessFrom=0-1_482961565%7C0-2,https://img.ltwebstatic.com/v4/j/spmp/2026/05/25/fa/17796840938b3490557e041df53fdff4c4b4e67f89_thumbnail_600x.webp,2026-05-31T16:26:23+08:00,,-46%,,,
419335442,9,1,9,"Women's Solid Color Minimalist V-Neck Short Sleeve T-Shirt, Everyday Wear Casual Summer",S$11.99,https://sg.shein.com/Women-s-Solid-Color-Minimalist-V-Neck-Short-Sleeve-T-Shirt-Everyday-Wear-Casual-Summer-p-419335442.html?mallCode=1&pageListType=4&detailBusinessFrom=0-1_419335442%7C0-2,https://img.ltwebstatic.com/v4/j/spmp/2026/05/11/8b/1778491135a65ff9950820414c18b14609232e6800_thumbnail_600x.webp,2026-05-31T16:26:23+08:00,,,,,
51567291,9,1,9,Women Solid Color Casual Front Pocket Decor Wide Leg Pants Spring,S$13.19,https://sg.shein.com/Women-Solid-Color-Casual-Front-Pocket-Decor-Wide-Leg-Pants-Spring-p-51567291.html?mallCode=1&pageListType=4&detailBusinessFrom=0-1_51567291%7C0-2,https://img.ltwebstatic.com/images3_spmp/2024/12/07/71/1733551914a2c96d6a2cd08ec99f0011db49943054_thumbnail_600x.webp,2026-05-31T16:26:23+08:00,,-12%,,,
471213999,9,1,9,"Womi Summer Casual Knee-Length Loose Thigh Denim Shorts, Suitable For Vacation, Beach, Country Music Festival",S$19.49,https://sg.shein.com/Womi-Summer-Casual-Knee-Length-Loose-Thigh-Denim-Shorts-Suitable-For-Vacation-Beach-Country-Music-Festival-p-471213999.html?mallCode=1&pageListType=4&detailBusinessFrom=0-1_471213999%7C0-2,https://img.ltwebstatic.com/v4/j/spmp/2026/05/12/05/1778571419b6e516f5e68bd16fd718ad61a3864dc9_thumbnail_600x.webp,2026-05-31T16:26:23+08:00,,,,,NEW
444079606,9,1,9,DAZY Women's Solid Color Casual Versatile Daily Wear Shorts Summer,S$10.99,https://sg.shein.com/DAZY-Women-s-Solid-Color-Casual-Versatile-Daily-Wear-Shorts-Summer-p-444079606.html?mallCode=1&pageListType=4&detailBusinessFrom=0-1_444079606%7C0-2,https://img.ltwebstatic.com/v4/j/pi/2026/04/17/a4/1776389063f82ae9d98aeb02ec25388cffe244fe9f_thumbnail_600x.webp,2026-05-31T16:26:23+08:00,,,,,
52915517,9,1,9,"Sweetra Vintage Elegant Jacquard Pleated Wide-Leg Women Pants, Autumn/Winter Fall Cloth For Women",S$16.49,https://sg.shein.com/Sweetra-Vintage-Elegant-Jacquard-Pleated-Wide-Leg-Women-Pants-Autumn-Winter-Fall-Cloth-For-Women-p-52915517.html?mallCode=1&pageListType=4&detailBusinessFrom=0-1_52915517%7C0-2,https://img.ltwebstatic.com/v4/j/pi/2025/04/24/1b/17454650015b3fbf842a3fab0e1550229c64fe999c_thumbnail_600x.webp,2026-05-31T16:26:23+08:00,,,,,
443105014,9,1,9,"Franclia Women's Mid-Length Dress, Retro Red Trim Contrast Stripe Camisole Dress, Bodycon Slim Fit Mini Skirt, Sexy Casual Versatile Summer Dress",S$1.43,https://sg.shein.com/Franclia-Women-s-Mid-Length-Dress-Retro-Red-Trim-Contrast-Stripe-Camisole-Dress-Bodycon-Slim-Fit-Mini-Skirt-Sexy-Casual-Versatile-Summer-Dress-p-443105014.html?mallCode=1&pageListType=4&detailBusinessFrom=0-1_443105014%7C0-2,https://img.ltwebstatic.com/v4/j/pi/2026/04/14/83/1776159418739dfc6ee94a0a05f38932a2db6cacde_thumbnail_600x.webp,2026-05-31T16:26:23+08:00,,,,,Save S$1.43
35210265,9,1,9,"DAZY Solid Color Flared Denim Pants With Pockets, Casual Women Jeans",S$30.49,https://sg.shein.com/DAZY-Solid-Color-Flared-Denim-Pants-With-Pockets-Casual-Women-Jeans-p-35210265.html?mallCode=1&pageListType=4&detailBusinessFrom=0-1_35210265%7C0-2,https://img.ltwebstatic.com/images3_pi/2024/07/15/bd/17210237517be5a2bc36cedd30fcf0d42ba7cdd5f6_thumbnail_600x.webp,2026-05-31T16:26:23+08:00,,,,,
291649268,9,1,9,Elamini Women's Casual Minimalist Polo Collar Horse Embroidery Fitted T-Shirt + Mini Low-Waist Skorts Set,S$19.99,https://sg.shein.com/Elamini-Women-s-Casual-Minimalist-Polo-Collar-Horse-Embroidery-Fitted-T-Shirt-Mini-Low-Waist-Skorts-Set-p-291649268.html?mallCode=1&pageListType=4&detailBusinessFrom=0-1_291649268%7C0-2,https://img.ltwebstatic.com/v4/j/pi/2025/11/15/c4/1763201076f8073f944f0b1c3272374955c20ca2f3_thumbnail_600x.webp,2026-05-31T16:26:23+08:00,,,,,
9709774,9,1,9,Women's Fashion Lace Camisole Top Casual White Summer,S$8.49,https://sg.shein.com/Women-s-Fashion-Lace-Camisole-Top-Casual-White-Summer-p-9709774.html?mallCode=1&pageListType=4&detailBusinessFrom=0-1_9709774%7C0-2,https://img.ltwebstatic.com/images3_pi/2022/01/21/164272845811bc07e59a987bc11eea48ac6a9fd0ec_thumbnail_600x.webp,2026-05-31T16:26:23+08:00,,,,,
184403906,9,1,9,DAZY Women's Regular Mid-Waist Banana Leg Casual Jeans Y2k,S$25.49,https://sg.shein.com/DAZY-Women-s-Regular-Mid-Waist-Banana-Leg-Casual-Jeans-Y2k-p-184403906.html?mallCode=1&pageListType=4&detailBusinessFrom=0-1_184403906%7C0-2,https://img.ltwebstatic.com/v4/j/pi/2025/09/16/99/1758015235406b139140543936e21caac1d32a08fa_thumbnail_600x.webp,2026-05-31T16:26:23+08:00,,,,,
315257121,9,1,9,"SuriyaCove Embroidered Fashionable Minimalist Polo Collar T-Shirt + Pants Set, Gift For Friends",S$22.49,https://sg.shein.com/SuriyaCove-Embroidered-Fashionable-Minimalist-Polo-Collar-T-Shirt-Pants-Set-Gift-For-Friends-p-315257121.html?mallCode=1&pageListType=4&detailBusinessFrom=0-1_315257121%7C0-2,https://img.ltwebstatic.com/v4/j/pi/2025/12/02/db/17646618497895f537b1589c4083a476eef58d334d_thumbnail_600x.webp,2026-05-31T16:26:23+08:00,,,,,
439058580,9,1,9,"DAZY Women's Solid Color Casual Versatile Zipper Shorts, For Daily Wear And Travel Summer",S$9.99,https://sg.shein.com/DAZY-Women-s-Solid-Color-Casual-Versatile-Zipper-Shorts-For-Daily-Wear-And-Travel-Summer-p-439058580.html?mallCode=1&pageListType=4&detailBusinessFrom=0-1_439058580%7C0-2,https://img.ltwebstatic.com/v4/j/pi/2026/04/09/82/1775729521e32182f2c1c8833131953761791c136a_thumbnail_600x.webp,2026-05-31T16:26:23+08:00,,,,,
149061645,9,1,9,"SHEIN Essnce 3pcs Set Women's Blue And White Stripe Nautical Style Casual Summer Vacation Waist Tie Pants With Pockets,Straight Leg Black & White Striped Clothes",S$30.99,https://sg.shein.com/SHEIN-Essnce-3pcs-Set-Women-s-Blue-And-White-Stripe-Nautical-Style-Casual-Summer-Vacation-Waist-Tie-Pants-With-Pockets-Straight-Leg-Black-White-Striped-Clothes-p-149061645.html?mallCode=1&pageListType=4&detailBusinessFrom=0-1_149061645%7C0-2,https://img.ltwebstatic.com/v4/j/pi/2025/08/05/07/175436097358968cc847cca6d9391c5f1f89702da2_thumbnail_600x.webp,2026-05-31T16:26:23+08:00,,,,,
49546224,9,1,9,"XLLAIS Sexy Backless Women's Camisole, Elastic Casual Spaghetti Strap White Top Summer",S$9.49,https://sg.shein.com/XLLAIS-Sexy-Backless-Women-s-Camisole-Elastic-Casual-Spaghetti-Strap-White-Top-Summer-p-49546224.html?mallCode=1&pageListType=4&detailBusinessFrom=0-1_49546224%7C0-2,https://img.ltwebstatic.com/v4/j/spmp/2025/11/18/1c/1763466413db923eed7f668d1f6baf23ff387378a7_thumbnail_600x.webp,2026-05-31T16:26:23+08:00,,,,,100+ sold
288776980,9,1,9,SHEIN EZwear 5pcs/Set Women's Basic Solid Color Sleeveless Fitted T-Shirt Basic Tees Women Basic Tees Shirt Pack Women Pack Of Tops Plain Tshirts Women,S$10.99,https://sg.shein.com/SHEIN-EZwear-5pcs-Set-Women-s-Basic-Solid-Color-Sleeveless-Fitted-T-Shirt-Basic-Tees-Women-Basic-Tees-Shirt-Pack-Women-Pack-Of-Tops-Plain-Tshirts-Women-p-288776980.html?mallCode=1&pageListType=4&detailBusinessFrom=0-1_288776980%7C0-2,https://img.ltwebstatic.com/v4/j/pi/2025/11/17/aa/17633629415cbeb58bda13d8326e5840cf2e66b624_thumbnail_600x.webp,2026-05-31T16:26:23+08:00,,,,,
49570598,9,1,9,INAWLY Women Letter Print Asymmetric Neck Casual Loose T-Shirt,S$1.17,https://sg.shein.com/INAWLY-Women-Letter-Print-Asymmetric-Neck-Casual-Loose-T-Shirt-p-49570598.html?mallCode=1&pageListType=4&detailBusinessFrom=0-1_49570598%7C0-2,https://img.ltwebstatic.com/images3_pi/2024/12/03/92/1733224283369fb78c2e895d8f19221df80c2f7940_thumbnail_600x.webp,2026-05-31T16:26:23+08:00,,,,,Save S$1.17
74055444,9,1,9,"High Waist Denim Shorts For Women, Summer Loose A-Line Fringe Bermuda Shorts Casual Black",S$16.49,https://sg.shein.com/High-Waist-Denim-Shorts-For-Women-Summer-Loose-A-Line-Fringe-Bermuda-Shorts-Casual-Black-p-74055444.html?mallCode=1&pageListType=4&detailBusinessFrom=0-1_74055444%7C0-2,https://img.ltwebstatic.com/v4/j/spmp/2026/03/02/e4/177242786887540c08929cad543bd07d3682e7382e_thumbnail_600x.webp,2026-05-31T16:26:23+08:00,,,,,
52925564,9,2,"9,10",MUSERA Tie Front Premium Linen Feel Beach Trousers Elegant Summer Vacation Sun Casual Boho White Airport Beach Pants Spring Holiday,S$14.99,https://sg.shein.com/MUSERA-Tie-Front-Premium-Linen-Feel-Beach-Trousers-Elegant-Summer-Vacation-Sun-Casual-Boho-White-Airport-Beach-Pants-Spring-Holiday-p-52925564.html?mallCode=1&pageListType=4&detailBusinessFrom=0-1_52925564%7C0-2,https://img.ltwebstatic.com/v4/j/pi/2025/05/29/6c/17485157955fc333779370e301c62fd458289a93ad_thumbnail_600x.webp,2026-05-31T16:26:23+08:00,,,(1000+),,200+ sold
150107521,9,1,9,"Vela Rue Minimalist Design Pants, Thin Solid Navy Blue Suit Pants With Zipper & Hook Closure, Flared Leg Slimming Trousers, Fashionable All Season Spring",S$14.39,https://sg.shein.com/Vela-Rue-Minimalist-Design-Pants-Thin-Solid-Navy-Blue-Suit-Pants-With-Zipper-Hook-Closure-Flared-Leg-Slimming-Trousers-Fashionable-All-Season-Spring-p-150107521.html?mallCode=1&pageListType=4&detailBusinessFrom=0-1_150107521%7C0-2,https://img.ltwebstatic.com/v4/j/spmp/2026/01/14/95/176840240384be0e40489fbdafa7d930f54f4d00f9_thumbnail_600x.webp,2026-05-31T16:26:23+08:00,,-4%,(1000+),,200+ sold
111059870,9,1,9,"SHEIN LUNE 3pcs/Set Women's Casual Solid Color Basic Short Sleeve T-Shirt,Cute Summer Crop Tops,All White,Everyday Streetwear Festival Butter Yellow",S$16.99,https://sg.shein.com/SHEIN-LUNE-3pcs-Set-Women-s-Casual-Solid-Color-Basic-Short-Sleeve-T-Shirt-Cute-Summer-Crop-Tops-All-White-Everyday-Streetwear-Festival-Butter-Yellow-p-111059870.html?mallCode=1&pageListType=4&detailBusinessFrom=0-1_111059870%7C0-2,https://img.ltwebstatic.com/v4/j/pi/2025/06/30/72/17512561036d71092124326294b53151b990d6a8a7_thumbnail_600x.webp,2026-05-31T16:26:23+08:00,,,,,
158508192,9,1,9,"Aloruh Women's Dark Brown Seksi Chic Halter Neck Dress,Summmer Ruffled Hem Solid Color Elegant Party Dresses For Women,Bar Party Vacation Outfits,Commuter",S$17.99,https://sg.shein.com/Aloruh-Women-s-Dark-Brown-Seksi-Chic-Halter-Neck-Dress-Summmer-Ruffled-Hem-Solid-Color-Elegant-Party-Dresses-For-Women-Bar-Party-Vacation-Outfits-Commuter-p-158508192.html?mallCode=1&pageListType=4&detailBusinessFrom=0-1_158508192%7C0-2,https://img.ltwebstatic.com/v4/j/pi/2025/08/20/b3/175568320505d36c81fab2ddddf59d57df1bbeb349_thumbnail_600x.webp,2026-05-31T16:26:23+08:00,,,,,200+ sold
95269787,9,1,9,"Korean Chic Striped Contrast Color Single Breasted Loose Fit Long Sleeve Hooded Sun Protection Shirt For Women, Summer Spring",S$12.49,https://sg.shein.com/Korean-Chic-Striped-Contrast-Color-Single-Breasted-Loose-Fit-Long-Sleeve-Hooded-Sun-Protection-Shirt-For-Women-Summer-Spring-p-95269787.html?mallCode=1&pageListType=4&detailBusinessFrom=0-1_95269787%7C0-2,https://img.ltwebstatic.com/v4/j/spmp/2025/06/15/be/1749976528ae993a3fe74cdf55a794d6c342d73728_thumbnail_600x.webp,2026-05-31T16:26:23+08:00,,,(1000+),,200+ sold
368515147,9,2,"9,10","Just Masa Women's Summer Casual Vacation Strapless Dress,Vegetable Print Fashion Cute Mini Bodycon Dress,For Beach,Music Festival, Date, Daily Wear",S$1.88,https://sg.shein.com/Just-Masa-Women-s-Summer-Casual-Vacation-Strapless-Dress-Vegetable-Print-Fashion-Cute-Mini-Bodycon-Dress-For-Beach-Music-Festival-Date-Daily-Wear-p-368515147.html?mallCode=1&pageListType=4&detailBusinessFrom=0-1_368515147%7C0-2,https://img.ltwebstatic.com/v4/j/spmp/2026/01/17/e5/176862078807b0b3a1645adc9e00a795a3fbb1c545_thumbnail_600x.webp,2026-05-31T16:26:23+08:00,,,,,Save S$1.88
107535702,9,1,9,"Elouméa Women Summer Boho Holiday Vacation Charcoal Gray Asymmetrical Ruched Cap Sleeve Ruffle Collar Blouse & Elastic Waist Straight Leg Pants Set,Holiday",S$20.42,https://sg.shein.com/Eloum-a-Women-Summer-Boho-Holiday-Vacation-Charcoal-Gray-Asymmetrical-Ruched-Cap-Sleeve-Ruffle-Collar-Blouse-Elastic-Waist-Straight-Leg-Pants-Set-Holiday-p-107535702.html?mallCode=1&pageListType=4&detailBusinessFrom=0-1_107535702%7C0-2,https://img.ltwebstatic.com/v4/j/pi/2025/06/25/ec/1750815080dbeab34c43a94ad266494653de52d5b8_thumbnail_600x.webp,2026-05-31T16:26:23+08:00,,-5%,,,
43400974,9,1,9,DAZY 1pc Women Solid Color Crewneck Ribbed Slim Fit Casual Tank Top,S$8.49,https://sg.shein.com/DAZY-1pc-Women-Solid-Color-Crewneck-Ribbed-Slim-Fit-Casual-Tank-Top-p-43400974.html?mallCode=1&pageListType=4&detailBusinessFrom=0-1_43400974%7C0-2,https://img.ltwebstatic.com/images3_pi/2024/09/23/35/1727085101ab8e9a589168d91285b9fc8b2c52ea85_thumbnail_600x.webp,2026-05-31T16:26:23+08:00,,,,,
342073060,9,1,9,Summer Korean Style Slim Fit Letter Print Drawstring Button Design Short Sleeve T-Shirt Casual Black,S$11.99,https://sg.shein.com/Summer-Korean-Style-Slim-Fit-Letter-Print-Drawstring-Button-Design-Short-Sleeve-T-Shirt-Casual-Black-p-342073060.html?mallCode=1&pageListType=4&detailBusinessFrom=0-1_342073060%7C0-2,https://img.ltwebstatic.com/v4/j/spmp/2025/12/26/40/1766732076d7030b6510c8d8a6db8bcfa88a457ff2_thumbnail_600x.webp,2026-05-31T16:26:23+08:00,,,,,
56763374,9,1,9,"SHEIN EZwear 4pcs Women Tight Fitted Cropped Casual Tank Top, Suitable For Summer Back To School",S$1.37,https://sg.shein.com/SHEIN-EZwear-4pcs-Women-Tight-Fitted-Cropped-Casual-Tank-Top-Suitable-For-Summer-Back-To-School-p-56763374.html?mallCode=1&pageListType=4&detailBusinessFrom=0-1_56763374%7C0-2,https://img.ltwebstatic.com/images3_pi/2025/02/15/ea/1739606455bbc8a36c3cb1a96168cee9f36309d0e3_thumbnail_600x.webp,2026-05-31T16:26:23+08:00,,,,,Save S$1.37
103019545,9,1,9,"DAZY Women's Summer Super Short Jeans Shorts, A-Line Casual Street Style Sexy Denim Shorts Jorts",S$2.34,https://sg.shein.com/DAZY-Women-s-Summer-Super-Short-Jeans-Shorts-A-Line-Casual-Street-Style-Sexy-Denim-Shorts-Jorts-p-103019545.html?mallCode=1&pageListType=4&detailBusinessFrom=0-1_103019545%7C0-2,https://img.ltwebstatic.com/v4/j/pi/2025/06/20/df/1750401916c7ca8ac1e38c09f04eda1442f14b9d32_thumbnail_600x.webp,2026-05-31T16:26:23+08:00,,,,,Save S$2.34
442691782,9,1,9,"Franclia Women's Solid Color Minimalist Sleeveless Tank Top, Casual Everyday Wear",S$6.49,https://sg.shein.com/Franclia-Women-s-Solid-Color-Minimalist-Sleeveless-Tank-Top-Casual-Everyday-Wear-p-442691782.html?mallCode=1&pageListType=4&detailBusinessFrom=0-1_442691782%7C0-2,https://img.ltwebstatic.com/v4/j/pi/2026/04/14/ef/1776131613f8a694c1d5076c0715e599fb0db4d6e5_thumbnail_600x.webp,2026-05-31T16:26:23+08:00,,,,,
434767530,9,1,9,"Resyla Half-Zip Striped Short Sleeve Hoodie T-Shirt, Spring/Summer New Design Asymmetrical Casual Top",S$13.49,https://sg.shein.com/Resyla-Half-Zip-Striped-Short-Sleeve-Hoodie-T-Shirt-Spring-Summer-New-Design-Asymmetrical-Casual-Top-p-434767530.html?mallCode=1&pageListType=4&detailBusinessFrom=0-1_434767530%7C0-2,https://img.ltwebstatic.com/v4/j/pi/2026/04/27/da/177725348646fecfb73755ccb48e45aa105231a9a9_thumbnail_600x.webp,2026-05-31T16:26:23+08:00,,,,,
109676588,9,1,9,"Retro High-Waisted Wide-Leg Jeans, Full-Length White Cotton Pants. Versatile For Daily, Office And Dating Wear In Spring And Summer.",S$25.99,https://sg.shein.com/Retro-High-Waisted-Wide-Leg-Jeans-Full-Length-White-Cotton-Pants-Versatile-For-Daily-Office-And-Dating-Wear-In-Spring-And-Summer-p-109676588.html?mallCode=1&pageListType=4&detailBusinessFrom=0-1_109676588%7C0-2,https://img.ltwebstatic.com/v4/j/spmp/2025/11/07/7c/1762506277b9210231ea78aaf85118b34fbe83442a_thumbnail_600x.webp,2026-05-31T16:26:23+08:00,,,,,
44210513,9,1,9,Mid Waist Solid Color Elegant Office Straight Pants With Belt Spring,S$17.99,https://sg.shein.com/Mid-Waist-Solid-Color-Elegant-Office-Straight-Pants-With-Belt-Spring-p-44210513.html?mallCode=1&pageListType=4&detailBusinessFrom=0-1_44210513%7C0-2,https://img.ltwebstatic.com/v4/j/spmp/2026/05/18/be/1779115982e167f44e05cd59e3550dd4271368ce96_thumbnail_600x.webp,2026-05-31T16:26:23+08:00,,,(1000+),,
81416241,9,1,9,INAWLY 2pcs Women Back To School City Name Slogan Print Fashion Casual Sets,S$2.10,https://sg.shein.com/INAWLY-2pcs-Women-Back-To-School-City-Name-Slogan-Print-Fashion-Casual-Sets-p-81416241.html?mallCode=1&pageListType=4&detailBusinessFrom=0-1_81416241%7C0-2,https://img.ltwebstatic.com/v4/j/pi/2025/05/19/81/1747622635ff93540364f3446066be503f08d9dc03_thumbnail_600x.webp,2026-05-31T16:26:23+08:00,,,,,Save S$2.10
44830062,9,1,9,"SHEIN PETITE 3 Packs Women's Leggings, Comfortable And Smooth For Yoga, Fitness And Cycling, And Everyday Wear",S$12.99,https://sg.shein.com/SHEIN-PETITE-3-Packs-Women-s-Leggings-Comfortable-And-Smooth-For-Yoga-Fitness-And-Cycling-And-Everyday-Wear-p-44830062.html?mallCode=1&pageListType=4&detailBusinessFrom=0-1_44830062%7C0-2,https://sc.ltwebstatic.com/she_dist/images/bg-grey-solid-color-fc04c1310d.png,2026-05-31T16:26:23+08:00,,,,,
63310706,9,1,9,"FRIFUL Women's Chic Black Summmer Casual Plain Color Loose Jumpsuit,Everyday Summer Clothing Sets Outfit Romper Lounge Sets",S$3.60,https://sg.shein.com/FRIFUL-Women-s-Chic-Black-Summmer-Casual-Plain-Color-Loose-Jumpsuit-Everyday-Summer-Clothing-Sets-Outfit-Romper-Lounge-Sets-p-63310706.html?mallCode=1&pageListType=4&detailBusinessFrom=0-1_63310706%7C0-2,https://sc.ltwebstatic.com/she_dist/images/bg-grey-solid-color-fc04c1310d.png,2026-05-31T16:26:23+08:00,,,,,Save S$3.60
83711967,9,1,9,"Pariaura Women's Black And White Contrast Trim Elegant Sleeveless Vest And Wide Leg Shorts 2 Pieces Suit,Versatile Round Neck Button Waist Summer Dining Set",S$2.60,https://sg.shein.com/Pariaura-Women-s-Black-And-White-Contrast-Trim-Elegant-Sleeveless-Vest-And-Wide-Leg-Shorts-2-Pieces-Suit-Versatile-Round-Neck-Button-Waist-Summer-Dining-Set-p-83711967.html?mallCode=1&pageListType=4&detailBusinessFrom=0-1_83711967%7C0-2,https://sc.ltwebstatic.com/she_dist/images/bg-grey-solid-color-fc04c1310d.png,2026-05-31T16:26:23+08:00,,,,,Save S$2.60
213155115,9,2,"9,10",Casual Commute Daily Drop Shoulder Loose Striped Top Spring,S$10.07,https://sg.shein.com/Casual-Commute-Daily-Drop-Shoulder-Loose-Striped-Top-Spring-p-213155115.html?mallCode=1&pageListType=4&detailBusinessFrom=0-1_213155115%7C0-2,https://sc.ltwebstatic.com/she_dist/images/bg-grey-solid-color-fc04c1310d.png,2026-05-31T16:26:23+08:00,,-4%,,,100+ sold
421788197,9,2,"9,10","Elamini Women's Vintage Textured Relaxed Fit Low-Waist Casual Pants, Slimming Solid Color Straight Leg Trousers For Spring Women's Loungewear White Pants Set",S$12.99,https://sg.shein.com/Elamini-Women-s-Vintage-Textured-Relaxed-Fit-Low-Waist-Casual-Pants-Slimming-Solid-Color-Straight-Leg-Trousers-For-Spring-Women-s-Loungewear-White-Pants-Set-p-421788197.html?mallCode=1&pageListType=4&detailBusinessFrom=0-1_421788197%7C0-2,https://sc.ltwebstatic.com/she_dist/images/bg-grey-solid-color-fc04c1310d.png,2026-05-31T16:26:23+08:00,,,,,
444330557,9,2,"9,10","Resyla 2pcs Women's Digital Stripe Short Sleeve T-Shirt & Shorts Set, Summer",S$14.49,https://sg.shein.com/Resyla-2pcs-Women-s-Digital-Stripe-Short-Sleeve-T-Shirt-Shorts-Set-Summer-p-444330557.html?mallCode=1&pageListType=4&detailBusinessFrom=0-1_444330557%7C0-2,https://sc.ltwebstatic.com/she_dist/images/bg-grey-solid-color-fc04c1310d.png,2026-05-31T16:26:23+08:00,,,,,
457384861,9,1,9,"Resyla Women's 2-Piece Set, Printed Denim Effect Leopard Print Denim Top & Elastic Waist Shorts, Casual Summer Outfit",S$18.99,https://sg.shein.com/Resyla-Women-s-2-Piece-Set-Printed-Denim-Effect-Leopard-Print-Denim-Top-Elastic-Waist-Shorts-Casual-Summer-Outfit-p-457384861.html?mallCode=1&pageListType=4&detailBusinessFrom=0-1_457384861%7C0-2,https://sc.ltwebstatic.com/she_dist/images/bg-grey-solid-color-fc04c1310d.png,2026-05-31T16:26:23+08:00,,,,,
286214531,9,1,9,"YFY Women's Casual Western Style Solid Color Round Neck Long Sleeve Flared Cuff Shirt, Soft & Lightweight Polyester Fabric, Suitable For Spring/Summer Everyday Wear & Loungewear",S$8.15,https://sg.shein.com/YFY-Women-s-Casual-Western-Style-Solid-Color-Round-Neck-Long-Sleeve-Flared-Cuff-Shirt-Soft-Lightweight-Polyester-Fabric-Suitable-For-Spring-Summer-Everyday-Wear-Loungewear-p-286214531.html?mallCode=1&pageListType=4&detailBusinessFrom=0-1_286214531%7C0-2,https://sc.ltwebstatic.com/she_dist/images/bg-grey-solid-color-fc04c1310d.png,2026-05-31T16:26:23+08:00,,-4%,,,70+ sold
428446562,9,1,9,"Elamini 1pc Navy Blue Vintage Perris Floral Sequin Asymmetric Hem Camisole Patchwork Y2K Casual Tank Top For Women, Spring/Summer",S$14.49,https://sg.shein.com/Elamini-1pc-Navy-Blue-Vintage-Perris-Floral-Sequin-Asymmetric-Hem-Camisole-Patchwork-Y2K-Casual-Tank-Top-For-Women-Spring-Summer-p-428446562.html?mallCode=1&pageListType=4&detailBusinessFrom=0-1_428446562%7C0-2,https://sc.ltwebstatic.com/she_dist/images/bg-grey-solid-color-fc04c1310d.png,2026-05-31T16:26:23+08:00,,,,,50+ sold
243243773,9,1,9,"Avenya Striped Grey Low Waist Wide Leg Maxi Pants With Dual Waist Tie,Minimalist Elegant 70s Commuter Summer City Break Straight-Leg Loose-Fit Suit Pants",S$22.99,https://sg.shein.com/Avenya-Striped-Grey-Low-Waist-Wide-Leg-Maxi-Pants-With-Dual-Waist-Tie-Minimalist-Elegant-70s-Commuter-Summer-City-Break-Straight-Leg-Loose-Fit-Suit-Pants-p-243243773.html?mallCode=1&pageListType=4&detailBusinessFrom=0-1_243243773%7C0-2,https://sc.ltwebstatic.com/she_dist/images/bg-grey-solid-color-fc04c1310d.png,2026-05-31T16:26:23+08:00,,,,,
35101363,9,1,9,"Dazy-Less Women's Solid Color V-Neck Short Sleeve T-Shirt, Summer Old Money Style Business Casual Woman Work Clothes",S$8.49,https://sg.shein.com/Dazy-Less-Women-s-Solid-Color-V-Neck-Short-Sleeve-T-Shirt-Summer-Old-Money-Style-Business-Casual-Woman-Work-Clothes-p-35101363.html?mallCode=1&pageListType=4&detailBusinessFrom=0-1_35101363%7C0-2,https://sc.ltwebstatic.com/she_dist/images/bg-grey-solid-color-fc04c1310d.png,2026-05-31T16:26:23+08:00,,,,,70+ sold
90194510,9,1,9,"Qadelle Women's Casual Solid Color Sleeveless Crew Neck Tank Top, Summer",S$8.99,https://sg.shein.com/Qadelle-Women-s-Casual-Solid-Color-Sleeveless-Crew-Neck-Tank-Top-Summer-p-90194510.html?mallCode=1&pageListType=4&detailBusinessFrom=0-1_90194510%7C0-2,https://sc.ltwebstatic.com/she_dist/images/bg-grey-solid-color-fc04c1310d.png,2026-05-31T16:26:23+08:00,,,,,
81693971,9,1,9,Elenzga Women's Spring/Summer Newest Batwing Sleeve Black Design Sense Loose Elegant Elegant Gold Lace Jumpsuits,S$19.49,https://sg.shein.com/Elenzga-Women-s-Spring-Summer-Newest-Batwing-Sleeve-Black-Design-Sense-Loose-Elegant-Elegant-Gold-Lace-Jumpsuits-p-81693971.html?mallCode=1&pageListType=4&detailBusinessFrom=0-1_81693971%7C0-2,https://sc.ltwebstatic.com/she_dist/images/bg-grey-solid-color-fc04c1310d.png,2026-05-31T16:26:23+08:00,,,,,
34583950,9,1,9,"Strévra Women's Solid Color Elastic Waist Casual Vacation Style Long Pants, Summer,Teacher Pants",S$14.99,https://sg.shein.com/Str-vra-Women-s-Solid-Color-Elastic-Waist-Casual-Vacation-Style-Long-Pants-Summer-Teacher-Pants-p-34583950.html?mallCode=1&pageListType=4&detailBusinessFrom=0-1_34583950%7C0-2,https://sc.ltwebstatic.com/she_dist/images/bg-grey-solid-color-fc04c1310d.png,2026-05-31T16:26:23+08:00,,,,,
113335398,9,1,9,MUSERA Mid Rise Button Capri Leggings Summer Holiday Vacation Y2k Elegant Cute Casual Sexy Collective Back To School Pants Spring Business,S$14.99,https://sg.shein.com/MUSERA-Mid-Rise-Button-Capri-Leggings-Summer-Holiday-Vacation-Y2k-Elegant-Cute-Casual-Sexy-Collective-Back-To-School-Pants-Spring-Business-p-113335398.html?mallCode=1&pageListType=4&detailBusinessFrom=0-1_113335398%7C0-2,https://sc.ltwebstatic.com/she_dist/images/bg-grey-solid-color-fc04c1310d.png,2026-05-31T16:26:23+08:00,,,,,100+ sold
435664818,9,1,9,"Resyla Floral Print Short Sleeve T-Shirt, Summer T-Shirt, Refreshing Ladies Top, Aesthetic Tee",S$1.12,https://sg.shein.com/Resyla-Floral-Print-Short-Sleeve-T-Shirt-Summer-T-Shirt-Refreshing-Ladies-Top-Aesthetic-Tee-p-435664818.html?mallCode=1&pageListType=4&detailBusinessFrom=0-1_435664818%7C0-2,https://sc.ltwebstatic.com/she_dist/images/bg-grey-solid-color-fc04c1310d.png,2026-05-31T16:26:23+08:00,,,,,Save S$1.12
465119501,9,1,9,"Women's High Waist Slim Fit Wide Leg Pants In Military Green, Bohemian Street Style, Perfect For Casual, Office Or Commute In Spring/Summer (Belt Not Included)",S$19.49,https://sg.shein.com/Women-s-High-Waist-Slim-Fit-Wide-Leg-Pants-In-Military-Green-Bohemian-Street-Style-Perfect-For-Casual-Office-Or-Commute-In-Spring-Summer-Belt-Not-Included-p-465119501.html?mallCode=1&pageListType=4&detailBusinessFrom=0-1_465119501%7C0-2,https://sc.ltwebstatic.com/she_dist/images/bg-grey-solid-color-fc04c1310d.png,2026-05-31T16:26:23+08:00,,,,,NEW
382195429,9,1,9,SHEIN Casual Fitted Denim Knit Pullover Short Sleeve T-Shirt For Women,S$7.49,https://sg.shein.com/SHEIN-Casual-Fitted-Denim-Knit-Pullover-Short-Sleeve-T-Shirt-For-Women-p-382195429.html?mallCode=1&pageListType=4&detailBusinessFrom=0-1_382195429%7C0-2,https://sc.ltwebstatic.com/she_dist/images/bg-grey-solid-color-fc04c1310d.png,2026-05-31T16:26:23+08:00,,,,,200+ sold
91227059,9,1,9,"ELVA Black Blouse, Polka Dot Retro Luxurious Style, Long Sleeve Loose Fit, Suitable For Women's Office Wear, Including Work Tops, Autumn Clothing, Back To School Season Outfits, Back To School Party Dresses, Boyfriend Style Teacher Attire White",S$12.95,https://sg.shein.com/ELVA-Black-Blouse-Polka-Dot-Retro-Luxurious-Style-Long-Sleeve-Loose-Fit-Suitable-For-Women-s-Office-Wear-Including-Work-Tops-Autumn-Clothing-Back-To-School-Season-Outfits-Back-To-School-Party-Dresses-Boyfriend-Style-Teacher-Attire-White-p-91227059.html?mallCode=1&pageListType=4&detailBusinessFrom=0-1_91227059%7C0-2,https://sc.ltwebstatic.com/she_dist/images/bg-grey-solid-color-fc04c1310d.png,2026-05-31T16:26:23+08:00,,-4%,(1000+),,200+ sold
96920370,9,1,9,"Comfortcana Women's Casual Everyday Embroidered Star Navy Blue Short Sleeve Twist Knit Top Fall Tops,Tops For School",S$2.04,https://sg.shein.com/Comfortcana-Women-s-Casual-Everyday-Embroidered-Star-Navy-Blue-Short-Sleeve-Twist-Knit-Top-Fall-Tops-Tops-For-School-p-96920370.html?mallCode=1&pageListType=4&detailBusinessFrom=0-1_96920370%7C0-2,https://sc.ltwebstatic.com/she_dist/images/bg-grey-solid-color-fc04c1310d.png,2026-05-31T16:26:23+08:00,,,,,Save S$2.04
390866142,9,1,9,"Everyssa Women's Black And White Striped Knitted Round Neck Short Sleeve Top With Matching Shorts Two-Piece Set,Summer Casual Gym Tracksuit,Sporty Loungewear",S$2.60,https://sg.shein.com/Everyssa-Women-s-Black-And-White-Striped-Knitted-Round-Neck-Short-Sleeve-Top-With-Matching-Shorts-Two-Piece-Set-Summer-Casual-Gym-Tracksuit-Sporty-Loungewear-p-390866142.html?mallCode=1&pageListType=4&detailBusinessFrom=0-1_390866142%7C0-2,https://sc.ltwebstatic.com/she_dist/images/bg-grey-solid-color-fc04c1310d.png,2026-05-31T16:26:23+08:00,,,,,Save S$2.60
343187528,9,1,9,SHEIN EZwear Summer Outfit 2pcs Set: Light Apricot V-Neck Embroidered Twist Front Long Sleeve Top And Slant Pocket Shorts,S$16.99,https://sg.shein.com/SHEIN-EZwear-Summer-Outfit-2pcs-Set-Light-Apricot-V-Neck-Embroidered-Twist-Front-Long-Sleeve-Top-And-Slant-Pocket-Shorts-p-343187528.html?mallCode=1&pageListType=4&detailBusinessFrom=0-1_343187528%7C0-2,https://sc.ltwebstatic.com/she_dist/images/bg-grey-solid-color-fc04c1310d.png,2026-05-31T16:26:23+08:00,,,,,
370459046,9,1,9,Women's Satin Lace Trim Spaghetti Strap Cami Top - Alluring Side Slit Khaki Summer Camisole Casual,S$8.99,https://sg.shein.com/Women-s-Satin-Lace-Trim-Spaghetti-Strap-Cami-Top-Alluring-Side-Slit-Khaki-Summer-Camisole-Casual-p-370459046.html?mallCode=1&pageListType=4&detailBusinessFrom=0-1_370459046%7C0-2,https://sc.ltwebstatic.com/she_dist/images/bg-grey-solid-color-fc04c1310d.png,2026-05-31T16:26:23+08:00,,,,,100+ sold
29417498,9,1,9,"BizChic Women's Single-Breasted Short Sleeve Knit Top, Urban Commute Business Casual Basic Blouse, Elegant For Women",S$2.47,https://sg.shein.com/BizChic-Women-s-Single-Breasted-Short-Sleeve-Knit-Top-Urban-Commute-Business-Casual-Basic-Blouse-Elegant-For-Women-p-29417498.html?mallCode=1&pageListType=4&detailBusinessFrom=0-1_29417498%7C0-2,https://sc.ltwebstatic.com/she_dist/images/bg-grey-solid-color-fc04c1310d.png,2026-05-31T16:26:23+08:00,,,,,Save S$2.47
146229130,9,1,9,"1pc Solid Color Woven Fabric Drawstring Pocket Women's Pants, Suitable For Dates, Holidays, Daily Wear, Birthday Parties, Singles' Parties, School Parties, Lightweight, Denim Effect Color Spring",S$13.49,https://sg.shein.com/1pc-Solid-Color-Woven-Fabric-Drawstring-Pocket-Women-s-Pants-Suitable-For-Dates-Holidays-Daily-Wear-Birthday-Parties-Singles-Parties-School-Parties-Lightweight-Denim-Effect-Color-Spring-p-146229130.html?mallCode=1&pageListType=4&detailBusinessFrom=0-1_146229130%7C0-2,https://sc.ltwebstatic.com/she_dist/images/bg-grey-solid-color-fc04c1310d.png,2026-05-31T16:26:23+08:00,,,,,70+ sold
297042789,9,1,9,"FRIFUL Women's Round Neck Thermal Lined Thick Sweatshirt With Ruffled Mesh Hem, Loose Fit Multi-Layered Cake Hem Casual Pullover",S$13.49,https://sg.shein.com/FRIFUL-Women-s-Round-Neck-Thermal-Lined-Thick-Sweatshirt-With-Ruffled-Mesh-Hem-Loose-Fit-Multi-Layered-Cake-Hem-Casual-Pullover-p-297042789.html?mallCode=1&pageListType=4&detailBusinessFrom=0-1_297042789%7C0-2,https://sc.ltwebstatic.com/she_dist/images/bg-grey-solid-color-fc04c1310d.png,2026-05-31T16:26:23+08:00,,-46%,,,
466300743,9,2,"9,10","Women's Casual Loose Lace Patchwork Striped Blouse, Lightweight Breathable Relaxed Fit Shirt For Vacation, Dating, Daily Wear, Spring Pink",S$15.49,https://sg.shein.com/Women-s-Casual-Loose-Lace-Patchwork-Striped-Blouse-Lightweight-Breathable-Relaxed-Fit-Shirt-For-Vacation-Dating-Daily-Wear-Spring-Pink-p-466300743.html?mallCode=1&pageListType=4&detailBusinessFrom=0-1_466300743%7C0-2,https://sc.ltwebstatic.com/she_dist/images/bg-grey-solid-color-fc04c1310d.png,2026-05-31T16:26:23+08:00,,,,,
400490986,9,1,9,Sweetra Sweet & Spicy Girl Black & White Polka Dot Boat Neck Stretchy Fitted Short Sleeve Fashionable Versatile Summer New T-Shirt For Women,S$7.99,https://sg.shein.com/Sweetra-Sweet-Spicy-Girl-Black-White-Polka-Dot-Boat-Neck-Stretchy-Fitted-Short-Sleeve-Fashionable-Versatile-Summer-New-T-Shirt-For-Women-p-400490986.html?mallCode=1&pageListType=4&detailBusinessFrom=0-1_400490986%7C0-2,https://sc.ltwebstatic.com/she_dist/images/bg-grey-solid-color-fc04c1310d.png,2026-05-31T16:26:23+08:00,,,,,100+ sold
29104566,9,1,9,SHEIN Sports Half-Zip Thumb Hole Sportswear Long Sleeve Sweatshirt Black Zip Up Fall Sweatshirts,S$12.49,https://sg.shein.com/SHEIN-Sports-Half-Zip-Thumb-Hole-Sportswear-Long-Sleeve-Sweatshirt-Black-Zip-Up-Fall-Sweatshirts-p-29104566.html?mallCode=1&pageListType=4&detailBusinessFrom=0-1_29104566%7C0-2,https://sc.ltwebstatic.com/she_dist/images/bg-grey-solid-color-fc04c1310d.png,2026-05-31T16:26:23+08:00,,,,,
45379921,9,2,"9,10","SHEIN EZwear 3pcs/Set Casual Slim Fit Camisole Tank Tops For Women, Suitable For Summer Back To School",S$10.99,https://sg.shein.com/SHEIN-EZwear-3pcs-Set-Casual-Slim-Fit-Camisole-Tank-Tops-For-Women-Suitable-For-Summer-Back-To-School-p-45379921.html?mallCode=1&pageListType=4&detailBusinessFrom=0-1_45379921%7C0-2,https://sc.ltwebstatic.com/she_dist/images/bg-grey-solid-color-fc04c1310d.png,2026-05-31T16:26:23+08:00,,,(1000+),,100+ sold
381966506,9,1,9,"Women's Elegant Vintage Style Comfortable Black Stand Collar Sleeveless Fitted Knit Tank Top (With Belt) Paired With White Pleated A-Line Mid-Length Skirt, 2-Piece Summer Set",S$1.50,https://sg.shein.com/Women-s-Elegant-Vintage-Style-Comfortable-Black-Stand-Collar-Sleeveless-Fitted-Knit-Tank-Top-With-Belt-Paired-With-White-Pleated-A-Line-Mid-Length-Skirt-2-Piece-Summer-Set-p-381966506.html?mallCode=1&pageListType=4&detailBusinessFrom=0-1_381966506%7C0-2,https://sc.ltwebstatic.com/she_dist/images/bg-grey-solid-color-fc04c1310d.png,2026-05-31T16:26:23+08:00,,,,,Save S$1.50
449044282,9,1,9,Franclia Women's New Black & White Striped Round Neck Short Sleeve Bodycon Midi Knit Dress,S$7.49,https://sg.shein.com/Franclia-Women-s-New-Black-White-Striped-Round-Neck-Short-Sleeve-Bodycon-Midi-Knit-Dress-p-449044282.html?mallCode=1&pageListType=4&detailBusinessFrom=0-1_449044282%7C0-2,https://sc.ltwebstatic.com/she_dist/images/bg-grey-solid-color-fc04c1310d.png,2026-05-31T16:26:23+08:00,,,,,
434413817,9,2,"9,10","Franclia Sleeveless Decorative Button Vest For Women, Suitable For Home, Daily Wear, Outings, Travel, Business",S$1.04,https://sg.shein.com/Franclia-Sleeveless-Decorative-Button-Vest-For-Women-Suitable-For-Home-Daily-Wear-Outings-Travel-Business-p-434413817.html?mallCode=1&pageListType=4&detailBusinessFrom=0-1_434413817%7C0-2,https://sc.ltwebstatic.com/she_dist/images/bg-grey-solid-color-fc04c1310d.png,2026-05-31T16:26:23+08:00,,,,,Save S$1.04
459954632,10,1,10,"Navy High-Waisted Slim Fit Wide Leg Pants For Women, Bohemian Street Style, Suitable For Spring/Summer Daily Wear, Work Commute, Vacation, Fashionable & Elegant (Belt Not Included)",S$18.49,https://sg.shein.com/Navy-High-Waisted-Slim-Fit-Wide-Leg-Pants-For-Women-Bohemian-Street-Style-Suitable-For-Spring-Summer-Daily-Wear-Work-Commute-Vacation-Fashionable-Elegant-Belt-Not-Included-p-459954632.html?mallCode=1&pageListType=4&detailBusinessFrom=0-1_459954632%7C0-2,https://img.ltwebstatic.com/v4/j/spmp/2026/05/07/d7/1778151696509d7c9c3c132cc9867704a6fdec2f67_thumbnail_600x.webp,2026-05-31T16:28:05+08:00,,,,,NEW
468139853,10,1,10,"1pc Solid Color Elegant Backless Knit Dress, Suitable For Wedding, Evening, Date, Vacation In Summer",S$21.58,https://sg.shein.com/1pc-Solid-Color-Elegant-Backless-Knit-Dress-Suitable-For-Wedding-Evening-Date-Vacation-In-Summer-p-468139853.html?mallCode=1&pageListType=4&detailBusinessFrom=0-1_468139853%7C0-2,https://img.ltwebstatic.com/v4/j/spmp/2026/05/28/4e/17799656163767bdddce2807bc408cad633e7d610c_thumbnail_600x.webp,2026-05-31T16:28:05+08:00,,-37%,,,
443985027,10,1,10,"Lavishia Black Summer Casual Smart Office Bermuda Shorts For Women,Slant Pocket Tailored Business Outfits,Petite Short Formal Pants,Work Commute Chic Trousers",S$16.99,https://sg.shein.com/Lavishia-Black-Summer-Casual-Smart-Office-Bermuda-Shorts-For-Women-Slant-Pocket-Tailored-Business-Outfits-Petite-Short-Formal-Pants-Work-Commute-Chic-Trousers-p-443985027.html?mallCode=1&pageListType=4&detailBusinessFrom=0-1_443985027%7C0-2,https://img.ltwebstatic.com/v4/j/pi/2026/04/21/39/1776739850adad81259e8aa899f6cb52f3e9e00d0e_thumbnail_600x.webp,2026-05-31T16:28:05+08:00,,,,,
74036673,10,1,10,"Sunnyshic Women's Casual Vacation Travel Tie-Up Straight Leg Trousers, Yellow, Versatile & Slimming, Woven Fabric, Spring/Summer Fall Cloth For Women",S$11.49,https://sg.shein.com/Sunnyshic-Women-s-Casual-Vacation-Travel-Tie-Up-Straight-Leg-Trousers-Yellow-Versatile-Slimming-Woven-Fabric-Spring-Summer-Fall-Cloth-For-Women-p-74036673.html?mallCode=1&pageListType=4&detailBusinessFrom=0-1_74036673%7C0-2,https://img.ltwebstatic.com/v4/j/pi/2025/05/08/e1/17466681194652734633f7aed0baa302637117e4f5_thumbnail_600x.webp,2026-05-31T16:28:05+08:00,,,,,
81781386,10,1,10,"INAWLY 2pcs Women Shiny Sequin Short Sleeve Shirt And Wide Leg Shorts Set, Lightweight Casual Outfit For Summer",S$16.49,https://sg.shein.com/INAWLY-2pcs-Women-Shiny-Sequin-Short-Sleeve-Shirt-And-Wide-Leg-Shorts-Set-Lightweight-Casual-Outfit-For-Summer-p-81781386.html?mallCode=1&pageListType=4&detailBusinessFrom=0-1_81781386%7C0-2,https://img.ltwebstatic.com/v4/j/pi/2025/05/19/df/17476568445041bf27445417c39a12594246c385c1_thumbnail_600x.webp,2026-05-31T16:28:05+08:00,,,,,60+ sold
476833647,10,1,10,"SHEIN Frenchy Casual Minimalist Vacation Bohemian Elegant Retro Khaki Leopard Print Pattern Women's Commute, Beach, Vacation, Summer Pants",S$10.99,https://sg.shein.com/SHEIN-Frenchy-Casual-Minimalist-Vacation-Bohemian-Elegant-Retro-Khaki-Leopard-Print-Pattern-Women-s-Commute-Beach-Vacation-Summer-Pants-p-476833647.html?mallCode=1&pageListType=4&detailBusinessFrom=0-1_476833647%7C0-2,https://img.ltwebstatic.com/v4/j/pi/2026/05/22/51/1779417648dff3d3283b629d78c2627465e0a53d3e_thumbnail_600x.webp,2026-05-31T16:28:05+08:00,,,,,NEW
15187688,10,1,10,SHEIN X Antonella SHEIN SXY 7/9 Length Black PU Leather Casual Versatile Women Leggings,S$11.49,https://sg.shein.com/SHEIN-X-Antonella-SHEIN-SXY-7-9-Length-Black-PU-Leather-Casual-Versatile-Women-Leggings-p-15187688.html?mallCode=1&pageListType=4&detailBusinessFrom=0-1_15187688%7C0-2,https://img.ltwebstatic.com/images3_pi/2023/04/24/1682299110fa3bf3a749ca122d5cbfa1fc06831071_thumbnail_600x.webp,2026-05-31T16:28:05+08:00,,,,,
448258152,10,1,10,"Elegant Casual Loose V-Neck Chiffon Mini Dress - With Puff Sleeves, Pleated Waist And Ruffle Hem Design, Suitable For Dates, Holidays And Summer Vacation",S$27.99,https://sg.shein.com/Elegant-Casual-Loose-V-Neck-Chiffon-Mini-Dress-With-Puff-Sleeves-Pleated-Waist-And-Ruffle-Hem-Design-Suitable-For-Dates-Holidays-And-Summer-Vacation-p-448258152.html?mallCode=1&pageListType=4&detailBusinessFrom=0-1_448258152%7C0-2,https://img.ltwebstatic.com/v4/j/spmp/2026/04/16/1e/1776328730bb69e4a0b3fb12ef201e9ad43dbcf932_thumbnail_600x.webp,2026-05-31T16:28:05+08:00,,,,,NEW
394059373,10,1,10,"SHEIN ICON Y2k Women's Sport Athleisure Track Jacket Run Sheer Beige Casual Striped Patchwork Zip-Up Stand Collar Lightweight Jacket, Summer/Spring",S$18.49,https://sg.shein.com/SHEIN-ICON-Y2k-Women-s-Sport-Athleisure-Track-Jacket-Run-Sheer-Beige-Casual-Striped-Patchwork-Zip-Up-Stand-Collar-Lightweight-Jacket-Summer-Spring-p-394059373.html?mallCode=1&pageListType=4&detailBusinessFrom=0-1_394059373%7C0-2,https://img.ltwebstatic.com/v4/j/pi/2026/02/02/65/1770016152694aa03b1eb29c59395f41fd93fbe974_thumbnail_600x.webp,2026-05-31T16:28:05+08:00,,,,,
431151104,10,1,10,Women's Cuffed Distressed Loose Straight Denim Shorts,S$18.99,https://sg.shein.com/Women-s-Cuffed-Distressed-Loose-Straight-Denim-Shorts-p-431151104.html?mallCode=1&pageListType=4&detailBusinessFrom=0-1_431151104%7C0-2,https://img.ltwebstatic.com/v4/j/spmp/2026/05/06/f8/1778035384fd9f97bdfdb126480e193aa3610ef3eb_thumbnail_600x.webp,2026-05-31T16:28:05+08:00,,,,,NEW
465052179,10,1,10,"Athîral Women's Casual Long Sleeve Lace Cross V-Neck Fitted Blouse, Suitable For Dates, Gatherings, And Daily Wear",S$13.99,https://sg.shein.com/Ath-ral-Women-s-Casual-Long-Sleeve-Lace-Cross-V-Neck-Fitted-Blouse-Suitable-For-Dates-Gatherings-And-Daily-Wear-p-465052179.html?mallCode=1&pageListType=4&detailBusinessFrom=0-1_465052179%7C0-2,https://img.ltwebstatic.com/v4/j/pi/2026/05/09/99/1778311880650e4922dac7656b2a73061fc234414c_thumbnail_600x.webp,2026-05-31T16:28:05+08:00,,,,,NEW
170570282,10,1,10,INAWLY Summer Casual Solid Color Short Sleeve T-Shirt And Striped Pants Set,S$18.52,https://sg.shein.com/INAWLY-Summer-Casual-Solid-Color-Short-Sleeve-T-Shirt-And-Striped-Pants-Set-p-170570282.html?mallCode=1&pageListType=4&detailBusinessFrom=0-1_170570282%7C0-2,https://img.ltwebstatic.com/v4/j/pi/2025/10/09/b9/1759980736e11ce0739b73011936cf3d7922c10a12_thumbnail_600x.webp,2026-05-31T16:28:05+08:00,,-5%,,,
480370364,10,1,10,SHEIN DivaQ Women's Sexy Nightclub Party Fishnet Rhinestone Sheer 3 PiecesSet,S$41.99,https://sg.shein.com/SHEIN-DivaQ-Women-s-Sexy-Nightclub-Party-Fishnet-Rhinestone-Sheer-3-PiecesSet-p-480370364.html?mallCode=1&pageListType=4&detailBusinessFrom=0-1_480370364%7C0-2,https://img.ltwebstatic.com/v4/j/pi/2026/05/24/5c/17796186390cefa6402fb52fe83dcd4cf5e2945916_thumbnail_600x.webp,2026-05-31T16:28:05+08:00,,,,,NEW
476881077,10,1,10,SOLERSUN Women Blue And White Stripe Summer Elegant Holiday Vacation Chic Asymmetrical Shoulder Twist Hem Blouse & Wide Leg Pants With Pockets Two Pieces Set,S$23.99,https://sg.shein.com/SOLERSUN-Women-Blue-And-White-Stripe-Summer-Elegant-Holiday-Vacation-Chic-Asymmetrical-Shoulder-Twist-Hem-Blouse-Wide-Leg-Pants-With-Pockets-Two-Pieces-Set-p-476881077.html?mallCode=1&pageListType=4&detailBusinessFrom=0-1_476881077%7C0-2,https://img.ltwebstatic.com/v4/j/pi/2026/05/21/ad/1779345482a5684b518f5e7c50887fb4718af68229_thumbnail_600x.webp,2026-05-31T16:28:05+08:00,,,,,NEW
92090004,10,1,10,"SHEIN EZwear Women's Black Drawstring Waist Wide Leg Casual Sweatpants Graduation,Back To School,Graduation,Teacher,Back Pants",S$15.99,https://sg.shein.com/SHEIN-EZwear-Women-s-Black-Drawstring-Waist-Wide-Leg-Casual-Sweatpants-Graduation-Back-To-School-Graduation-Teacher-Back-Pants-p-92090004.html?mallCode=1&pageListType=4&detailBusinessFrom=0-1_92090004%7C0-2,https://img.ltwebstatic.com/v4/j/pi/2025/06/04/f3/1749022060a4ae38cc8c6482f36f40edbb127552f3_thumbnail_600x.webp,2026-05-31T16:28:05+08:00,,,,,
65404479,10,1,10,"Customized Women's T-Shirt, Personalized Printing Add Your Own Text Or Picture, Custom Design Top For Family Reunion, Black Summer Gift For Women",S$1.80,https://sg.shein.com/Customized-Women-s-T-Shirt-Personalized-Printing-Add-Your-Own-Text-Or-Picture-Custom-Design-Top-For-Family-Reunion-Black-Summer-Gift-For-Women-p-65404479.html?mallCode=1&pageListType=4&detailBusinessFrom=0-1_65404479%7C0-2,https://img.ltwebstatic.com/v4/j/spmp/2025/03/24/6e/174279770800feda04bbb8df3fb29ec5a30905f50e_thumbnail_600x.webp,2026-05-31T16:28:05+08:00,,,,,Save S$1.80
433165393,10,1,10,"Cartoon Pattern Short Sleeve Mid-Length T-Shirt, Fashionable Casual Top For Women White Summer",S$10.55,https://sg.shein.com/Cartoon-Pattern-Short-Sleeve-Mid-Length-T-Shirt-Fashionable-Casual-Top-For-Women-White-Summer-p-433165393.html?mallCode=1&pageListType=4&detailBusinessFrom=0-1_433165393%7C0-2,https://img.ltwebstatic.com/v4/p/spmp/2026/03/25/97/17744175294279f3082a50ecc9c15b788a5eca9cc3_thumbnail_600x.webp,2026-05-31T16:28:05+08:00,,-4%,,,High Repeat Customers
449744142,10,1,10,DONICY Women's Beige Polka Dot Pattern Loose Casual Pants,S$24.14,https://sg.shein.com/DONICY-Women-s-Beige-Polka-Dot-Pattern-Loose-Casual-Pants-p-449744142.html?mallCode=1&pageListType=4&detailBusinessFrom=0-1_449744142%7C0-2,https://img.ltwebstatic.com/v4/j/spmp/2026/04/22/80/1776826580df30567db2a5a8e2a7c740c4ce4452f5_thumbnail_600x.webp,2026-05-31T16:28:05+08:00,,-58%,,,
475958814,10,1,10,"SHEIN LUNE Women's Grey Striped Printed Elegant Twist Waist High Slit Sleeveless Midi Dress,Summer Casual Bodycon Knit Textured Office Wear,Birthday Date Outfit",S$10.49,https://sg.shein.com/SHEIN-LUNE-Women-s-Grey-Striped-Printed-Elegant-Twist-Waist-High-Slit-Sleeveless-Midi-Dress-Summer-Casual-Bodycon-Knit-Textured-Office-Wear-Birthday-Date-Outfit-p-475958814.html?mallCode=1&pageListType=4&detailBusinessFrom=0-1_475958814%7C0-2,https://img.ltwebstatic.com/v4/j/pi/2026/05/20/7d/1779274749f2172ca9b2ea63ad41274d3402782574_thumbnail_600x.webp,2026-05-31T16:28:05+08:00,,,,,NEW
379919271,10,1,10,"French Sweet Lace Single-Breasted Puff Sleeve Blouse Tops, Summer White",S$14.99,https://sg.shein.com/French-Sweet-Lace-Single-Breasted-Puff-Sleeve-Blouse-Tops-Summer-White-p-379919271.html?mallCode=1&pageListType=4&detailBusinessFrom=0-1_379919271%7C0-2,https://img.ltwebstatic.com/v4/j/spmp/2026/01/11/cf/176812739352c70d725615573303ac52f374644997_thumbnail_600x.webp,2026-05-31T16:28:05+08:00,,,,,
66378081,10,1,10,Livesso New Summer Loose & Casual Distressed Denim Shorts For Women Jorts,S$2.16,https://sg.shein.com/Livesso-New-Summer-Loose-Casual-Distressed-Denim-Shorts-For-Women-Jorts-p-66378081.html?mallCode=1&pageListType=4&detailBusinessFrom=0-1_66378081%7C0-2,https://img.ltwebstatic.com/v4/j/pi/2025/05/19/87/1747621392d48fb911d84ea60154bf0bf08e6da6d4_thumbnail_600x.webp,2026-05-31T16:28:05+08:00,,,,,Save S$2.16
365575233,10,1,10,Selianne Women's Solid Color Button Pleated Elegant Fashion Long Sleeve Blouse,S$14.99,https://sg.shein.com/Selianne-Women-s-Solid-Color-Button-Pleated-Elegant-Fashion-Long-Sleeve-Blouse-p-365575233.html?mallCode=1&pageListType=4&detailBusinessFrom=0-1_365575233%7C0-2,https://img.ltwebstatic.com/v4/j/pi/2026/05/28/11/17799388810c9ac753c522bc8eb0a3c2d3d46f25eb_thumbnail_600x.webp,2026-05-31T16:28:05+08:00,,,,,60+ sold
182340743,10,1,10,Serisse Women's French-Style Elegant Polka Dot Print Long Skirt For Fall White Women Party Clothes New Year Autumn Winter Black And Midi Casual Spring,S$2.22,https://sg.shein.com/Serisse-Women-s-French-Style-Elegant-Polka-Dot-Print-Long-Skirt-For-Fall-White-Women-Party-Clothes-New-Year-Autumn-Winter-Black-And-Midi-Casual-Spring-p-182340743.html?mallCode=1&pageListType=4&detailBusinessFrom=0-1_182340743%7C0-2,https://img.ltwebstatic.com/v4/j/pi/2025/09/15/10/17579362793a226fa3326110e7e5fc25aad4847f97_thumbnail_600x.webp,2026-05-31T16:28:05+08:00,,,,,Save S$2.22
443652884,10,1,10,"Franclia Women's Slanted Placket Twisted V-Neck T-Shirt,Slim Fit Short Sleeve Stretchy Knit Base Layer,Shades Of Brown,Summer,Elegent,Brunch,Commuting Style",S$7.49,https://sg.shein.com/Franclia-Women-s-Slanted-Placket-Twisted-V-Neck-T-Shirt-Slim-Fit-Short-Sleeve-Stretchy-Knit-Base-Layer-Shades-Of-Brown-Summer-Elegent-Brunch-Commuting-Style-p-443652884.html?mallCode=1&pageListType=4&detailBusinessFrom=0-1_443652884%7C0-2,https://img.ltwebstatic.com/v4/j/pi/2026/04/15/7d/17762242005e8be1318fad653bedcf4807349c0c78_thumbnail_600x.webp,2026-05-31T16:28:05+08:00,,,,,
53999174,10,1,10,"Customized Girlfriend Bootleg Rap T-Shirt, Face Pattern, Retro 90s Pattern, Women's Summer Wear, Back To School Casual Black, Personalized Gift",S$12.49,https://sg.shein.com/Customized-Girlfriend-Bootleg-Rap-T-Shirt-Face-Pattern-Retro-90s-Pattern-Women-s-Summer-Wear-Back-To-School-Casual-Black-Personalized-Gift-p-53999174.html?mallCode=1&pageListType=4&detailBusinessFrom=0-1_53999174%7C0-2,https://img.ltwebstatic.com/images3_spmp/2025/01/11/3b/17365651876b628195be76b5c8f645399fa12d0c98_thumbnail_600x.webp,2026-05-31T16:28:05+08:00,,,,,80+ sold
381152475,10,1,10,"FRIFUL Women's Sleeveless Vest-Style Layered Long Textured Fabric Quality Dress, Summer Outfit Dress Sundress",S$9.00,https://sg.shein.com/FRIFUL-Women-s-Sleeveless-Vest-Style-Layered-Long-Textured-Fabric-Quality-Dress-Summer-Outfit-Dress-Sundress-p-381152475.html?mallCode=1&pageListType=4&detailBusinessFrom=0-1_381152475%7C0-2,https://img.ltwebstatic.com/v4/j/pi/2026/01/22/30/17690530094c9b43489daf9b87cbd35cc1245f44a2_thumbnail_600x.webp,2026-05-31T16:28:05+08:00,,,,,Save S$9.00
398701490,10,1,10,SHEIN Women's Spring/Summer New Arrival Exquisite Cherry Print Casual 2 Pieces Set,S$17.49,https://sg.shein.com/SHEIN-Women-s-Spring-Summer-New-Arrival-Exquisite-Cherry-Print-Casual-2-Pieces-Set-p-398701490.html?mallCode=1&pageListType=4&detailBusinessFrom=0-1_398701490%7C0-2,https://img.ltwebstatic.com/v4/j/pi/2026/02/05/ee/17702730331ea7be7bb3e44e5d08c4f7433830bcb4_thumbnail_600x.webp,2026-05-31T16:28:05+08:00,,,,,
460933930,10,1,10,"DONICY Women's Blue Collar Mid-Sleeve Blouse With Puff Sleeves Design, Loose Fit Retro Style Casual Shirt For Spring, Summer, Autumn, Suitable For Daily Wear, Dates, Business, Office, And Leisure",S$21.31,https://sg.shein.com/DONICY-Women-s-Blue-Collar-Mid-Sleeve-Blouse-With-Puff-Sleeves-Design-Loose-Fit-Retro-Style-Casual-Shirt-For-Spring-Summer-Autumn-Suitable-For-Daily-Wear-Dates-Business-Office-And-Leisure-p-460933930.html?mallCode=1&pageListType=4&detailBusinessFrom=0-1_460933930%7C0-2,https://img.ltwebstatic.com/v4/j/spmp/2026/05/05/e3/1777973603d5eb2709c97e74c350bd1103d7c2f48c_thumbnail_600x.webp,2026-05-31T16:28:05+08:00,,-28%,,,
430519537,10,1,10,"Sexy American Girl Figure Print Loose Asymmetric Neck Short Sleeve T-Shirt, Slim Fit Casual Top For Women White Summer",S$10.49,https://sg.shein.com/Sexy-American-Girl-Figure-Print-Loose-Asymmetric-Neck-Short-Sleeve-T-Shirt-Slim-Fit-Casual-Top-For-Women-White-Summer-p-430519537.html?mallCode=1&pageListType=4&detailBusinessFrom=0-1_430519537%7C0-2,https://img.ltwebstatic.com/v4/j/spmp/2026/03/16/70/1773661799e5330be3372b783e7829e42eb768cd4c_thumbnail_600x.webp,2026-05-31T16:28:05+08:00,,,,,
404097773,10,1,10,DAZY Women's Korean Style Washed Casual Denim Shorts Jorts,S$25.99,https://sg.shein.com/DAZY-Women-s-Korean-Style-Washed-Casual-Denim-Shorts-Jorts-p-404097773.html?mallCode=1&pageListType=4&detailBusinessFrom=0-1_404097773%7C0-2,https://img.ltwebstatic.com/v4/j/pi/2026/05/22/47/177941666679095555055c17ff39294644f261a51f_thumbnail_600x.webp,2026-05-31T16:28:05+08:00,,,,,
445116825,10,1,10,"Women's Solid Color Skinny Fitted Straight Leg Pants, Elegant Vacation & Commute Style, No Belt",S$12.49,https://sg.shein.com/Women-s-Solid-Color-Skinny-Fitted-Straight-Leg-Pants-Elegant-Vacation-Commute-Style-No-Belt-p-445116825.html?mallCode=1&pageListType=4&detailBusinessFrom=0-1_445116825%7C0-2,https://img.ltwebstatic.com/v4/j/spmp/2026/05/17/b5/17789876434b5bc604ccb9e3e5d72a2fba5a109963_thumbnail_600x.webp,2026-05-31T16:28:05+08:00,,,,,
434199250,10,1,10,"Minimalist Casual Elegant Fashion Commute Daily Vacation Travel Afternoon Tea Literary, Solid Color Pocket Wide Leg Capri Pants Summer",S$11.03,https://sg.shein.com/Minimalist-Casual-Elegant-Fashion-Commute-Daily-Vacation-Travel-Afternoon-Tea-Literary-Solid-Color-Pocket-Wide-Leg-Capri-Pants-Summer-p-434199250.html?mallCode=1&pageListType=4&detailBusinessFrom=0-1_434199250%7C0-2,https://img.ltwebstatic.com/v4/j/spmp/2026/05/20/ac/1779246096dc80fc865a3efc61ddf190d7bdc1bfdd_thumbnail_600x.webp,2026-05-31T16:28:05+08:00,,-4%,,,
422393906,10,1,10,FRIFUL Women's Solid Color Pocket Casual Versatile Straight Leg Pants For Daily Wear,S$2.25,https://sg.shein.com/FRIFUL-Women-s-Solid-Color-Pocket-Casual-Versatile-Straight-Leg-Pants-For-Daily-Wear-p-422393906.html?mallCode=1&pageListType=4&detailBusinessFrom=0-1_422393906%7C0-2,https://img.ltwebstatic.com/images3_pi/2025/04/07/2f/17439930684a540dd6dc5c32079022dc86399f1005_thumbnail_600x.webp,2026-05-31T16:28:05+08:00,,,,,Save S$2.25
475971968,10,1,10,SHEIN LUNE Printed Elegant Twist Waist High Slit Sleeveless Midi Dress For Daily Wear Women's Casual Textured Bodycon Dress Women's Birthday Outfit Women's Fitness Set Women's Wedding Guest Dress Women's Office Attire,S$10.99,https://sg.shein.com/SHEIN-LUNE-Printed-Elegant-Twist-Waist-High-Slit-Sleeveless-Midi-Dress-For-Daily-Wear-Women-s-Casual-Textured-Bodycon-Dress-Women-s-Birthday-Outfit-Women-s-Fitness-Set-Women-s-Wedding-Guest-Dress-Women-s-Office-Attire-p-475971968.html?mallCode=1&pageListType=4&detailBusinessFrom=0-1_475971968%7C0-2,https://img.ltwebstatic.com/v4/j/pi/2026/05/21/6b/177933272671fcba14d6ff7df801eb2a50c415cf36_thumbnail_600x.webp,2026-05-31T16:28:05+08:00,,,,,NEW
461225303,10,1,10,DAZY Women's Casual Textured Korean Style Lightweight Long Sleeve Jacket,S$12.99,https://sg.shein.com/DAZY-Women-s-Casual-Textured-Korean-Style-Lightweight-Long-Sleeve-Jacket-p-461225303.html?mallCode=1&pageListType=4&detailBusinessFrom=0-1_461225303%7C0-2,https://img.ltwebstatic.com/v4/j/pi/2026/05/07/1a/1778120406c664f2f864bfb35a62b17a0a1f84ea55_thumbnail_600x.webp,2026-05-31T16:28:05+08:00,,,,,
429552552,10,1,10,Casual Versatile Loose Solid Color Sweatshirt Black Spring,S$27.99,https://sg.shein.com/Casual-Versatile-Loose-Solid-Color-Sweatshirt-Black-Spring-p-429552552.html?mallCode=1&pageListType=4&detailBusinessFrom=0-1_429552552%7C0-2,https://img.ltwebstatic.com/v4/j/ssms/2026/04/29/a3/1777443053aa3cc22d5bbe4d68517d708c1e835a3a_thumbnail_600x.webp,2026-05-31T16:28:05+08:00,,,,,
354814099,10,1,10,DAZY Women's Korean Style Washed Flared Distressed Casual Jeans,S$3.31,https://sg.shein.com/DAZY-Women-s-Korean-Style-Washed-Flared-Distressed-Casual-Jeans-p-354814099.html?mallCode=1&pageListType=4&detailBusinessFrom=0-1_354814099%7C0-2,https://img.ltwebstatic.com/v4/j/pi/2026/01/06/5b/17676640637f1734d5b1bcb794153075963857d259_thumbnail_600x.webp,2026-05-31T16:28:05+08:00,,,,,Save S$3.31
66106344,10,1,10,Livesso Women Summer Casual Solid Color Drop Shoulder T-Shirt & Shorts 2pcs Set Lounge Sets For Women Short Sets For Women,S$2.46,https://sg.shein.com/Livesso-Women-Summer-Casual-Solid-Color-Drop-Shoulder-T-Shirt-Shorts-2pcs-Set-Lounge-Sets-For-Women-Short-Sets-For-Women-p-66106344.html?mallCode=1&pageListType=4&detailBusinessFrom=0-1_66106344%7C0-2,https://img.ltwebstatic.com/images3_pi/2025/04/09/1f/1744166273fb84a70a33b6cd3ff56e2f3f1da58fb9_thumbnail_600x.webp,2026-05-31T16:28:05+08:00,,,,,Save S$2.46
61637942,10,1,10,"Women Korean Style Half-Collar Drawstring Knit Short Sleeve Top, Solid Color Summer",S$13.99,https://sg.shein.com/Women-Korean-Style-Half-Collar-Drawstring-Knit-Short-Sleeve-Top-Solid-Color-Summer-p-61637942.html?mallCode=1&pageListType=4&detailBusinessFrom=0-1_61637942%7C0-2,https://img.ltwebstatic.com/images3_spmp/2025/03/15/3f/1742025329b0069193314ef690834a29bb4038f698_thumbnail_600x.webp,2026-05-31T16:28:05+08:00,,,,,
454066226,10,1,10,"DONICY Women's Solid Color High Waist Straight Leg Pleated Pants, Soft & Comfortable, Fashionable Versatile Elegant Urban Casual Trousers, Suitable For Daily Casual, Dates, Parties, Business Office",S$21.92,https://sg.shein.com/DONICY-Women-s-Solid-Color-High-Waist-Straight-Leg-Pleated-Pants-Soft-Comfortable-Fashionable-Versatile-Elegant-Urban-Casual-Trousers-Suitable-For-Daily-Casual-Dates-Parties-Business-Office-p-454066226.html?mallCode=1&pageListType=4&detailBusinessFrom=0-1_454066226%7C0-2,https://img.ltwebstatic.com/v4/j/spmp/2026/04/27/ec/17772714669816100d74f1e5f11a08be51ee81b9d7_thumbnail_600x.webp,2026-05-31T16:28:05+08:00,,-58%,,,
424797079,10,1,10,"YROOE Women's Casual Retro Polka Dot Low Waist Shorts, Suitable For Spring/Summer",S$13.99,https://sg.shein.com/YROOE-Women-s-Casual-Retro-Polka-Dot-Low-Waist-Shorts-Suitable-For-Spring-Summer-p-424797079.html?mallCode=1&pageListType=4&detailBusinessFrom=0-1_424797079%7C0-2,https://img.ltwebstatic.com/v4/j/spmp/2026/04/03/ee/1775207045d80e6488f41a8ee6b974a16c4e8c213e_thumbnail_600x.webp,2026-05-31T16:28:05+08:00,,,,,
22701788,10,1,10,Calvaya Striped Notched Neck Tunic Dress,S$12.99,https://sg.shein.com/Calvaya-Striped-Notched-Neck-Tunic-Dress-p-22701788.html?mallCode=1&pageListType=4&detailBusinessFrom=0-1_22701788%7C0-2,https://img.ltwebstatic.com/images3_pi/2023/10/07/01/1696683679ec821dcf45350feb64c2c0b736532b16_thumbnail_600x.webp,2026-05-31T16:28:05+08:00,,,,,
386660720,10,1,10,FRIFUL Women's Fashion Casual Striped Pocket Sleeveless Jumpsuit Lounge Sets For Women Summer,S$25.49,https://sg.shein.com/FRIFUL-Women-s-Fashion-Casual-Striped-Pocket-Sleeveless-Jumpsuit-Lounge-Sets-For-Women-Summer-p-386660720.html?mallCode=1&pageListType=4&detailBusinessFrom=0-1_386660720%7C0-2,https://img.ltwebstatic.com/v4/j/pi/2026/04/14/fd/17761362568594b4abc0c68e195adc747898cc78a8_thumbnail_600x.webp,2026-05-31T16:28:05+08:00,,,,,
421354974,10,1,10,"Flexra Women's Street Casual Elastic Waist Denim Wide Leg Pants, Sporty Style Summer",S$2.76,https://sg.shein.com/Flexra-Women-s-Street-Casual-Elastic-Waist-Denim-Wide-Leg-Pants-Sporty-Style-Summer-p-421354974.html?mallCode=1&pageListType=4&detailBusinessFrom=0-1_421354974%7C0-2,https://img.ltwebstatic.com/v4/j/pi/2026/03/20/ea/1773969091a7c0153c5c3d6e7c634c644eddfcd428_thumbnail_600x.webp,2026-05-31T16:28:05+08:00,,,,,Save S$2.76
432992406,10,1,10,"SHEIN MOD Tomato Girl Summer Kawaii Bow Women Ruched Micro Mini Shorts, Bloomers, Christmas Women Clothes",S$1.65,https://sg.shein.com/SHEIN-MOD-Tomato-Girl-Summer-Kawaii-Bow-Women-Ruched-Micro-Mini-Shorts-Bloomers-Christmas-Women-Clothes-p-432992406.html?mallCode=1&pageListType=4&detailBusinessFrom=0-1_432992406%7C0-2,https://img.ltwebstatic.com/v4/j/pi/2026/03/31/69/1774886483d80debab609a2c82d661839e44a0c37f_thumbnail_600x.webp,2026-05-31T16:28:05+08:00,,,,,Save S$1.65
431264702,10,1,10,"Women's Casual Loose Fit Round Neck Letter & Motorcycle Graphic Print Short Sleeve T-Shirt, Versatile For Spring/Summer",S$10.49,https://sg.shein.com/Women-s-Casual-Loose-Fit-Round-Neck-Letter-Motorcycle-Graphic-Print-Short-Sleeve-T-Shirt-Versatile-For-Spring-Summer-p-431264702.html?mallCode=1&pageListType=4&detailBusinessFrom=0-1_431264702%7C0-2,https://img.ltwebstatic.com/v4/j/spmp/2026/03/22/01/17741496986917a61350733383192d93f10bcb0e5c_thumbnail_600x.webp,2026-05-31T16:28:05+08:00,,,,,
454026800,10,1,10,"Glimmora Women's Casual Solid Color V-Neck Short Sleeve T-Shirt, Summer",S$8.49,https://sg.shein.com/Glimmora-Women-s-Casual-Solid-Color-V-Neck-Short-Sleeve-T-Shirt-Summer-p-454026800.html?mallCode=1&pageListType=4&detailBusinessFrom=0-1_454026800%7C0-2,https://img.ltwebstatic.com/v4/j/pi/2026/05/11/97/17784951207cda1c8744d87fce1b5388a9c01c301f_thumbnail_600x.webp,2026-05-31T16:28:05+08:00,,,,,
477312801,10,1,10,"Sweetra Spring/Summer Sleeveless Elegant Polka Dot A-Line Mini Dress With Neck Tie Metal Buckle Decor, Retro Romantic Commuting Outfit For Women, Coffee Color",S$14.49,https://sg.shein.com/Sweetra-Spring-Summer-Sleeveless-Elegant-Polka-Dot-A-Line-Mini-Dress-With-Neck-Tie-Metal-Buckle-Decor-Retro-Romantic-Commuting-Outfit-For-Women-Coffee-Color-p-477312801.html?mallCode=1&pageListType=4&detailBusinessFrom=0-1_477312801%7C0-2,https://img.ltwebstatic.com/v4/j/pi/2026/05/21/0b/17793476475de8675f2e042e01d82eb02484e809ed_thumbnail_600x.webp,2026-05-31T16:28:05+08:00,,,,,NEW
159258710,10,1,10,"Elamini Women's Casual Twist Front V-Neck Long Sleeve T-Shirt, Versatile New Style, Spring/Autumn",S$1.50,https://sg.shein.com/Elamini-Women-s-Casual-Twist-Front-V-Neck-Long-Sleeve-T-Shirt-Versatile-New-Style-Spring-Autumn-p-159258710.html?mallCode=1&pageListType=4&detailBusinessFrom=0-1_159258710%7C0-2,https://img.ltwebstatic.com/v4/j/pi/2025/08/21/50/1755762737d4c9ae23c5a78281df954307cdbf0fd9_thumbnail_600x.webp,2026-05-31T16:28:05+08:00,,,,,Save S$1.50
256860339,10,1,10,"Swim Lushoire Solid Color Swim Trunks, Simple Style For Beach Vacation",S$5.91,https://sg.shein.com/Swim-Lushoire-Solid-Color-Swim-Trunks-Simple-Style-For-Beach-Vacation-p-256860339.html?mallCode=1&pageListType=4&detailBusinessFrom=0-1_256860339%7C0-2,https://img.ltwebstatic.com/v4/j/spmp/2025/11/13/e0/17630092642df7cb4282b5d9bd46cce9d6b6e44143_thumbnail_600x.webp,2026-05-31T16:28:05+08:00,,-26%,,,
446339252,10,1,10,"SHEIN LUNE Women's Casual Solid Color Shirt, Suitable For Summer,Summer Top",S$8.99,https://sg.shein.com/SHEIN-LUNE-Women-s-Casual-Solid-Color-Shirt-Suitable-For-Summer-Summer-Top-p-446339252.html?mallCode=1&pageListType=4&detailBusinessFrom=0-1_446339252%7C0-2,https://img.ltwebstatic.com/v4/j/pi/2026/04/02/48/17751055462c0303d99220cfa55f397469a831f576_thumbnail_600x.webp,2026-05-31T16:28:05+08:00,,,,,
389533208,10,1,10,"Vintage French European Style Sleeveless Top, Summer Design Niche Sheer Knit Camisole Vest For Women, Solid Color Hollow Out Beach Holiday",S$12.49,https://sg.shein.com/Vintage-French-European-Style-Sleeveless-Top-Summer-Design-Niche-Sheer-Knit-Camisole-Vest-For-Women-Solid-Color-Hollow-Out-Beach-Holiday-p-389533208.html?mallCode=1&pageListType=4&detailBusinessFrom=0-1_389533208%7C0-2,https://img.ltwebstatic.com/v4/j/spmp/2026/01/15/d3/1768482752cd89b963526091247c9e6a3d55ce70ea_thumbnail_600x.webp,2026-05-31T16:28:05+08:00,,,,,
68816936,10,1,10,"Swim Mod Springbreak Jacquard Knit Fabric Women 2 Pieces Set, Side Tie Dress And Outfit, Resort Wear For Summer Beach Vacation",S$16.37,https://sg.shein.com/Swim-Mod-Springbreak-Jacquard-Knit-Fabric-Women-2-Pieces-Set-Side-Tie-Dress-And-Outfit-Resort-Wear-For-Summer-Beach-Vacation-p-68816936.html?mallCode=1&pageListType=4&detailBusinessFrom=0-1_68816936%7C0-2,https://img.ltwebstatic.com/v4/j/pi/2025/05/07/f5/174654726483837d0c0350c8491cb7587779c08854_thumbnail_600x.webp,2026-05-31T16:28:05+08:00,,-9%,,,
75988791,10,1,10,Mid-Waist Solid Color Elegant Straight-Leg Pants With Belt White Spring,S$18.49,https://sg.shein.com/Mid-Waist-Solid-Color-Elegant-Straight-Leg-Pants-With-Belt-White-Spring-p-75988791.html?mallCode=1&pageListType=4&detailBusinessFrom=0-1_75988791%7C0-2,https://img.ltwebstatic.com/v4/j/spmp/2026/05/18/8a/17791168692b27e0e8d4853cfc4246c26620110de6_thumbnail_600x.webp,2026-05-31T16:28:05+08:00,,,,,
483567783,10,1,10,Elyressa Women's Fashion Casual Minimalist Asymmetric Button Knit Cardigan High-End Design Sweater Top Cardigan,S$21.49,https://sg.shein.com/Elyressa-Women-s-Fashion-Casual-Minimalist-Asymmetric-Button-Knit-Cardigan-High-End-Design-Sweater-Top-Cardigan-p-483567783.html?mallCode=1&pageListType=4&detailBusinessFrom=0-1_483567783%7C0-2,https://sc.ltwebstatic.com/she_dist/images/bg-grey-solid-color-fc04c1310d.png,2026-05-31T16:28:05+08:00,,,,,NEW
411795198,10,1,10,"2026 New Heart & Letter Print Asymmetrical Shoulder Short Sleeve T-Shirt For Women, Fitted Flattering Versatile Summer Top Casual",S$8.49,https://sg.shein.com/2026-New-Heart-Letter-Print-Asymmetrical-Shoulder-Short-Sleeve-T-Shirt-For-Women-Fitted-Flattering-Versatile-Summer-Top-Casual-p-411795198.html?mallCode=1&pageListType=4&detailBusinessFrom=0-1_411795198%7C0-2,https://sc.ltwebstatic.com/she_dist/images/bg-grey-solid-color-fc04c1310d.png,2026-05-31T16:28:05+08:00,,,,,
39790632,10,1,10,DAZY Women's Casual Solid Color Drawstring Waist Wide Leg Cargo Parachute Pants,S$11.00,https://sg.shein.com/DAZY-Women-s-Casual-Solid-Color-Drawstring-Waist-Wide-Leg-Cargo-Parachute-Pants-p-39790632.html?mallCode=1&pageListType=4&detailBusinessFrom=0-1_39790632%7C0-2,https://sc.ltwebstatic.com/she_dist/images/bg-grey-solid-color-fc04c1310d.png,2026-05-31T16:28:05+08:00,,,,,Save S$11.00
89083863,10,1,10,"KeKe Bloomly Women's Elegant A-Line Dress With Puff Sleeves, Bow Decor, Color Block Design, Fashion Midi Dress",S$16.99,https://sg.shein.com/KeKe-Bloomly-Women-s-Elegant-A-Line-Dress-With-Puff-Sleeves-Bow-Decor-Color-Block-Design-Fashion-Midi-Dress-p-89083863.html?mallCode=1&pageListType=4&detailBusinessFrom=0-1_89083863%7C0-2,https://sc.ltwebstatic.com/she_dist/images/bg-grey-solid-color-fc04c1310d.png,2026-05-31T16:28:05+08:00,,,,,100+ sold
470696061,10,1,10,"Women's Y2K Style Striped Shorts For Summer, Low Waist With Foldable Belt Design, Suitable For Casual, Home, Street And Daily Commute",S$7.99,https://sg.shein.com/Women-s-Y2K-Style-Striped-Shorts-For-Summer-Low-Waist-With-Foldable-Belt-Design-Suitable-For-Casual-Home-Street-And-Daily-Commute-p-470696061.html?mallCode=1&pageListType=4&detailBusinessFrom=0-1_470696061%7C0-2,https://sc.ltwebstatic.com/she_dist/images/bg-grey-solid-color-fc04c1310d.png,2026-05-31T16:28:05+08:00,,,,,NEW
454159134,10,1,10,"SHEIN Franclia SHEIN Women's Summer Fashion Dress:Stylish, Minimalist And Elegant Black Slip Mini Dress With Front V‑Neck, Lace Trim Splicing, Cross Asymmetrical Design, Satin Glossy Texture, Waist Pleats For A Slim‑Fitting Hip‑Hugging Silhouette. Suitable For Parties, Gatherings, Dates, Daily Commuting And Versatile Wear Summer Dresses For Women Summer Dresses Summer Outfits Party Dress Elegant Dresses For Party Elegant Party Dresses Elegant Party Dresses For Women Party Dresses For Women Party Y2k Festival Outfits For Women Festival Dress Festival Outfits Graduation Dress Women Graduation Dress For Women Going Dress For Women Going Out Outfits Elegant Ceremony Dresses Birthday Dress Birthday Dress Holiday Outfits For Women Elegant Women's Blouses Holiday Outfits For Women Summer Holiday Outfits Formal Dress , Formal Dresses For Women Office Outfits For Women Work Outfits For Women Black Dress",S$16.49,https://sg.shein.com/SHEIN-Franclia-SHEIN-Women-s-Summer-Fashion-Dress-Stylish-Minimalist-And-Elegant-Black-Slip-Mini-Dress-With-Front-V-Neck-Lace-Trim-Splicing-Cross-Asymmetrical-Design-Satin-Glossy-Texture-Waist-Pleats-For-A-Slim-Fitting-Hip-Hugging-Silhouette-Suitable-For-Parties-Gatherings-Dates-Daily-Commuting-And-Versatile-Wear-Summer-Dresses-For-Women-Summer-Dresses-Summer-Outfits-Party-Dress-Elegant-Dresses-For-Party-Elegant-Party-Dresses-Elegant-Party-Dresses-For-Women-Party-Dresses-For-Women-Party-Y2k-Festival-Outfits-For-Women-Festival-Dress-Festival-Outfits-Graduation-Dress-Women-Graduation-Dress-For-Women-Going-Dress-For-Women-Going-Out-Outfits-Elegant-Ceremony-Dresses-Birthday-Dress-Birthday-Dress-Holiday-Outfits-For-Women-Elegant-Women-s-Blouses-Holiday-Outfits-For-Women-Summer-Holiday-Outfits-Formal-Dress-Formal-Dresses-For-Women-Office-Outfits-For-Women-Work-Outfits-For-Women-Black-Dress-p-454159134.html?mallCode=1&pageListType=4&detailBusinessFrom=0-1_454159134%7C0-2,https://sc.ltwebstatic.com/she_dist/images/bg-grey-solid-color-fc04c1310d.png,2026-05-31T16:28:05+08:00,,,,,
388298373,10,1,10,"Franclia Light Beige Summer Effortless Chic Vacation Holiday Women's Asymmetrical Tie Waist Sleeveless Vest,Flared Neck Split Hem Tank Top Blouse,Korean Style",S$8.49,https://sg.shein.com/Franclia-Light-Beige-Summer-Effortless-Chic-Vacation-Holiday-Women-s-Asymmetrical-Tie-Waist-Sleeveless-Vest-Flared-Neck-Split-Hem-Tank-Top-Blouse-Korean-Style-p-388298373.html?mallCode=1&pageListType=4&detailBusinessFrom=0-1_388298373%7C0-2,https://sc.ltwebstatic.com/she_dist/images/bg-grey-solid-color-fc04c1310d.png,2026-05-31T16:28:05+08:00,,,,,100+ sold
396166987,10,1,10,EMERY ROSE Women's Solid Color Elegant V-Neck Criss-Cross Cap Sleeve T-Shirt,S$8.99,https://sg.shein.com/EMERY-ROSE-Women-s-Solid-Color-Elegant-V-Neck-Criss-Cross-Cap-Sleeve-T-Shirt-p-396166987.html?mallCode=1&pageListType=4&detailBusinessFrom=0-1_396166987%7C0-2,https://sc.ltwebstatic.com/she_dist/images/bg-grey-solid-color-fc04c1310d.png,2026-05-31T16:28:05+08:00,,,,,100+ sold
102181520,10,1,10,"Women's Linen Mid-Length A-Line Dress, Flowy Loose Casual Long Dress For Summer Vacation, With Belt Elegant",S$19.99,https://sg.shein.com/Women-s-Linen-Mid-Length-A-Line-Dress-Flowy-Loose-Casual-Long-Dress-For-Summer-Vacation-With-Belt-Elegant-p-102181520.html?mallCode=1&pageListType=4&detailBusinessFrom=0-1_102181520%7C0-2,https://sc.ltwebstatic.com/she_dist/images/bg-grey-solid-color-fc04c1310d.png,2026-05-31T16:28:05+08:00,,,,,80+ sold
455311498,10,1,10,FRIFUL Women's Polka Dot Pattern Wide Leg Loose Casual Pants,S$19.49,https://sg.shein.com/FRIFUL-Women-s-Polka-Dot-Pattern-Wide-Leg-Loose-Casual-Pants-p-455311498.html?mallCode=1&pageListType=4&detailBusinessFrom=0-1_455311498%7C0-2,https://sc.ltwebstatic.com/she_dist/images/bg-grey-solid-color-fc04c1310d.png,2026-05-31T16:28:05+08:00,,,,,
25280317,10,1,10,"DAZY Casual Straight Leg Solid Color Pants,Women Dress Pants Fall",S$17.84,https://sg.shein.com/DAZY-Casual-Straight-Leg-Solid-Color-Pants-Women-Dress-Pants-Fall-p-25280317.html?mallCode=1&pageListType=4&detailBusinessFrom=0-1_25280317%7C0-2,https://sc.ltwebstatic.com/she_dist/images/bg-grey-solid-color-fc04c1310d.png,2026-05-31T16:28:05+08:00,,-15%,,,
457062893,10,1,10,"Summer Top, Sexy Backless Fitted Strapless Bandeau Shirt, Outerwear Top, Pink Top, Women's Shirt Top, Holiday Outfit, Concert Attire, Party, Gym",S$8.49,https://sg.shein.com/Summer-Top-Sexy-Backless-Fitted-Strapless-Bandeau-Shirt-Outerwear-Top-Pink-Top-Women-s-Shirt-Top-Holiday-Outfit-Concert-Attire-Party-Gym-p-457062893.html?mallCode=1&pageListType=4&detailBusinessFrom=0-1_457062893%7C0-2,https://sc.ltwebstatic.com/she_dist/images/bg-grey-solid-color-fc04c1310d.png,2026-05-31T16:28:05+08:00,,,,,NEW
475717722,10,1,10,Muchica Women's Striped Off-Shoulder Short Sleeve Fitted Cotton T-Shirt,S$11.49,https://sg.shein.com/Muchica-Women-s-Striped-Off-Shoulder-Short-Sleeve-Fitted-Cotton-T-Shirt-p-475717722.html?mallCode=1&pageListType=4&detailBusinessFrom=0-1_475717722%7C0-2,https://sc.ltwebstatic.com/she_dist/images/bg-grey-solid-color-fc04c1310d.png,2026-05-31T16:28:05+08:00,,,,,NEW
476294813,10,1,10,"SHEIN LUNE Women's Casual Printed Elegant Twist Waist High Slit Sleeveless Midi Dress, Women's Casual Textured Bodycon Dress, Women's Birthday Outfit, Women's Fitness Set, Women's Wedding Guest Dress, Women's Office Wear, High Slit Dress, Twist Front Dress",S$11.49,https://sg.shein.com/SHEIN-LUNE-Women-s-Casual-Printed-Elegant-Twist-Waist-High-Slit-Sleeveless-Midi-Dress-Women-s-Casual-Textured-Bodycon-Dress-Women-s-Birthday-Outfit-Women-s-Fitness-Set-Women-s-Wedding-Guest-Dress-Women-s-Office-Wear-High-Slit-Dress-Twist-Front-Dress-p-476294813.html?mallCode=1&pageListType=4&detailBusinessFrom=0-1_476294813%7C0-2,https://sc.ltwebstatic.com/she_dist/images/bg-grey-solid-color-fc04c1310d.png,2026-05-31T16:28:05+08:00,,,,,NEW
314510250,10,1,10,"Retro High-Waisted Wide-Leg Jeans, Full-Length White Cotton Pants. Versatile For Daily, Office And Dating Wear In Spring And Summer.",S$25.49,https://sg.shein.com/Retro-High-Waisted-Wide-Leg-Jeans-Full-Length-White-Cotton-Pants-Versatile-For-Daily-Office-And-Dating-Wear-In-Spring-And-Summer-p-314510250.html?mallCode=1&pageListType=4&detailBusinessFrom=0-1_314510250%7C0-2,https://sc.ltwebstatic.com/she_dist/images/bg-grey-solid-color-fc04c1310d.png,2026-05-31T16:28:05+08:00,,,,,
340069020,10,1,10,"SHEIN Frenchy Women's Blue And White Plant Print Cropped Tube Top & Wide Leg Pants 2 Pieces Set,Boho Summer Holiday Vacation Holiday Beach Bohemian Outfits Suit",S$2.40,https://sg.shein.com/SHEIN-Frenchy-Women-s-Blue-And-White-Plant-Print-Cropped-Tube-Top-Wide-Leg-Pants-2-Pieces-Set-Boho-Summer-Holiday-Vacation-Holiday-Beach-Bohemian-Outfits-Suit-p-340069020.html?mallCode=1&pageListType=4&detailBusinessFrom=0-1_340069020%7C0-2,https://sc.ltwebstatic.com/she_dist/images/bg-grey-solid-color-fc04c1310d.png,2026-05-31T16:28:05+08:00,,,,,Save S$2.40
432748232,10,1,10,Glimmora Women's Digital Print Halter Neck Tie Back Tank Top With Polka Dot Print,S$0.84,https://sg.shein.com/Glimmora-Women-s-Digital-Print-Halter-Neck-Tie-Back-Tank-Top-With-Polka-Dot-Print-p-432748232.html?mallCode=1&pageListType=4&detailBusinessFrom=0-1_432748232%7C0-2,https://sc.ltwebstatic.com/she_dist/images/bg-grey-solid-color-fc04c1310d.png,2026-05-31T16:28:05+08:00,,,,,Save S$0.84
41553295,10,1,10,"Glimmora Women's Casual Solid Color Drawstring Hooded Fleece Sweatshirt, Autumn & Winter,Long Sleeve Top,Graduation,Teacher,Back To School Pullover Fall",S$17.99,https://sg.shein.com/Glimmora-Women-s-Casual-Solid-Color-Drawstring-Hooded-Fleece-Sweatshirt-Autumn-Winter-Long-Sleeve-Top-Graduation-Teacher-Back-To-School-Pullover-Fall-p-41553295.html?mallCode=1&pageListType=4&detailBusinessFrom=0-1_41553295%7C0-2,https://sc.ltwebstatic.com/she_dist/images/bg-grey-solid-color-fc04c1310d.png,2026-05-31T16:28:05+08:00,,,(1000+),,100+ sold
427565145,10,1,10,"Spring/Summer Women's Casual Matching Color Block Crew Neck Short Sleeve Top And High Waist Loose Straight Leg Pants 2-Piece Set, T-Shirt And Color Block Pants Suit, Vacation Outfit, Travel Wear, Beach Style, Minimalist Resort Wear Elegant",S$20.99,https://sg.shein.com/Spring-Summer-Women-s-Casual-Matching-Color-Block-Crew-Neck-Short-Sleeve-Top-And-High-Waist-Loose-Straight-Leg-Pants-2-Piece-Set-T-Shirt-And-Color-Block-Pants-Suit-Vacation-Outfit-Travel-Wear-Beach-Style-Minimalist-Resort-Wear-Elegant-p-427565145.html?mallCode=1&pageListType=4&detailBusinessFrom=0-1_427565145%7C0-2,https://sc.ltwebstatic.com/she_dist/images/bg-grey-solid-color-fc04c1310d.png,2026-05-31T16:28:05+08:00,,,,,
7021227,10,1,10,SHEIN VCAY Shirred Waist Geometric Print Summer Casual Beach Women High Waisted Black Shorts,S$6.49,https://sg.shein.com/SHEIN-VCAY-Shirred-Waist-Geometric-Print-Summer-Casual-Beach-Women-High-Waisted-Black-Shorts-p-7021227.html?mallCode=1&pageListType=4&detailBusinessFrom=0-1_7021227%7C0-2,https://sc.ltwebstatic.com/she_dist/images/bg-grey-solid-color-fc04c1310d.png,2026-05-31T16:28:05+08:00,,,(1000+),,90+ sold
398452194,10,1,10,"SHEIN Women's Spring/Summer New Arrival Cute Bow Print 2 Pieces Set, Casual & Versatile",S$16.49,https://sg.shein.com/SHEIN-Women-s-Spring-Summer-New-Arrival-Cute-Bow-Print-2-Pieces-Set-Casual-Versatile-p-398452194.html?mallCode=1&pageListType=4&detailBusinessFrom=0-1_398452194%7C0-2,https://sc.ltwebstatic.com/she_dist/images/bg-grey-solid-color-fc04c1310d.png,2026-05-31T16:28:05+08:00,,,,,
394023755,10,1,10,Women's Pocketed Flare Casual Everyday Versatile Denim Jeans Spring,S$25.49,https://sg.shein.com/Women-s-Pocketed-Flare-Casual-Everyday-Versatile-Denim-Jeans-Spring-p-394023755.html?mallCode=1&pageListType=4&detailBusinessFrom=0-1_394023755%7C0-2,https://sc.ltwebstatic.com/she_dist/images/bg-grey-solid-color-fc04c1310d.png,2026-05-31T16:28:05+08:00,,,,,
451391033,10,1,10,"Franclia Women's Pink Floral Elegant Summer Short Sleeve T-Shirt,Fitted Digital Pearl Print Apparel,Embroidered Versatile Fashion Top For Date Night",S$5.99,https://sg.shein.com/Franclia-Women-s-Pink-Floral-Elegant-Summer-Short-Sleeve-T-Shirt-Fitted-Digital-Pearl-Print-Apparel-Embroidered-Versatile-Fashion-Top-For-Date-Night-p-451391033.html?mallCode=1&pageListType=4&detailBusinessFrom=0-1_451391033%7C0-2,https://sc.ltwebstatic.com/she_dist/images/bg-grey-solid-color-fc04c1310d.png,2026-05-31T16:28:05+08:00,,,,,
455797561,10,1,10,"Fashionable Sleeveless Lapel Shirt For Women, Versatile Loose Casual Commute Camisole Tank Top, Solid Color Button Front, Daily Wear",S$10.58,https://sg.shein.com/Fashionable-Sleeveless-Lapel-Shirt-For-Women-Versatile-Loose-Casual-Commute-Camisole-Tank-Top-Solid-Color-Button-Front-Daily-Wear-p-455797561.html?mallCode=1&pageListType=4&detailBusinessFrom=0-1_455797561%7C0-2,https://sc.ltwebstatic.com/she_dist/images/bg-grey-solid-color-fc04c1310d.png,2026-05-31T16:28:05+08:00,,-12%,,,
476885409,10,1,10,SOLERSUN Women's Hawaiian Tropical White And Blue Floral Summer Casual Holiday Vacation Holiday Crop Top With Ring Detail & High-Slit Maxi Skirt 2 Pieces Set,S$23.99,https://sg.shein.com/SOLERSUN-Women-s-Hawaiian-Tropical-White-And-Blue-Floral-Summer-Casual-Holiday-Vacation-Holiday-Crop-Top-With-Ring-Detail-High-Slit-Maxi-Skirt-2-Pieces-Set-p-476885409.html?mallCode=1&pageListType=4&detailBusinessFrom=0-1_476885409%7C0-2,https://sc.ltwebstatic.com/she_dist/images/bg-grey-solid-color-fc04c1310d.png,2026-05-31T16:28:05+08:00,,,,,NEW
390826872,10,1,10,"Red Letter Print Sexy Casual Asymmetrical Shoulder Short Sleeve T-Shirt, Women Summer Crop Top White",S$10.30,https://sg.shein.com/Red-Letter-Print-Sexy-Casual-Asymmetrical-Shoulder-Short-Sleeve-T-Shirt-Women-Summer-Crop-Top-White-p-390826872.html?mallCode=1&pageListType=4&detailBusinessFrom=0-1_390826872%7C0-2,https://sc.ltwebstatic.com/she_dist/images/bg-grey-solid-color-fc04c1310d.png,2026-05-31T16:28:05+08:00,,-2%,,,High Repeat Customers
44038844,10,1,10,"DAZY Women's Checkered Sleeveless Tank Top With Single Button, Casual Neckline, Suitable For Autumn,Halter Top Plaid",S$1.30,https://sg.shein.com/DAZY-Women-s-Checkered-Sleeveless-Tank-Top-With-Single-Button-Casual-Neckline-Suitable-For-Autumn-Halter-Top-Plaid-p-44038844.html?mallCode=1&pageListType=4&detailBusinessFrom=0-1_44038844%7C0-2,https://sc.ltwebstatic.com/she_dist/images/bg-grey-solid-color-fc04c1310d.png,2026-05-31T16:28:05+08:00,,,,,Save S$1.30
460861257,10,1,10,"Fine Spun New Loose Short Sleeve T-Shirt Women, Distinctive Sleeveless Knit Top, Solid Color Undershirt Summer",S$11.49,https://sg.shein.com/Fine-Spun-New-Loose-Short-Sleeve-T-Shirt-Women-Distinctive-Sleeveless-Knit-Top-Solid-Color-Undershirt-Summer-p-460861257.html?mallCode=1&pageListType=4&detailBusinessFrom=0-1_460861257%7C0-2,https://sc.ltwebstatic.com/she_dist/images/bg-grey-solid-color-fc04c1310d.png,2026-05-31T16:28:05+08:00,,,,,
434370291,10,1,10,FRIFUL Women's Summer Casual Solid Color Loose Sleeveless Top And Pants 2 Pieces Set Lounge Sets For Women,S$6.60,https://sg.shein.com/FRIFUL-Women-s-Summer-Casual-Solid-Color-Loose-Sleeveless-Top-And-Pants-2-Pieces-Set-Lounge-Sets-For-Women-p-434370291.html?mallCode=1&pageListType=4&detailBusinessFrom=0-1_434370291%7C0-2,https://sc.ltwebstatic.com/she_dist/images/bg-grey-solid-color-fc04c1310d.png,2026-05-31T16:28:05+08:00,,,,,Save S$6.60
446943562,10,1,10,Rovax Fitted Short Solid Color Asymmetric Collar Summer Short Sleeve T-Shirt,S$4.99,https://sg.shein.com/Rovax-Fitted-Short-Solid-Color-Asymmetric-Collar-Summer-Short-Sleeve-T-Shirt-p-446943562.html?mallCode=1&pageListType=4&detailBusinessFrom=0-1_446943562%7C0-2,https://sc.ltwebstatic.com/she_dist/images/bg-grey-solid-color-fc04c1310d.png,2026-05-31T16:28:05+08:00,,,,,100+ sold
43806347,10,1,10,MUSERA Oversized Crew Neck T-Shirt Unisex Casual Capsule Wardrobe Everyday Oversized Tee Airport Back To School Elegant Spring Summer Holiday,S$12.99,https://sg.shein.com/MUSERA-Oversized-Crew-Neck-T-Shirt-Unisex-Casual-Capsule-Wardrobe-Everyday-Oversized-Tee-Airport-Back-To-School-Elegant-Spring-Summer-Holiday-p-43806347.html?mallCode=1&pageListType=4&detailBusinessFrom=0-1_43806347%7C0-2,https://sc.ltwebstatic.com/she_dist/images/bg-grey-solid-color-fc04c1310d.png,2026-05-31T16:28:05+08:00,,,,,
463869968,10,1,10,"Women's Round Neck Short Sleeve Loose Casual Top, Minimalist Elegant Sexy Y2K Street Style, Suitable For Daily, Office, Home, Outdoor, Spring/Summer",S$6.38,https://sg.shein.com/Women-s-Round-Neck-Short-Sleeve-Loose-Casual-Top-Minimalist-Elegant-Sexy-Y2K-Street-Style-Suitable-For-Daily-Office-Home-Outdoor-Spring-Summer-p-463869968.html?mallCode=1&pageListType=4&detailBusinessFrom=0-1_463869968%7C0-2,https://sc.ltwebstatic.com/she_dist/images/bg-grey-solid-color-fc04c1310d.png,2026-05-31T16:28:05+08:00,,-9%,,,Established 1 Year Ago
478167210,10,1,10,"SHEIN Frenchy Women's Casual Minimalist Style Blue Mechanical Pattern Print Long Pants, Suitable For Spring And Summer",S$10.49,https://sg.shein.com/SHEIN-Frenchy-Women-s-Casual-Minimalist-Style-Blue-Mechanical-Pattern-Print-Long-Pants-Suitable-For-Spring-And-Summer-p-478167210.html?mallCode=1&pageListType=4&detailBusinessFrom=0-1_478167210%7C0-2,https://sc.ltwebstatic.com/she_dist/images/bg-grey-solid-color-fc04c1310d.png,2026-05-31T16:28:05+08:00,,,,,NEW
45737441,10,1,10,Swim SPRTY Summer Beach Solid Color Twist Hem Bikini Bottom Shorts For Women,S$8.99,https://sg.shein.com/Swim-SPRTY-Summer-Beach-Solid-Color-Twist-Hem-Bikini-Bottom-Shorts-For-Women-p-45737441.html?mallCode=1&pageListType=4&detailBusinessFrom=0-1_45737441%7C0-2,https://sc.ltwebstatic.com/she_dist/images/bg-grey-solid-color-fc04c1310d.png,2026-05-31T16:28:05+08:00,,,,,
409719850,10,1,10,"Elenzga Women's Casual Patchwork Short Sleeve T-Shirt, Versatile For Daily Wear",S$7.49,https://sg.shein.com/Elenzga-Women-s-Casual-Patchwork-Short-Sleeve-T-Shirt-Versatile-For-Daily-Wear-p-409719850.html?mallCode=1&pageListType=4&detailBusinessFrom=0-1_409719850%7C0-2,https://sc.ltwebstatic.com/she_dist/images/bg-grey-solid-color-fc04c1310d.png,2026-05-31T16:28:05+08:00,,,,,
312734488,10,1,10,Mid-Rise Solid Color Elegant Straight-Leg Pants With Belt Spring,S$18.49,https://sg.shein.com/Mid-Rise-Solid-Color-Elegant-Straight-Leg-Pants-With-Belt-Spring-p-312734488.html?mallCode=1&pageListType=4&detailBusinessFrom=0-1_312734488%7C0-2,https://sc.ltwebstatic.com/she_dist/images/bg-grey-solid-color-fc04c1310d.png,2026-05-31T16:28:05+08:00,,,,,
377261311,10,1,10,"SHEIN Burgundy Summer Streetwear City Break Independence Day Y2K Off-The-Shoulder Slim-Fit Short-Sleeved T-Shirt,NEW YORK Print Casual Retro Style Top",S$6.99,https://sg.shein.com/SHEIN-Burgundy-Summer-Streetwear-City-Break-Independence-Day-Y2K-Off-The-Shoulder-Slim-Fit-Short-Sleeved-T-Shirt-NEW-YORK-Print-Casual-Retro-Style-Top-p-377261311.html?mallCode=1&pageListType=4&detailBusinessFrom=0-1_377261311%7C0-2,https://sc.ltwebstatic.com/she_dist/images/bg-grey-solid-color-fc04c1310d.png,2026-05-31T16:28:05+08:00,,,,,100+ sold
