analysis_type,keyword,product_id,title,price,sales_tag,is_real_sales,appear_count,is_high_exposure,is_strong_signal,match_rule,matched_text
design_element,a line,70220142,"DAZY Women's Summer A-Line Casual Street Denim Shorts, Sexy & Chic Jorts",S$17.49,25k+ sold,TRUE,1,FALSE,FALSE,短语边界匹配：标题连字符归一为空格，支持空格/连字符变体,A-Line
design_element,a line,91580917,"DAZY Women's A-Line Denim Shorts, Casual & Sexy Street Style, Summer Jorts",S$17.49,25k+ sold,TRUE,1,FALSE,FALSE,短语边界匹配：标题连字符归一为空格，支持空格/连字符变体,A-Line
design_element,a line,317342804,"Franclia Women's High Waist Grey Summer Modest Office Skirt Shorts,A-Line Split Hem Textured Soft Fabric Skorts,Fashionable Casual Commute Versatile Clothing",S$8.09,90k+ sold,TRUE,2,TRUE,TRUE,短语边界匹配：标题连字符归一为空格，支持空格/连字符变体,A-Line
design_element,a line,387886013,DAZY Women's Summer Square Neck Textured Fabric A-Line Hem Short Sleeve Casual Sexy T-Shirt Babydoll Top Cute Tops,S$1.23,SAVE S$1.23,FALSE,1,FALSE,FALSE,短语边界匹配：标题连字符归一为空格，支持空格/连字符变体,A-Line
design_element,a line,392071788,"Sweetra Women's Romantic Polka Dot 3-In-1 Design Waist Cinched A-Line Dress, Flattering & Slimming, Suitable For Spring/Summer, Date Or Casual Dining",S$1.26,SAVE S$1.26,FALSE,1,FALSE,FALSE,短语边界匹配：标题连字符归一为空格，支持空格/连字符变体,A-Line
design_element,a line,464649969,"Ontre Women's Brown Summer Casual City Break Single-Breasted Belted A-Line Skirt,100% Cotton Woven Fabric,Minimalist Elegant Urban Chic Design Pleats,Office",S$19.49,NEW,FALSE,2,TRUE,FALSE,短语边界匹配：标题连字符归一为空格，支持空格/连字符变体,A-Line
design_element,animal print,457444323,"Qadelle Women's Loose Fit Short Sleeve Top,Beige,White Animal Print,Summer,Elegant Unique,Everyday,Beaded Embroidery Leopard Print,Fashionable Top",S$10.84,378 sold,TRUE,1,FALSE,FALSE,短语边界匹配：标题连字符归一为空格，支持空格/连字符变体,Animal Print
design_element,asymmetrical hem,325002998,SOLERSUN Women's White And Blue Summer Elegant Tea Party Asymmetric Neck Long Sleeve Asymmetrical Hem Blouse Vintage Sunset Holiday Print Batwing Sleeve Tops,S$11.99,26.1k+ sold,TRUE,1,FALSE,FALSE,短语边界匹配：标题连字符归一为空格，支持空格/连字符变体,Asymmetrical Hem
design_element,asymmetrical hem,484035365,Aloruh Women's Plaid Asymmetrical Hem Skirt,S$13.49,NEW,FALSE,1,FALSE,FALSE,短语边界匹配：标题连字符归一为空格，支持空格/连字符变体,Asymmetrical Hem
design_element,backless,16954776,SHEIN MOD Summer Casual Solid Backless Ruched Halter Top,S$8.49,1.9k+ sold,TRUE,1,FALSE,FALSE,短语边界匹配：标题连字符归一为空格，支持空格/连字符变体,Backless
design_element,backless,49546224,"XLLAIS Sexy Backless Women's Camisole, Elastic Casual Spaghetti Strap White Top Summer",S$9.49,37.5k+ sold,TRUE,1,FALSE,FALSE,短语边界匹配：标题连字符归一为空格，支持空格/连字符变体,Backless
design_element,backless,59153513,Sweetra 3pcs/Set Women Sexy Hollow Out Backless Comfortable And Breathable Fitted Short Sleeve T-Shirts,S$12.99,32.9k+ sold,TRUE,1,FALSE,FALSE,短语边界匹配：标题连字符归一为空格，支持空格/连字符变体,Backless
design_element,backless,59290966,Sweetra 3Pcs/Set Women Sexy Hollow Out & Backless Comfortable Moisture Wicking Slim Fit Short Sleeve T-Shirt Top,S$13.49,32.9k+ sold,TRUE,1,FALSE,FALSE,短语边界匹配：标题连字符归一为空格，支持空格/连字符变体,Backless
design_element,backless,71272762,"Veykashi Women's Casual Backless Fitted Halter Neck Camisole Tank Top, Summer Beach Print Designs: Seashell, Starfish, Hibiscus Flower",S$3.99,3.2k+ sold,TRUE,1,FALSE,FALSE,短语边界匹配：标题连字符归一为空格，支持空格/连字符变体,Backless
design_element,backless,116784649,"GAOVOT Women's Sexy Backless Crop Top, Y2K Style Casual Camisole Summer",S$8.49,12.8k+ sold,TRUE,2,TRUE,TRUE,短语边界匹配：标题连字符归一为空格，支持空格/连字符变体,Backless
design_element,backless,133768982,"Aoqta Women's Sports Casual Knit Square Neck Backless Camisole Tank Top, Built-In Chest Pads, Solid Color Slim Fit, Suitable For Yoga, Training, Daily Wear",S$6.96,SAVE S$6.96,FALSE,1,FALSE,FALSE,短语边界匹配：标题连字符归一为空格，支持空格/连字符变体,Backless
design_element,backless,209194288,SHEIN ICON Halloween Women's Halter Backless Black Babydoll Tank Top Backless Halter Top Peplum Top Women Halter Tops For Women,S$10.99,12.1k+ sold,TRUE,1,FALSE,FALSE,短语边界匹配：标题连字符归一为空格，支持空格/连字符变体,Backless
design_element,backless,360289262,"Joudiya Women's Fashionable Brown Slim Fit Cropped Spaghetti Strap Backless Camisole Tank Top, Suitable For Summer & Spring Y2k",S$0.96,Save S$0.96,FALSE,1,FALSE,FALSE,短语边界匹配：标题连字符归一为空格，支持空格/连字符变体,Backless
design_element,backless,399162425,"Sunnyshic Women Black And White Polka Dot Lace Patchwork V-Neck Halter Backless Maxi Dress,Elegant Summer Holiday Vacation,Wedding Guest Minimalist Daily Wear",S$15.49,5.5k+ sold,TRUE,1,FALSE,FALSE,短语边界匹配：标题连字符归一为空格，支持空格/连字符变体,Backless
design_element,backless,423040673,"Qadelle Women's Summer Elegant Black Halter Neck Tie Backless Lace Trim Camisole Top, Sleeveless Bodycon Blouse For Party Night,Cocktail,Beach Outfit",S$1.26,Save S$1.26,FALSE,1,FALSE,FALSE,短语边界匹配：标题连字符归一为空格，支持空格/连字符变体,Backless
design_element,backless,429195254,"DAZY Spring & Summer Black Padded Bralette Crop Top, Backless Strapless Camisole, Casual Vacation Beach Festival Party Wedding Fitted Women Tank Top",S$1.04,SAVE S$1.04,FALSE,1,FALSE,FALSE,短语边界匹配：标题连字符归一为空格，支持空格/连字符变体,Backless
design_element,backless,429754220,"DAZY Women's Sleeveless Crop Top, Backless, Fitted, Adjustable Strap, Suitable For Summer & Spring",S$1.04,SAVE S$1.04,FALSE,1,FALSE,FALSE,短语边界匹配：标题连字符归一为空格，支持空格/连字符变体,Backless
design_element,backless,434559778,Sweetra 3pcs/Set Sexy Backless Breathable Moisture-Wicking Fitted Short Sleeve Top/T-Shirt For Women,S$1.82,SAVE S$1.82,FALSE,1,FALSE,FALSE,短语边界匹配：标题连字符归一为空格，支持空格/连字符变体,Backless
design_element,backless,439631443,"Siren Gaze Women's Black And White Striped Summer Casual Elegent Office Camisole,Halter Neck Pleated Sleeveless Tank Top,Backless Cinched Waist Fashion Vest",S$8.49,805 sold,TRUE,1,FALSE,FALSE,短语边界匹配：标题连字符归一为空格，支持空格/连字符变体,Backless
design_element,backless,460860342,"SHEIN PariChic Women's Lace-Embellished Backless Top,Elegant Silk-Embroidered Summer Wear,Seductive Date Night Outfit,Cream And Black Summer Casual Beachwear",S$9.49,17.2k+ sold,TRUE,1,FALSE,FALSE,短语边界匹配：标题连字符归一为空格，支持空格/连字符变体,Backless
design_element,batwing sleeve,325002998,SOLERSUN Women's White And Blue Summer Elegant Tea Party Asymmetric Neck Long Sleeve Asymmetrical Hem Blouse Vintage Sunset Holiday Print Batwing Sleeve Tops,S$11.99,26.1k+ sold,TRUE,1,FALSE,FALSE,短语边界匹配：标题连字符归一为空格，支持空格/连字符变体,Batwing Sleeve
design_element,batwing sleeve,411442639,"LYSMO Women's Elegant Burnt Orange Summer 90s Retro Striped Mesh Hollow Blouse,Everyday Casual Irregular Neck Batwing Sleeve Fitted Cropped Top",S$9.49,10.6k+ sold,TRUE,1,FALSE,FALSE,短语边界匹配：标题连字符归一为空格，支持空格/连字符变体,Batwing Sleeve
design_element,batwing sleeve,433630970,"Muchica Women's Chic All White Batwing Sleeve T-Shirt,Fashionable Versatile Basic Cropped Top For Everyday Summmer,Business Casual Street Wear Plain Tshirt",S$6.99,5k+ sold,TRUE,1,FALSE,FALSE,短语边界匹配：标题连字符归一为空格，支持空格/连字符变体,Batwing Sleeve
design_element,batwing sleeve,441325004,"Franclia French-Style Loose Batwing Sleeve Navy And White Striped Women's Shirt,Summer Short-Sleeved Collared Top,Casual Vacation Beach Cover-Up,Business Wear",S$10.99,3.3k+ sold,TRUE,1,FALSE,FALSE,短语边界匹配：标题连字符归一为空格，支持空格/连字符变体,Batwing Sleeve
design_element,camisole top,43187429,"Sweetra 1pc Versatile Padded Pleated Camisole Top, Solid Color, Built-In Bra",S$7.49,9.1k+ sold,TRUE,1,FALSE,FALSE,短语边界匹配：标题连字符归一为空格，支持空格/连字符变体,Camisole Top
design_element,camisole top,45123519,INAWLY Lace Trim Splice Camisole Top For Women,S$0.33,SAVE S$0.33,FALSE,1,FALSE,FALSE,短语边界匹配：标题连字符归一为空格，支持空格/连字符变体,Camisole Top
design_element,camisole top,62526010,"Floreya Square Neck Camisole Top For Women, Casual Slim Fit Sleeveless Crop Top, Versatile For Summer, Autumn & Spring Black",S$7.99,36.2k+ sold,TRUE,1,FALSE,FALSE,短语边界匹配：标题连字符归一为空格，支持空格/连字符变体,Camisole Top
design_element,camisole top,105936677,"Sweetra Women's Casual Solid Color Camisole Top, Versatile For Summer",S$1.08,SAVE S$1.08,FALSE,2,TRUE,FALSE,短语边界匹配：标题连字符归一为空格，支持空格/连字符变体,Camisole Top
design_element,camisole top,110131255,"Sweetra Women Casual Ruched Square Neck Camisole Top, Summer",S$15.99,1.8k+ sold,TRUE,2,TRUE,TRUE,短语边界匹配：标题连字符归一为空格，支持空格/连字符变体,Camisole Top
design_element,camisole top,208318877,"XLLAIS Fashionable Collared Black Camisole Top, Casual Vacation Fitted Women Sleeveless Shirt, Suitable For All Seasons Summer",S$10.49,15.6k+ sold,TRUE,1,FALSE,FALSE,短语边界匹配：标题连字符归一为空格，支持空格/连字符变体,Camisole Top
design_element,camisole top,288225924,"Women's Soft Satin V-Neck Asymmetric Lace Trim Hem Fitted Camisole Top, Semi-Sheer Eyelash Lace Design, Suitable For Date Night, Casual Street Style, And Slouchy Atmosphere, Beach Vacation Outfit Black Summer",S$8.49,18.7k+ sold,TRUE,1,FALSE,FALSE,短语边界匹配：标题连字符归一为空格，支持空格/连字符变体,Camisole Top
design_element,camisole top,328646900,Siren Gaze Summer Outfits For Women 2pcs Contrast Trim Camisole Top & Solid Color Pants Set Two Piece Comfy Casual Linen Beige Comfortable,S$19.99,3.2k+ sold,TRUE,1,FALSE,FALSE,短语边界匹配：标题连字符归一为空格，支持空格/连字符变体,Camisole Top
design_element,camisole top,409995483,"Women's Summer Spaghetti Strap Lace Patchwork Layered Camisole Top, Bohemian Style Vacation Wear, Suitable For Music Festivals And Various Occasions Casual",S$5.39,1.5k+ sold,TRUE,1,FALSE,FALSE,短语边界匹配：标题连字符归一为空格，支持空格/连字符变体,Camisole Top
design_element,camisole top,423040673,"Qadelle Women's Summer Elegant Black Halter Neck Tie Backless Lace Trim Camisole Top, Sleeveless Bodycon Blouse For Party Night,Cocktail,Beach Outfit",S$1.26,Save S$1.26,FALSE,1,FALSE,FALSE,短语边界匹配：标题连字符归一为空格，支持空格/连字符变体,Camisole Top
design_element,camisole top,441162412,"Women's Summer Camisole, Women's Plaid Camisole Top For Vacation, Graduation, Wedding, Back To School, Retro Vibe, Party, Lunch, Cute Casual Summer, Sweet Romantic Country Style, Textured, Loose Comfortable, Loose Hem Camisole",S$10.99,5.1k+ sold,TRUE,2,TRUE,TRUE,短语边界匹配：标题连字符归一为空格，支持空格/连字符变体,Camisole Top
design_element,camisole top,447608456,"Joudiya Women's 2-Piece Set Grey Summmer Lace Patchwork Satin Camisole Top,Champagne Seductive Dinner Date Fitted,Elegant Wedding Party Evening Gown Fashion",S$23.99,,FALSE,1,FALSE,FALSE,短语边界匹配：标题连字符归一为空格，支持空格/连字符变体,Camisole Top
design_element,camisole top,456266317,"Elamini Women's Casual Fashionable Everyday Versatile Party Commute Chiffon Polka Dot Jacquard Multi-Layer Ruffle Tie Neck Bow Camisole Top, Pink",S$13.49,,FALSE,1,FALSE,FALSE,短语边界匹配：标题连字符归一为空格，支持空格/连字符变体,Camisole Top
design_element,camisole top,457883698,"Comfortcana Summer Knit Camisole Top & Shorts Lace Trim Set,Summer Outfits For Women",S$18.99,,FALSE,1,FALSE,FALSE,短语边界匹配：标题连字符归一为空格，支持空格/连字符变体,Camisole Top
design_element,cap sleeve,417902408,"Sunnyshic Women's Casual Vacation Fashion Versatile Daily Wear Bohemian Paisley Mesh Print Short Cap Sleeve T-Shirt, Spring/Summer",S$1.57,SAVE S$1.57,FALSE,1,FALSE,FALSE,短语边界匹配：标题连字符归一为空格，支持空格/连字符变体,Cap Sleeve
design_element,cap sleeve,455945813,SHEIN Franclia INS Casual Vacation Cap Sleeve Women Shirt,S$7.99,11.4k+ sold,TRUE,1,FALSE,FALSE,短语边界匹配：标题连字符归一为空格，支持空格/连字符变体,Cap Sleeve
design_element,cold shoulder,390407859,"Sexy Chic Red Cold-Shoulder Sleeveless T-Shirt, Unique Stylish Fitted Top For Women, Summer Casual",S$0.55,SAVE S$0.55,FALSE,1,FALSE,FALSE,短语边界匹配：标题连字符归一为空格，支持空格/连字符变体,Cold-Shoulder
design_element,cold shoulder,425305107,DAZY Women's Solid Color Cold-Shoulder Ruched Asymmetric Neck Short Sleeve T-Shirt Summer,S$1.10,SAVE S$1.10,FALSE,1,FALSE,FALSE,短语边界匹配：标题连字符归一为空格，支持空格/连字符变体,Cold-Shoulder
design_element,color block,430984401,"Resyla Women's Casual T-Shirt - Color Block T-Shirt With New York Print Pattern, Lightweight Summer Top For Daily Wear",S$7.99,3.4k+ sold,TRUE,1,FALSE,FALSE,短语边界匹配：标题连字符归一为空格，支持空格/连字符变体,Color Block
design_element,contrast trim,282347122,"SuriyaCove Women's Casual Contrast Trim Knight Print Round Neck Short Sleeve T-Shirt, Summer",S$6.17,46.5k+ sold,TRUE,1,FALSE,FALSE,短语边界匹配：标题连字符归一为空格，支持空格/连字符变体,Contrast Trim
design_element,contrast trim,328646900,Siren Gaze Summer Outfits For Women 2pcs Contrast Trim Camisole Top & Solid Color Pants Set Two Piece Comfy Casual Linen Beige Comfortable,S$19.99,3.2k+ sold,TRUE,1,FALSE,FALSE,短语边界匹配：标题连字符归一为空格，支持空格/连字符变体,Contrast Trim
design_element,contrast trim,442519233,"Glimmora Women's Y2K Bow Contrast Trim Square Neck Slim Fit Summer Casual Ribbed Strawberry Print T-Shirt,Lettuce Hem Short Sleeve Tee",S$3.87,1k+ sold,TRUE,1,FALSE,FALSE,短语边界匹配：标题连字符归一为空格，支持空格/连字符变体,Contrast Trim
design_element,contrast trim,453996969,"SHEIN Franclia Women's Bow Tie V-Neck Blouse,White And Black Contrast Trim Slim Fit Tee,Summer Casual Vintage Americana Top,Vacation Coquette Aesthetic Kawaii Style",S$6.99,528 sold,TRUE,1,FALSE,FALSE,短语边界匹配：标题连字符归一为空格，支持空格/连字符变体,Contrast Trim
design_element,crew neck,9653617,Dazy-Less Solid Crew Neck Crop Tee Summer Preppy Tops Business Casual Woman Work Clothes,S$1.10,SAVE S$1.10,FALSE,2,TRUE,FALSE,短语边界匹配：标题连字符归一为空格，支持空格/连字符变体,Crew Neck
design_element,crew neck,28065020,"XLLAIS 2026 Basic Solid Color Crew Neck Short Sleeve Fitted Casual T-Shirt For Women, Holiday Black Top Summer",S$8.99,15.6k+ sold,TRUE,1,FALSE,FALSE,短语边界匹配：标题连字符归一为空格，支持空格/连字符变体,Crew Neck
design_element,crew neck,33486720,"XLLAIS Women's Basic Solid Color Crew Neck Short Sleeve Fitted Casual T-Shirt, White, Summer Vacation",S$10.49,15.6k+ sold,TRUE,1,FALSE,FALSE,短语边界匹配：标题连字符归一为空格，支持空格/连字符变体,Crew Neck
design_element,crew neck,38235874,"EMERY ROSE 's Women's Summer Casual Crew Neck Short Sleeve T-Shirt Tops,Solid Color Black And White Basics Everyday For Work Office, Party",S$11.99,12.6k+ sold,TRUE,3,TRUE,TRUE,短语边界匹配：标题连字符归一为空格，支持空格/连字符变体,Crew Neck
design_element,crew neck,40221805,"SHEIN EZwear 4pcs Women's Crew Neck Short Sleeve Tight Fit T-Shirts,Black And White Floral Print Grey Multipack,Summer Casual Everyday Basic Fitted Tops",S$13.49,15.5k+ sold,TRUE,1,FALSE,FALSE,短语边界匹配：标题连字符归一为空格，支持空格/连字符变体,Crew Neck
design_element,crew neck,45475678,"SHEIN EZwear 4pcs Set Women Crew Neck Short Sleeve Fitted T-Shirts, Suitable For Summer Suitable For Going Out",S$14.49,15.5k+ sold,TRUE,1,FALSE,FALSE,短语边界匹配：标题连字符归一为空格，支持空格/连字符变体,Crew Neck
design_element,crew neck,47687467,EMERY ROSE 4pcs Women Solid Color Short Sleeve Crew Neck Tight Fit Basic T-Shirts,S$13.99,7.2k+ sold,TRUE,1,FALSE,FALSE,短语边界匹配：标题连字符归一为空格，支持空格/连字符变体,Crew Neck
design_element,crew neck,50648302,"DAZY Women's Crew Neck Solid Color Basic Short Sleeve T-Shirt, White, Spring/Summer,Business Casual Women",S$8.99,43k+ sold,TRUE,1,FALSE,FALSE,短语边界匹配：标题连字符归一为空格，支持空格/连字符变体,Crew Neck
design_element,crew neck,51205891,DAZY Women's Solid Color Crew Neck Fitted Short Sleeve Undershirt Summer Preppy Tops,S$5.99,45.2k+ sold,TRUE,1,FALSE,FALSE,短语边界匹配：标题连字符归一为空格，支持空格/连字符变体,Crew Neck
design_element,crew neck,51929205,"SHEIN EZwear Casual Minimalist Pink Crew Neck Short Sleeve Tight Crop Top T-Shirt For Women, Summer",S$5.49,12.9k+ sold,TRUE,1,FALSE,FALSE,短语边界匹配：标题连字符归一为空格，支持空格/连字符变体,Crew Neck
design_element,crew neck,60120014,"XLLAIS Women's Basic Crew Neck Short Sleeve Solid Color Fitted Casual T-Shirt, Brown Summer",S$10.49,15.6k+ sold,TRUE,1,FALSE,FALSE,短语边界匹配：标题连字符归一为空格，支持空格/连字符变体,Crew Neck
design_element,crew neck,74140026,"XLLAIS 2025 Model Black Short Sleeve Crew Neck Solid Color Basic Fitted Casual T-Shirt For Women, Summer",S$9.99,90k+ sold,TRUE,1,FALSE,FALSE,短语边界匹配：标题连字符归一为空格，支持空格/连字符变体,Crew Neck
design_element,crew neck,98647508,SHEIN BASICS 4pcs/Set Casual Solid Color Knit Crew Neck Short Sleeve Form-Fitting Women Bodysuits/Summer,S$20.49,17.9k+ sold,TRUE,1,FALSE,FALSE,短语边界匹配：标题连字符归一为空格，支持空格/连字符变体,Crew Neck
design_element,crew neck,223242725,"Tseoso 2pcs Women's Casual Crew Neck Ruched Waist Fitted Tank Top Set,95% Cotton Black And White,Summer,Casual,Everyday Softgirl Vintage Cute Fall Clothes",S$11.49,4.7k+ sold,TRUE,1,FALSE,FALSE,短语边界匹配：标题连字符归一为空格，支持空格/连字符变体,Crew Neck
design_element,crew neck,327952359,"Japanese Style Women's Loose Casual Crew Neck Cartoon Cat Print Short Sleeve T-Shirt, Spring/Summer Black",S$7.49,3.7k+ sold,TRUE,1,FALSE,FALSE,短语边界匹配：标题连字符归一为空格，支持空格/连字符变体,Crew Neck
design_element,crew neck,378602669,Everyssa Women's Striped Crew Neck Casual Versatile Daily Wear Short Sleeve T-Shirt,S$0.78,SAVE S$0.78,FALSE,1,FALSE,FALSE,短语边界匹配：标题连字符归一为空格，支持空格/连字符变体,Crew Neck
design_element,crew neck,390748206,"Crew Neck Short Sleeve T-Shirt For Women, American Style Sexy Crop Top, Fitted Slim Fit Versatile Summer Top Vacation Casual White",S$5.99,1.9k+ sold,TRUE,1,FALSE,FALSE,短语边界匹配：标题连字符归一为空格，支持空格/连字符变体,Crew Neck
design_element,crew neck,397856927,New Summer Z-Gen Y2K Style Women's Funny Red English Print Crew Neck Short Sleeve T-Shirt Casual Black,S$4.40,2.6k+ sold,TRUE,1,FALSE,FALSE,短语边界匹配：标题连字符归一为空格，支持空格/连字符变体,Crew Neck
design_element,crew neck,416132076,"Women's Autumn Seamless Slimming Vest, Crew Neck, Tummy Control Casual Black Summer",S$8.49,5.2k+ sold,TRUE,1,FALSE,FALSE,短语边界匹配：标题连字符归一为空格，支持空格/连字符变体,Crew Neck
design_element,crew neck,427537564,"1pc Women's Short Sleeve Cropped T-Shirt - Watercolor Coconut, Hibiscus And Shell Print With ""Summer"" Text, Beachy Style, Soft Breathable Crew Neck Crop Top, Ideal For Summer Casual Outings, Tropical Pattern Tee For Ladies And Teens Vacation",S$4.49,669 sold,TRUE,2,TRUE,TRUE,短语边界匹配：标题连字符归一为空格，支持空格/连字符变体,Crew Neck
design_element,crew neck,430150757,"Women's Pink Crew Neck Short Sleeve T-Shirt With ""Los Angeles 89"" Print, Casual Street Style, Soft, Loose And Comfortable, High-End Street And Resort Style, Versatile Loose Casual Short Sleeve Top, College Style, Suitable For Spring And Autumn Summer",S$1.20,SAVE S$1.20,FALSE,1,FALSE,FALSE,短语边界匹配：标题连字符归一为空格，支持空格/连字符变体,Crew Neck
design_element,crew neck,432455978,"Women's Pink Lace-Up Tie-Dye Tiger Print Crew Neck Short Sleeve T-Shirt, Polyester Fabric, Slightly Stretchy, Regular Fit",S$1.57,SAVE S$1.57,FALSE,1,FALSE,FALSE,短语边界匹配：标题连字符归一为空格，支持空格/连字符变体,Crew Neck
design_element,crew neck,440608961,"1pc Women's Summer Loose Crew Neck Short Sleeve T-Shirt, Matcha Coffee Latte Themed Print, Suitable For Vacation, Office, Outing, Daily, Date, Party, Gathering, Street, Carnival, Music Festival, Valentine's Day, Party Occasions Casual",S$6.49,2.7k+ sold,TRUE,3,TRUE,TRUE,短语边界匹配：标题连字符归一为空格，支持空格/连字符变体,Crew Neck
design_element,crew neck,443907236,Soft Green Bubble Gum Bunny Graphic T-Shirt | Y2K/Soft Girl Aesthetic | Cute Bunny Print Crew Neck Casual Everyday Wear Summer,S$0.66,SAVE S$0.66,FALSE,2,TRUE,FALSE,短语边界匹配：标题连字符归一为空格，支持空格/连字符变体,Crew Neck
design_element,crew neck,449013919,"Es Trus Women's Interesting Print Hard Rock And Dark Metal ""Devil Horns"" Gesture Personalized Graphic Tee, Retro Korean Street Style Basic Commuter Versatile Y2K Fashion, Purple Fitted Crew Neck Short Sleeve Washed T-Shirt Casual Summer",S$4.84,2.5k+ sold,TRUE,1,FALSE,FALSE,短语边界匹配：标题连字符归一为空格，支持空格/连字符变体,Crew Neck
design_element,crew neck,454648194,Glimmora Women's Fitted Raglan Short Sleeve Crew Neck T-Shirt With White Printed Graphic,S$6.99,4k+ sold,TRUE,1,FALSE,FALSE,短语边界匹配：标题连字符归一为空格，支持空格/连字符变体,Crew Neck
design_element,crew neck,466749378,"Grey Crew Neck Short Sleeve T-Shirt For Women, Summer New Vintage American Style New York Letter Print Slim Fit Cropped Casual Top",S$3.85,,FALSE,1,FALSE,FALSE,短语边界匹配：标题连字符归一为空格，支持空格/连字符变体,Crew Neck
design_element,crop top,51929205,"SHEIN EZwear Casual Minimalist Pink Crew Neck Short Sleeve Tight Crop Top T-Shirt For Women, Summer",S$5.49,12.9k+ sold,TRUE,1,FALSE,FALSE,短语边界匹配：标题连字符归一为空格，支持空格/连字符变体,Crop Top
design_element,crop top,62526010,"Floreya Square Neck Camisole Top For Women, Casual Slim Fit Sleeveless Crop Top, Versatile For Summer, Autumn & Spring Black",S$7.99,36.2k+ sold,TRUE,1,FALSE,FALSE,短语边界匹配：标题连字符归一为空格，支持空格/连字符变体,Crop Top
design_element,crop top,116784649,"GAOVOT Women's Sexy Backless Crop Top, Y2K Style Casual Camisole Summer",S$8.49,12.8k+ sold,TRUE,2,TRUE,TRUE,短语边界匹配：标题连字符归一为空格，支持空格/连字符变体,Crop Top
design_element,crop top,316521466,"Everyssa Multicolor Knitted Short Sleeve Crop Top For Women, Round Neck With Stylish Unicorn Embroidery",S$19.49,12.4k+ sold,TRUE,1,FALSE,FALSE,短语边界匹配：标题连字符归一为空格，支持空格/连字符变体,Crop Top
design_element,crop top,390748206,"Crew Neck Short Sleeve T-Shirt For Women, American Style Sexy Crop Top, Fitted Slim Fit Versatile Summer Top Vacation Casual White",S$5.99,1.9k+ sold,TRUE,1,FALSE,FALSE,短语边界匹配：标题连字符归一为空格，支持空格/连字符变体,Crop Top
design_element,crop top,413734627,"INAWLY Women's Loose Asymmetric-Shoulder T-Shirt With Fruit & Coconut Pattern, Cream Yellow Beach Vacation Crop Top",S$0.96,SAVE S$0.96,FALSE,1,FALSE,FALSE,短语边界匹配：标题连字符归一为空格，支持空格/连字符变体,Crop Top
design_element,crop top,425686468,"Fitted Cropped Round Neck Short Sleeve Baby Tee, American Y2K Sexy Basic Crop Top Casual Summer",S$0.58,SAVE S$0.58,FALSE,1,FALSE,FALSE,短语边界匹配：标题连字符归一为空格，支持空格/连字符变体,Crop Top
design_element,crop top,427537564,"1pc Women's Short Sleeve Cropped T-Shirt - Watercolor Coconut, Hibiscus And Shell Print With ""Summer"" Text, Beachy Style, Soft Breathable Crew Neck Crop Top, Ideal For Summer Casual Outings, Tropical Pattern Tee For Ladies And Teens Vacation",S$4.49,669 sold,TRUE,2,TRUE,TRUE,短语边界匹配：标题连字符归一为空格，支持空格/连字符变体,Crop Top
design_element,crop top,427567998,"1pc Women's Short Sleeve Cropped T-Shirt - Realistic Starfish, Feather Flower And Shell Print, Soft Pink Beachy Style, Breathable Round Neck Crop Top, Ideal For Beach Vacation, Summer Date, Casual Outing, Tropical Feminine Pattern For Ladies And Teens",S$4.99,669 sold,TRUE,1,FALSE,FALSE,短语边界匹配：标题连字符归一为空格，支持空格/连字符变体,Crop Top
design_element,crop top,427633855,"1pc Women's Short Sleeve Cropped T-Shirt - ""Coffee Club Every Morning"" And Coffee Maker Sketch Print, Minimalist Coffee Lover Aesthetic, Soft Breathable Round Neck Crop Top, Suitable For Drinking Coffee, Dates, Commuting, Weekend Brunch Casual Summer",S$4.49,2.4k+ sold,TRUE,1,FALSE,FALSE,短语边界匹配：标题连字符归一为空格，支持空格/连字符变体,Crop Top
design_element,crop top,429195254,"DAZY Spring & Summer Black Padded Bralette Crop Top, Backless Strapless Camisole, Casual Vacation Beach Festival Party Wedding Fitted Women Tank Top",S$1.04,SAVE S$1.04,FALSE,1,FALSE,FALSE,短语边界匹配：标题连字符归一为空格，支持空格/连字符变体,Crop Top
design_element,crop top,429754220,"DAZY Women's Sleeveless Crop Top, Backless, Fitted, Adjustable Strap, Suitable For Summer & Spring",S$1.04,SAVE S$1.04,FALSE,1,FALSE,FALSE,短语边界匹配：标题连字符归一为空格，支持空格/连字符变体,Crop Top
design_element,cut out,66675402,Sweetra 3pcs/Set Sexy Cut-Out Back Breathable Moisture Wicking Fitted Short Sleeve Women Top/Tee Set,S$12.99,32.9k+ sold,TRUE,1,FALSE,FALSE,短语边界匹配：标题连字符归一为空格，支持空格/连字符变体,Cut-Out
design_element,drawstring waist,2838709,SHEIN EZwear Drawstring Waist Solid Track Shorts,S$12.99,2.7k+ sold,TRUE,1,FALSE,FALSE,短语边界匹配：标题连字符归一为空格，支持空格/连字符变体,Drawstring Waist
design_element,drawstring waist,21342306,"Easowa Drawstring Waist Pocket Patched Wide Leg Shorts,Casual",S$11.99,4.7k+ sold,TRUE,1,FALSE,FALSE,短语边界匹配：标题连字符归一为空格，支持空格/连字符变体,Drawstring Waist
design_element,drawstring waist,26262134,DAZY Women's Side Striped Drawstring Waist Long Pants Y2k,S$17.49,21.9k+ sold,TRUE,1,FALSE,FALSE,短语边界匹配：标题连字符归一为空格，支持空格/连字符变体,Drawstring Waist
design_element,drawstring waist,30262825,Dazy Designer Ladies' Drawstring Waist Design Stylish Shorts Summer,S$2.00,SAVE S$2.00,FALSE,1,FALSE,FALSE,短语边界匹配：标题连字符归一为空格，支持空格/连字符变体,Drawstring Waist
design_element,drawstring waist,34628601,Dazy Designer Women's Fashionable Loose Fit Solid Color Shorts With Drawstring Waist Design Summer Sweater Shorts,S$1.30,SAVE S$1.30,FALSE,2,TRUE,FALSE,短语边界匹配：标题连字符归一为空格，支持空格/连字符变体,Drawstring Waist
design_element,drawstring waist,35269824,SHEIN EZwear Summer Loose Casual Pink Drawstring Waist Patch Detail Sports Shorts,S$1.30,SAVE S$1.30,FALSE,1,FALSE,FALSE,短语边界匹配：标题连字符归一为空格，支持空格/连字符变体,Drawstring Waist
design_element,drawstring waist,39790632,DAZY Women's Casual Solid Color Drawstring Waist Wide Leg Cargo Parachute Pants,S$11.00,SAVE S$11.00,FALSE,1,FALSE,FALSE,短语边界匹配：标题连字符归一为空格，支持空格/连字符变体,Drawstring Waist
design_element,drawstring waist,43527890,DAZY Women's Casual Versatile Elastic Drawstring Waist Loose Shorts Summer Sweater Shorts,S$1.69,SAVE S$1.69,FALSE,1,FALSE,FALSE,短语边界匹配：标题连字符归一为空格，支持空格/连字符变体,Drawstring Waist
design_element,drawstring waist,48232210,"Livesso Solid Color Loose Straight Leg Women Sweatpants With Pockets And Drawstring Waist,Women Joggers Fall",S$18.49,6.6k+ sold,TRUE,1,FALSE,FALSE,短语边界匹配：标题连字符归一为空格，支持空格/连字符变体,Drawstring Waist
design_element,drawstring waist,63327401,SHEIN EZwear Summer Loose Casual Pink Drawstring Waist Patch Detail Sports Shorts,S$1.23,SAVE S$1.23,FALSE,1,FALSE,FALSE,短语边界匹配：标题连字符归一为空格，支持空格/连字符变体,Drawstring Waist
design_element,drawstring waist,64529092,"Joudiya Women Casual Solid Color Drawstring Waist Shorts, Summer Sweater Shorts",S$1.69,SAVE S$1.69,FALSE,1,FALSE,FALSE,短语边界匹配：标题连字符归一为空格，支持空格/连字符变体,Drawstring Waist
design_element,drawstring waist,70317692,"Women's Casual Loose Solid Color Drawstring Waist Cargo Shorts, Zipper Detail, Straight Leg, Summer Daily Wear",S$19.49,749 sold,TRUE,1,FALSE,FALSE,短语边界匹配：标题连字符归一为空格，支持空格/连字符变体,Drawstring Waist
design_element,drawstring waist,76037851,Women's Casual Solid Color Drawstring Waist Sports Pants Black Spring,S$13.49,3.8k+ sold,TRUE,1,FALSE,FALSE,短语边界匹配：标题连字符归一为空格，支持空格/连字符变体,Drawstring Waist
design_element,drawstring waist,296834943,"SHEIN EZwear 2 Colors Women Drawstring Waist Loose Casual Wide Leg Pants Lounge Comfy Pants,Fall,Fall Clothes For Women,Winter",S$26.49,15.2k+ sold,TRUE,1,FALSE,FALSE,短语边界匹配：标题连字符归一为空格，支持空格/连字符变体,Drawstring Waist
design_element,drawstring waist,441547678,Korean Sweet & Spicy Style Asymmetric Neck Asymmetric Neck Short Sleeve T-Shirt Women's English Print Side Drawstring Slimming Fit Hot Girl Top American Vintage Dream Letter Asymmetric Neck T-Shirt Side Drawstring Waist Design Niche Asymmetric Neck Top Sweet & Cool Girl Style White Asymmetric Neck Asymmetric Neck Short Sleeve,S$0.90,SAVE S$0.90,FALSE,1,FALSE,FALSE,短语边界匹配：标题连字符归一为空格，支持空格/连字符变体,Drawstring Waist
design_element,drawstring waist,442281638,"Gingham Patch Drawstring Waist Wide Leg Pants For Women, Grey Loose Fit Casual Trousers, Y2K Aesthetic Streetwear Sweatpants, Comfy High Street Daily Wear Bottoms",S$19.74,,FALSE,1,FALSE,FALSE,短语边界匹配：标题连字符归一为空格，支持空格/连字符变体,Drawstring Waist
design_element,drawstring waist,448923269,"Comfortcana Women's 3pcs Summer Cute Pink Check Shorts Set,Drawstring Waist Pleated Plaid Casual Outfit For Girls,Versatile Beach Picnic Vacation Wear,Y2k Style",S$20.49,16.4k+ sold,TRUE,2,TRUE,TRUE,短语边界匹配：标题连字符归一为空格，支持空格/连字符变体,Drawstring Waist
design_element,drawstring waist,452928735,American Retro Los Angeles Print Off-Shoulder T-Shirt Women Navy Blue Side Drawstring Slim Fit Flattering Hot Girl Top Korean Sweet Spicy Style Off-Shoulder Exposed Shoulder Short Sleeve Forest Cabin Letter Print Side Drawstring Waist Commuter Top,S$6.22,134 sold,TRUE,1,FALSE,FALSE,短语边界匹配：标题连字符归一为空格，支持空格/连字符变体,Drawstring Waist
design_element,drawstring waist,472447853,Women's Drawstring Waist Floral Print Casual Versatile Daily Wear Pants,S$11.99,NEW,FALSE,1,FALSE,FALSE,短语边界匹配：标题连字符归一为空格，支持空格/连字符变体,Drawstring Waist
design_element,drawstring waist,482414926,SHEIN Frenchy Women's Casual Striped Drawstring Waist Loose Wide Leg Pants,S$9.99,NEW,FALSE,1,FALSE,FALSE,短语边界匹配：标题连字符归一为空格，支持空格/连字符变体,Drawstring Waist
design_element,drawstring waist,483334929,Bohemela Women's Solid Color Drawstring Waist Pocket Wide Leg Loose Casual Long Pants,S$29.99,NEW,FALSE,1,FALSE,FALSE,短语边界匹配：标题连字符归一为空格，支持空格/连字符变体,Drawstring Waist
design_element,drop shoulder,11100647,SHEIN EZwear Drop Shoulder Zip Up PU Cropped Leather Jacket In Fall/Winter,S$3.90,SAVE S$3.90,FALSE,1,FALSE,FALSE,短语边界匹配：标题连字符归一为空格，支持空格/连字符变体,Drop Shoulder
design_element,drop shoulder,41887101,"SHEIN Slayr Casual Figure Printed Drop Shoulder T-Shirt, Summer Graphic Tee Graphic Tees Women Tops",S$5.35,,FALSE,1,FALSE,FALSE,短语边界匹配：标题连字符归一为空格，支持空格/连字符变体,Drop Shoulder
design_element,drop shoulder,232079139,"INAWLY Women's Casual Contrast Color Collar Drop Shoulder Sweatshirt, Autumn/Winter",S$14.72,6.2k+ sold,TRUE,1,FALSE,FALSE,短语边界匹配：标题连字符归一为空格，支持空格/连字符变体,Drop Shoulder
design_element,drop shoulder,417079915,"Lalippa Brazilian Vertical Stripe Digital Print Casual Oversized Mid-Length Round Neck Drop Shoulder Women T-Shirt, Gift For Friends",S$9.99,7.3k+ sold,TRUE,1,FALSE,FALSE,短语边界匹配：标题连字符归一为空格，支持空格/连字符变体,Drop Shoulder
design_element,drop shoulder,419833721,"Lalippa Black & White Striped Digital Print Oversized Mid-Length Round Neck Drop Shoulder Women T-Shirt, Casual Gift For Friends",S$8.99,37.7k+ sold,TRUE,1,FALSE,FALSE,短语边界匹配：标题连字符归一为空格，支持空格/连字符变体,Drop Shoulder
design_element,drop shoulder,442392849,"Women's Loose White Woven Fabric Drop Shoulder Short Sleeve Top, Perfect For Summer Bohemian Style.",S$8.49,6.6k+ sold,TRUE,1,FALSE,FALSE,短语边界匹配：标题连字符归一为空格，支持空格/连字符变体,Drop Shoulder
design_element,drop shoulder,442810545,"Lalippa Teacher's Day Digitally Printed Fashionable Minimalist Oversized Mid-Length Round Neck Drop Shoulder Women's T-Shirt, Gift For Friends",S$9.99,7.3k+ sold,TRUE,1,FALSE,FALSE,短语边界匹配：标题连字符归一为空格，支持空格/连字符变体,Drop Shoulder
design_element,elastic waist,3128083,"DAZY Elastic Waist Wide Leg Pants,Women Dress Pants,Teacher Pants Fall",S$17.99,1.1k+ sold,TRUE,1,FALSE,FALSE,短语边界匹配：标题连字符归一为空格，支持空格/连字符变体,Elastic Waist
design_element,elastic waist,30741932,DAZY Women's Elastic Waist Drawstring Shorts Summer,S$8.99,1.3k+ sold,TRUE,1,FALSE,FALSE,短语边界匹配：标题连字符归一为空格，支持空格/连字符变体,Elastic Waist
design_element,elastic waist,40705377,"Easowa Women's Striped Elastic Waist Shorts With Pockets, Summer,Casual",S$8.99,3.1k+ sold,TRUE,1,FALSE,FALSE,短语边界匹配：标题连字符归一为空格，支持空格/连字符变体,Elastic Waist
design_element,elastic waist,66044323,"Mini Summer Printed Shorts | Women Printed Shorts | Beginner Printed Shorts | Elastic Waist Shorts | Mini Printed Shorts | Simple Shorts, Women Shorts",S$7.99,8.3k+ sold,TRUE,1,FALSE,FALSE,短语边界匹配：标题连字符归一为空格，支持空格/连字符变体,Elastic Waist
design_element,elastic waist,95873286,"DAZY Women's Elastic Waist Drawstring Loose Casual Shorts, Versatile For Summer Sweater Shorts",S$12.99,4.3k+ sold,TRUE,1,FALSE,FALSE,短语边界匹配：标题连字符归一为空格，支持空格/连字符变体,Elastic Waist
design_element,elastic waist,218804428,Resyla 2pcs Women Letter Print Round Neck Short Sleeve Top And Elastic Waist Pants Casual Set,S$19.49,16.7k+ sold,TRUE,1,FALSE,FALSE,短语边界匹配：标题连字符归一为空格，支持空格/连字符变体,Elastic Waist
design_element,elastic waist,230189325,"Solid Color High Waist Straight Leg Pants, Minimalist Sports Sweatpants, Versatile Elastic Waist Drawstring Wide Leg Casual Trousers, All Season Black Spring",S$11.49,13.7k+ sold,TRUE,1,FALSE,FALSE,短语边界匹配：标题连字符归一为空格，支持空格/连字符变体,Elastic Waist
design_element,elastic waist,310602079,"1pc Women's Slim Fit Straight Leg High Waist Elastic Waist Wide Leg Pants, Loose Fit For Running, Fitness, Yoga, Cycling, Streetwear, Casual Style, Machine Washable, Elegant Fashion Trousers, Versatile Daily Wear Black Spring Sports",S$10.99,5.4k+ sold,TRUE,1,FALSE,FALSE,短语边界匹配：标题连字符归一为空格，支持空格/连字符变体,Elastic Waist
design_element,elastic waist,417618841,"Women's Casual Bohemian Style White Elastic Waist Pocket Linen Wide Leg Pants, Summer Spring",S$11.49,5k+ sold,TRUE,3,TRUE,TRUE,短语边界匹配：标题连字符归一为空格，支持空格/连字符变体,Elastic Waist
design_element,elastic waist,437554229,"SHEIN Elenzya Women's Elegant Office Suit Pants,High-Waisted Beige Summer Striped Pleated Elastic Waist Loose Wide Leg Casual Trousers For Daily Commute Fashion",S$17.99,1.6k+ sold,TRUE,1,FALSE,FALSE,短语边界匹配：标题连字符归一为空格，支持空格/连字符变体,Elastic Waist
design_element,elastic waist,469670203,"Everyssa 2026 New Summer White And Black Striped Drawstring Elastic Waist Wide Leg Pants,Loose Straight Leg Casual School Back-To-School Relaxed Style Pants",S$15.99,NEW,FALSE,1,FALSE,FALSE,短语边界匹配：标题连字符归一为空格，支持空格/连字符变体,Elastic Waist
design_element,elastic waist,482285999,SHEIN Frenchy Women's Casual Retro Polka Dot Print Elastic Waist Pants,S$10.99,NEW,FALSE,1,FALSE,FALSE,短语边界匹配：标题连字符归一为空格，支持空格/连字符变体,Elastic Waist
design_element,flare leg,11648002,SHEIN MOD High Waist Seam Detail Flare Leg Petite Bell Bottoms Black Pants,S$18.27,1.6k+ sold,TRUE,1,FALSE,FALSE,短语边界匹配：标题连字符归一为空格，支持空格/连字符变体,Flare Leg
design_element,flare leg,16082480,SHEIN MOD Solid Flare Leg Pants,S$2.53,SAVE S$2.53,FALSE,1,FALSE,FALSE,短语边界匹配：标题连字符归一为空格，支持空格/连字符变体,Flare Leg
design_element,flare leg,21343333,SHEIN MOD High Waist Flare Leg Black Toothpick Pleats Pants,S$16.49,6.5k+ sold,TRUE,1,FALSE,FALSE,短语边界匹配：标题连字符归一为空格，支持空格/连字符变体,Flare Leg
design_element,flare leg,22061444,Olithes Solid Flare Leg Pants Fall Cloth For Women,S$12.99,4k+ sold,TRUE,1,FALSE,FALSE,短语边界匹配：标题连字符归一为空格，支持空格/连字符变体,Flare Leg
design_element,flare leg,37501230,Flirla High Waist Flare Leg Pants Fall Cloth For Women,S$15.49,7.3k+ sold,TRUE,1,FALSE,FALSE,短语边界匹配：标题连字符归一为空格，支持空格/连字符变体,Flare Leg
design_element,flare leg,46714706,"DAZY 1pc Women's Elongated Flare Leg Pants, Slimming And Leg Lengthening,Women Dress Pants",S$21.49,7.4k+ sold,TRUE,1,FALSE,FALSE,短语边界匹配：标题连字符归一为空格，支持空格/连字符变体,Flare Leg
design_element,flare leg,254305233,"Vela Rue Minimalist Design Pants, Camel Solid Color Loose Fit Zipper Hook Flare Leg Trousers, Fashionable All Season Spring",S$13.91,90k+ sold,TRUE,1,FALSE,FALSE,短语边界匹配：标题连字符归一为空格，支持空格/连字符变体,Flare Leg
design_element,flare leg,453868740,"SHEIN ICON Women's Sexy Hollow Out Fitted Cropped Camisole And Flare Leg Pants Set, Beach Vacation Style,Summer Outfits For Women",S$5.85,SAVE S$5.85,FALSE,1,FALSE,FALSE,短语边界匹配：标题连字符归一为空格，支持空格/连字符变体,Flare Leg
design_element,floral print,40221805,"SHEIN EZwear 4pcs Women's Crew Neck Short Sleeve Tight Fit T-Shirts,Black And White Floral Print Grey Multipack,Summer Casual Everyday Basic Fitted Tops",S$13.49,15.5k+ sold,TRUE,1,FALSE,FALSE,短语边界匹配：标题连字符归一为空格，支持空格/连字符变体,Floral Print
design_element,floral print,443075320,"EMERY ROSE Women's Floral Print Round Neck Short Sleeve T-Shirt, Fashionable For Vacation",S$7.49,2.1k+ sold,TRUE,1,FALSE,FALSE,短语边界匹配：标题连字符归一为空格，支持空格/连字符变体,Floral Print
design_element,floral print,444886315,"Lightweight, Comfortable And Soft Short Sleeve T-Shirt, Fitted Silhouette, Street Style Pinterest Inspired ""God Is Always Good"" Floral Print On Back, Pink Christian Faith Top Casual Summer",S$5.39,115 sold,TRUE,1,FALSE,FALSE,短语边界匹配：标题连字符归一为空格，支持空格/连字符变体,Floral Print
design_element,floral print,448340550,"Resyla Women's Allover Floral Print Casual T-Shirt,Shell Embroidery Craft,Cute Summer Black Floral Tee For City Break,Fashionable Y2K Back To School Top",S$6.56,6.6k+ sold,TRUE,1,FALSE,FALSE,短语边界匹配：标题连字符归一为空格，支持空格/连字符变体,Floral Print
design_element,floral print,449164686,New Summer Z-Gen Y2K Style Women's Funny Red Motorcycle Floral Print Round Neck Short Sleeve T-Shirt Casual White,S$1.80,SAVE S$1.80,FALSE,1,FALSE,FALSE,短语边界匹配：标题连字符归一为空格，支持空格/连字符变体,Floral Print
design_element,floral print,451942938,Resyla Women's Fashionable Versatile Floral Print Round Neck Short Sleeve T-Shirt,S$7.99,9k+ sold,TRUE,1,FALSE,FALSE,短语边界匹配：标题连字符归一为空格，支持空格/连字符变体,Floral Print
design_element,floral print,472447853,Women's Drawstring Waist Floral Print Casual Versatile Daily Wear Pants,S$11.99,NEW,FALSE,1,FALSE,FALSE,短语边界匹配：标题连字符归一为空格，支持空格/连字符变体,Floral Print
design_element,graphic print,62263350,"Customized Women Short Sleeve, Personalized Gift, Upload Your Photos, Valentine's Day Gift, Gift For Her, Anniversary Gift, Holiday Gift, Team Uniform, Summer Top, Graphic Print, Pink Girls, Family, Friends, Chic & Elegant",S$0.88,SAVE S$0.88,FALSE,1,FALSE,FALSE,短语边界匹配：标题连字符归一为空格，支持空格/连字符变体,Graphic Print
design_element,graphic print,327810039,"Women's Summer New Simple Letter ""NEWYORK"" City Skyscraper Graphic Print Casual Vacation Loose Versatile Round Neck Beige Short Sleeve T-Shirt, Everyday Top, Suitable For Daily Vacation Wear",S$4.49,993 sold,TRUE,2,TRUE,TRUE,短语边界匹配：标题连字符归一为空格，支持空格/连字符变体,Graphic Print
design_element,graphic print,439361005,"1pc Women's Summer Casual Short Sleeve T-Shirt, Coffee Theme Tee With Iced Coffee And Sun English Graphic Print, Suitable For Vacation, Office, Outing, Daily, Date, Party, Gathering, Street Wear",S$5.03,,FALSE,1,FALSE,FALSE,短语边界匹配：标题连字符归一为空格，支持空格/连字符变体,Graphic Print
design_element,graphic print,449581590,Vintage Washed Street Style Casual Short Sleeve New York City Graphic Print T-Shirt Black Summer,S$0.97,SAVE S$0.97,FALSE,1,FALSE,FALSE,短语边界匹配：标题连字符归一为空格，支持空格/连字符变体,Graphic Print
design_element,graphic print,450367868,"SHEIN EZwear Casual Minimalist Sports Style Jersey Graphic Print, Women's Sleeveless Racerback Camisole Suitable For Summer, Sports Season, Ball Games,Summer Top",S$2.99,14.6k+ sold,TRUE,2,TRUE,TRUE,短语边界匹配：标题连字符归一为空格，支持空格/连字符变体,Graphic Print
design_element,halter neck,71272762,"Veykashi Women's Casual Backless Fitted Halter Neck Camisole Tank Top, Summer Beach Print Designs: Seashell, Starfish, Hibiscus Flower",S$3.99,3.2k+ sold,TRUE,1,FALSE,FALSE,短语边界匹配：标题连字符归一为空格，支持空格/连字符变体,Halter Neck
design_element,halter neck,114067324,Aloruh Women Solid Open Back Tie Halter Neck Ruffle Hem Mini Dress,S$16.49,38.8k+ sold,TRUE,1,FALSE,FALSE,短语边界匹配：标题连字符归一为空格，支持空格/连字符变体,Halter Neck
design_element,halter neck,158508192,"Aloruh Women's Dark Brown Seksi Chic Halter Neck Dress,Summmer Ruffled Hem Solid Color Elegant Party Dresses For Women,Bar Party Vacation Outfits,Commuter",S$17.99,38.8k+ sold,TRUE,1,FALSE,FALSE,短语边界匹配：标题连字符归一为空格，支持空格/连字符变体,Halter Neck
design_element,halter neck,382155297,"Franclia Women's Elegant Halter Neck Ruched Crop Tank Top Bra Free Comfortable Fabric Summer,Night Out,All Shades Of Brown Casual Blouses Festival Y2k Top",S$16.49,5.2k+ sold,TRUE,1,FALSE,FALSE,短语边界匹配：标题连字符归一为空格，支持空格/连字符变体,Halter Neck
design_element,halter neck,394948737,Franclia Stylish Apricot Sleeveless Ruched Blouse For Women Elegant Halter Neck Design,S$7.49,12.3k+ sold,TRUE,1,FALSE,FALSE,短语边界匹配：标题连字符归一为空格，支持空格/连字符变体,Halter Neck
design_element,halter neck,423040673,"Qadelle Women's Summer Elegant Black Halter Neck Tie Backless Lace Trim Camisole Top, Sleeveless Bodycon Blouse For Party Night,Cocktail,Beach Outfit",S$1.26,Save S$1.26,FALSE,1,FALSE,FALSE,短语边界匹配：标题连字符归一为空格，支持空格/连字符变体,Halter Neck
design_element,halter neck,439308136,"Franclia Women's Solid Color Halter Neck Drape Elegant Fitted Blouse, Summer",S$0.17,SAVE S$0.17,FALSE,1,FALSE,FALSE,短语边界匹配：标题连字符归一为空格，支持空格/连字符变体,Halter Neck
design_element,halter neck,439631443,"Siren Gaze Women's Black And White Striped Summer Casual Elegent Office Camisole,Halter Neck Pleated Sleeveless Tank Top,Backless Cinched Waist Fashion Vest",S$8.49,805 sold,TRUE,1,FALSE,FALSE,短语边界匹配：标题连字符归一为空格，支持空格/连字符变体,Halter Neck
design_element,halter neck,446140384,DrmWander Women's Polka Dot Print Casual Halter Neck Camisole,S$4.99,5.8k+ sold,TRUE,1,FALSE,FALSE,短语边界匹配：标题连字符归一为空格，支持空格/连字符变体,Halter Neck
design_element,high waist,4687197,SHEIN EZwear Summer Solid High Waist Straight Leg Pants,S$17.99,3.3k+ sold,TRUE,1,FALSE,FALSE,短语边界匹配：标题连字符归一为空格，支持空格/连字符变体,High Waist
design_element,high waist,6173662,"DAZY High Waist Plicated Detail Wide Leg Suit Pants,Women Dress Pants Business Attire",S$23.99,2.8k+ sold,TRUE,1,FALSE,FALSE,短语边界匹配：标题连字符归一为空格，支持空格/连字符变体,High Waist
design_element,high waist,7870642,SHEIN PETITE High Waist Plicated Wide Leg Black Dress Pants,S$14.49,9.1k+ sold,TRUE,1,FALSE,FALSE,短语边界匹配：标题连字符归一为空格，支持空格/连字符变体,High Waist
design_element,high waist,10294783,DAZY High Waist Wide Leg Shorts,S$11.99,18.3k+ sold,TRUE,2,TRUE,TRUE,短语边界匹配：标题连字符归一为空格，支持空格/连字符变体,High Waist
design_element,high waist,10432549,DAZY High Waist Roll Up Hem Denim Shorts Jorts,S$2.79,SAVE S$2.79,FALSE,1,FALSE,FALSE,短语边界匹配：标题连字符归一为空格，支持空格/连字符变体,High Waist
design_element,high waist,11648002,SHEIN MOD High Waist Seam Detail Flare Leg Petite Bell Bottoms Black Pants,S$18.27,1.6k+ sold,TRUE,1,FALSE,FALSE,短语边界匹配：标题连字符归一为空格，支持空格/连字符变体,High Waist
design_element,high waist,12262603,Firerie Solid High Waist Wide Leg Pants Bootcut Wide Leg Pants Dress Pants,S$11.49,12.5k+ sold,TRUE,2,TRUE,TRUE,短语边界匹配：标题连字符归一为空格，支持空格/连字符变体,High Waist
design_element,high waist,12712906,DAZY High Waist Slant Pockets Tailored Shorts Summer,S$1.82,SAVE S$1.82,FALSE,1,FALSE,FALSE,短语边界匹配：标题连字符归一为空格，支持空格/连字符变体,High Waist
design_element,high waist,14155514,SHEIN PETITE High Waist Mom Fit Jeans,S$25.99,2.9k+ sold,TRUE,1,FALSE,FALSE,短语边界匹配：标题连字符归一为空格，支持空格/连字符变体,High Waist
design_element,high waist,14822788,SHEIN EZwear Casual Solid Color High Waist Straight Leg Pants,S$13.49,4.3k+ sold,TRUE,1,FALSE,FALSE,短语边界匹配：标题连字符归一为空格，支持空格/连字符变体,High Waist
design_element,high waist,16078181,SHEIN EZwear Casual Solid High Waist Straight Leg Pants,S$14.49,412 sold,TRUE,1,FALSE,FALSE,短语边界匹配：标题连字符归一为空格，支持空格/连字符变体,High Waist
design_element,high waist,17447414,High Waist Wide Leg Jeans,S$26.99,8.2k+ sold,TRUE,1,FALSE,FALSE,短语边界匹配：标题连字符归一为空格，支持空格/连字符变体,High Waist
design_element,high waist,18747796,Women's Solid Color High Waist Casual Straight Leg Suit Pants Black Spring,S$16.49,2.3k+ sold,TRUE,1,FALSE,FALSE,短语边界匹配：标题连字符归一为空格，支持空格/连字符变体,High Waist
design_element,high waist,20681257,"DAZY High Waist Plicated Detail Wide Leg Pants,Women Dress Pants,Back To School Clothes Fall",S$2.66,SAVE S$2.66,FALSE,1,FALSE,FALSE,短语边界匹配：标题连字符归一为空格，支持空格/连字符变体,High Waist
design_element,high waist,21343333,SHEIN MOD High Waist Flare Leg Black Toothpick Pleats Pants,S$16.49,6.5k+ sold,TRUE,1,FALSE,FALSE,短语边界匹配：标题连字符归一为空格，支持空格/连字符变体,High Waist
design_element,high waist,24631676,SHEIN ICON High Waist Wide Leg Jeans,S$3.57,SAVE S$3.57,FALSE,1,FALSE,FALSE,短语边界匹配：标题连字符归一为空格，支持空格/连字符变体,High Waist
design_element,high waist,32576666,"Poéselle Summer High-Waisted Pants Multi-Piece Set, Black + Khaki Wide Leg Pants High Waist Fold Pleated Wide Leg Pants, Black Pants, Loose Fit, Long Pants",S$29.49,6.3k+ sold,TRUE,2,TRUE,TRUE,短语边界匹配：标题连字符归一为空格，支持空格/连字符变体,High Waist
design_element,high waist,33477110,SHEIN Unity Women Fashionable High Waist Simple Design Straight Wide-Leg Denim Jeans,S$25.49,29.1k+ sold,TRUE,1,FALSE,FALSE,短语边界匹配：标题连字符归一为空格，支持空格/连字符变体,High Waist
design_element,high waist,34200043,"Dazy Designer Grey Women's High Waist Wide Leg Pleated Loose Casual Commute Pants,Women Dress Pants",S$2.53,SAVE S$2.53,FALSE,1,FALSE,FALSE,短语边界匹配：标题连字符归一为空格，支持空格/连字符变体,High Waist
design_element,high waist,34750833,"DAZY Women's Fashion High-Waist Casual Banana Pants, Full Length,Women Dress Pants",S$23.49,6.4k+ sold,TRUE,1,FALSE,FALSE,短语边界匹配：标题连字符归一为空格，支持空格/连字符变体,High-Waist
design_element,high waist,37501230,Flirla High Waist Flare Leg Pants Fall Cloth For Women,S$15.49,7.3k+ sold,TRUE,1,FALSE,FALSE,短语边界匹配：标题连字符归一为空格，支持空格/连字符变体,High Waist
design_element,high waist,38202551,Anewsta Women's Solid Color Pleated Maillard Straight High-Waist Trousers,S$4.20,SAVE S$4.20,FALSE,1,FALSE,FALSE,短语边界匹配：标题连字符归一为空格，支持空格/连字符变体,High-Waist
design_element,high waist,38769097,SHEIN Luminelle Women Solid Color High Waist Wide Leg Casual Trousers Fall Cloth For Women,S$17.09,2.9k+ sold,TRUE,1,FALSE,FALSE,短语边界匹配：标题连字符归一为空格，支持空格/连字符变体,High Waist
design_element,high waist,41202053,European And American Fashion Women High Waist Wide Leg Striped Casual Straight Pants Spring Black,S$15.35,7.1k+ sold,TRUE,1,FALSE,FALSE,短语边界匹配：标题连字符归一为空格，支持空格/连字符变体,High Waist
design_element,high waist,46274115,Firerie Women Minimalist Casual Chic Fashion Back-To-School High Waist Textured Wide Leg Pants,S$15.49,9.1k+ sold,TRUE,1,FALSE,FALSE,短语边界匹配：标题连字符归一为空格，支持空格/连字符变体,High Waist
design_element,high waist,46582346,"Poéselle Summer High-Waisted Pants Multi-Piece Set, Wide Leg Pants High Waist Fold Pleated Wide Leg Pants, Loose Fit, Long Pants",S$27.99,1.3k+ sold,TRUE,1,FALSE,FALSE,短语边界匹配：标题连字符归一为空格，支持空格/连字符变体,High Waist
design_element,high waist,49910921,Firerie Women's Casual Minimalist Fashion High Waist Textured Wide Leg Pants For Back To School & Commuting,S$14.99,4.3k+ sold,TRUE,1,FALSE,FALSE,短语边界匹配：标题连字符归一为空格，支持空格/连字符变体,High Waist
design_element,high waist,50179122,EMERY ROSE Black High Waist Lace-Up Wide Leg Loose Elegant Women Suit Pants,S$14.99,686 sold,TRUE,1,FALSE,FALSE,短语边界匹配：标题连字符归一为空格，支持空格/连字符变体,High Waist
design_element,high waist,54215147,SHEIN PETITE Women's Simple Casual Fashion Back-To-School Season Old Money Commuting High-Waist Texture Wide-Leg Trousers,S$13.49,34.3k+ sold,TRUE,1,FALSE,FALSE,短语边界匹配：标题连字符归一为空格，支持空格/连字符变体,High-Waist
design_element,high waist,57883154,"2025 Autumn/Winter Women Wide Leg High Waist Casual Loose Trousers, Versatile Suit Pants Black Summer",S$12.49,34.1k+ sold,TRUE,3,TRUE,TRUE,短语边界匹配：标题连字符归一为空格，支持空格/连字符变体,High Waist
design_element,high waist,63288137,"Women's Versatile Minimalist Wide Leg Pants, High Waist, Slimming, Straight Leg, Suitable For All Seasons Spring",S$2.14,SAVE S$2.14,FALSE,1,FALSE,FALSE,短语边界匹配：标题连字符归一为空格，支持空格/连字符变体,High Waist
design_element,high waist,73242087,"Elenzga Navy Blue Elegant High Waist Culottes For Women,Summer Casual Solid Wide Leg Pants For Office,Work,Graduation & Daily,Vintage Style Music Festival",S$16.99,8.2k+ sold,TRUE,2,TRUE,TRUE,短语边界匹配：标题连字符归一为空格，支持空格/连字符变体,High Waist
design_element,high waist,74142521,Casual Relaxed High-Waist Wide-Leg Wash Denim Jeans,S$21.67,23k+ sold,TRUE,1,FALSE,FALSE,短语边界匹配：标题连字符归一为空格，支持空格/连字符变体,High-Waist
design_element,high waist,81608630,Jeanoix High Waist Slant Pocket Casual Ripped Wide Leg Jeans,S$1.88,SAVE S$1.88,FALSE,1,FALSE,FALSE,短语边界匹配：标题连字符归一为空格，支持空格/连字符变体,High Waist
design_element,high waist,86392248,"Franclia Women's High Waist Striped Casual Pants, Fashionable For Summer Fall Cloth For Women",S$13.99,3.9k+ sold,TRUE,1,FALSE,FALSE,短语边界匹配：标题连字符归一为空格，支持空格/连字符变体,High Waist
design_element,high waist,114346598,"Women's Versatile Minimalist Wide Leg Pants, High Waist Commuter Slimming Straight Trousers Black Spring",S$2.14,SAVE S$2.14,FALSE,1,FALSE,FALSE,短语边界匹配：标题连字符归一为空格，支持空格/连字符变体,High Waist
design_element,high waist,140326320,Casual Solid Color High Waist Elastic Straight Pants Black Spring,S$11.49,1.4k+ sold,TRUE,2,TRUE,TRUE,短语边界匹配：标题连字符归一为空格，支持空格/连字符变体,High Waist
design_element,high waist,163902125,"Women's Versatile Minimalist Wide Leg Pants, High Waist, Slimming, Straight Leg, Suitable For All Seasons Spring",S$2.53,SAVE S$2.53,FALSE,1,FALSE,FALSE,短语边界匹配：标题连字符归一为空格，支持空格/连字符变体,High Waist
design_element,high waist,165995872,"Women's Versatile Minimalist Wide Leg Pants, High Waist Commuter Slimming Straight Trousers Spring",S$2.14,SAVE S$2.14,FALSE,1,FALSE,FALSE,短语边界匹配：标题连字符归一为空格，支持空格/连字符变体,High Waist
design_element,high waist,171681686,European & American Fashion Women's Casual Striped High Waist Wide Leg Straight Pants Spring White,S$1.15,SAVE S$1.15,FALSE,1,FALSE,FALSE,短语边界匹配：标题连字符归一为空格，支持空格/连字符变体,High Waist
design_element,high waist,193035059,Qadelle Women's Elegant Pocket Decor High Waist Wide Leg Pants,S$9.99,582 sold,TRUE,1,FALSE,FALSE,短语边界匹配：标题连字符归一为空格，支持空格/连字符变体,High Waist
design_element,high waist,209031387,"DAZY Loose High Waist Slimming Straight Leg Jeans, Minimalist & Versatile, Comfortable Ankle-Length Pants For Women",S$3.42,SAVE S$3.42,FALSE,1,FALSE,FALSE,短语边界匹配：标题连字符归一为空格，支持空格/连字符变体,High Waist
design_element,high waist,212592577,"SHEIN Essnce 3pcs Women Casual Solid Color Versatile High Waist Drawstring Pocket Straight Loose Pants Set, Suitable For Spring/Summer",S$30.49,14.1k+ sold,TRUE,1,FALSE,FALSE,短语边界匹配：标题连字符归一为空格，支持空格/连字符变体,High Waist
design_element,high waist,212971551,"SHEIN Essnce 3pcs Women Casual Solid Color Versatile High Waist Drawstring Pocket Straight Loose Pants Set, Suitable For Spring/Summer,Fall,Fall Clothes For Women",S$29.99,14.1k+ sold,TRUE,1,FALSE,FALSE,短语边界匹配：标题连字符归一为空格，支持空格/连字符变体,High Waist
design_element,high waist,230189325,"Solid Color High Waist Straight Leg Pants, Minimalist Sports Sweatpants, Versatile Elastic Waist Drawstring Wide Leg Casual Trousers, All Season Black Spring",S$11.49,13.7k+ sold,TRUE,1,FALSE,FALSE,短语边界匹配：标题连字符归一为空格，支持空格/连字符变体,High Waist
design_element,high waist,310602079,"1pc Women's Slim Fit Straight Leg High Waist Elastic Waist Wide Leg Pants, Loose Fit For Running, Fitness, Yoga, Cycling, Streetwear, Casual Style, Machine Washable, Elegant Fashion Trousers, Versatile Daily Wear Black Spring Sports",S$10.99,5.4k+ sold,TRUE,1,FALSE,FALSE,短语边界匹配：标题连字符归一为空格，支持空格/连字符变体,High Waist
design_element,high waist,317342804,"Franclia Women's High Waist Grey Summer Modest Office Skirt Shorts,A-Line Split Hem Textured Soft Fabric Skorts,Fashionable Casual Commute Versatile Clothing",S$8.09,90k+ sold,TRUE,2,TRUE,TRUE,短语边界匹配：标题连字符归一为空格，支持空格/连字符变体,High Waist
design_element,high waist,350760671,"Franclia Fashionable Casual Commuter Versatile Textured Soft Fabric High Waist Slit Women Shorts/Skirt/Culottes/Hot Pants, Spring/Autumn",S$9.99,90k+ sold,TRUE,1,FALSE,FALSE,短语边界匹配：标题连字符归一为空格，支持空格/连字符变体,High Waist
design_element,high waist,350805775,"Franclia Women's Black Summer Casual Smart Office High Waist Slit Culottes,Textured Soft Fabric Shorts Skirt,Fashionable Commute Versatile Mini Hot Pants",S$10.49,90k+ sold,TRUE,1,FALSE,FALSE,短语边界匹配：标题连字符归一为空格，支持空格/连字符变体,High Waist
design_element,high waist,350806443,"Franclia Fashionable Casual Commute Versatile Textured Soft Fabric High Waist Slit Gray Women Shorts/Skirt/Culottes/Hot Pants, Spring/Autumn",S$11.49,90k+ sold,TRUE,2,TRUE,TRUE,短语边界匹配：标题连字符归一为空格，支持空格/连字符变体,High Waist
design_element,high waist,360459173,Firerie Women's Casual Elegant Chic High Waist Textured Wide Leg Pants For Back To School And Commuting Office Black Winter,S$14.99,2k+ sold,TRUE,1,FALSE,FALSE,短语边界匹配：标题连字符归一为空格，支持空格/连字符变体,High Waist
design_element,high waist,365502654,"Women's High Waist Slim Fit Wide Leg Pants | Bohemian Street Style | Suitable For Casual, Work Commute And Vacation In Spring/Summer Black",S$16.18,59.7k+ sold,TRUE,2,TRUE,TRUE,短语边界匹配：标题连字符归一为空格，支持空格/连字符变体,High Waist
design_element,high waist,365502658,"Women's High Waist Slim Fit Wide Leg Pants In Khaki, Bohemian Street Style, Suitable For Casual, Work Commute And Vacation In Spring/Summer",S$15.76,59.7k+ sold,TRUE,1,FALSE,FALSE,短语边界匹配：标题连字符归一为空格，支持空格/连字符变体,High Waist
design_element,high waist,365752192,"Women's High Waist Slim Fit Wide Leg Pants, Bohemian Street Style, Suitable For Casual, Work Commute And Vacation In Spring/Summer White",S$15.76,59.7k+ sold,TRUE,1,FALSE,FALSE,短语边界匹配：标题连字符归一为空格，支持空格/连字符变体,High Waist
design_element,high waist,393397281,"Women's High Waist Slim Fit Elegant Minimalist Office Pants, Women Apparel, Women's Bottoms Black Spring",S$11.99,7k+ sold,TRUE,2,TRUE,TRUE,短语边界匹配：标题连字符归一为空格，支持空格/连字符变体,High Waist
design_element,high waist,395830807,"SHEIN Tall Old Money High Waist Pleated Wide Leg Pants For Women,Black Winter Modest Business Casual Office Wear,Elegant Solid Loose Trousers Chic Tailored Work",S$22.49,7.7k+ sold,TRUE,1,FALSE,FALSE,短语边界匹配：标题连字符归一为空格，支持空格/连字符变体,High Waist
design_element,high waist,413535084,"Vintage Blue Denim Wide Leg High Waist Straight Jeans For Women, Spring/Summer Casual",S$2.60,SAVE S$2.60,FALSE,1,FALSE,FALSE,短语边界匹配：标题连字符归一为空格，支持空格/连字符变体,High Waist
design_element,high waist,420219867,"Franclia Women's Elegant Black Winter Business Casual Work Pants,High Waist Button Decor Loose Straight Wide Leg Dress Trousers For Office Formal Commuting",S$2.34,SAVE S$2.34,FALSE,1,FALSE,FALSE,短语边界匹配：标题连字符归一为空格，支持空格/连字符变体,High Waist
design_element,high waist,420508824,Coolane Women's Summer Streetwear Casual Basic Daily Wear Graphics Striped Comfortable Baggy Low Rise Straight Pants Wide Leg Woman High Waist,S$19.99,1.8k+ sold,TRUE,2,TRUE,TRUE,短语边界匹配：标题连字符归一为空格，支持空格/连字符变体,High Waist
design_element,high waist,428266092,Elenzga Women's Elegant Summer Tea Party Apricot Commuter Casual Blue Pleated Adjustable Waist Bow Tie Blouse + High Waist Pocket Design Wide Leg Pants Set,S$2.40,SAVE S$2.40,FALSE,1,FALSE,FALSE,短语边界匹配：标题连字符归一为空格，支持空格/连字符变体,High Waist
design_element,high waist,429086234,"Women's High Waist Drape Gray Wide Leg Pants, Loose Slimming Casual Commuter Luxe Style Trousers, Spring/Summer",S$2.40,SAVE S$2.40,FALSE,1,FALSE,FALSE,短语边界匹配：标题连字符归一为空格，支持空格/连字符变体,High Waist
design_element,high waist,432328852,Andrea Bello Women Asymmetrical Casual Wide Leg Pants Women's Fashion Office Commuting Versatile High Waist High-End Asymmetrical Wide Leg Suit Pants,S$30.99,NEW,FALSE,1,FALSE,FALSE,短语边界匹配：标题连字符归一为空格，支持空格/连字符变体,High Waist
design_element,high waist,438556173,Firerie Women's Minimalist Casual Fashion Back To School High Waist Textured Wide Leg Pants,S$2.47,SAVE S$2.47,FALSE,1,FALSE,FALSE,短语边界匹配：标题连字符归一为空格，支持空格/连字符变体,High Waist
design_element,high waist,440345688,SHEIN PETITE Women's Simple Casual Fashion Back-To-School Season Old Money Commuting High-Waist Texture Wide-Leg Trousers 100 Cotton,S$23.49,34.3k+ sold,TRUE,1,FALSE,FALSE,短语边界匹配：标题连字符归一为空格，支持空格/连字符变体,High-Waist
design_element,high waist,450180849,"Elenzga 2026 Retro Military Green Wide Leg Pants,High Waist Draping Loose Straight Trousers For Women,Black,Winter,Business Casual,Elegant,Work,Versatile",S$16.49,2k+ sold,TRUE,1,FALSE,FALSE,短语边界匹配：标题连字符归一为空格，支持空格/连字符变体,High Waist
design_element,high waist,451368774,"SHEIN Tall Women's High Waist Pocketed Wide Leg Jeans,Dark Blue Autumn Retro Vintage 70s Everyday Casual Vintage Washed Loose Versatile Elegant Denim Jeans",S$4.09,SAVE S$4.09,FALSE,1,FALSE,FALSE,短语边界匹配：标题连字符归一为空格，支持空格/连字符变体,High Waist
design_element,lace trim,45123519,INAWLY Lace Trim Splice Camisole Top For Women,S$0.33,SAVE S$0.33,FALSE,1,FALSE,FALSE,短语边界匹配：标题连字符归一为空格，支持空格/连字符变体,Lace Trim
design_element,lace trim,73462359,"Sweetra Y2K Sexy Camisole With Lace Trim & Pleat Detail, Multi-Piece Set",S$16.99,10.7k+ sold,TRUE,1,FALSE,FALSE,短语边界匹配：标题连字符归一为空格，支持空格/连字符变体,Lace Trim
design_element,lace trim,73740419,Sweetra Y2K Sexy Sling Lace Trim Pleated Ruched Clothes Set,S$16.99,10.7k+ sold,TRUE,1,FALSE,FALSE,短语边界匹配：标题连字符归一为空格，支持空格/连字符变体,Lace Trim
design_element,lace trim,85227956,Sweet Girl Puff Sleeve Lace Trim Tie Waist Slim Fit White Blouse Summer,S$16.99,10.1k+ sold,TRUE,2,TRUE,TRUE,短语边界匹配：标题连字符归一为空格，支持空格/连字符变体,Lace Trim
design_element,lace trim,288225924,"Women's Soft Satin V-Neck Asymmetric Lace Trim Hem Fitted Camisole Top, Semi-Sheer Eyelash Lace Design, Suitable For Date Night, Casual Street Style, And Slouchy Atmosphere, Beach Vacation Outfit Black Summer",S$8.49,18.7k+ sold,TRUE,1,FALSE,FALSE,短语边界匹配：标题连字符归一为空格，支持空格/连字符变体,Lace Trim
design_element,lace trim,370459046,Women's Satin Lace Trim Spaghetti Strap Cami Top - Alluring Side Slit Khaki Summer Camisole Casual,S$8.99,13k+ sold,TRUE,1,FALSE,FALSE,短语边界匹配：标题连字符归一为空格，支持空格/连字符变体,Lace Trim
design_element,lace trim,395330263,"Siren Gaze 2026 Women's Lace-Trimmed Camisole,Elegant Beige Summmer Vacation Milkmaid Top,Square Neck Crocheted Lace Trim Peplum Cami Spaghetti Strap",S$1.21,SAVE S$1.21,FALSE,2,TRUE,FALSE,短语边界匹配：标题连字符归一为空格，支持空格/连字符变体,Lace Trim
design_element,lace trim,398898617,"Resyla Lace Trim Camisole Dress Cover Up, Long Sleeve Knit Shrug Tops For Women, Summer Sun Protection",S$8.49,67.4k+ sold,TRUE,1,FALSE,FALSE,短语边界匹配：标题连字符归一为空格，支持空格/连字符变体,Lace Trim
design_element,lace trim,423040673,"Qadelle Women's Summer Elegant Black Halter Neck Tie Backless Lace Trim Camisole Top, Sleeveless Bodycon Blouse For Party Night,Cocktail,Beach Outfit",S$1.26,Save S$1.26,FALSE,1,FALSE,FALSE,短语边界匹配：标题连字符归一为空格，支持空格/连字符变体,Lace Trim
design_element,lace trim,438194289,Women's Satin Lace Trim Spaghetti Strap Cami Top - Alluring Side Slit Khaki Summer Camisole Casual,S$8.99,13k+ sold,TRUE,2,TRUE,TRUE,短语边界匹配：标题连字符归一为空格，支持空格/连字符变体,Lace Trim
design_element,lace trim,457883698,"Comfortcana Summer Knit Camisole Top & Shorts Lace Trim Set,Summer Outfits For Women",S$18.99,,FALSE,1,FALSE,FALSE,短语边界匹配：标题连字符归一为空格，支持空格/连字符变体,Lace Trim
design_element,lace trim,462693188,"ROMWE Kawaii Women's Ruffled Lace Trim Palazzo Pants, Suitable For Southern France Vacation",S$19.54,Estimated,FALSE,1,FALSE,FALSE,短语边界匹配：标题连字符归一为空格，支持空格/连字符变体,Lace Trim
design_element,lace up,50179122,EMERY ROSE Black High Waist Lace-Up Wide Leg Loose Elegant Women Suit Pants,S$14.99,686 sold,TRUE,1,FALSE,FALSE,短语边界匹配：标题连字符归一为空格，支持空格/连字符变体,Lace-Up
design_element,lace up,432455978,"Women's Pink Lace-Up Tie-Dye Tiger Print Crew Neck Short Sleeve T-Shirt, Polyester Fabric, Slightly Stretchy, Regular Fit",S$1.57,SAVE S$1.57,FALSE,1,FALSE,FALSE,短语边界匹配：标题连字符归一为空格，支持空格/连字符变体,Lace-Up
design_element,lapel collar,40884873,Franclia 3/4 Sleeve Lapel Collar Cinched Waist Linen Blazer Jacket,S$21.49,7.7k+ sold,TRUE,1,FALSE,FALSE,短语边界匹配：标题连字符归一为空格，支持空格/连字符变体,Lapel Collar
design_element,leopard print,30244395,"SHEIN Frenchy Women Black Leopard Print Straight Leg Pants,Winter Basic Casual Fashion Old Money Style Fall Clothes,Teacher Outfits,Back To School Date Spring",S$9.49,11.6k+ sold,TRUE,1,FALSE,FALSE,短语边界匹配：标题连字符归一为空格，支持空格/连字符变体,Leopard Print
design_element,leopard print,47977641,ROMWE Grunge Punk Spring/Summer Casual Baech Black Y2K Subculture Leopard Print Hem Slit Design Women Tube Top,S$1.44,SAVE S$1.44,FALSE,1,FALSE,FALSE,短语边界匹配：标题连字符归一为空格，支持空格/连字符变体,Leopard Print
design_element,leopard print,172812008,"INAWLY 2pcs/Set Fitted Short Leopard Print & Solid Color V-Neck Camisole For Women, Summer",S$12.47,8.8k+ sold,TRUE,2,TRUE,TRUE,短语边界匹配：标题连字符归一为空格，支持空格/连字符变体,Leopard Print
design_element,leopard print,357049398,"SHEIN EZwear 3pcs/Set Casual Solid & Leopard Print Camisole Tops For Women, Suitable For Summer Spring",S$12.99,17.4k+ sold,TRUE,1,FALSE,FALSE,短语边界匹配：标题连字符归一为空格，支持空格/连字符变体,Leopard Print
design_element,leopard print,410711406,Franclia 2-3 Pcs Set Summer Fitted Short Leopard Print & Solid Color V-Neck Camisole For Women,S$11.99,2.4k+ sold,TRUE,2,TRUE,TRUE,短语边界匹配：标题连字符归一为空格，支持空格/连字符变体,Leopard Print
design_element,leopard print,438311644,"Opulessa Women's Leopard Print Casual Pants, Suitable For Spring And Summer Holiday Outfits For Women,Holiday,Vacation Outfits For Women",S$14.49,2k+ sold,TRUE,1,FALSE,FALSE,短语边界匹配：标题连字符归一为空格，支持空格/连字符变体,Leopard Print
design_element,leopard print,446304946,"Swim Vcay Spring/Summer Women's One-Piece Leopard Print Sexy Sling Swimsuit, Beach Vacation Swimwear",S$16.49,,FALSE,1,FALSE,FALSE,短语边界匹配：标题连字符归一为空格，支持空格/连字符变体,Leopard Print
design_element,leopard print,457444323,"Qadelle Women's Loose Fit Short Sleeve Top,Beige,White Animal Print,Summer,Elegant Unique,Everyday,Beaded Embroidery Leopard Print,Fashionable Top",S$10.84,378 sold,TRUE,1,FALSE,FALSE,短语边界匹配：标题连字符归一为空格，支持空格/连字符变体,Leopard Print
design_element,leopard print,467477488,"New York Leopard Print Retro College Logo T-Shirt, Y2K Aesthetic Casual Short Sleeve, Urban Street Style Pink",S$0.60,SAVE S$0.60,FALSE,1,FALSE,FALSE,短语边界匹配：标题连字符归一为空格，支持空格/连字符变体,Leopard Print
design_element,leopard print,467480804,"Vintage Leopard Print & Graphic Oversized T-Shirt, Y2K Style Casual Short Sleeve Top, Urban Streetwear White Summer",S$0.94,SAVE S$0.94,FALSE,1,FALSE,FALSE,短语边界匹配：标题连字符归一为空格，支持空格/连字符变体,Leopard Print
design_element,letter print,39284776,"INAWLY Women's Casual Letter Print Asymmetric Neck Loose Short Sleeve T-Shirt, Summer Graphic Tees Women Tops",S$8.49,16.5k+ sold,TRUE,1,FALSE,FALSE,短语边界匹配：标题连字符归一为空格，支持空格/连字符变体,Letter Print
design_element,letter print,48424297,"Women's Summer Letter Print Loose Casual T-Shirt, Daily Casual Fashion Versatile. Graphic Tee, Vacation",S$6.99,17.7k+ sold,TRUE,1,FALSE,FALSE,短语边界匹配：标题连字符归一为空格，支持空格/连字符变体,Letter Print
design_element,letter print,107557707,"INAWLY Women Summer Casual Matching Contrast Color T-Shirt And Shorts Set, Letter Print Graphic",S$17.99,15.8k+ sold,TRUE,1,FALSE,FALSE,短语边界匹配：标题连字符归一为空格，支持空格/连字符变体,Letter Print
design_element,letter print,175348657,"SHEIN Women's Fitted T-Shirt With English Letter Print, Slimming & Elegant Style, European & American",S$6.49,17.5k+ sold,TRUE,1,FALSE,FALSE,短语边界匹配：标题连字符归一为空格，支持空格/连字符变体,Letter Print
design_element,letter print,218804428,Resyla 2pcs Women Letter Print Round Neck Short Sleeve Top And Elastic Waist Pants Casual Set,S$19.49,16.7k+ sold,TRUE,1,FALSE,FALSE,短语边界匹配：标题连字符归一为空格，支持空格/连字符变体,Letter Print
design_element,letter print,269281745,Resyla Women's Letter Print Pleated Round Neck Short Sleeve T-Shirt And Wide Leg Pants Casual 2-Piece Set,S$18.49,16.7k+ sold,TRUE,1,FALSE,FALSE,短语边界匹配：标题连字符归一为空格，支持空格/连字符变体,Letter Print
design_element,letter print,281815540,"Resyla Women's Graphic Tee,Letter Print Black N White Summer New Arrival,Slim Fit Short Sleeve T-Shirt,Casual City Break Outdoor Wear,Back To School Picnic",S$6.49,17.5k+ sold,TRUE,1,FALSE,FALSE,短语边界匹配：标题连字符归一为空格，支持空格/连字符变体,Letter Print
design_element,letter print,306228287,"1pc Women's Summer Round Neck Short Sleeve T-Shirt, ""Sleeping Cat"" English Letter Print, Suitable For Summer, Beach, Street, Daily Party Occasions. Y2K Vacation Elegant Top, Summer Casual Outfit, Women Holiday Wear",S$7.49,9.2k+ sold,TRUE,1,FALSE,FALSE,短语边界匹配：标题连字符归一为空格，支持空格/连字符变体,Letter Print
design_element,letter print,345338096,"SHEIN Women's Casual Letter Print Short Sleeve Slim Fit T-Shirt, Summer",S$1.04,Save S$1.04,FALSE,1,FALSE,FALSE,短语边界匹配：标题连字符归一为空格，支持空格/连字符变体,Letter Print
design_element,letter print,365457362,"INAWLY Women's Casual Letter Print Asymmetric Neck Loose Short Sleeve T-Shirt, Summer Graphic Tees Women Tops",S$8.49,16.5k+ sold,TRUE,1,FALSE,FALSE,短语边界匹配：标题连字符归一为空格，支持空格/连字符变体,Letter Print
design_element,letter print,389793335,"Women's Summer New Letter Print Round Neck Short Sleeve T-Shirt, Casual Loose Versatile Top For Daily Wear",S$1.12,SAVE S$1.12,FALSE,2,TRUE,FALSE,短语边界匹配：标题连字符归一为空格，支持空格/连字符变体,Letter Print
design_element,letter print,390072199,"Women's Summer Vacation Ocean Creature & Letter Print Round Neck T-Shirt, Pattern T-Shirt Women White/Black/Pink Casual",S$5.39,2.1k+ sold,TRUE,1,FALSE,FALSE,短语边界匹配：标题连字符归一为空格，支持空格/连字符变体,Letter Print
design_element,letter print,398046227,"Women's Summer New Letter Print Round Neck Short Sleeve T-Shirt, Casual Loose Versatile Top For Daily Wear",S$4.36,371 sold,TRUE,2,TRUE,TRUE,短语边界匹配：标题连字符归一为空格，支持空格/连字符变体,Letter Print
design_element,letter print,410154236,"Women's Summer New Round Neck Short Sleeve T-Shirt, Cartoon Letter Print, Casual Loose Versatile Top, Fashionable Daily Wear White",S$0.50,SAVE S$0.50,FALSE,1,FALSE,FALSE,短语边界匹配：标题连字符归一为空格，支持空格/连字符变体,Letter Print
design_element,letter print,411683263,"Women's Summer New Car Pattern Letter Print Round Neck Short Sleeve T-Shirt, Casual Loose Versatile Top, Fashionable Daily Wear Pink",S$0.50,SAVE S$0.50,FALSE,1,FALSE,FALSE,短语边界匹配：标题连字符归一为空格，支持空格/连字符变体,Letter Print
design_element,letter print,414858498,"Women's Loose Round Neck Tee With Letter Print. Casual Holiday Style, Comfy For Daily And Vacation Wear.",S$0.85,SAVE S$0.85,FALSE,2,TRUE,FALSE,短语边界匹配：标题连字符归一为空格，支持空格/连字符变体,Letter Print
design_element,letter print,426216640,"Women's Summer Fashion Letter Print Loose Casual T-Shirt, Versatile Daily Casual Wear Black",S$2.93,341 sold,TRUE,1,FALSE,FALSE,短语边界匹配：标题连字符归一为空格，支持空格/连字符变体,Letter Print
design_element,letter print,426220559,"Women's Summer Fashion Letter Print Loose Casual T-Shirt, Versatile Daily Casual Wear, Vacation Outfit White",S$1.50,SAVE S$1.50,FALSE,1,FALSE,FALSE,短语边界匹配：标题连字符归一为空格，支持空格/连字符变体,Letter Print
design_element,letter print,426222457,"1pc Women's Summer Round Neck Short Sleeve T-Shirt, Blue With English Letter Print, Casual Loose Fit, Comfortable For Summer Wear, Suitable For Beach, Street, Daily Activities, Work, Office, Parties And Other Occasions",S$1.27,SAVE S$1.27,FALSE,2,TRUE,FALSE,短语边界匹配：标题连字符归一为空格，支持空格/连字符变体,Letter Print
design_element,letter print,426948055,"Women's Summer New Letter Print Round Neck Short Sleeve T-Shirt, Casual Loose Versatile Top For Daily Wear",S$0.40,SAVE S$0.40,FALSE,1,FALSE,FALSE,短语边界匹配：标题连字符归一为空格，支持空格/连字符变体,Letter Print
design_element,letter print,426995667,"Women's Summer New Letter Print Round Neck Short Sleeve T-Shirt, Casual Loose Versatile Top For Daily Wear",S$0.60,SAVE S$0.60,FALSE,1,FALSE,FALSE,短语边界匹配：标题连字符归一为空格，支持空格/连字符变体,Letter Print
design_element,letter print,427390013,"1pc Women's Summer Round Neck Short Sleeve T-Shirt, Blue With English Letter Print, Casual Loose Fit, Comfortable For Summer Wear, Suitable For Beach, Street, Daily Activities, Work, Office, Parties And More",S$1.20,SAVE S$1.20,FALSE,1,FALSE,FALSE,短语边界匹配：标题连字符归一为空格，支持空格/连字符变体,Letter Print
design_element,letter print,428895189,EMERY ROSE Vacation Casual Starfish & Letter Print T-Shirt,S$7.99,13.2k+ sold,TRUE,1,FALSE,FALSE,短语边界匹配：标题连字符归一为空格，支持空格/连字符变体,Letter Print
design_element,letter print,430722334,"Women's Round Neck Short Sleeve T-Shirt, Summer New Letter Print, Fashion Casual Versatile Loose Top",S$6.49,3.9k+ sold,TRUE,1,FALSE,FALSE,短语边界匹配：标题连字符归一为空格，支持空格/连字符变体,Letter Print
design_element,letter print,431150743,"Retro American Style Round Neck Short Sleeve T-Shirt For Women, Loose Fit Slimming Heart Dice Letter Print Casual Versatile Top For Summer White",S$4.79,135 sold,TRUE,1,FALSE,FALSE,短语边界匹配：标题连字符归一为空格，支持空格/连字符变体,Letter Print
design_element,letter print,432425159,"Women's New Casual Cute Pattern Loose Fit Round Neck Short Sleeve T-Shirt, Fashionable Daily & Holiday Wear. Suitable For Holidays, Back To School, Teacher's Day, Etc. Letter Print Soft, Loose & Comfortable High-End Casual Street Style Relaxed Fit Short Sleeve Top Pink Summer",S$0.82,SAVE S$0.82,FALSE,2,TRUE,FALSE,短语边界匹配：标题连字符归一为空格，支持空格/连字符变体,Letter Print
design_element,letter print,436152829,"Women's Summer Turtle, Floral & Letter Print Casual Loose Round Neck Beach Vacation T-Shirt",S$4.49,768 sold,TRUE,1,FALSE,FALSE,短语边界匹配：标题连字符归一为空格，支持空格/连字符变体,Letter Print
design_element,letter print,436424478,"Women's Round Neck Short Sleeve T-Shirt, New Summer Cherry Blossom Pattern And Letter Print, Casual Loose Versatile Top, Fashionable Daily Wear White",S$7.67,167 sold,TRUE,1,FALSE,FALSE,短语边界匹配：标题连字符归一为空格，支持空格/连字符变体,Letter Print
design_element,letter print,446442445,"Women's Round Neck Short Sleeve T-Shirt, New Summer Cherry Blossom & Letter Print, Casual Loose Versatile Top, Fashionable Daily Wear White",S$0.75,SAVE S$0.75,FALSE,1,FALSE,FALSE,短语边界匹配：标题连字符归一为空格，支持空格/连字符变体,Letter Print
design_element,letter print,446728662,"Women's Sweet Cherry Pie Letter Print Short Sleeve T-Shirt, Round Neck Front & Back Double Print, Casual Sweet & Cool Street Style Top White Summer",S$0.75,SAVE S$0.75,FALSE,1,FALSE,FALSE,短语边界匹配：标题连字符归一为空格，支持空格/连字符变体,Letter Print
design_element,letter print,446819389,"Women's Loose Fit Round Neck Short Sleeve T-Shirt, American Vintage Western Style Letter Print, Casual Versatile Top For Summer White",S$3.99,693 sold,TRUE,2,TRUE,TRUE,短语边界匹配：标题连字符归一为空格，支持空格/连字符变体,Letter Print
design_element,letter print,447744667,Women's Round Neck Letter Print Casual Versatile Daily Wear Short Sleeve T-Shirt Summer,S$1.33,Save S$1.33,FALSE,1,FALSE,FALSE,短语边界匹配：标题连字符归一为空格，支持空格/连字符变体,Letter Print
design_element,letter print,449920846,"Es Trus Women's Summer Funny Graphic Tee, Streetwear Cartoon Portrait Letter Print, Comfortable Retro Basic Casual Commute Multipurpose Y2K Style Top, Regular Niche Punk Slim Fit Black Round Neck Short Sleeve Washed T-Shirt",S$4.49,High Repeat Customers,FALSE,2,TRUE,FALSE,短语边界匹配：标题连字符归一为空格，支持空格/连字符变体,Letter Print
design_element,letter print,450192486,"Women's Round Neck Short Sleeve T-Shirt, New Summer Bow, Cherry Pattern And Letter Print Fashion Slim Fit Cropped Top White",S$3.93,53 sold,TRUE,1,FALSE,FALSE,短语边界匹配：标题连字符归一为空格，支持空格/连字符变体,Letter Print
design_element,letter print,452928735,American Retro Los Angeles Print Off-Shoulder T-Shirt Women Navy Blue Side Drawstring Slim Fit Flattering Hot Girl Top Korean Sweet Spicy Style Off-Shoulder Exposed Shoulder Short Sleeve Forest Cabin Letter Print Side Drawstring Waist Commuter Top,S$6.22,134 sold,TRUE,1,FALSE,FALSE,短语边界匹配：标题连字符归一为空格，支持空格/连字符变体,Letter Print
design_element,letter print,454003553,"Women's Summer New Letter Print Round Neck Short Sleeve T-Shirt, Casual Loose Versatile Top For Daily Wear Pink",S$0.40,SAVE S$0.40,FALSE,1,FALSE,FALSE,短语边界匹配：标题连字符归一为空格，支持空格/连字符变体,Letter Print
design_element,letter print,454414083,"Women's Summer New Letter Print Round Neck Short Sleeve T-Shirt, Casual Loose Versatile Top For Daily Wear",S$0.40,SAVE S$0.40,FALSE,1,FALSE,FALSE,短语边界匹配：标题连字符归一为空格，支持空格/连字符变体,Letter Print
design_element,letter print,454464776,"Street Style Skateboard & Letter Print Loose Fit Round Neck Short Sleeve T-Shirt, Casual Graffiti Pattern Summer Streetwear Pink",S$5.00,62 sold,TRUE,2,TRUE,TRUE,短语边界匹配：标题连字符归一为空格，支持空格/连字符变体,Letter Print
design_element,letter print,455122380,TOM AND JERRY X DAZY Women's Letter Print 2 In 1 Short Sleeve T-Shirt And Skort Casual 2-Piece Set Summer,S$24.17,,FALSE,1,FALSE,FALSE,短语边界匹配：标题连字符归一为空格，支持空格/连字符变体,Letter Print
design_element,letter print,457740284,"Women's Summer New Letter Print Casual Vacation Loose Versatile Round Neck Beige Short Sleeve T-Shirt, Fashionable Everyday Top, Suitable For Daily Wear",S$0.78,SAVE S$0.78,FALSE,2,TRUE,FALSE,短语边界匹配：标题连字符归一为空格，支持空格/连字符变体,Letter Print
design_element,letter print,461195890,"Women's Round Neck Short Sleeve T-Shirt, New Summer Fashion Letter Print Slim Fit Cropped Top, Everyday Wear Casual Black",S$3.93,101 sold,TRUE,1,FALSE,FALSE,短语边界匹配：标题连字符归一为空格，支持空格/连字符变体,Letter Print
design_element,letter print,465320682,"Coolane Women's Summer Casual Street Wear Y2k City Break Navy Blue Letter Print Raglan Sleeve Cropped T-Shirt,Vintage Sportswear Loose Cotton Knit Top",S$8.99,1.1k+ sold,TRUE,1,FALSE,FALSE,短语边界匹配：标题连字符归一为空格，支持空格/连字符变体,Letter Print
design_element,letter print,466749378,"Grey Crew Neck Short Sleeve T-Shirt For Women, Summer New Vintage American Style New York Letter Print Slim Fit Cropped Casual Top",S$3.85,,FALSE,1,FALSE,FALSE,短语边界匹配：标题连字符归一为空格，支持空格/连字符变体,Letter Print
design_element,low waist,53269261,StreetHx Women's Casual Solid Color Black Low Waist Straight Leg Pants Fall Cloth For Women,S$17.99,519 sold,TRUE,1,FALSE,FALSE,短语边界匹配：标题连字符归一为空格，支持空格/连字符变体,Low Waist
design_element,low waist,166005305,"Glamine Vintage Low-Waist Wide Leg Pants, Draped Casual Women's Trousers Brown Pants Brown Wide Leg Pants Wide Pants Skirt Pants",S$21.99,2.9k+ sold,TRUE,1,FALSE,FALSE,短语边界匹配：标题连字符归一为空格，支持空格/连字符变体,Low-Waist
design_element,low waist,244141413,"Aloruh Dark Grey Young Lady Mini Skirt With Rivets, Super Low Waist, New Autumn/Winter Design",S$14.49,NEW,FALSE,1,FALSE,FALSE,短语边界匹配：标题连字符归一为空格，支持空格/连字符变体,Low Waist
design_element,low waist,352082325,"Elamini Women's Vintage Textured Relaxed Fit Low Waist Casual Pants, Slimming Solid Color Straight Leg Trousers, Versatile For Spring",S$12.99,45.6k+ sold,TRUE,2,TRUE,TRUE,短语边界匹配：标题连字符归一为空格，支持空格/连字符变体,Low Waist
design_element,low waist,460898712,"SHEIN PETITE Women's Low-Waist Casual Retro Satin Versatile Solid Color Long Skirt, Jacquard Fabric, Suitable For Spring And Summer",S$17.49,NEW,FALSE,1,FALSE,FALSE,短语边界匹配：标题连字符归一为空格，支持空格/连字符变体,Low-Waist
design_element,low waist,469682055,"Elamini Summer Super Low-Waist Polka Dot Print Knit Wide-Leg Pants, Versatile Minimalist Casual Long Trousers, Suitable For Home, Campus Style, Vacation",S$16.49,9.5k+ sold,TRUE,1,FALSE,FALSE,短语边界匹配：标题连字符归一为空格，支持空格/连字符变体,Low-Waist
design_element,low waist,482095758,"SHEIN Tall Women's Vintage Textured Relaxed Fit Low Waist Casual Pants, Slimming Solid Color Straight Leg Trousers For Summer",S$15.49,NEW,FALSE,1,FALSE,FALSE,短语边界匹配：标题连字符归一为空格，支持空格/连字符变体,Low Waist
design_element,mock neck,16496275,BamGleam Mock Neck Ruched Tank Top,S$7.67,18.2k+ sold,TRUE,1,FALSE,FALSE,短语边界匹配：标题连字符归一为空格，支持空格/连字符变体,Mock Neck
design_element,mock neck,37377145,Sweetra 3pcs Solid Mock Neck Tank Top For Summer,S$12.49,42.6k+ sold,TRUE,1,FALSE,FALSE,短语边界匹配：标题连字符归一为空格，支持空格/连字符变体,Mock Neck
design_element,mock neck,187076742,Sweetra Women's Solid Color Y2K Sexy Mock Neck Ruched Long Sleeve T-Shirt,S$14.99,19.9k+ sold,TRUE,1,FALSE,FALSE,短语边界匹配：标题连字符归一为空格，支持空格/连字符变体,Mock Neck
design_element,off shoulder,47885106,"DAZY Women's Solid Color Off Shoulder Fitted Black Short Sleeve T-Shirt, Spring/Summer",S$7.49,12.7k+ sold,TRUE,1,FALSE,FALSE,短语边界匹配：标题连字符归一为空格，支持空格/连字符变体,Off Shoulder
design_element,off shoulder,57042237,"Sweetra Women's Off Shoulder Strapless Tube Top, Fitted Casual Solid Color Shirred Blouse",S$13.99,1.5k+ sold,TRUE,1,FALSE,FALSE,短语边界匹配：标题连字符归一为空格，支持空格/连字符变体,Off Shoulder
design_element,off shoulder,389876027,"SHEIN Fashionable Minimalist Off-Shoulder Long Sleeve T-Shirt, Gift For Friends",S$6.99,19.1k+ sold,TRUE,1,FALSE,FALSE,短语边界匹配：标题连字符归一为空格，支持空格/连字符变体,Off-Shoulder
design_element,off shoulder,413037448,"Women's Off-Shoulder Short Sleeve Top, Regular Length, Polyester High Stretch Fabric, White Summer Blouse Suitable For Office & Casual Wear",S$5.90,5.8k+ sold,TRUE,2,TRUE,TRUE,短语边界匹配：标题连字符归一为空格，支持空格/连字符变体,Off-Shoulder
design_element,off shoulder,415733829,"SHEIN Striped Digital Print Fashionable Minimalist Women's Off Shoulder Long Sleeve T-Shirt, Gift For Friends",S$6.99,19.1k+ sold,TRUE,1,FALSE,FALSE,短语边界匹配：标题连字符归一为空格，支持空格/连字符变体,Off Shoulder
design_element,off shoulder,420937384,Sunnyshic Women's Textured Striped Off Shoulder Asymmetric Design Slimming Waist Sexy Asymmetrical Shoulder Sweet Vacation Style T-Shirt,S$7.49,25.2k+ sold,TRUE,2,TRUE,TRUE,短语边界匹配：标题连字符归一为空格，支持空格/连字符变体,Off Shoulder
design_element,off shoulder,428221805,"Women's Loose Off-Shoulder Batwing Short Sleeve T-Shirt, With Sea Turtle & English Print White",S$5.49,3.4k+ sold,TRUE,1,FALSE,FALSE,短语边界匹配：标题连字符归一为空格，支持空格/连字符变体,Off-Shoulder
design_element,off shoulder,438723021,"EMERY ROSE Fashionable Minimalist Off Shoulder T-Shirt, Gift For Friends",S$0.90,SAVE S$0.90,FALSE,1,FALSE,FALSE,短语边界匹配：标题连字符归一为空格，支持空格/连字符变体,Off Shoulder
design_element,off shoulder,446621510,"Women's Open Shoulder T-Shirt, Fashion Versatile Loose Solid Color Off Shoulder Short Sleeve Top, Minimalist Yet Stylish For Casual Summer Wear",S$3.29,SAVE S$3.29,FALSE,1,FALSE,FALSE,短语边界匹配：标题连字符归一为空格，支持空格/连字符变体,Off Shoulder
design_element,off shoulder,452928735,American Retro Los Angeles Print Off-Shoulder T-Shirt Women Navy Blue Side Drawstring Slim Fit Flattering Hot Girl Top Korean Sweet Spicy Style Off-Shoulder Exposed Shoulder Short Sleeve Forest Cabin Letter Print Side Drawstring Waist Commuter Top,S$6.22,134 sold,TRUE,1,FALSE,FALSE,短语边界匹配：标题连字符归一为空格，支持空格/连字符变体,Off-Shoulder
design_element,pleated,11587146,"DAZY Fold Pleated Slant Pocket Pants,Women Dress Pants,Teacher Pants Fall",S$20.99,13.2k+ sold,TRUE,1,FALSE,FALSE,短语边界匹配：标题连字符归一为空格，支持空格/连字符变体,Pleated
design_element,pleated,14461491,DAZY Women's Solid Color Pleated Straight Leg Casual Business Pants Women Dress Pants Fall,S$20.99,24.5k+ sold,TRUE,1,FALSE,FALSE,短语边界匹配：标题连字符归一为空格，支持空格/连字符变体,Pleated
design_element,pleated,17952467,"DAZY Women's Solid Color Pleated Straight Leg Business Casual Pants,Women Dress Pants",S$20.49,4.9k+ sold,TRUE,1,FALSE,FALSE,短语边界匹配：标题连字符归一为空格，支持空格/连字符变体,Pleated
design_element,pleated,18813630,SHEIN EZwear Spring Solid Pleated Detail Casual Wide Leg Pants,S$18.49,28.8k+ sold,TRUE,2,TRUE,TRUE,短语边界匹配：标题连字符归一为空格，支持空格/连字符变体,Pleated
design_element,pleated,31148526,DAZY Women's Solid Color Pleated Wide Leg Loose Casual Office Commute Pants,S$2.73,SAVE S$2.73,FALSE,1,FALSE,FALSE,短语边界匹配：标题连字符归一为空格，支持空格/连字符变体,Pleated
design_element,pleated,32576666,"Poéselle Summer High-Waisted Pants Multi-Piece Set, Black + Khaki Wide Leg Pants High Waist Fold Pleated Wide Leg Pants, Black Pants, Loose Fit, Long Pants",S$29.49,6.3k+ sold,TRUE,2,TRUE,TRUE,短语边界匹配：标题连字符归一为空格，支持空格/连字符变体,Pleated
design_element,pleated,33424508,SHEIN Unity Women Summer Solid Color Square Neck Pleated Slim Fit Tank Top,S$5.99,49.6k+ sold,TRUE,1,FALSE,FALSE,短语边界匹配：标题连字符归一为空格，支持空格/连字符变体,Pleated
design_element,pleated,34200043,"Dazy Designer Grey Women's High Waist Wide Leg Pleated Loose Casual Commute Pants,Women Dress Pants",S$2.53,SAVE S$2.53,FALSE,1,FALSE,FALSE,短语边界匹配：标题连字符归一为空格，支持空格/连字符变体,Pleated
design_element,pleated,35601359,Sweetra Women's Shortened Square Neckline Pleated Casual Tank Top For Summer Graphic Tees Women Tops,S$2.16,SAVE S$2.16,FALSE,1,FALSE,FALSE,短语边界匹配：标题连字符归一为空格，支持空格/连字符变体,Pleated
design_element,pleated,36389888,INAWLY Solva Women's Summer Solid Color Round Neck Short Sleeve Pleated Casual T-Shirt,S$10.49,3.4k+ sold,TRUE,1,FALSE,FALSE,短语边界匹配：标题连字符归一为空格，支持空格/连字符变体,Pleated
design_element,pleated,38202551,Anewsta Women's Solid Color Pleated Maillard Straight High-Waist Trousers,S$4.20,SAVE S$4.20,FALSE,1,FALSE,FALSE,短语边界匹配：标题连字符归一为空格，支持空格/连字符变体,Pleated
design_element,pleated,39457186,Flirla Women's Solid Color Pleated Casual Suit Wide-Leg Pants,S$19.99,3.1k+ sold,TRUE,1,FALSE,FALSE,短语边界匹配：标题连字符归一为空格，支持空格/连字符变体,Pleated
design_element,pleated,40968686,"Sweetra Simple Solid Color Wide Strap Pleated Casual Top, Built-In Bra",S$8.99,21.4k+ sold,TRUE,1,FALSE,FALSE,短语边界匹配：标题连字符归一为空格，支持空格/连字符变体,Pleated
design_element,pleated,42587651,"DAZY Women's Pleated Solid Color Lapel Loose Shirt, Black, Spring/Autumn,Fall Women Clothes Long Sleeve Top",S$14.49,23.3k+ sold,TRUE,1,FALSE,FALSE,短语边界匹配：标题连字符归一为空格，支持空格/连字符变体,Pleated
design_element,pleated,43187429,"Sweetra 1pc Versatile Padded Pleated Camisole Top, Solid Color, Built-In Bra",S$7.49,9.1k+ sold,TRUE,1,FALSE,FALSE,短语边界匹配：标题连字符归一为空格，支持空格/连字符变体,Pleated
design_element,pleated,46582346,"Poéselle Summer High-Waisted Pants Multi-Piece Set, Wide Leg Pants High Waist Fold Pleated Wide Leg Pants, Loose Fit, Long Pants",S$27.99,1.3k+ sold,TRUE,1,FALSE,FALSE,短语边界匹配：标题连字符归一为空格，支持空格/连字符变体,Pleated
design_element,pleated,47131565,"Sweetra Women's Retro Elegant Jacquard Crimp Pleated Wide-Leg Pants, Autumn/Winter Fall Cloth For Women",S$16.49,51.5k+ sold,TRUE,1,FALSE,FALSE,短语边界匹配：标题连字符归一为空格，支持空格/连字符变体,Pleated
design_element,pleated,49943528,"Sweetra Vintage Elegant Jacquard Pleated Wide-Leg Pants For Women, Autumn/Winter Fall Cloth For Women",S$15.19,21.4k+ sold,TRUE,1,FALSE,FALSE,短语边界匹配：标题连字符归一为空格，支持空格/连字符变体,Pleated
design_element,pleated,49987632,"Sweetra Vintage Elegant Jacquard Weave Pleated Wide Leg Women's Pants, Autumn/Winter Fall Cloth For Women",S$16.49,51.5k+ sold,TRUE,1,FALSE,FALSE,短语边界匹配：标题连字符归一为空格，支持空格/连字符变体,Pleated
design_element,pleated,52503135,"Sweetra Women Vintage Elegant Jacquard Crinkle Pleated Wide Leg Pants,Autumn/Winter Fall Cloth For Women",S$16.49,51.5k+ sold,TRUE,1,FALSE,FALSE,短语边界匹配：标题连字符归一为空格，支持空格/连字符变体,Pleated
design_element,pleated,52915517,"Sweetra Vintage Elegant Jacquard Pleated Wide-Leg Women Pants, Autumn/Winter Fall Cloth For Women",S$16.49,51.5k+ sold,TRUE,1,FALSE,FALSE,短语边界匹配：标题连字符归一为空格，支持空格/连字符变体,Pleated
design_element,pleated,53197373,"SHEIN Essnce 3pcs Pleated Sleeveless Tops, Women's Flat Collar Sleeveless Casual Tank Tops Great Value 3 Packs, Summer",S$1.82,SAVE S$1.82,FALSE,1,FALSE,FALSE,短语边界匹配：标题连字符归一为空格，支持空格/连字符变体,Pleated
design_element,pleated,54389604,"DAZY Women's Loose Pleated Solid Color Casual Sports Pants, Spring Fall Sweatpants",S$2.28,SAVE S$2.28,FALSE,1,FALSE,FALSE,短语边界匹配：标题连字符归一为空格，支持空格/连字符变体,Pleated
design_element,pleated,56220894,Sweetra Autumn And Winter Retro Elegant Yarn-Dyed Twill Pleated Wide-Leg Women's Trousers Fall Cloth For Women,S$16.49,51.5k+ sold,TRUE,1,FALSE,FALSE,短语边界匹配：标题连字符归一为空格，支持空格/连字符变体,Pleated
design_element,pleated,58934173,"Sweetra Women's Vintage Elegant Textured Pleated Wide Leg Pants, Autumn/Winter Fall Cloth For Women",S$16.49,51.5k+ sold,TRUE,1,FALSE,FALSE,短语边界匹配：标题连字符归一为空格，支持空格/连字符变体,Pleated
design_element,pleated,59288276,SHEIN PETITE White Women's Shirt Waist Cinch Pleated Short Sleeve Shirt,S$12.99,6.3k+ sold,TRUE,2,TRUE,TRUE,短语边界匹配：标题连字符归一为空格，支持空格/连字符变体,Pleated
design_element,pleated,60639733,Franclia Women's Plain Collar Short Sleeve Casual Pleated T-Shirt,S$7.99,6.1k+ sold,TRUE,1,FALSE,FALSE,短语边界匹配：标题连字符归一为空格，支持空格/连字符变体,Pleated
design_element,pleated,65829215,Resyla Women Solid Color Round Neck Short Sleeve Pleated Casual Versatile T-Shirt,S$14.49,3.1k+ sold,TRUE,1,FALSE,FALSE,短语边界匹配：标题连字符归一为空格，支持空格/连字符变体,Pleated
design_element,pleated,66023862,"Pariaura 1pc Women's Solid Color Pleated Wide Leg Loose Pants, Suitable For Commuting & Casual Wear Fall Cloth For Women",S$9.49,525 sold,TRUE,1,FALSE,FALSE,短语边界匹配：标题连字符归一为空格，支持空格/连字符变体,Pleated
design_element,pleated,72336010,"INAWLY Simple Solid Color Pleated Loose Straight Leg Pants, Suitable For Daily Wear Fall Cloth For Women",S$1.08,SAVE S$1.08,FALSE,1,FALSE,FALSE,短语边界匹配：标题连字符归一为空格，支持空格/连字符变体,Pleated
design_element,pleated,72775778,"Sweetra Women's Vintage Elegant Jacquard Pleated Wide Leg Pants, Autumn/Winter Fall Cloth For Women",S$16.49,51.5k+ sold,TRUE,1,FALSE,FALSE,短语边界匹配：标题连字符归一为空格，支持空格/连字符变体,Pleated
design_element,pleated,73347029,"Sweetra Women's Retro Elegant Jacquard Pleated Wide Leg Pants, Autumn/Winter Fall Cloth For Women",S$15.99,51.5k+ sold,TRUE,1,FALSE,FALSE,短语边界匹配：标题连字符归一为空格，支持空格/连字符变体,Pleated
design_element,pleated,73740419,Sweetra Y2K Sexy Sling Lace Trim Pleated Ruched Clothes Set,S$16.99,10.7k+ sold,TRUE,1,FALSE,FALSE,短语边界匹配：标题连字符归一为空格，支持空格/连字符变体,Pleated
design_element,pleated,73865387,"Sweetra Women's Retro Elegant Jacquard Pleated Wide Leg Pants, Autumn/Winter Fall Cloth For Women",S$15.49,51.5k+ sold,TRUE,1,FALSE,FALSE,短语边界匹配：标题连字符归一为空格，支持空格/连字符变体,Pleated
design_element,pleated,73895640,"Sweetra Women's Vintage Elegant Jacquard Pleated Wide-Leg Pants, Autumn/Winter Fall Cloth For Women",S$16.49,51.5k+ sold,TRUE,1,FALSE,FALSE,短语边界匹配：标题连字符归一为空格，支持空格/连字符变体,Pleated
design_element,pleated,74403544,"Sweetra Women's Vintage Elegant Color Woven Jacquard Pleated Wide Leg Pants, For Autumn/Winter Fall Cloth For Women",S$16.49,51.5k+ sold,TRUE,2,TRUE,TRUE,短语边界匹配：标题连字符归一为空格，支持空格/连字符变体,Pleated
design_element,pleated,88698711,"Sweetra Women Casual Pleated Scoop Neck Tank Top, Summer",S$14.99,11.8k+ sold,TRUE,1,FALSE,FALSE,短语边界匹配：标题连字符归一为空格，支持空格/连字符变体,Pleated
design_element,pleated,90399529,"Sweetra Retro Elegant Jacquard Pleated Wide Leg Women Pants, Autumn/Winter Fall Cloth For Women",S$16.49,51.5k+ sold,TRUE,1,FALSE,FALSE,短语边界匹配：标题连字符归一为空格，支持空格/连字符变体,Pleated
design_element,pleated,96098447,"Sweetra Women Casual Square Neck Pleated Camisole, Summer",S$16.49,9.6k+ sold,TRUE,1,FALSE,FALSE,短语边界匹配：标题连字符归一为空格，支持空格/连字符变体,Pleated
design_element,pleated,96098634,"Sweetra Women Casual Cropped Square Neck Pleated Tank Top, Summer",S$15.49,9.6k+ sold,TRUE,1,FALSE,FALSE,短语边界匹配：标题连字符归一为空格，支持空格/连字符变体,Pleated
design_element,pleated,98537085,"Sweetra Women Casual Pleated Square Neck Camisole, Summer",S$13.29,17.5k+ sold,TRUE,1,FALSE,FALSE,短语边界匹配：标题连字符归一为空格，支持空格/连字符变体,Pleated
design_element,pleated,112059732,Women's Spring/Summer High-Waisted Draped Pleated Tailored Daily Commute Suitable For Workplace And Casual White Suit Trousers,S$15.65,50.7k+ sold,TRUE,1,FALSE,FALSE,短语边界匹配：标题连字符归一为空格，支持空格/连字符变体,Pleated
design_element,pleated,125304291,Sweetra 3pcs Women's Summer Casual Basic Solid Color Square Neck Pleated Fitted Tank Tops,S$17.99,28.6k+ sold,TRUE,1,FALSE,FALSE,短语边界匹配：标题连字符归一为空格，支持空格/连字符变体,Pleated
design_element,pleated,125996539,ZIRRA Casual Chic Women's Black Pleated High Waisted Wide Leg Pants Flowy Office Trousers For Everyday Wear,S$16.49,4k+ sold,TRUE,1,FALSE,FALSE,短语边界匹配：标题连字符归一为空格，支持空格/连字符变体,Pleated
design_element,pleated,145930970,Sweetra Women's Solid Color Square Neck Pleated Fitted Casual Tank Top,S$17.99,28.6k+ sold,TRUE,1,FALSE,FALSE,短语边界匹配：标题连字符归一为空格，支持空格/连字符变体,Pleated
design_element,pleated,149300545,"INAWLY Women's Casual Versatile Pleated Waist Fitted Cowgirl Embroidered Short Sleeve T-Shirt, Suitable For Summer",S$0.60,SAVE S$0.60,FALSE,2,TRUE,FALSE,短语边界匹配：标题连字符归一为空格，支持空格/连字符变体,Pleated
design_element,pleated,157210594,"Sweetra Women's Casual Pleated Scoop Neck Tank Top, Summer",S$16.49,2.1k+ sold,TRUE,2,TRUE,TRUE,短语边界匹配：标题连字符归一为空格，支持空格/连字符变体,Pleated
design_element,pleated,161924556,"Women's Spring/Summer High-Waisted Draped Pleated Tailored Black Suit Trousers, Suitable For Daily Commute, Office And Casual Wear",S$15.65,50.7k+ sold,TRUE,1,FALSE,FALSE,短语边界匹配：标题连字符归一为空格，支持空格/连字符变体,Pleated
design_element,pleated,169595595,Women's Spring/Summer High-Waisted Draped Pleated Crisp Cut Daily Commute Suitable For Workplace And Casual Beige Suit Pants,S$15.65,50.7k+ sold,TRUE,1,FALSE,FALSE,短语边界匹配：标题连字符归一为空格，支持空格/连字符变体,Pleated
design_element,pleated,169607025,"Women's Spring/Summer High-Waisted Draped Pleated Tailored Straight-Leg Navy Blue Suit Trousers, Suitable For Daily Commute, Work And Casual Wear",S$15.83,50.7k+ sold,TRUE,1,FALSE,FALSE,短语边界匹配：标题连字符归一为空格，支持空格/连字符变体,Pleated
design_element,pleated,170291268,"Women's Spring/Summer High-Waisted Draped Pleated Tailored Suit Trousers, Coffee Color, Suitable For Daily Commute, Workplace And Casual Wear",S$15.65,50.7k+ sold,TRUE,1,FALSE,FALSE,短语边界匹配：标题连字符归一为空格，支持空格/连字符变体,Pleated
design_element,pleated,170681277,SHEIN Unity Women's Solid Color Square Neck Pleated Cropped Fitted Casual Versatile Tank Top,S$5.99,49.6k+ sold,TRUE,1,FALSE,FALSE,短语边界匹配：标题连字符归一为空格，支持空格/连字符变体,Pleated
design_element,pleated,176199378,"Sweetra 1 Set Solid Color Single-Breasted Vest, Pleated Wide-Leg Pants Suit",S$26.12,7.4k+ sold,TRUE,1,FALSE,FALSE,短语边界匹配：标题连字符归一为空格，支持空格/连字符变体,Pleated
design_element,pleated,208781627,Sweetra Women's Solid Color Square Neck Pleated Casual Camisole,S$1.08,SAVE S$1.08,FALSE,1,FALSE,FALSE,短语边界匹配：标题连字符归一为空格，支持空格/连字符变体,Pleated
design_element,pleated,208801966,Sweetra Women's Solid Color Square Neck Pleated Casual Versatile Tank Top,S$16.99,28.6k+ sold,TRUE,1,FALSE,FALSE,短语边界匹配：标题连字符归一为空格，支持空格/连字符变体,Pleated
design_element,pleated,216039028,Women's Solid Color Fashion Pleated Straight Leg Casual Pants,S$2.53,SAVE S$2.53,FALSE,1,FALSE,FALSE,短语边界匹配：标题连字符归一为空格，支持空格/连字符变体,Pleated
design_element,pleated,223438315,"Radiana Women's Minimalist High Waisted Wide Leg Pants,Black Business Casual Office Autumn Commuter Trousers,Oversized Pleated Brown Suit Pants Fall Clothes",S$21.49,11.6k+ sold,TRUE,2,TRUE,TRUE,短语边界匹配：标题连字符归一为空格，支持空格/连字符变体,Pleated
design_element,pleated,238602557,"Sweetra Women's Vintage Elegant Jacquard Pleated Wide Leg Pants, Autumn/Winter",S$15.19,21.4k+ sold,TRUE,1,FALSE,FALSE,短语边界匹配：标题连字符归一为空格，支持空格/连字符变体,Pleated
design_element,pleated,242735557,"Sweetra Women's Casual Pleated Scoop Neck Tank Top, Summer",S$15.67,11.8k+ sold,TRUE,1,FALSE,FALSE,短语边界匹配：标题连字符归一为空格，支持空格/连字符变体,Pleated
design_element,pleated,269281745,Resyla Women's Letter Print Pleated Round Neck Short Sleeve T-Shirt And Wide Leg Pants Casual 2-Piece Set,S$18.49,16.7k+ sold,TRUE,1,FALSE,FALSE,短语边界匹配：标题连字符归一为空格，支持空格/连字符变体,Pleated
design_element,pleated,288683299,"Sweetra Women's Vintage Elegant Jacquard Pleated Wide Leg Pants, Autumn/Winter",S$16.49,21.4k+ sold,TRUE,1,FALSE,FALSE,短语边界匹配：标题连字符归一为空格，支持空格/连字符变体,Pleated
design_element,pleated,292473539,"Sweetra Women's Casual Pleated Scoop Neck Tank Top, Summer",S$1.92,SAVE S$1.92,FALSE,1,FALSE,FALSE,短语边界匹配：标题连字符归一为空格，支持空格/连字符变体,Pleated
design_element,pleated,292474895,"Sweetra Women's Casual Pleated Square Neck Tank Top, Summer",S$16.49,11.8k+ sold,TRUE,1,FALSE,FALSE,短语边界匹配：标题连字符归一为空格，支持空格/连字符变体,Pleated
design_element,pleated,299444616,Resyla 2pcs Women Casual Pleated Short Sleeve Top & Pants Set,S$20.49,6.8k+ sold,TRUE,1,FALSE,FALSE,短语边界匹配：标题连字符归一为空格，支持空格/连字符变体,Pleated
design_element,pleated,306682682,"SHEIN MOD 3pcs/Set Women's Solid Color Pleated Off The Shoulder Top,Black,Summer,Seksi Chic,Club,Versatile Fashion Aesthetic Tops For Christmas,New Year,Prom",S$13.49,29.8k+ sold,TRUE,1,FALSE,FALSE,短语边界匹配：标题连字符归一为空格，支持空格/连字符变体,Pleated
design_element,pleated,307971017,"Sweetra Women's Vintage Elegant Jacquard Pleated Wide Leg Pants, Autumn/Winter",S$16.49,21.4k+ sold,TRUE,2,TRUE,TRUE,短语边界匹配：标题连字符归一为空格，支持空格/连字符变体,Pleated
design_element,pleated,318470690,"Sweetra Women's Vintage Elegant Jacquard Pleated Wide Leg Pants, Autumn/Winter",S$16.49,21.4k+ sold,TRUE,1,FALSE,FALSE,短语边界匹配：标题连字符归一为空格，支持空格/连字符变体,Pleated
design_element,pleated,358684622,"Sweetra Women's Vintage Elegant Jacquard Pleated Wide Leg Pants, Autumn/Winter",S$16.49,21.4k+ sold,TRUE,1,FALSE,FALSE,短语边界匹配：标题连字符归一为空格，支持空格/连字符变体,Pleated
design_element,pleated,376539936,DAZY Casual Business Pleated Design Loose Fit Pants With Belt Loops,S$2.66,SAVE S$2.66,FALSE,1,FALSE,FALSE,短语边界匹配：标题连字符归一为空格，支持空格/连字符变体,Pleated
design_element,pleated,378412456,"Sweetra Women's Vintage Elegant Jacquard Pleated Wide Leg Pants, Autumn/Winter",S$2.14,SAVE S$2.14,FALSE,1,FALSE,FALSE,短语边界匹配：标题连字符归一为空格，支持空格/连字符变体,Pleated
design_element,pleated,395830807,"SHEIN Tall Old Money High Waist Pleated Wide Leg Pants For Women,Black Winter Modest Business Casual Office Wear,Elegant Solid Loose Trousers Chic Tailored Work",S$22.49,7.7k+ sold,TRUE,1,FALSE,FALSE,短语边界匹配：标题连字符归一为空格，支持空格/连字符变体,Pleated
design_element,pleated,396118095,"Franclia Women Summer Casual Smart Office Wide Leg Pants,Black Winter Loose Pleated Trousers Pockets,Belted Waist Workwear Business Teacher Holiday Outfit",S$18.49,2.8k+ sold,TRUE,1,FALSE,FALSE,短语边界匹配：标题连字符归一为空格，支持空格/连字符变体,Pleated
design_element,pleated,396537849,Sweetra Women's Solid Color Square Neck Pleated Fitted Casual Tank Top 3 Pack Tops Tank Tops Women Women Vest Top,S$17.99,28.6k+ sold,TRUE,1,FALSE,FALSE,短语边界匹配：标题连字符归一为空格，支持空格/连字符变体,Pleated
design_element,pleated,404066066,"Soleia Women Square Neck Pleated Knit Tank Top,All Shades Of Brown,Summer,Casual,Everyday Boho Tropical Chic Beach Wedding Guest Attire Elegant Vacation",S$14.49,859 sold,TRUE,1,FALSE,FALSE,短语边界匹配：标题连字符归一为空格，支持空格/连字符变体,Pleated
design_element,pleated,417730925,DAZY Women's Solid Color Pleated Casual Versatile Commuting Pants,S$2.79,SAVE S$2.79,FALSE,1,FALSE,FALSE,短语边界匹配：标题连字符归一为空格，支持空格/连字符变体,Pleated
design_element,pleated,418241324,"Siren Gaze Women's Striped Pleated Casual Versatile Tank Top,Summer Top",S$7.49,10.9k+ sold,TRUE,1,FALSE,FALSE,短语边界匹配：标题连字符归一为空格，支持空格/连字符变体,Pleated
design_element,pleated,418740661,"Franclia Women Blue White Stripe Button Pleated Cross V-Neck Shirt,Summer Effortless Chic Blouse,Back-To-School School Outfit,Spring Casual Pinterest Outfits",S$11.99,11.4k+ sold,TRUE,1,FALSE,FALSE,短语边界匹配：标题连字符归一为空格，支持空格/连字符变体,Pleated
design_element,pleated,428266092,Elenzga Women's Elegant Summer Tea Party Apricot Commuter Casual Blue Pleated Adjustable Waist Bow Tie Blouse + High Waist Pocket Design Wide Leg Pants Set,S$2.40,SAVE S$2.40,FALSE,1,FALSE,FALSE,短语边界匹配：标题连字符归一为空格，支持空格/连字符变体,Pleated
design_element,pleated,429540422,"Siren Gaze Women's Navy Blue And White Striped Asymmetric Shoulder Pleated Blouse,Summer Casual Elegant Office Top,Old Money Style Work Wear Wedding Guest Outfit",S$6.99,4.3k+ sold,TRUE,1,FALSE,FALSE,短语边界匹配：标题连字符归一为空格，支持空格/连字符变体,Pleated
design_element,pleated,431642974,"Sweetra Women's Casual Pleated Square Neck Camisole, Summer",S$2.32,SAVE S$2.32,FALSE,1,FALSE,FALSE,短语边界匹配：标题连字符归一为空格，支持空格/连字符变体,Pleated
design_element,pleated,431647020,"Sweetra Women's Casual Pleated Scoop Neck Tank Top, Summer",S$1.86,SAVE S$1.86,FALSE,1,FALSE,FALSE,短语边界匹配：标题连字符归一为空格，支持空格/连字符变体,Pleated
design_element,pleated,431685663,"Sweetra Women's Casual Pleated Square Neck Camisole, Summer",S$15.49,11.8k+ sold,TRUE,1,FALSE,FALSE,短语边界匹配：标题连字符归一为空格，支持空格/连字符变体,Pleated
design_element,pleated,433902724,Resyla Women's Solid Color Pleated Casual Versatile Daily Wear Short Sleeve T-Shirt,S$6.99,29.1k+ sold,TRUE,1,FALSE,FALSE,短语边界匹配：标题连字符归一为空格，支持空格/连字符变体,Pleated
design_element,pleated,437554229,"SHEIN Elenzya Women's Elegant Office Suit Pants,High-Waisted Beige Summer Striped Pleated Elastic Waist Loose Wide Leg Casual Trousers For Daily Commute Fashion",S$17.99,1.6k+ sold,TRUE,1,FALSE,FALSE,短语边界匹配：标题连字符归一为空格，支持空格/连字符变体,Pleated
design_element,pleated,437908926,Trelyra Button Down Pleated Striped Blouse For Women Women's Striped Short Sleeve Top Casual Women's Blouse Zanzea Blouses For Women Women's Fashion Top,S$11.99,11.4k+ sold,TRUE,1,FALSE,FALSE,短语边界匹配：标题连字符归一为空格，支持空格/连字符变体,Pleated
design_element,pleated,439631443,"Siren Gaze Women's Black And White Striped Summer Casual Elegent Office Camisole,Halter Neck Pleated Sleeveless Tank Top,Backless Cinched Waist Fashion Vest",S$8.49,805 sold,TRUE,1,FALSE,FALSE,短语边界匹配：标题连字符归一为空格，支持空格/连字符变体,Pleated
design_element,pleated,441345962,"Anyi Cute Women's Polka Dot Print Pleated Mini Skirt, Comfortable Fabric, Versatile For Commuting, Photography, Outing White",S$0.97,SAVE S$0.97,FALSE,2,TRUE,FALSE,短语边界匹配：标题连字符归一为空格，支持空格/连字符变体,Pleated
design_element,pleated,442310947,Normani Women's Solid Color Pleated Casual Versatile Wide Leg Pants For Daily Wear,S$18.49,NEW,FALSE,1,FALSE,FALSE,短语边界匹配：标题连字符归一为空格，支持空格/连字符变体,Pleated
design_element,pleated,444928284,"Women's High-Waisted Pleated Loose Fit Casual/Office Wear Khaki Suit Pants, Spring/Summer",S$2.70,SAVE S$2.70,FALSE,1,FALSE,FALSE,短语边界匹配：标题连字符归一为空格，支持空格/连字符变体,Pleated
design_element,pleated,445237932,"Women's High-Waisted Pleated Loose Fit Trousers, Suitable For Work And Casual Occasions, Black Color (Belt Not Included), Spring/Summer",S$2.70,SAVE S$2.70,FALSE,1,FALSE,FALSE,短语边界匹配：标题连字符归一为空格，支持空格/连字符变体,Pleated
design_element,pleated,448923269,"Comfortcana Women's 3pcs Summer Cute Pink Check Shorts Set,Drawstring Waist Pleated Plaid Casual Outfit For Girls,Versatile Beach Picnic Vacation Wear,Y2k Style",S$20.49,16.4k+ sold,TRUE,2,TRUE,TRUE,短语边界匹配：标题连字符归一为空格，支持空格/连字符变体,Pleated
design_element,pleated,454488086,"Sweetra Women's Casual Pleated Square Neck Camisole, Summer",S$15.04,11.8k+ sold,TRUE,2,TRUE,TRUE,短语边界匹配：标题连字符归一为空格，支持空格/连字符变体,Pleated
design_element,pleated,462236375,"SHEIN PETITE Women's Casual Fashionable Minimalist Pleated Skirt, Versatile For Spring/Summer",S$12.49,NEW,FALSE,1,FALSE,FALSE,短语边界匹配：标题连字符归一为空格，支持空格/连字符变体,Pleated
design_element,pleated,475529136,"Hauture Women's Plaid Pleated Casual Versatile Daily Wear Bubble Shorts, Old Money Commuter, Sophisticated Shorts For Work Brunch Baby Showers Wedding",S$25.99,NEW,FALSE,1,FALSE,FALSE,短语边界匹配：标题连字符归一为空格，支持空格/连字符变体,Pleated
design_element,pleated,481065831,LYSMO 2026 New Arrive Minimalism Spring/Summer Women's Pleated Wide Leg Loose Deconstructed Pants,S$49.49,NEW,FALSE,1,FALSE,FALSE,短语边界匹配：标题连字符归一为空格，支持空格/连字符变体,Pleated
design_element,pleated,482943382,EMERY ROSE Women's Solid Color Pleated Casual Versatile Dating Travel Skirt,S$12.49,NEW,FALSE,1,FALSE,FALSE,短语边界匹配：标题连字符归一为空格，支持空格/连字符变体,Pleated
design_element,polka dot,105122531,"Sweetra Women's Elegant French Style Polka Dot Bow Shoulder Tie Waist Slim Fit Casual Versatile Tank Top, Spring/Summer",S$8.49,40.6k+ sold,TRUE,1,FALSE,FALSE,短语边界匹配：标题连字符归一为空格，支持空格/连字符变体,Polka Dot
design_element,polka dot,343818105,"Muchica Women's White Polka Dot Casual Vacation Skirt For Going Out, Streetwear, Y2K, Spring/Summer, White Boho Skirt, Summer Maxi Skirt",S$17.49,1.4k+ sold,TRUE,2,TRUE,TRUE,短语边界匹配：标题连字符归一为空格，支持空格/连字符变体,Polka Dot
design_element,polka dot,392071788,"Sweetra Women's Romantic Polka Dot 3-In-1 Design Waist Cinched A-Line Dress, Flattering & Slimming, Suitable For Spring/Summer, Date Or Casual Dining",S$1.26,SAVE S$1.26,FALSE,1,FALSE,FALSE,短语边界匹配：标题连字符归一为空格，支持空格/连字符变体,Polka Dot
design_element,polka dot,399162425,"Sunnyshic Women Black And White Polka Dot Lace Patchwork V-Neck Halter Backless Maxi Dress,Elegant Summer Holiday Vacation,Wedding Guest Minimalist Daily Wear",S$15.49,5.5k+ sold,TRUE,1,FALSE,FALSE,短语边界匹配：标题连字符归一为空格，支持空格/连字符变体,Polka Dot
design_element,polka dot,409549733,DAZY Women's Fresh Korean Style Polka Dot Pattern Polo Collar Short Sleeve Shirt Summer,S$12.49,3k+ sold,TRUE,1,FALSE,FALSE,短语边界匹配：标题连字符归一为空格，支持空格/连字符变体,Polka Dot
design_element,polka dot,428266200,"CovetEZ 2026 Spring/Summer New Women's Apparel: Brown Polka Dot Cute Casual Versatile Ruffle Drawstring Blouse/Tank Top,Summer Top",S$10.49,7.1k+ sold,TRUE,1,FALSE,FALSE,短语边界匹配：标题连字符归一为空格，支持空格/连字符变体,Polka Dot
design_element,polka dot,429978950,"Franclia White And Black Polka Dot,Summer,Elegant,Tea Party Vintage Pearl Decor Women Tank Top Blouses Work Outfits Casual Cute Latest New Arrivals",S$8.49,9.6k+ sold,TRUE,2,TRUE,TRUE,短语边界匹配：标题连字符归一为空格，支持空格/连字符变体,Polka Dot
design_element,polka dot,434406587,Franclia Women's White Fabric Short Skort With Asymmetrical Polka Dot Design Perfect For Parties,S$9.49,22.4k+ sold,TRUE,2,TRUE,TRUE,短语边界匹配：标题连字符归一为空格，支持空格/连字符变体,Polka Dot
design_element,polka dot,441345962,"Anyi Cute Women's Polka Dot Print Pleated Mini Skirt, Comfortable Fabric, Versatile For Commuting, Photography, Outing White",S$0.97,SAVE S$0.97,FALSE,2,TRUE,FALSE,短语边界匹配：标题连字符归一为空格，支持空格/连字符变体,Polka Dot
design_element,polka dot,445246985,"Black Regular Shoulder 2 In 1 Short Sleeve T-Shirt, Polka Dot Korean Stylish Design, Beautiful Top For Summer Casual",S$9.99,61 sold,TRUE,1,FALSE,FALSE,短语边界匹配：标题连字符归一为空格，支持空格/连字符变体,Polka Dot
design_element,polka dot,445782811,Sweetra Women's New Fashionable Versatile Retro American Polka Dot Casual Straight Stretch Loose Pants,S$19.99,51.5k+ sold,TRUE,1,FALSE,FALSE,短语边界匹配：标题连字符归一为空格，支持空格/连字符变体,Polka Dot
design_element,polka dot,446140384,DrmWander Women's Polka Dot Print Casual Halter Neck Camisole,S$4.99,5.8k+ sold,TRUE,1,FALSE,FALSE,短语边界匹配：标题连字符归一为空格，支持空格/连字符变体,Polka Dot
design_element,polka dot,450919446,FRIFUL Women's Square Neck Lace Patchwork Waist Petal Sleeve Polka Dot Dress Sun Dresses For Women,S$27.99,88 sold,TRUE,1,FALSE,FALSE,短语边界匹配：标题连字符归一为空格，支持空格/连字符变体,Polka Dot
design_element,polka dot,455311498,FRIFUL Women's Polka Dot Pattern Wide Leg Loose Casual Pants,S$19.49,400 sold,TRUE,1,FALSE,FALSE,短语边界匹配：标题连字符归一为空格，支持空格/连字符变体,Polka Dot
design_element,polka dot,456266317,"Elamini Women's Casual Fashionable Everyday Versatile Party Commute Chiffon Polka Dot Jacquard Multi-Layer Ruffle Tie Neck Bow Camisole Top, Pink",S$13.49,,FALSE,1,FALSE,FALSE,短语边界匹配：标题连字符归一为空格，支持空格/连字符变体,Polka Dot
design_element,polka dot,464778773,"DAZY Women's Polka Dot Square Collar Ruffle Sleeve Fitted Blouse, Spring & Summer",S$10.92,,FALSE,1,FALSE,FALSE,短语边界匹配：标题连字符归一为空格，支持空格/连字符变体,Polka Dot
design_element,polka dot,467795817,"Poéselle Polka Dot Print Lace Collar Elegant Camisole,Party Top,Brown Top",S$11.99,4.3k+ sold,TRUE,1,FALSE,FALSE,短语边界匹配：标题连字符归一为空格，支持空格/连字符变体,Polka Dot
design_element,polka dot,469682055,"Elamini Summer Super Low-Waist Polka Dot Print Knit Wide-Leg Pants, Versatile Minimalist Casual Long Trousers, Suitable For Home, Campus Style, Vacation",S$16.49,9.5k+ sold,TRUE,1,FALSE,FALSE,短语边界匹配：标题连字符归一为空格，支持空格/连字符变体,Polka Dot
design_element,polka dot,482285999,SHEIN Frenchy Women's Casual Retro Polka Dot Print Elastic Waist Pants,S$10.99,NEW,FALSE,1,FALSE,FALSE,短语边界匹配：标题连字符归一为空格，支持空格/连字符变体,Polka Dot
design_element,polo collar,61817047,"Pariaura Collage Style Polo Collar Splice Short Sleeve T-Shirt For Women, Slim Fit Pullover Top, Spring/Summer",S$11.49,13.8k+ sold,TRUE,1,FALSE,FALSE,短语边界匹配：标题连字符归一为空格，支持空格/连字符变体,Polo Collar
design_element,polo collar,123211801,INAWLY Women's Summer Casual Striped Polo Collar Short Sleeve T-Shirt,S$8.49,13k+ sold,TRUE,1,FALSE,FALSE,短语边界匹配：标题连字符归一为空格，支持空格/连字符变体,Polo Collar
design_element,polo collar,249410468,"2025 New Autumn Women Polo Collar Long Sleeve T-Shirt, Fashionable Outer Wear Pullover Top Casual Spring",S$9.11,21.1k+ sold,TRUE,1,FALSE,FALSE,短语边界匹配：标题连字符归一为空格，支持空格/连字符变体,Polo Collar
design_element,polo collar,342534176,"Fashionable Polo Collar Raglan Short Sleeve Knit T-Shirt For Women, Lightweight, Versatile Cardigan Top, Spring/Summer",S$17.49,11.5k+ sold,TRUE,1,FALSE,FALSE,短语边界匹配：标题连字符归一为空格，支持空格/连字符变体,Polo Collar
design_element,polo collar,409549733,DAZY Women's Fresh Korean Style Polka Dot Pattern Polo Collar Short Sleeve Shirt Summer,S$12.49,3k+ sold,TRUE,1,FALSE,FALSE,短语边界匹配：标题连字符归一为空格，支持空格/连字符变体,Polo Collar
design_element,puff sleeve,61789746,DAZY Elegant Round Neck Puff Sleeve Short Style Blouse For Women,S$1.62,SAVE S$1.62,FALSE,1,FALSE,FALSE,短语边界匹配：标题连字符归一为空格，支持空格/连字符变体,Puff Sleeve
design_element,puff sleeve,85227956,Sweet Girl Puff Sleeve Lace Trim Tie Waist Slim Fit White Blouse Summer,S$16.99,10.1k+ sold,TRUE,2,TRUE,TRUE,短语边界匹配：标题连字符归一为空格，支持空格/连字符变体,Puff Sleeve
design_element,ribbed knit,12776536,DAZY Solid Ribbed Knit Tank Top Y2k,S$8.49,37.4k+ sold,TRUE,1,FALSE,FALSE,短语边界匹配：标题连字符归一为空格，支持空格/连字符变体,Ribbed Knit
design_element,ribbed knit,15971274,DAZY Solid Ribbed Knit Cami Top Preppy Tops,S$0.97,SAVE S$0.97,FALSE,1,FALSE,FALSE,短语边界匹配：标题连字符归一为空格，支持空格/连字符变体,Ribbed Knit
design_element,ribbed knit,28014309,"Dazy Star Solid Color Ribbed Knit Short Sleeve T-Shirt,Crop Tops Women",S$1.17,SAVE S$1.17,FALSE,2,TRUE,FALSE,短语边界匹配：标题连字符归一为空格，支持空格/连字符变体,Ribbed Knit
design_element,ribbed knit,258225369,"Chiquease Women's Beige Summer Casual Everyday Ribbed Knit Tank Top,Solid Color Versatile Neutral Sleeveless Basic Tops",S$13.99,12.1k+ sold,TRUE,2,TRUE,TRUE,短语边界匹配：标题连字符归一为空格，支持空格/连字符变体,Ribbed Knit
design_element,ribbed knit,259574639,"Chiquease Women's Solid Color Minimalist Sleeveless Round Neck Ribbed Knit Tank Top,Beige Summer Casual Everyday Wear Basic Neutral Tops",S$0.91,SAVE S$0.91,FALSE,1,FALSE,FALSE,短语边界匹配：标题连字符归一为空格，支持空格/连字符变体,Ribbed Knit
design_element,ribbed knit,384050504,"Women's Fashion Polyester Spaghetti Strap Criss-Cross Ribbed Knit Camisole Tank Top, Regular Length Casual Summer",S$0.75,SAVE S$0.75,FALSE,1,FALSE,FALSE,短语边界匹配：标题连字符归一为空格，支持空格/连字符变体,Ribbed Knit
design_element,ribbed knit,394926946,"DAZY Women's Casual Everyday Commute Minimalist Solid Color Ribbed Knit Fitted Tank Top, Summer",S$0.96,SAVE S$0.96,FALSE,1,FALSE,FALSE,短语边界匹配：标题连字符归一为空格，支持空格/连字符变体,Ribbed Knit
design_element,ribbed knit,434548548,"Franclia Women's White Ribbed Knit Sleeveless Polo Top,Elegant Slim Fit Button-Down Summer Tank,Casual Office Collared Shirt,Classy Pearl Button Blouse",S$8.49,2.5k+ sold,TRUE,1,FALSE,FALSE,短语边界匹配：标题连字符归一为空格，支持空格/连字符变体,Ribbed Knit
design_element,round neck,24097323,Franclia Women's Casual Solid Color Round Neck Tank Tops,S$1.01,SAVE S$1.01,FALSE,1,FALSE,FALSE,短语边界匹配：标题连字符归一为空格，支持空格/连字符变体,Round Neck
design_element,round neck,27812164,SHEIN EZwear Two-Piece Set Women's Round Neck Sleeveless Top,S$1.49,SAVE S$1.49,FALSE,1,FALSE,FALSE,短语边界匹配：标题连字符归一为空格，支持空格/连字符变体,Round Neck
design_element,round neck,28800344,"SHEIN EZwear 4pcs/Set Solid Color Cropped Round Neck Short Sleeve Fitted Women T-Shirt, Suitable For Summer",S$1.68,SAVE S$1.68,FALSE,1,FALSE,FALSE,短语边界匹配：标题连字符归一为空格，支持空格/连字符变体,Round Neck
design_element,round neck,28800355,"SHEIN EZwear 4pcs/Set Solid Color Cropped Round Neck Short Sleeve Fitted Women T-Shirt, Suitable For Summer",S$13.99,46.5k+ sold,TRUE,1,FALSE,FALSE,短语边界匹配：标题连字符归一为空格，支持空格/连字符变体,Round Neck
design_element,round neck,29544855,"SHEIN EZwear 4pcs/Set Casual Solid Color Versatile Round Neck Short Sleeve Women's T-Shirt, Fitted Style, Suitable For Summer",S$13.99,15.5k+ sold,TRUE,1,FALSE,FALSE,短语边界匹配：标题连字符归一为空格，支持空格/连字符变体,Round Neck
design_element,round neck,34277237,DAZY Women's Summer Solid Color Slim Fit Ribbed Round Neck Tank Top,S$1.10,SAVE S$1.10,FALSE,1,FALSE,FALSE,短语边界匹配：标题连字符归一为空格，支持空格/连字符变体,Round Neck
design_element,round neck,34921225,"SHEIN EZwear 4pcs Casual Round Neck Short Sleeve Fitted Women T-Shirts, Suitable For Summer Suitable For Going Out",S$8.99,15.5k+ sold,TRUE,1,FALSE,FALSE,短语边界匹配：标题连字符归一为空格，支持空格/连字符变体,Round Neck
design_element,round neck,35398621,"Qadelle Women's Solid Color Round Neck Short Sleeve Casual T-Shirt, Summer",S$12.99,5.4k+ sold,TRUE,1,FALSE,FALSE,短语边界匹配：标题连字符归一为空格，支持空格/连字符变体,Round Neck
design_element,round neck,36237524,INAWLY Women's Summer Solid Color Round Neck Short Sleeve Casual T-Shirt,S$6.71,90k+ sold,TRUE,1,FALSE,FALSE,短语边界匹配：标题连字符归一为空格，支持空格/连字符变体,Round Neck
design_element,round neck,36389888,INAWLY Solva Women's Summer Solid Color Round Neck Short Sleeve Pleated Casual T-Shirt,S$10.49,3.4k+ sold,TRUE,1,FALSE,FALSE,短语边界匹配：标题连字符归一为空格，支持空格/连字符变体,Round Neck
design_element,round neck,37023283,"INAWLY Vintage Christian Short Sleeve Shirt With Bible Verses, Casual Shirt, Retro Faith Cross Print Tee, Pray Mom Round Neck Tee Graphic Tees Women Tops",S$0.78,SAVE S$0.78,FALSE,1,FALSE,FALSE,短语边界匹配：标题连字符归一为空格，支持空格/连字符变体,Round Neck
design_element,round neck,39294505,"Livesso Women's Solid Color Round Neck Loose Long Sleeve T-Shirt,Fall Clothes",S$1.36,SAVE S$1.36,FALSE,2,TRUE,FALSE,短语边界匹配：标题连字符归一为空格，支持空格/连字符变体,Round Neck
design_element,round neck,40541668,"SHEIN EZwear Casual Minimalist Oil Painting Watercolor Orange Flower Floral Pattern Round Neck Sleeveless Loose Cropped Women Thin T-Shirt, Suitable For Summer",S$9.49,11.4k+ sold,TRUE,1,FALSE,FALSE,短语边界匹配：标题连字符归一为空格，支持空格/连字符变体,Round Neck
design_element,round neck,40835613,"INAWLY Women's Solid Color Round Neck Short Sleeve Casual T-Shirt, Summer",S$6.71,90k+ sold,TRUE,1,FALSE,FALSE,短语边界匹配：标题连字符归一为空格，支持空格/连字符变体,Round Neck
design_element,round neck,43367316,"SHEIN EZwear 4pcs/Set Women Casual Round Neck Slim-Fit Short Sleeve T-Shirts, Suitable For Summer Suitable For Going Out",S$13.99,46.5k+ sold,TRUE,1,FALSE,FALSE,短语边界匹配：标题连字符归一为空格，支持空格/连字符变体,Round Neck
design_element,round neck,48324267,Jouncy Women Casual Versatile Fitted White Cropped Round Neck T-Shirt,S$6.71,90k+ sold,TRUE,1,FALSE,FALSE,短语边界匹配：标题连字符归一为空格，支持空格/连字符变体,Round Neck
design_element,round neck,49090776,"Women's New Palm Tree Slogan Print Casual Round Neck Short Sleeve T-Shirt, Fashionable Resort Style, Your Daily Essential Item. Graphic Tee Summer",S$6.99,5.9k+ sold,TRUE,1,FALSE,FALSE,短语边界匹配：标题连字符归一为空格，支持空格/连字符变体,Round Neck
design_element,round neck,57292026,DAZY Women's Solid Color Round Neck Ribbed Casual Fitted Tank Top Preppy Tops,S$0.78,SAVE S$0.78,FALSE,1,FALSE,FALSE,短语边界匹配：标题连字符归一为空格，支持空格/连字符变体,Round Neck
design_element,round neck,60428899,Women's Summer Solid Color Round Neck Casual Camisole,S$9.49,20.8k+ sold,TRUE,1,FALSE,FALSE,短语边界匹配：标题连字符归一为空格，支持空格/连字符变体,Round Neck
design_element,round neck,61769541,"SHEIN EZwear Women Casual Minimalist Bow Decor Cute Pattern Round Neck Short Sleeve Cropped Fitted T-Shirt, Top Suitable For Summer Suitable For Going Out",S$3.99,12.9k+ sold,TRUE,1,FALSE,FALSE,短语边界匹配：标题连字符归一为空格，支持空格/连字符变体,Round Neck
design_element,round neck,61789746,DAZY Elegant Round Neck Puff Sleeve Short Style Blouse For Women,S$1.62,SAVE S$1.62,FALSE,1,FALSE,FALSE,短语边界匹配：标题连字符归一为空格，支持空格/连字符变体,Round Neck
design_element,round neck,65829215,Resyla Women Solid Color Round Neck Short Sleeve Pleated Casual Versatile T-Shirt,S$14.49,3.1k+ sold,TRUE,1,FALSE,FALSE,短语边界匹配：标题连字符归一为空格，支持空格/连字符变体,Round Neck
design_element,round neck,67662855,"Glimmora Women's Solid Color Round Neck Short Sleeve T-Shirt Top, Fashionable For Summer",S$22.99,9.7k+ sold,TRUE,1,FALSE,FALSE,短语边界匹配：标题连字符归一为空格，支持空格/连字符变体,Round Neck
design_element,round neck,69636137,"Resyla Women's Minimalist Faux Pearl Heart Studded Round Neck Short Sleeve T-Shirt, Summer",S$5.49,51.6k+ sold,TRUE,1,FALSE,FALSE,短语边界匹配：标题连字符归一为空格，支持空格/连字符变体,Round Neck
design_element,round neck,75908221,"SHEIN EZwear 3pcs Women Casual Tight-Fitted Long Sleeve Round Neck T-Shirt Set, Suitable For Summer",S$12.99,12.6k+ sold,TRUE,2,TRUE,TRUE,短语边界匹配：标题连字符归一为空格，支持空格/连字符变体,Round Neck
design_element,round neck,76715170,"INAWLY Women Round Neck Short Sleeve T-Shirt, Fashionable For Summer",S$7.49,5.9k+ sold,TRUE,1,FALSE,FALSE,短语边界匹配：标题连字符归一为空格，支持空格/连字符变体,Round Neck
design_element,round neck,78983677,"INAWLY Women Letter & Smile Print Round Neck Casual Versatile Short Sleeve T-Shirt, Summer",S$1.04,SAVE S$1.04,FALSE,1,FALSE,FALSE,短语边界匹配：标题连字符归一为空格，支持空格/连字符变体,Round Neck
design_element,round neck,134991743,"2pcs Women's Loose Cropped Round Neck Short Sleeve T-Shirt, Suitable For Spring/Summer Wear, Casual/Minimalist/Elegant/Sexy/Streetwear/Y2K Style, Suitable For Office/Home/Street And Various Occasions",S$10.99,13.1k+ sold,TRUE,1,FALSE,FALSE,短语边界匹配：标题连字符归一为空格，支持空格/连字符变体,Round Neck
design_element,round neck,218804428,Resyla 2pcs Women Letter Print Round Neck Short Sleeve Top And Elastic Waist Pants Casual Set,S$19.49,16.7k+ sold,TRUE,1,FALSE,FALSE,短语边界匹配：标题连字符归一为空格，支持空格/连字符变体,Round Neck
design_element,round neck,238860947,"Vaiaye Women's Fashion Lingerie Style Top, Spring/Autumn/Summer Striped Print Round Neck Slim Fit Casual Vacation Sexy Camisole, Suitable For Beach & Daily Wear",S$7.49,48.1k+ sold,TRUE,1,FALSE,FALSE,短语边界匹配：标题连字符归一为空格，支持空格/连字符变体,Round Neck
design_element,round neck,259574639,"Chiquease Women's Solid Color Minimalist Sleeveless Round Neck Ribbed Knit Tank Top,Beige Summer Casual Everyday Wear Basic Neutral Tops",S$0.91,SAVE S$0.91,FALSE,1,FALSE,FALSE,短语边界匹配：标题连字符归一为空格，支持空格/连字符变体,Round Neck
design_element,round neck,269281745,Resyla Women's Letter Print Pleated Round Neck Short Sleeve T-Shirt And Wide Leg Pants Casual 2-Piece Set,S$18.49,16.7k+ sold,TRUE,1,FALSE,FALSE,短语边界匹配：标题连字符归一为空格，支持空格/连字符变体,Round Neck
design_element,round neck,282347122,"SuriyaCove Women's Casual Contrast Trim Knight Print Round Neck Short Sleeve T-Shirt, Summer",S$6.17,46.5k+ sold,TRUE,1,FALSE,FALSE,短语边界匹配：标题连字符归一为空格，支持空格/连字符变体,Round Neck
design_element,round neck,306228287,"1pc Women's Summer Round Neck Short Sleeve T-Shirt, ""Sleeping Cat"" English Letter Print, Suitable For Summer, Beach, Street, Daily Party Occasions. Y2K Vacation Elegant Top, Summer Casual Outfit, Women Holiday Wear",S$7.49,9.2k+ sold,TRUE,1,FALSE,FALSE,短语边界匹配：标题连字符归一为空格，支持空格/连字符变体,Round Neck
design_element,round neck,312843061,"SHEIN Women's Round Neck Short Sleeve Casual Striped T-Shirt, Versatile For Daily Wear, Summer",S$7.99,10.7k+ sold,TRUE,1,FALSE,FALSE,短语边界匹配：标题连字符归一为空格，支持空格/连字符变体,Round Neck
design_element,round neck,313070654,EMERY ROSE Women's Slogan Embroidered Round Neck Short Sleeve Casual Versatile T-Shirt,S$7.49,1.1k+ sold,TRUE,1,FALSE,FALSE,短语边界匹配：标题连字符归一为空格，支持空格/连字符变体,Round Neck
design_element,round neck,316521466,"Everyssa Multicolor Knitted Short Sleeve Crop Top For Women, Round Neck With Stylish Unicorn Embroidery",S$19.49,12.4k+ sold,TRUE,1,FALSE,FALSE,短语边界匹配：标题连字符归一为空格，支持空格/连字符变体,Round Neck
design_element,round neck,327699789,"Women's Camel Round Neck Tee With Sunflower And Leaf Print. Loose Casual Style, Great For Daily Wear And Summer Vacations.",S$4.49,1k+ sold,TRUE,1,FALSE,FALSE,短语边界匹配：标题连字符归一为空格，支持空格/连字符变体,Round Neck
design_element,round neck,327810039,"Women's Summer New Simple Letter ""NEWYORK"" City Skyscraper Graphic Print Casual Vacation Loose Versatile Round Neck Beige Short Sleeve T-Shirt, Everyday Top, Suitable For Daily Vacation Wear",S$4.49,993 sold,TRUE,2,TRUE,TRUE,短语边界匹配：标题连字符归一为空格，支持空格/连字符变体,Round Neck
design_element,round neck,328358296,"SHEIN New York Letter Graphic Casual Short Sleeve Round Neck White T-Shirt, Summer",S$6.43,1.7k+ sold,TRUE,1,FALSE,FALSE,短语边界匹配：标题连字符归一为空格，支持空格/连字符变体,Round Neck
design_element,round neck,330453885,SHEIN Women's Casual Slogan & Pentagram Print Round Neck Short Sleeve T-Shirt,S$0.84,SAVE S$0.84,FALSE,1,FALSE,FALSE,短语边界匹配：标题连字符归一为空格，支持空格/连字符变体,Round Neck
design_element,round neck,330583923,"This Dark Gray Round Neck Tee Features PSALM 23 Print. Loose And Comfortable, It Boasts A Casual Vacation Style, Ideal For Daily And Holiday Wear.",S$0.45,SAVE S$0.45,FALSE,1,FALSE,FALSE,短语边界匹配：标题连字符归一为空格，支持空格/连字符变体,Round Neck
design_element,round neck,332155056,"SHEIN EZwear 4pcs/Set Casual Round Neck Short Sleeve Fitted Women T-Shirts, Suitable For Summer Spring",S$13.99,46.5k+ sold,TRUE,1,FALSE,FALSE,短语边界匹配：标题连字符归一为空格，支持空格/连字符变体,Round Neck
design_element,round neck,338325731,"Women's New Casual Cute Pattern Loose Versatile Round Neck Short Sleeve T-Shirt, Fashionable Everyday Top, Suitable For Daily And Holiday Wear Summer",S$5.49,3.9k+ sold,TRUE,1,FALSE,FALSE,短语边界匹配：标题连字符归一为空格，支持空格/连字符变体,Round Neck
design_element,round neck,341854088,"Women's New Casual Cute Pattern Loose Versatile Round Neck Short Sleeve T-Shirt, Fashionable Everyday Top, Suitable For Daily And Holiday Wear Summer",S$5.49,3k+ sold,TRUE,2,TRUE,TRUE,短语边界匹配：标题连字符归一为空格，支持空格/连字符变体,Round Neck
design_element,round neck,345887528,"Women's New Simple Cute Pattern Casual Vacation Style Loose Versatile Round Neck Short Sleeve T-Shirt, Fashionable Everyday Top, Suitable For Daily Vacation Wear Pink Summer",S$4.94,742 sold,TRUE,1,FALSE,FALSE,短语边界匹配：标题连字符归一为空格，支持空格/连字符变体,Round Neck
design_element,round neck,350256396,"New Summer Women Simple Letter & Maple Leaf Sunset Print Round Neck Dark Grey Short Sleeve T-Shirt, Fashionable & Versatile, Suitable For Women's Casual Daily And Spring Vacation Tops",S$4.36,557 sold,TRUE,2,TRUE,TRUE,短语边界匹配：标题连字符归一为空格，支持空格/连字符变体,Round Neck
design_element,round neck,352305773,"Women's Summer New Simple Letter, Sea Animal, Turtle Shell, Floral Casual Vacation Loose Fit Round Neck Light Blue Short Sleeve T-Shirt, Fashionable For Daily And Vacation Wear",S$4.49,2.9k+ sold,TRUE,1,FALSE,FALSE,短语边界匹配：标题连字符归一为空格，支持空格/连字符变体,Round Neck
design_element,round neck,356665321,"New Summer Women Simple Letter & Maple Leaf Sunset Print Round Neck Grey Short Sleeve T-Shirt, Fashionable And Versatile, Suitable For Women's Casual Daily Wear",S$5.99,1.9k+ sold,TRUE,2,TRUE,TRUE,短语边界匹配：标题连字符归一为空格，支持空格/连字符变体,Round Neck
design_element,round neck,363753415,"Mint Green Regular Shoulder Short Sleeve T-Shirt For Women, Summer, Round Neck, Slim Fit, Chic American Style Versatile Sexy Top Casual",S$8.81,15.6k+ sold,TRUE,1,FALSE,FALSE,短语边界匹配：标题连字符归一为空格，支持空格/连字符变体,Round Neck
design_element,round neck,370904117,"Women's Summer New Letter & Star Print Casual Loose Versatile Round Neck Dark Grey Short Sleeve T-Shirt, Fashionable Everyday Top Suitable For Daily Wear",S$0.67,SAVE S$0.67,FALSE,1,FALSE,FALSE,短语边界匹配：标题连字符归一为空格，支持空格/连字符变体,Round Neck
design_element,round neck,374700942,"Women's Casual Loose Coffee Lover Graphic Round Neck T-Shirt, Suitable For Daily Wear And Street Style In Summer",S$4.99,2.5k+ sold,TRUE,1,FALSE,FALSE,短语边界匹配：标题连字符归一为空格，支持空格/连字符变体,Round Neck
design_element,round neck,381840040,"Women's New Casual Cute Pattern Loose Versatile Round Neck Short Sleeve T-Shirt, Fashionable Everyday Top Summer",S$5.49,1.1k+ sold,TRUE,1,FALSE,FALSE,短语边界匹配：标题连字符归一为空格，支持空格/连字符变体,Round Neck
design_element,round neck,389793335,"Women's Summer New Letter Print Round Neck Short Sleeve T-Shirt, Casual Loose Versatile Top For Daily Wear",S$1.12,SAVE S$1.12,FALSE,2,TRUE,FALSE,短语边界匹配：标题连字符归一为空格，支持空格/连字符变体,Round Neck
design_element,round neck,390072199,"Women's Summer Vacation Ocean Creature & Letter Print Round Neck T-Shirt, Pattern T-Shirt Women White/Black/Pink Casual",S$5.39,2.1k+ sold,TRUE,1,FALSE,FALSE,短语边界匹配：标题连字符归一为空格，支持空格/连字符变体,Round Neck
design_element,round neck,390224151,"Women's New Summer Casual Round Neck Short Sleeve T-Shirt, Minimalist Versatile Palm Tree Slogan Print, Suitable For Daily Wear. Graphic Tee, Women's White Top, Black Top, Pink Top, Vacation Outfit.",S$6.99,8.5k+ sold,TRUE,1,FALSE,FALSE,短语边界匹配：标题连字符归一为空格，支持空格/连字符变体,Round Neck
design_element,round neck,391764414,"Women's Loose Fit Round Neck Short Sleeve T-Shirt With Japanese Cherry Blossom Print, Spring/Summer Casual Vacation Pink",S$0.90,SAVE S$0.90,FALSE,1,FALSE,FALSE,短语边界匹配：标题连字符归一为空格，支持空格/连字符变体,Round Neck
design_element,round neck,398046227,"Women's Summer New Letter Print Round Neck Short Sleeve T-Shirt, Casual Loose Versatile Top For Daily Wear",S$4.36,371 sold,TRUE,2,TRUE,TRUE,短语边界匹配：标题连字符归一为空格，支持空格/连字符变体,Round Neck
design_element,round neck,398446114,"Resyla Women's Casual Striped Bow Print Round Neck Short Sleeve T-Shirt, Summer",S$0.96,SAVE S$0.96,FALSE,1,FALSE,FALSE,短语边界匹配：标题连字符归一为空格，支持空格/连字符变体,Round Neck
design_element,round neck,399080529,"Summer New Minimalist Fashion Design TOKYO Print Casual Round Neck Short Sleeve T-Shirt, Versatile And Beautiful Top For Women Pink",S$6.99,744 sold,TRUE,1,FALSE,FALSE,短语边界匹配：标题连字符归一为空格，支持空格/连字符变体,Round Neck
design_element,round neck,399620438,"Amalfi Coast ""Mediterranean Style"" Women's T-Shirt, Regular Fit Hand-Painted Artistic Pattern T-Shirt, Comfortable Italian Summer Short Sleeve Top, Unique Round Neck Retro Culinary Leisurely Style Pinterest Fashion Casual White",S$5.33,570 sold,TRUE,1,FALSE,FALSE,短语边界匹配：标题连字符归一为空格，支持空格/连字符变体,Round Neck
design_element,round neck,400693355,"Summer New Z-Gen Y2K Women's Top, Design Sense Camouflage Tokyo Print Round Neck Short Sleeve T-Shirt Casual Black",S$4.05,SAVE S$4.05,FALSE,1,FALSE,FALSE,短语边界匹配：标题连字符归一为空格，支持空格/连字符变体,Round Neck
design_element,round neck,403909808,"Japanese Style Women's Loose Round Neck Short Sleeve T-Shirt With Letter & Heart Print, Spring/Summer Casual Black",S$5.99,2.2k+ sold,TRUE,1,FALSE,FALSE,短语边界匹配：标题连字符归一为空格，支持空格/连字符变体,Round Neck
design_element,round neck,405443082,"Women's Summer New Arrival Casual Cherry Blossom Print Round Neck Short Sleeve T-Shirt, Fashionable & Versatile Blouse Pink",S$5.59,67 sold,TRUE,1,FALSE,FALSE,短语边界匹配：标题连字符归一为空格，支持空格/连字符变体,Round Neck
design_element,round neck,410154236,"Women's Summer New Round Neck Short Sleeve T-Shirt, Cartoon Letter Print, Casual Loose Versatile Top, Fashionable Daily Wear White",S$0.50,SAVE S$0.50,FALSE,1,FALSE,FALSE,短语边界匹配：标题连字符归一为空格，支持空格/连字符变体,Round Neck
design_element,round neck,411595081,"Women's Summer New Casual Slogan Print Loose Fit Round Neck Short Sleeve T-Shirt, Fashionable Daily Vacation Wear, Suitable For Everyday And Holiday Occasions. Women's T-Shirt Top.",S$7.43,3.4k+ sold,TRUE,1,FALSE,FALSE,短语边界匹配：标题连字符归一为空格，支持空格/连字符变体,Round Neck
design_element,round neck,411683263,"Women's Summer New Car Pattern Letter Print Round Neck Short Sleeve T-Shirt, Casual Loose Versatile Top, Fashionable Daily Wear Pink",S$0.50,SAVE S$0.50,FALSE,1,FALSE,FALSE,短语边界匹配：标题连字符归一为空格，支持空格/连字符变体,Round Neck
design_element,round neck,413230570,EMERY ROSE Women's Round Neck Letter & Sea Turtle Print Casual Versatile Daily Wear Short Sleeve T-Shirt,S$1.04,SAVE S$1.04,FALSE,1,FALSE,FALSE,短语边界匹配：标题连字符归一为空格，支持空格/连字符变体,Round Neck
design_element,round neck,413484627,"Vaiaye Women's Fashion Lingerie Style Top, Spring/Autumn/Summer Striped Print Round Neck Slim Fit Casual Vacation Sexy Camisole, Suitable For Beach & Daily Wear",S$7.49,48.1k+ sold,TRUE,1,FALSE,FALSE,短语边界匹配：标题连字符归一为空格，支持空格/连字符变体,Round Neck
design_element,round neck,414858498,"Women's Loose Round Neck Tee With Letter Print. Casual Holiday Style, Comfy For Daily And Vacation Wear.",S$0.85,SAVE S$0.85,FALSE,2,TRUE,FALSE,短语边界匹配：标题连字符归一为空格，支持空格/连字符变体,Round Neck
design_element,round neck,414955823,"3pcs Women's Summer New Fashion Multi-Element Printed Casual Round Neck Short Sleeve T-Shirt, Versatile Chinese Style Koi Fish, Crane And Sports Car Pattern Design, Suitable For Daily Casual And Holiday Wear",S$2.17,SAVE S$2.17,FALSE,2,TRUE,FALSE,短语边界匹配：标题连字符归一为空格，支持空格/连字符变体,Round Neck
design_element,round neck,416881605,Siren Gaze Women's Round Neck Ruffle Trim Casual Versatile Daily Wear Blouse Dark Brown Top Brown Shirts For Women,S$1.08,SAVE S$1.08,FALSE,1,FALSE,FALSE,短语边界匹配：标题连字符归一为空格，支持空格/连字符变体,Round Neck
design_element,round neck,417079915,"Lalippa Brazilian Vertical Stripe Digital Print Casual Oversized Mid-Length Round Neck Drop Shoulder Women T-Shirt, Gift For Friends",S$9.99,7.3k+ sold,TRUE,1,FALSE,FALSE,短语边界匹配：标题连字符归一为空格，支持空格/连字符变体,Round Neck
design_element,round neck,417456021,"Vaiaye Women's Fashion Lingerie Style Top, Spring/Autumn/Summer Striped Print Round Neck Slim Fit Casual Vacation Sexy Camisole, Suitable For Beach & Daily",S$7.49,48.1k+ sold,TRUE,1,FALSE,FALSE,短语边界匹配：标题连字符归一为空格，支持空格/连字符变体,Round Neck
design_element,round neck,419833721,"Lalippa Black & White Striped Digital Print Oversized Mid-Length Round Neck Drop Shoulder Women T-Shirt, Casual Gift For Friends",S$8.99,37.7k+ sold,TRUE,1,FALSE,FALSE,短语边界匹配：标题连字符归一为空格，支持空格/连字符变体,Round Neck
design_element,round neck,421888367,Vintage Rome City Graphic Round Neck T-Shirt - Retro Travel Aesthetic Streetwear Essentials | Minimalist Y2K Viral Tee With Iconic Italian Flag Badge And Triple Star Details Casual Summer,S$0.67,SAVE S$0.67,FALSE,1,FALSE,FALSE,短语边界匹配：标题连字符归一为空格，支持空格/连字符变体,Round Neck
design_element,round neck,422670632,"Women's Casual Short Top, Solid Gray Color, Side Ruched Design, Stretchy Fabric, Round Neck Short Sleeve T-Shirt, Minimalist Style, Suitable For Daily Casual Wear, Hanging Out With Friends, Spring/Summer Matching, Shopping And Traveling",S$0.58,SAVE S$0.58,FALSE,1,FALSE,FALSE,短语边界匹配：标题连字符归一为空格，支持空格/连字符变体,Round Neck
design_element,round neck,425686468,"Fitted Cropped Round Neck Short Sleeve Baby Tee, American Y2K Sexy Basic Crop Top Casual Summer",S$0.58,SAVE S$0.58,FALSE,1,FALSE,FALSE,短语边界匹配：标题连字符归一为空格，支持空格/连字符变体,Round Neck
design_element,round neck,426222190,"Summer New Fashion English Slogan Print Casual Round Neck Tie-Dye Short Sleeve T-Shirt, Versatile Plum Blossom & Pine Tree Pattern Design Suitable For Women Black",S$0.82,SAVE S$0.82,FALSE,2,TRUE,FALSE,短语边界匹配：标题连字符归一为空格，支持空格/连字符变体,Round Neck
design_element,round neck,426222457,"1pc Women's Summer Round Neck Short Sleeve T-Shirt, Blue With English Letter Print, Casual Loose Fit, Comfortable For Summer Wear, Suitable For Beach, Street, Daily Activities, Work, Office, Parties And Other Occasions",S$1.27,SAVE S$1.27,FALSE,2,TRUE,FALSE,短语边界匹配：标题连字符归一为空格，支持空格/连字符变体,Round Neck
design_element,round neck,426948055,"Women's Summer New Letter Print Round Neck Short Sleeve T-Shirt, Casual Loose Versatile Top For Daily Wear",S$0.40,SAVE S$0.40,FALSE,1,FALSE,FALSE,短语边界匹配：标题连字符归一为空格，支持空格/连字符变体,Round Neck
design_element,round neck,426995667,"Women's Summer New Letter Print Round Neck Short Sleeve T-Shirt, Casual Loose Versatile Top For Daily Wear",S$0.60,SAVE S$0.60,FALSE,1,FALSE,FALSE,短语边界匹配：标题连字符归一为空格，支持空格/连字符变体,Round Neck
design_element,round neck,427223444,Resyla Women's Striped Casual Round Neck Short Sleeve T-Shirt,S$0.91,SAVE S$0.91,FALSE,1,FALSE,FALSE,短语边界匹配：标题连字符归一为空格，支持空格/连字符变体,Round Neck
design_element,round neck,427390013,"1pc Women's Summer Round Neck Short Sleeve T-Shirt, Blue With English Letter Print, Casual Loose Fit, Comfortable For Summer Wear, Suitable For Beach, Street, Daily Activities, Work, Office, Parties And More",S$1.20,SAVE S$1.20,FALSE,1,FALSE,FALSE,短语边界匹配：标题连字符归一为空格，支持空格/连字符变体,Round Neck
design_element,round neck,427499369,"1pc Women's Casual Short Sleeve Round Neck T-Shirt - Cute Cartoon Tiger Wearing Pink Glasses Bubble Gum Print, Y2K Street Style, Soft & Breathable, Suitable For Daily Outings, Weekend Gatherings, Music Festivals And Summer Vacations",S$4.49,634 sold,TRUE,1,FALSE,FALSE,短语边界匹配：标题连字符归一为空格，支持空格/连字符变体,Round Neck
design_element,round neck,427567998,"1pc Women's Short Sleeve Cropped T-Shirt - Realistic Starfish, Feather Flower And Shell Print, Soft Pink Beachy Style, Breathable Round Neck Crop Top, Ideal For Beach Vacation, Summer Date, Casual Outing, Tropical Feminine Pattern For Ladies And Teens",S$4.99,669 sold,TRUE,1,FALSE,FALSE,短语边界匹配：标题连字符归一为空格，支持空格/连字符变体,Round Neck
design_element,round neck,427633855,"1pc Women's Short Sleeve Cropped T-Shirt - ""Coffee Club Every Morning"" And Coffee Maker Sketch Print, Minimalist Coffee Lover Aesthetic, Soft Breathable Round Neck Crop Top, Suitable For Drinking Coffee, Dates, Commuting, Weekend Brunch Casual Summer",S$4.49,2.4k+ sold,TRUE,1,FALSE,FALSE,短语边界匹配：标题连字符归一为空格，支持空格/连字符变体,Round Neck
design_element,round neck,427972931,"Women's Summer New Casual Slogan Print Loose Fit Round Neck Short Sleeve T-Shirt, Fashionable Daily Vacation Wear, Suitable For Everyday And Holiday Occasions. Women's T-Shirt Top.",S$4.26,3.4k+ sold,TRUE,1,FALSE,FALSE,短语边界匹配：标题连字符归一为空格，支持空格/连字符变体,Round Neck
design_element,round neck,428006241,Summer New Casual Minimalist Versatile Holiday Beach Printed Round Neck Short Sleeve T-Shirt For Women,S$5.01,1.2k+ sold,TRUE,1,FALSE,FALSE,短语边界匹配：标题连字符归一为空格，支持空格/连字符变体,Round Neck
design_element,round neck,429469295,"Unisex Loose Fit Round Neck Short Sleeve T-Shirt, Minimalist Brain And Soul Balance Graphic Design, American Vintage Minimalist Style Summer",S$0.90,SAVE S$0.90,FALSE,1,FALSE,FALSE,短语边界匹配：标题连字符归一为空格，支持空格/连字符变体,Round Neck
design_element,round neck,429734823,"Women's Short Sleeve T-Shirt, Fashion Sweet Girl Style Taro Drink Cartoon Back Print Short Sleeve Tee, Casual Round Neck Street Party Holiday Tops For Summer Vacation Pink",S$1.70,SAVE S$1.70,FALSE,1,FALSE,FALSE,短语边界匹配：标题连字符归一为空格，支持空格/连字符变体,Round Neck
design_element,round neck,429765203,"Women's Funny Beer Print Short Sleeve T-Shirt, Casual Round Neck Top For Summer, Party, Vacation, Street Style White",S$0.45,SAVE S$0.45,FALSE,1,FALSE,FALSE,短语边界匹配：标题连字符归一为空格，支持空格/连字符变体,Round Neck
design_element,round neck,430546038,"Women's Summer New Casual Slogan Print Loose Fit Round Neck Short Sleeve T-Shirt, Fashionable Daily Vacation Wear, Suitable For Everyday And Vacation",S$4.49,99 sold,TRUE,1,FALSE,FALSE,短语边界匹配：标题连字符归一为空格，支持空格/连字符变体,Round Neck
design_element,round neck,430722334,"Women's Round Neck Short Sleeve T-Shirt, Summer New Letter Print, Fashion Casual Versatile Loose Top",S$6.49,3.9k+ sold,TRUE,1,FALSE,FALSE,短语边界匹配：标题连字符归一为空格，支持空格/连字符变体,Round Neck
design_element,round neck,431150743,"Retro American Style Round Neck Short Sleeve T-Shirt For Women, Loose Fit Slimming Heart Dice Letter Print Casual Versatile Top For Summer White",S$4.79,135 sold,TRUE,1,FALSE,FALSE,短语边界匹配：标题连字符归一为空格，支持空格/连字符变体,Round Neck
design_element,round neck,431151180,"1pc Women's Summer Round Neck Short Sleeve T-Shirt, Vacation Style Printed, Casual Loose Fit, Comfortable, Suitable For Summer Wear, Suitable For Beach, Street, Daily Activities, Work, Office Gatherings And Other Occasions White",S$0.90,SAVE S$0.90,FALSE,1,FALSE,FALSE,短语边界匹配：标题连字符归一为空格，支持空格/连字符变体,Round Neck
design_element,round neck,431188184,"1pc Women's Summer Round Neck Short Sleeve T-Shirt, Vacation Style Printed, Casual Loose Fit, Comfortable, Suitable For Summer Wear, Suitable For Beach, Street, Daily Activities, Work, Office Gatherings And Other Occasions Pink",S$5.99,472 sold,TRUE,1,FALSE,FALSE,短语边界匹配：标题连字符归一为空格，支持空格/连字符变体,Round Neck
design_element,round neck,432425159,"Women's New Casual Cute Pattern Loose Fit Round Neck Short Sleeve T-Shirt, Fashionable Daily & Holiday Wear. Suitable For Holidays, Back To School, Teacher's Day, Etc. Letter Print Soft, Loose & Comfortable High-End Casual Street Style Relaxed Fit Short Sleeve Top Pink Summer",S$0.82,SAVE S$0.82,FALSE,2,TRUE,FALSE,短语边界匹配：标题连字符归一为空格，支持空格/连字符变体,Round Neck
design_element,round neck,432950615,"Women's Summer New Casual Slogan Print Loose Fit Round Neck Short Sleeve T-Shirt, Fashionable Daily Vacation Wear, Suitable For Everyday And Vacation",S$7.49,5.1k+ sold,TRUE,1,FALSE,FALSE,短语边界匹配：标题连字符归一为空格，支持空格/连字符变体,Round Neck
design_element,round neck,433267107,Resyla Women's Round Neck Striped Casual Versatile Daily Wear Short Sleeve T-Shirt,S$0.97,SAVE S$0.97,FALSE,1,FALSE,FALSE,短语边界匹配：标题连字符归一为空格，支持空格/连字符变体,Round Neck
design_element,round neck,433321913,"1pc Women's Loose Fit Round Neck Short Sleeve T-Shirt, ""After Work"" Funny Cat Print Theme T-Shirt Pink",S$5.99,814 sold,TRUE,1,FALSE,FALSE,短语边界匹配：标题连字符归一为空格，支持空格/连字符变体,Round Neck
design_element,round neck,433686482,"Women's Casual Mid-Sleeve T-Shirt, Solid Color Round Neck T-Shirt, Ladies Top, Premium Crafted Neckline Spring Black",S$6.30,2.4k+ sold,TRUE,1,FALSE,FALSE,短语边界匹配：标题连字符归一为空格，支持空格/连字符变体,Round Neck
design_element,round neck,434416360,"Women's Tropical Sea Turtle Print Loose Casual Round Neck Short Sleeve Vacation Top, Summer",S$4.49,106 sold,TRUE,1,FALSE,FALSE,短语边界匹配：标题连字符归一为空格，支持空格/连字符变体,Round Neck
design_element,round neck,435319975,"Women's Pink Lily Flower Pattern Short Sleeve Round Neck T-Shirt, With Regular Hem And Slightly Stretchy Fabric, Loose Fit Short Sleeve Summer Beach Vacation T-Shirt, Retro Versatile Casual Holiday Top, Vacation Outfit Gift",S$5.45,143 sold,TRUE,1,FALSE,FALSE,短语边界匹配：标题连字符归一为空格，支持空格/连字符变体,Round Neck
design_element,round neck,435397552,"Women's Casual Iced Coffee & Sunshine Print Loose Fit Round Neck Short Sleeve T-Shirt, Beach Wear Summer",S$8.99,77 sold,TRUE,1,FALSE,FALSE,短语边界匹配：标题连字符归一为空格，支持空格/连字符变体,Round Neck
design_element,round neck,436152829,"Women's Summer Turtle, Floral & Letter Print Casual Loose Round Neck Beach Vacation T-Shirt",S$4.49,768 sold,TRUE,1,FALSE,FALSE,短语边界匹配：标题连字符归一为空格，支持空格/连字符变体,Round Neck
design_element,round neck,436424478,"Women's Round Neck Short Sleeve T-Shirt, New Summer Cherry Blossom Pattern And Letter Print, Casual Loose Versatile Top, Fashionable Daily Wear White",S$7.67,167 sold,TRUE,1,FALSE,FALSE,短语边界匹配：标题连字符归一为空格，支持空格/连字符变体,Round Neck
design_element,round neck,437431492,"Women's New Summer Casual Short Sleeve Round Neck Top, Featuring Unique ""Forever Strawberry Field"" Pattern, Soft, Loose And Comfortable, High-End Streetwear And Resort Style, Versatile Loose Casual Short Sleeve Top, College Style For Spring And Autumn",S$1.04,SAVE S$1.04,FALSE,1,FALSE,FALSE,短语边界匹配：标题连字符归一为空格，支持空格/连字符变体,Round Neck
design_element,round neck,441697896,"Summer American Retro Front & Back Print Round Neck Short Sleeve T-Shirt For Women, Loose Fit Slimming Toast Letter Graphic Casual Versatile Top Pink",S$0.58,SAVE S$0.58,FALSE,1,FALSE,FALSE,短语边界匹配：标题连字符归一为空格，支持空格/连字符变体,Round Neck
design_element,round neck,442810545,"Lalippa Teacher's Day Digitally Printed Fashionable Minimalist Oversized Mid-Length Round Neck Drop Shoulder Women's T-Shirt, Gift For Friends",S$9.99,7.3k+ sold,TRUE,1,FALSE,FALSE,短语边界匹配：标题连字符归一为空格，支持空格/连字符变体,Round Neck
design_element,round neck,442865619,"2026 Summer New Women's Retro Washed Japanese Koi Fish Print Round Neck Short Sleeve T-Shirt, Casual Loose Comfortable Daily Top Black",S$6.67,,FALSE,1,FALSE,FALSE,短语边界匹配：标题连字符归一为空格，支持空格/连字符变体,Round Neck
design_element,round neck,443075320,"EMERY ROSE Women's Floral Print Round Neck Short Sleeve T-Shirt, Fashionable For Vacation",S$7.49,2.1k+ sold,TRUE,1,FALSE,FALSE,短语边界匹配：标题连字符归一为空格，支持空格/连字符变体,Round Neck
design_element,round neck,443355300,Summer New Casual Minimalist Versatile Holiday Beach Printed Round Neck Short Sleeve T-Shirt For Women Pink,S$5.36,1.2k+ sold,TRUE,1,FALSE,FALSE,短语边界匹配：标题连字符归一为空格，支持空格/连字符变体,Round Neck
design_element,round neck,443370873,"Women's New Summer Casual Short Sleeve Round Neck Top, Printed With ""My Cup Overflows With Blessings"" Bible Verse, Soft, Loose And Comfortable, High-End Street & Resort Style Relaxed Versatile Short Sleeve Blouse Pink",S$0.90,SAVE S$0.90,FALSE,1,FALSE,FALSE,短语边界匹配：标题连字符归一为空格，支持空格/连字符变体,Round Neck
design_element,round neck,444491683,"3pcs Women's New Casual Cute Tequila Print Short Sleeve T-Shirt, Loose Versatile Round Neck Tee, Fashion Daily & Holiday Wear Summer",S$2.28,SAVE S$2.28,FALSE,1,FALSE,FALSE,短语边界匹配：标题连字符归一为空格，支持空格/连字符变体,Round Neck
design_element,round neck,444669237,"1pc Women's Summer Loose Round Neck Short Sleeve T-Shirt, With ""Queen Of Hearts"" Red Wine Themed Print, Suitable For Office, Outings, Daily Wear, Dates, Parties, Gatherings, Streetwear Casual Pink",S$6.49,936 sold,TRUE,1,FALSE,FALSE,短语边界匹配：标题连字符归一为空格，支持空格/连字符变体,Round Neck
design_element,round neck,444771143,"Franclia Women's Contrast Color Elegant Round Neck Short Sleeve Casual Knit T-Shirt,Black Summer Everyday Ladies' Office Commuting Outfit Outdoor Top",S$6.49,2.7k+ sold,TRUE,1,FALSE,FALSE,短语边界匹配：标题连字符归一为空格，支持空格/连字符变体,Round Neck
design_element,round neck,445209541,"Women's Casual Short Sleeve Round Neck T-Shirt - Printed Pattern, Soft & Comfortable Fabric, Machine Washable, Summer Tops",S$5.99,8.7k+ sold,TRUE,3,TRUE,TRUE,短语边界匹配：标题连字符归一为空格，支持空格/连字符变体,Round Neck
design_element,round neck,445894971,"Summer New Minimalist Fashion Ins Sea Turtle Print Casual Round Neck Short Sleeve T-Shirt, Versatile And Suitable For Women Pink",S$0.90,SAVE S$0.90,FALSE,1,FALSE,FALSE,短语边界匹配：标题连字符归一为空格，支持空格/连字符变体,Round Neck
design_element,round neck,446442445,"Women's Round Neck Short Sleeve T-Shirt, New Summer Cherry Blossom & Letter Print, Casual Loose Versatile Top, Fashionable Daily Wear White",S$0.75,SAVE S$0.75,FALSE,1,FALSE,FALSE,短语边界匹配：标题连字符归一为空格，支持空格/连字符变体,Round Neck
design_element,round neck,446443877,"Women's Casual Short Sleeve Round Neck T-Shirt - Printed Pattern, Soft & Comfortable Fabric, Machine Washable, Summer Tops Pink",S$5.99,368 sold,TRUE,1,FALSE,FALSE,短语边界匹配：标题连字符归一为空格，支持空格/连字符变体,Round Neck
design_element,round neck,446728662,"Women's Sweet Cherry Pie Letter Print Short Sleeve T-Shirt, Round Neck Front & Back Double Print, Casual Sweet & Cool Street Style Top White Summer",S$0.75,SAVE S$0.75,FALSE,1,FALSE,FALSE,短语边界匹配：标题连字符归一为空格，支持空格/连字符变体,Round Neck
design_element,round neck,446819389,"Women's Loose Fit Round Neck Short Sleeve T-Shirt, American Vintage Western Style Letter Print, Casual Versatile Top For Summer White",S$3.99,693 sold,TRUE,2,TRUE,TRUE,短语边界匹配：标题连字符归一为空格，支持空格/连字符变体,Round Neck
design_element,round neck,446958294,"Fitted Cropped Round Neck Short Sleeve Baby Tee, American Y2K Sexy Basic Midriff-Baring T-Shirt Casual Red Summer",S$0.84,SAVE S$0.84,FALSE,2,TRUE,FALSE,短语边界匹配：标题连字符归一为空格，支持空格/连字符变体,Round Neck
design_element,round neck,447744667,Women's Round Neck Letter Print Casual Versatile Daily Wear Short Sleeve T-Shirt Summer,S$1.33,Save S$1.33,FALSE,1,FALSE,FALSE,短语边界匹配：标题连字符归一为空格，支持空格/连字符变体,Round Neck
design_element,round neck,449164686,New Summer Z-Gen Y2K Style Women's Funny Red Motorcycle Floral Print Round Neck Short Sleeve T-Shirt Casual White,S$1.80,SAVE S$1.80,FALSE,1,FALSE,FALSE,短语边界匹配：标题连字符归一为空格，支持空格/连字符变体,Round Neck
design_element,round neck,449920846,"Es Trus Women's Summer Funny Graphic Tee, Streetwear Cartoon Portrait Letter Print, Comfortable Retro Basic Casual Commute Multipurpose Y2K Style Top, Regular Niche Punk Slim Fit Black Round Neck Short Sleeve Washed T-Shirt",S$4.49,High Repeat Customers,FALSE,2,TRUE,FALSE,短语边界匹配：标题连字符归一为空格，支持空格/连字符变体,Round Neck
design_element,round neck,450132983,"1pc Women's Summer Round Neck Short Sleeve T-Shirt Top With ""Matcha Lover's Club"" Beverage English Print Pattern Casual",S$5.63,90 sold,TRUE,1,FALSE,FALSE,短语边界匹配：标题连字符归一为空格，支持空格/连字符变体,Round Neck
design_element,round neck,450192486,"Women's Round Neck Short Sleeve T-Shirt, New Summer Bow, Cherry Pattern And Letter Print Fashion Slim Fit Cropped Top White",S$3.93,53 sold,TRUE,1,FALSE,FALSE,短语边界匹配：标题连字符归一为空格，支持空格/连字符变体,Round Neck
design_element,round neck,451457792,"Ukiyo-E Koi Fish Print Short Sleeve T-Shirt, Women's Loose Fit Round Neck Casual Versatile Top For Summer Black",S$4.03,,FALSE,1,FALSE,FALSE,短语边界匹配：标题连字符归一为空格，支持空格/连字符变体,Round Neck
design_element,round neck,451942938,Resyla Women's Fashionable Versatile Floral Print Round Neck Short Sleeve T-Shirt,S$7.99,9k+ sold,TRUE,1,FALSE,FALSE,短语边界匹配：标题连字符归一为空格，支持空格/连字符变体,Round Neck
design_element,round neck,452285426,"Women's Casual Short Sleeve Round Neck T-Shirt - Printed Pattern, Soft & Comfortable Fabric, Machine Washable, Summer Tops Pink",S$5.99,69 sold,TRUE,1,FALSE,FALSE,短语边界匹配：标题连字符归一为空格，支持空格/连字符变体,Round Neck
design_element,round neck,452416362,"3pcs Women's New Casual Cute Pattern Loose Versatile Round Neck Short Sleeve T-Shirt, Fashionable Daily & Holiday Wear Summer",S$1.59,SAVE S$1.59,FALSE,1,FALSE,FALSE,短语边界匹配：标题连字符归一为空格，支持空格/连字符变体,Round Neck
design_element,round neck,453441237,"3pcs Women's New Casual Cute Pattern Loose Versatile Round Neck Short Sleeve T-Shirt, Fashionable Daily Vacation Wear Summer",S$3.30,SAVE S$3.30,FALSE,1,FALSE,FALSE,短语边界匹配：标题连字符归一为空格，支持空格/连字符变体,Round Neck
design_element,round neck,454003553,"Women's Summer New Letter Print Round Neck Short Sleeve T-Shirt, Casual Loose Versatile Top For Daily Wear Pink",S$0.40,SAVE S$0.40,FALSE,1,FALSE,FALSE,短语边界匹配：标题连字符归一为空格，支持空格/连字符变体,Round Neck
design_element,round neck,454414083,"Women's Summer New Letter Print Round Neck Short Sleeve T-Shirt, Casual Loose Versatile Top For Daily Wear",S$0.40,SAVE S$0.40,FALSE,1,FALSE,FALSE,短语边界匹配：标题连字符归一为空格，支持空格/连字符变体,Round Neck
design_element,round neck,454464776,"Street Style Skateboard & Letter Print Loose Fit Round Neck Short Sleeve T-Shirt, Casual Graffiti Pattern Summer Streetwear Pink",S$5.00,62 sold,TRUE,2,TRUE,TRUE,短语边界匹配：标题连字符归一为空格，支持空格/连字符变体,Round Neck
design_element,round neck,455060662,"2026 New Fashion Black Floral ""MAMA"" Print Round Neck Short Sleeve T-Shirt Casual Summer",S$2.58,SAVE S$2.58,FALSE,1,FALSE,FALSE,短语边界匹配：标题连字符归一为空格，支持空格/连字符变体,Round Neck
design_element,round neck,456391577,"1pc Women's Summer Round Neck Short Sleeve T-Shirt, Vacation Style Printed, Casual Loose Fit, Comfortable, Suitable For Summer Wear, Beach, Street, Daily Activities, Work, Office Gatherings, Etc. White",S$0.75,SAVE S$0.75,FALSE,1,FALSE,FALSE,短语边界匹配：标题连字符归一为空格，支持空格/连字符变体,Round Neck
design_element,round neck,456536763,"SHEIN EZwear Women's Striped Round Neck Short Sleeve Contrast Color Oversized T-Shirt,Beige Summer Casual School Top,Fashionable Elegant Y2K Style For Commute",S$7.49,14.4k+ sold,TRUE,2,TRUE,TRUE,短语边界匹配：标题连字符归一为空格，支持空格/连字符变体,Round Neck
design_element,round neck,456606216,"Summer Sexy Printed Fitted Cropped Short Sleeve T-Shirt, Women's Round Neck Tight Midriff-Baring Casual Street Top Black",S$0.52,SAVE S$0.52,FALSE,1,FALSE,FALSE,短语边界匹配：标题连字符归一为空格，支持空格/连字符变体,Round Neck
design_element,round neck,457740284,"Women's Summer New Letter Print Casual Vacation Loose Versatile Round Neck Beige Short Sleeve T-Shirt, Fashionable Everyday Top, Suitable For Daily Wear",S$0.78,SAVE S$0.78,FALSE,2,TRUE,FALSE,短语边界匹配：标题连字符归一为空格，支持空格/连字符变体,Round Neck
design_element,round neck,460034810,"1pc Women's Summer Round Neck Short Sleeve T-Shirt Top With ""Brain And Heart Anatomy"" BALANCE English Print Pattern, Suitable For Street, Daily, Work, Office Party, Outing, Holiday Occasions Casual Black",S$0.96,SAVE S$0.96,FALSE,1,FALSE,FALSE,短语边界匹配：标题连字符归一为空格，支持空格/连字符变体,Round Neck
design_element,round neck,461195890,"Women's Round Neck Short Sleeve T-Shirt, New Summer Fashion Letter Print Slim Fit Cropped Top, Everyday Wear Casual Black",S$3.93,101 sold,TRUE,1,FALSE,FALSE,短语边界匹配：标题连字符归一为空格，支持空格/连字符变体,Round Neck
design_element,round neck,462225485,"1pc Women's Summer Round Neck Short Sleeve T-Shirt, Vacation Style Printed, Casual Loose Fit, Comfortable, Suitable For Summer Wear, Beach, Street, Daily Activities, Work, Office Gatherings, Etc. White",S$0.46,SAVE S$0.46,FALSE,1,FALSE,FALSE,短语边界匹配：标题连字符归一为空格，支持空格/连字符变体,Round Neck
design_element,round neck,462736583,"Summer Casual Matcha Club Print Short Sleeve T-Shirt, Women's Round Neck Front & Back Double Print Daily Commute Streetwear Top Vacation Black",S$0.35,SAVE S$0.35,FALSE,1,FALSE,FALSE,短语边界匹配：标题连字符归一为空格，支持空格/连字符变体,Round Neck
design_element,round neck,464242954,Resyla Casual Minimalist Whale Pattern Round Neck Short Sleeve T-Shirt,S$6.99,1.7k+ sold,TRUE,1,FALSE,FALSE,短语边界匹配：标题连字符归一为空格，支持空格/连字符变体,Round Neck
design_element,round neck,469428072,"Divinelle White And Brown Striped Bowknot Print Sweatshirt For Women,Autumn Casual School Back-To-School Round Neck Long Sleeve Loose Lightweight Pullover",S$12.49,805 sold,TRUE,3,TRUE,TRUE,短语边界匹配：标题连字符归一为空格，支持空格/连字符变体,Round Neck
design_element,round neck,474920811,"Basic Solid Color Slim Fit Cropped Top, Y2K Aesthetic Baby Tee, Casual Round Neck Short Sleeve, Essential For Minimalist Street Style",S$3.81,218 sold,TRUE,1,FALSE,FALSE,短语边界匹配：标题连字符归一为空格，支持空格/连字符变体,Round Neck
design_element,ruched,11673771,SHEIN EZwear Ruched Front Button Up Shirt,S$2.10,SAVE S$2.10,FALSE,1,FALSE,FALSE,短语边界匹配：标题连字符归一为空格，支持空格/连字符变体,Ruched
design_element,ruched,16496275,BamGleam Mock Neck Ruched Tank Top,S$7.67,18.2k+ sold,TRUE,1,FALSE,FALSE,短语边界匹配：标题连字符归一为空格，支持空格/连字符变体,Ruched
design_element,ruched,16954776,SHEIN MOD Summer Casual Solid Backless Ruched Halter Top,S$8.49,1.9k+ sold,TRUE,1,FALSE,FALSE,短语边界匹配：标题连字符归一为空格，支持空格/连字符变体,Ruched
design_element,ruched,33331284,"SHEIN EZwear Ladies' Solid Color Ruched Biker Shorts, Summer Biking,Yoga Sports",S$5.99,31.7k+ sold,TRUE,1,FALSE,FALSE,短语边界匹配：标题连字符归一为空格，支持空格/连字符变体,Ruched
design_element,ruched,34465554,Qadelle Women's Solid Color Side Ruched Sleeveless Top 3-Piece Set For Summer,S$15.49,1.2k+ sold,TRUE,1,FALSE,FALSE,短语边界匹配：标题连字符归一为空格，支持空格/连字符变体,Ruched
design_element,ruched,51397077,"Sweetra Black Single-Breasted Waistcoat, Ruched Wide Leg Pants Co-Ord Set",S$25.64,7.4k+ sold,TRUE,1,FALSE,FALSE,短语边界匹配：标题连字符归一为空格，支持空格/连字符变体,Ruched
design_element,ruched,62883186,"SHEIN EZwear 2pcs/Set Women Bodycon Ruched Cami Top Set With Padded Bust, Suitable For Summer, Built-In Bra",S$13.49,3.5k+ sold,TRUE,1,FALSE,FALSE,短语边界匹配：标题连字符归一为空格，支持空格/连字符变体,Ruched
design_element,ruched,73740419,Sweetra Y2K Sexy Sling Lace Trim Pleated Ruched Clothes Set,S$16.99,10.7k+ sold,TRUE,1,FALSE,FALSE,短语边界匹配：标题连字符归一为空格，支持空格/连字符变体,Ruched
design_element,ruched,83300458,Glimmora Women's New Summer Slant Shoulder Bow Embroidered Ruched Fitted Slim Asymmetrical Neck T-Shirt,S$5.99,28.3k+ sold,TRUE,1,FALSE,FALSE,短语边界匹配：标题连字符归一为空格，支持空格/连字符变体,Ruched
design_element,ruched,92109674,"Sweetra Women's Fitted Ruched Top, Suitable For Summer",S$1.75,SAVE S$1.75,FALSE,1,FALSE,FALSE,短语边界匹配：标题连字符归一为空格，支持空格/连字符变体,Ruched
design_element,ruched,100304018,"Sweetra Women's Solid Color Ruched Scoop Neck Slim Fit Tank Top, Summer Fashion",S$17.99,28.6k+ sold,TRUE,1,FALSE,FALSE,短语边界匹配：标题连字符归一为空格，支持空格/连字符变体,Ruched
design_element,ruched,110131255,"Sweetra Women Casual Ruched Square Neck Camisole Top, Summer",S$15.99,1.8k+ sold,TRUE,2,TRUE,TRUE,短语边界匹配：标题连字符归一为空格，支持空格/连字符变体,Ruched
design_element,ruched,110131689,"Sweetra Women Casual Square Neck Ruched Cami Top, Summer",S$1.95,SAVE S$1.95,FALSE,1,FALSE,FALSE,短语边界匹配：标题连字符归一为空格，支持空格/连字符变体,Ruched
design_element,ruched,149300382,"SHEIN EZwear Casual Minimalist Solid White Square Neck Ruched Bust Pad Bra-Free Camisole, Suitable For Summer Travel & Vacation, Built-In Bra",S$9.49,12.4k+ sold,TRUE,1,FALSE,FALSE,短语边界匹配：标题连字符归一为空格，支持空格/连字符变体,Ruched
design_element,ruched,163688058,"Resyla Women's Casual Ruched Short Sleeve T-Shirt, Versatile For Summer",S$2.09,SAVE S$2.09,FALSE,1,FALSE,FALSE,短语边界匹配：标题连字符归一为空格，支持空格/连字符变体,Ruched
design_element,ruched,165995367,"SHEIN EZwear 3pcs Casual Minimalist Versatile Sexy Women's Square Neck Ruched Waist Tank Top, Suitable For Summer , Built-In Bra",S$22.49,5.5k+ sold,TRUE,1,FALSE,FALSE,短语边界匹配：标题连字符归一为空格，支持空格/连字符变体,Ruched
design_element,ruched,186421929,"Firerie Navy Blue Summer Elegant Office Women's Linen Blouse,Crinkle Collar Asymmetrical Sleeve Side Ruched Cinched Waist Bamboo Fiber Commuter Vacation Top",S$1.14,SAVE S$1.14,FALSE,1,FALSE,FALSE,短语边界匹配：标题连字符归一为空格，支持空格/连字符变体,Ruched
design_element,ruched,187076742,Sweetra Women's Solid Color Y2K Sexy Mock Neck Ruched Long Sleeve T-Shirt,S$14.99,19.9k+ sold,TRUE,1,FALSE,FALSE,短语边界匹配：标题连字符归一为空格，支持空格/连字符变体,Ruched
design_element,ruched,223242725,"Tseoso 2pcs Women's Casual Crew Neck Ruched Waist Fitted Tank Top Set,95% Cotton Black And White,Summer,Casual,Everyday Softgirl Vintage Cute Fall Clothes",S$11.49,4.7k+ sold,TRUE,1,FALSE,FALSE,短语边界匹配：标题连字符归一为空格，支持空格/连字符变体,Ruched
design_element,ruched,245480821,"Franclia Petite Black Winter Elegant Modest Work Office High-Waisted Ruched Detail Trousers,Tailored Silhouette,Wrinkle-Resistant Versatile Casual Pants",S$16.49,1.7k+ sold,TRUE,1,FALSE,FALSE,短语边界匹配：标题连字符归一为空格，支持空格/连字符变体,Ruched
design_element,ruched,291475547,"INAWLY 3pcs Women Fitted Ruched T-Shirt Set,All Shades Of Brown,Summer,Casual,Everyday,Short Sleeve Outdoor Tops,Champagne,Mocha Brown,Black,Back To School",S$14.49,63.2k+ sold,TRUE,1,FALSE,FALSE,短语边界匹配：标题连字符归一为空格，支持空格/连字符变体,Ruched
design_element,ruched,327502937,"New Fashionable Elegant Solid Color Casual Versatile Waist Ruched T-Shirt, Suitable For Daily, School, Beach, Vacation, And Home Wear White Summer",S$6.99,37.4k+ sold,TRUE,1,FALSE,FALSE,短语边界匹配：标题连字符归一为空格，支持空格/连字符变体,Ruched
design_element,ruched,374809474,"Franclia Women's Elegent Light Beige Summer 2-Piece Set,Casual Black Ruched Asymmetric-Shoulder Tight Top&Drawstring Shorts Skirt Suit For Brunch And Vacation",S$16.49,3.4k+ sold,TRUE,1,FALSE,FALSE,短语边界匹配：标题连字符归一为空格，支持空格/连字符变体,Ruched
design_element,ruched,382155297,"Franclia Women's Elegant Halter Neck Ruched Crop Tank Top Bra Free Comfortable Fabric Summer,Night Out,All Shades Of Brown Casual Blouses Festival Y2k Top",S$16.49,5.2k+ sold,TRUE,1,FALSE,FALSE,短语边界匹配：标题连字符归一为空格，支持空格/连字符变体,Ruched
design_element,ruched,394948737,Franclia Stylish Apricot Sleeveless Ruched Blouse For Women Elegant Halter Neck Design,S$7.49,12.3k+ sold,TRUE,1,FALSE,FALSE,短语边界匹配：标题连字符归一为空格，支持空格/连字符变体,Ruched
design_element,ruched,398830422,EMERY ROSE 3pcs Women's Casual Everyday Commute Minimalist Solid Color Ruched Fitted Short Sleeve T-Shirts Occasion White And Brown Summer,S$13.49,38.7k+ sold,TRUE,1,FALSE,FALSE,短语边界匹配：标题连字符归一为空格，支持空格/连字符变体,Ruched
design_element,ruched,422670632,"Women's Casual Short Top, Solid Gray Color, Side Ruched Design, Stretchy Fabric, Round Neck Short Sleeve T-Shirt, Minimalist Style, Suitable For Daily Casual Wear, Hanging Out With Friends, Spring/Summer Matching, Shopping And Traveling",S$0.58,SAVE S$0.58,FALSE,1,FALSE,FALSE,短语边界匹配：标题连字符归一为空格，支持空格/连字符变体,Ruched
design_element,ruched,425305107,DAZY Women's Solid Color Cold-Shoulder Ruched Asymmetric Neck Short Sleeve T-Shirt Summer,S$1.10,SAVE S$1.10,FALSE,1,FALSE,FALSE,短语边界匹配：标题连字符归一为空格，支持空格/连字符变体,Ruched
design_element,ruched,427898089,"Aloruh 2pcs Casual Elegant Deep V Ruched Short Sleeve Top, Loose Tight Bottom Women T-Shirt, V-Neck Versatile For Spring,Summer Women's Tops",S$11.99,3.6k+ sold,TRUE,1,FALSE,FALSE,短语边界匹配：标题连字符归一为空格，支持空格/连字符变体,Ruched
design_element,ruffle hem,114067324,Aloruh Women Solid Open Back Tie Halter Neck Ruffle Hem Mini Dress,S$16.49,38.8k+ sold,TRUE,1,FALSE,FALSE,短语边界匹配：标题连字符归一为空格，支持空格/连字符变体,Ruffle Hem
design_element,ruffle hem,230149140,Sweetra Women's Summer Solid Color Ruffle Hem Tie Waist Short Sleeve Blouse,S$12.99,17.9k+ sold,TRUE,2,TRUE,TRUE,短语边界匹配：标题连字符归一为空格，支持空格/连字符变体,Ruffle Hem
design_element,ruffle hem,292377197,"Sweetra Women's Solid Color Minimalist Sleeveless Ruffle Hem Tank Top, Everyday Wear",S$2.01,SAVE S$2.01,FALSE,1,FALSE,FALSE,短语边界匹配：标题连字符归一为空格，支持空格/连字符变体,Ruffle Hem
design_element,scoop neck,1977757,SHEIN BASICS Scoop Neck Solid Tank Top/Summer Tops For Women Black Tops,S$5.99,1k+ sold,TRUE,1,FALSE,FALSE,短语边界匹配：标题连字符归一为空格，支持空格/连字符变体,Scoop Neck
design_element,scoop neck,53730423,SHEIN BASICS 3pcs Solid Color Knitted Long Sleeve Slim Fit Scoop Neck Cropped Women T-Shirts Tops For Women,S$13.49,5.5k+ sold,TRUE,1,FALSE,FALSE,短语边界匹配：标题连字符归一为空格，支持空格/连字符变体,Scoop Neck
design_element,scoop neck,88698711,"Sweetra Women Casual Pleated Scoop Neck Tank Top, Summer",S$14.99,11.8k+ sold,TRUE,1,FALSE,FALSE,短语边界匹配：标题连字符归一为空格，支持空格/连字符变体,Scoop Neck
design_element,scoop neck,100304018,"Sweetra Women's Solid Color Ruched Scoop Neck Slim Fit Tank Top, Summer Fashion",S$17.99,28.6k+ sold,TRUE,1,FALSE,FALSE,短语边界匹配：标题连字符归一为空格，支持空格/连字符变体,Scoop Neck
design_element,scoop neck,157210594,"Sweetra Women's Casual Pleated Scoop Neck Tank Top, Summer",S$16.49,2.1k+ sold,TRUE,2,TRUE,TRUE,短语边界匹配：标题连字符归一为空格，支持空格/连字符变体,Scoop Neck
design_element,scoop neck,242735557,"Sweetra Women's Casual Pleated Scoop Neck Tank Top, Summer",S$15.67,11.8k+ sold,TRUE,1,FALSE,FALSE,短语边界匹配：标题连字符归一为空格，支持空格/连字符变体,Scoop Neck
design_element,scoop neck,292473539,"Sweetra Women's Casual Pleated Scoop Neck Tank Top, Summer",S$1.92,SAVE S$1.92,FALSE,1,FALSE,FALSE,短语边界匹配：标题连字符归一为空格，支持空格/连字符变体,Scoop Neck
design_element,scoop neck,319724101,"Sweetra 2pcs Women Casual Scoop Neck Knit Tank Top Set, Apricot And Coffee Brown, Autumn",S$2.99,SAVE S$2.99,FALSE,2,TRUE,FALSE,短语边界匹配：标题连字符归一为空格，支持空格/连字符变体,Scoop Neck
design_element,scoop neck,350753790,"Sweetra 2pcs Women Casual Scoop Neck Knit Tank Top Set, Apricot And Coffee Brown, Autumn",S$11.59,4k+ sold,TRUE,1,FALSE,FALSE,短语边界匹配：标题连字符归一为空格，支持空格/连字符变体,Scoop Neck
design_element,scoop neck,372003782,"INAWLY Women's Sexy Cropped Short Sleeve Scoop Neck T-Shirt, Casual",S$5.99,4.6k+ sold,TRUE,1,FALSE,FALSE,短语边界匹配：标题连字符归一为空格，支持空格/连字符变体,Scoop Neck
design_element,scoop neck,431647020,"Sweetra Women's Casual Pleated Scoop Neck Tank Top, Summer",S$1.86,SAVE S$1.86,FALSE,1,FALSE,FALSE,短语边界匹配：标题连字符归一为空格，支持空格/连字符变体,Scoop Neck
design_element,slim fit,2870075,SHEIN EZwear Summer 3 Packs Rib-Knit Slim Fit Base Tank Top,S$16.49,11k+ sold,TRUE,1,FALSE,FALSE,短语边界匹配：标题连字符归一为空格，支持空格/连字符变体,Slim Fit
design_element,slim fit,30975239,"SHEIN EZwear 4pcs Simple Slim-Fit Casual Crop Cami Top, Summer Back To School",S$1.62,SAVE S$1.62,FALSE,1,FALSE,FALSE,短语边界匹配：标题连字符归一为空格，支持空格/连字符变体,Slim-Fit
design_element,slim fit,31296868,"SHEIN EZwear 3pcs Casual Camisole Set, Versatile Sexy Slim Fit Women Tank Top For Summer",S$10.49,31.8k+ sold,TRUE,1,FALSE,FALSE,短语边界匹配：标题连字符归一为空格，支持空格/连字符变体,Slim Fit
design_element,slim fit,31296889,"SHEIN EZwear 3pcs Casual Camisole Set, Versatile Slim Fit Tank Top For Women, Suitable For Summer",S$10.49,31.8k+ sold,TRUE,1,FALSE,FALSE,短语边界匹配：标题连字符归一为空格，支持空格/连字符变体,Slim Fit
design_element,slim fit,31307565,"SHEIN EZwear 3pcs Casual Sexy Camisole Tank Top Set, Slim Fit For Summer, Summer Outfits , Beach Outfits For Women, Summer Holiday Outfits, Holiday Outfits",S$10.49,31.8k+ sold,TRUE,1,FALSE,FALSE,短语边界匹配：标题连字符归一为空格，支持空格/连字符变体,Slim Fit
design_element,slim fit,33305072,Sweetra Solid Color Funnel Neck Slim Fit T-Shirt For Summer,S$12.49,42.6k+ sold,TRUE,1,FALSE,FALSE,短语边界匹配：标题连字符归一为空格，支持空格/连字符变体,Slim Fit
design_element,slim fit,33424508,SHEIN Unity Women Summer Solid Color Square Neck Pleated Slim Fit Tank Top,S$5.99,49.6k+ sold,TRUE,1,FALSE,FALSE,短语边界匹配：标题连字符归一为空格，支持空格/连字符变体,Slim Fit
design_element,slim fit,33691961,"XLLAIS Women's Solid Color Square Neck Sleeveless Tank Top, Slim Fit Casual Wear, Black, Spring/Summer",S$9.49,4.9k+ sold,TRUE,2,TRUE,TRUE,短语边界匹配：标题连字符归一为空格，支持空格/连字符变体,Slim Fit
design_element,slim fit,34277237,DAZY Women's Summer Solid Color Slim Fit Ribbed Round Neck Tank Top,S$1.10,SAVE S$1.10,FALSE,1,FALSE,FALSE,短语边界匹配：标题连字符归一为空格，支持空格/连字符变体,Slim Fit
design_element,slim fit,34923195,SHEIN EZwear Summer 3 Packs Rib-Knit Slim Fit Base Tank Top,S$14.99,11k+ sold,TRUE,1,FALSE,FALSE,短语边界匹配：标题连字符归一为空格，支持空格/连字符变体,Slim Fit
design_element,slim fit,35519799,"SHEIN EZwear 3pcs/Pack Padded Square Neck Bra-Free Slim-Fit Women's Tank Top, Built-In Bra",S$24.49,5.5k+ sold,TRUE,1,FALSE,FALSE,短语边界匹配：标题连字符归一为空格，支持空格/连字符变体,Slim-Fit
design_element,slim fit,41285700,"SHEIN EZwear 3pcs Pack Slim Fit Long Sleeve Casual T-Shirts Fall Top For Ladies, Suitable For Summer And Autumn And Winter",S$13.49,12.1k+ sold,TRUE,1,FALSE,FALSE,短语边界匹配：标题连字符归一为空格，支持空格/连字符变体,Slim Fit
design_element,slim fit,43367316,"SHEIN EZwear 4pcs/Set Women Casual Round Neck Slim-Fit Short Sleeve T-Shirts, Suitable For Summer Suitable For Going Out",S$13.99,46.5k+ sold,TRUE,1,FALSE,FALSE,短语边界匹配：标题连字符归一为空格，支持空格/连字符变体,Slim-Fit
design_element,slim fit,43400974,DAZY 1pc Women Solid Color Crewneck Ribbed Slim Fit Casual Tank Top,S$8.49,17.5k+ sold,TRUE,2,TRUE,TRUE,短语边界匹配：标题连字符归一为空格，支持空格/连字符变体,Slim Fit
design_element,slim fit,44372033,Chiquease White Flowy Slim Fit Casual Straight Leg 7/8 Pants Fall Cloth For Women,S$1.43,SAVE S$1.43,FALSE,1,FALSE,FALSE,短语边界匹配：标题连字符归一为空格，支持空格/连字符变体,Slim Fit
design_element,slim fit,45379921,"SHEIN EZwear 3pcs/Set Casual Slim Fit Camisole Tank Tops For Women, Suitable For Summer Back To School",S$10.99,31.8k+ sold,TRUE,1,FALSE,FALSE,短语边界匹配：标题连字符归一为空格，支持空格/连字符变体,Slim Fit
design_element,slim fit,46504240,"SHEIN EZwear 3pcs Slim Fit Women Long Sleeve Casual T-Shirts, Suitable For Summer Autumn And Winter",S$1.88,SAVE S$1.88,FALSE,1,FALSE,FALSE,短语边界匹配：标题连字符归一为空格，支持空格/连字符变体,Slim Fit
design_element,slim fit,49262922,Sweetra Women Square Neck Ruching Slim Fit Camisole Tank Top,S$17.99,17.5k+ sold,TRUE,1,FALSE,FALSE,短语边界匹配：标题连字符归一为空格，支持空格/连字符变体,Slim Fit
design_element,slim fit,51551965,Sweetra Women's Solid Color Wide Strap Casual Slim Fit Tank Top,S$17.99,17.5k+ sold,TRUE,2,TRUE,TRUE,短语边界匹配：标题连字符归一为空格，支持空格/连字符变体,Slim Fit
design_element,slim fit,53730423,SHEIN BASICS 3pcs Solid Color Knitted Long Sleeve Slim Fit Scoop Neck Cropped Women T-Shirts Tops For Women,S$13.49,5.5k+ sold,TRUE,1,FALSE,FALSE,短语边界匹配：标题连字符归一为空格，支持空格/连字符变体,Slim Fit
design_element,slim fit,53741314,SHEIN BASICS 3pcs/Set Plain Knit Long Sleeve Slim Fit Square Collar Cropped Tee For Women,S$8.99,5.5k+ sold,TRUE,1,FALSE,FALSE,短语边界匹配：标题连字符归一为空格，支持空格/连字符变体,Slim Fit
design_element,slim fit,54679740,"Siren Gaze Women's White Sleeveless Geometric Textured Single-Breasted Slim Fit Top,Elegant Summmer Brunch Casual Shirt,Commuting Old Money Western Wear Blouses",S$11.99,24.3k+ sold,TRUE,1,FALSE,FALSE,短语边界匹配：标题连字符归一为空格，支持空格/连字符变体,Slim Fit
design_element,slim fit,59290966,Sweetra 3Pcs/Set Women Sexy Hollow Out & Backless Comfortable Moisture Wicking Slim Fit Short Sleeve T-Shirt Top,S$13.49,32.9k+ sold,TRUE,1,FALSE,FALSE,短语边界匹配：标题连字符归一为空格，支持空格/连字符变体,Slim Fit
design_element,slim fit,61817047,"Pariaura Collage Style Polo Collar Splice Short Sleeve T-Shirt For Women, Slim Fit Pullover Top, Spring/Summer",S$11.49,13.8k+ sold,TRUE,1,FALSE,FALSE,短语边界匹配：标题连字符归一为空格，支持空格/连字符变体,Slim Fit
design_element,slim fit,62526010,"Floreya Square Neck Camisole Top For Women, Casual Slim Fit Sleeveless Crop Top, Versatile For Summer, Autumn & Spring Black",S$7.99,36.2k+ sold,TRUE,1,FALSE,FALSE,短语边界匹配：标题连字符归一为空格，支持空格/连字符变体,Slim Fit
design_element,slim fit,85227956,Sweet Girl Puff Sleeve Lace Trim Tie Waist Slim Fit White Blouse Summer,S$16.99,10.1k+ sold,TRUE,2,TRUE,TRUE,短语边界匹配：标题连字符归一为空格，支持空格/连字符变体,Slim Fit
design_element,slim fit,90110877,"Sexy Women's Casual Elastic Skinny Slim Fit Capri Pants, Slimming Black Versatile Commuter Capri Pants, Y2K Style, Capri Pants, Spring & Summer",S$19.49,3.4k+ sold,TRUE,2,TRUE,TRUE,短语边界匹配：标题连字符归一为空格，支持空格/连字符变体,Slim Fit
design_element,slim fit,93333881,SHEIN EZwear 5pcs/Pack Basic Solid Color Slim Fit Short Sleeve T-Shirt,S$2.40,Save S$2.40,FALSE,1,FALSE,FALSE,短语边界匹配：标题连字符归一为空格，支持空格/连字符变体,Slim Fit
design_element,slim fit,100304018,"Sweetra Women's Solid Color Ruched Scoop Neck Slim Fit Tank Top, Summer Fashion",S$17.99,28.6k+ sold,TRUE,1,FALSE,FALSE,短语边界匹配：标题连字符归一为空格，支持空格/连字符变体,Slim Fit
design_element,slim fit,105122531,"Sweetra Women's Elegant French Style Polka Dot Bow Shoulder Tie Waist Slim Fit Casual Versatile Tank Top, Spring/Summer",S$8.49,40.6k+ sold,TRUE,1,FALSE,FALSE,短语边界匹配：标题连字符归一为空格，支持空格/连字符变体,Slim Fit
design_element,slim fit,133768982,"Aoqta Women's Sports Casual Knit Square Neck Backless Camisole Tank Top, Built-In Chest Pads, Solid Color Slim Fit, Suitable For Yoga, Training, Daily Wear",S$6.96,SAVE S$6.96,FALSE,1,FALSE,FALSE,短语边界匹配：标题连字符归一为空格，支持空格/连字符变体,Slim Fit
design_element,slim fit,155720085,MOTF PREMIUM SLIM FIT LONG SLEEVE T-SHIRT,S$1.72,Save S$1.72,FALSE,1,FALSE,FALSE,短语边界匹配：标题连字符归一为空格，支持空格/连字符变体,SLIM FIT
design_element,slim fit,156425461,"Glimmora Women's Polo Pattern Print Lightweight Jacket, Casual Street Sports Zip-Up Slim Fit Long Sleeve Coat, Autumn Fall Winter Cloth For Women",S$1.44,SAVE S$1.44,FALSE,1,FALSE,FALSE,短语边界匹配：标题连字符归一为空格，支持空格/连字符变体,Slim Fit
design_element,slim fit,238860947,"Vaiaye Women's Fashion Lingerie Style Top, Spring/Autumn/Summer Striped Print Round Neck Slim Fit Casual Vacation Sexy Camisole, Suitable For Beach & Daily Wear",S$7.49,48.1k+ sold,TRUE,1,FALSE,FALSE,短语边界匹配：标题连字符归一为空格，支持空格/连字符变体,Slim Fit
design_element,slim fit,281815540,"Resyla Women's Graphic Tee,Letter Print Black N White Summer New Arrival,Slim Fit Short Sleeve T-Shirt,Casual City Break Outdoor Wear,Back To School Picnic",S$6.49,17.5k+ sold,TRUE,1,FALSE,FALSE,短语边界匹配：标题连字符归一为空格，支持空格/连字符变体,Slim Fit
design_element,slim fit,310602079,"1pc Women's Slim Fit Straight Leg High Waist Elastic Waist Wide Leg Pants, Loose Fit For Running, Fitness, Yoga, Cycling, Streetwear, Casual Style, Machine Washable, Elegant Fashion Trousers, Versatile Daily Wear Black Spring Sports",S$10.99,5.4k+ sold,TRUE,1,FALSE,FALSE,短语边界匹配：标题连字符归一为空格，支持空格/连字符变体,Slim Fit
design_element,slim fit,345338096,"SHEIN Women's Casual Letter Print Short Sleeve Slim Fit T-Shirt, Summer",S$1.04,Save S$1.04,FALSE,1,FALSE,FALSE,短语边界匹配：标题连字符归一为空格，支持空格/连字符变体,Slim Fit
design_element,slim fit,360289262,"Joudiya Women's Fashionable Brown Slim Fit Cropped Spaghetti Strap Backless Camisole Tank Top, Suitable For Summer & Spring Y2k",S$0.96,Save S$0.96,FALSE,1,FALSE,FALSE,短语边界匹配：标题连字符归一为空格，支持空格/连字符变体,Slim Fit
design_element,slim fit,363753415,"Mint Green Regular Shoulder Short Sleeve T-Shirt For Women, Summer, Round Neck, Slim Fit, Chic American Style Versatile Sexy Top Casual",S$8.81,15.6k+ sold,TRUE,1,FALSE,FALSE,短语边界匹配：标题连字符归一为空格，支持空格/连字符变体,Slim Fit
design_element,slim fit,365502654,"Women's High Waist Slim Fit Wide Leg Pants | Bohemian Street Style | Suitable For Casual, Work Commute And Vacation In Spring/Summer Black",S$16.18,59.7k+ sold,TRUE,2,TRUE,TRUE,短语边界匹配：标题连字符归一为空格，支持空格/连字符变体,Slim Fit
design_element,slim fit,365502658,"Women's High Waist Slim Fit Wide Leg Pants In Khaki, Bohemian Street Style, Suitable For Casual, Work Commute And Vacation In Spring/Summer",S$15.76,59.7k+ sold,TRUE,1,FALSE,FALSE,短语边界匹配：标题连字符归一为空格，支持空格/连字符变体,Slim Fit
design_element,slim fit,365752192,"Women's High Waist Slim Fit Wide Leg Pants, Bohemian Street Style, Suitable For Casual, Work Commute And Vacation In Spring/Summer White",S$15.76,59.7k+ sold,TRUE,1,FALSE,FALSE,短语边界匹配：标题连字符归一为空格，支持空格/连字符变体,Slim Fit
design_element,slim fit,378518494,"SHEIN EZwear 3pcs Women's Summer V-Neck Tight T-Shirts, Punk Subculture Anime Solid Color Basic V-Neck Short Sleeve Slim Fit T-Shirts",S$1.74,SAVE S$1.74,FALSE,1,FALSE,FALSE,短语边界匹配：标题连字符归一为空格，支持空格/连字符变体,Slim Fit
design_element,slim fit,390748206,"Crew Neck Short Sleeve T-Shirt For Women, American Style Sexy Crop Top, Fitted Slim Fit Versatile Summer Top Vacation Casual White",S$5.99,1.9k+ sold,TRUE,1,FALSE,FALSE,短语边界匹配：标题连字符归一为空格，支持空格/连字符变体,Slim Fit
design_element,slim fit,393397281,"Women's High Waist Slim Fit Elegant Minimalist Office Pants, Women Apparel, Women's Bottoms Black Spring",S$11.99,7k+ sold,TRUE,2,TRUE,TRUE,短语边界匹配：标题连字符归一为空格，支持空格/连字符变体,Slim Fit
design_element,slim fit,409724146,"3pcs/Set Women's Square Neck Short Sleeve Solid Color Casual Slim Fit Summer T-Shirts, Y2K Style Cropped Tees, Suitable For Summer, Beach, Street, Daily, Work, Office Party, Vacation Wear. Stylish Y2K Inspired Women Tops White",S$11.49,789 sold,TRUE,2,TRUE,TRUE,短语边界匹配：标题连字符归一为空格，支持空格/连字符变体,Slim Fit
design_element,slim fit,409883515,"SHEIN MOD 2pcs/Set 3-Way Wear Women's Casual Solid Color Slim Fit Top, , Beach, Spring Break , Summer Vacation, Holiday , For Women, Party",S$9.49,10.8k+ sold,TRUE,2,TRUE,TRUE,短语边界匹配：标题连字符归一为空格，支持空格/连字符变体,Slim Fit
design_element,slim fit,412454656,"New Retro Cartoon Print Short Sleeve T-Shirt, Unique Design Slim Fit Casual Top Suitable For Summer",S$6.49,5.9k+ sold,TRUE,1,FALSE,FALSE,短语边界匹配：标题连字符归一为空格，支持空格/连字符变体,Slim Fit
design_element,slim fit,413484627,"Vaiaye Women's Fashion Lingerie Style Top, Spring/Autumn/Summer Striped Print Round Neck Slim Fit Casual Vacation Sexy Camisole, Suitable For Beach & Daily Wear",S$7.49,48.1k+ sold,TRUE,1,FALSE,FALSE,短语边界匹配：标题连字符归一为空格，支持空格/连字符变体,Slim Fit
design_element,slim fit,417456021,"Vaiaye Women's Fashion Lingerie Style Top, Spring/Autumn/Summer Striped Print Round Neck Slim Fit Casual Vacation Sexy Camisole, Suitable For Beach & Daily",S$7.49,48.1k+ sold,TRUE,1,FALSE,FALSE,短语边界匹配：标题连字符归一为空格，支持空格/连字符变体,Slim Fit
design_element,slim fit,432960835,"V-Neck Short Sleeve T-Shirt, Versatile Solid Color Slim Fit Undershirt For Women Casual Black Summer",S$0.68,SAVE S$0.68,FALSE,2,TRUE,FALSE,短语边界匹配：标题连字符归一为空格，支持空格/连字符变体,Slim Fit
design_element,slim fit,434548548,"Franclia Women's White Ribbed Knit Sleeveless Polo Top,Elegant Slim Fit Button-Down Summer Tank,Casual Office Collared Shirt,Classy Pearl Button Blouse",S$8.49,2.5k+ sold,TRUE,1,FALSE,FALSE,短语边界匹配：标题连字符归一为空格，支持空格/连字符变体,Slim Fit
design_element,slim fit,442519233,"Glimmora Women's Y2K Bow Contrast Trim Square Neck Slim Fit Summer Casual Ribbed Strawberry Print T-Shirt,Lettuce Hem Short Sleeve Tee",S$3.87,1k+ sold,TRUE,1,FALSE,FALSE,短语边界匹配：标题连字符归一为空格，支持空格/连字符变体,Slim Fit
design_element,slim fit,445552436,"Women's High-Waisted Slim Fit Wide Leg Pants, Bohemian Street Style, Casual & Office Wear For Spring/Summer (Belt Not Included)",S$3.80,SAVE S$3.80,FALSE,1,FALSE,FALSE,短语边界匹配：标题连字符归一为空格，支持空格/连字符变体,Slim Fit
design_element,slim fit,446337276,SHEIN Versatile All-Match Commute Casual Slim Fit Ribbed Texture Turtleneck Zipper Vest,S$7.99,301 sold,TRUE,1,FALSE,FALSE,短语边界匹配：标题连字符归一为空格，支持空格/连字符变体,Slim Fit
design_element,slim fit,448395891,"Resyla American Retro Coconut Print White Top For Women,Cute Slim-Fit T-Shirt,Summer Vacation Holiday Essential,Fashionable Mother's Day Gift For Mom",S$5.99,957 sold,TRUE,1,FALSE,FALSE,短语边界匹配：标题连字符归一为空格，支持空格/连字符变体,Slim-Fit
design_element,slim fit,449920846,"Es Trus Women's Summer Funny Graphic Tee, Streetwear Cartoon Portrait Letter Print, Comfortable Retro Basic Casual Commute Multipurpose Y2K Style Top, Regular Niche Punk Slim Fit Black Round Neck Short Sleeve Washed T-Shirt",S$4.49,High Repeat Customers,FALSE,2,TRUE,FALSE,短语边界匹配：标题连字符归一为空格，支持空格/连字符变体,Slim Fit
design_element,slim fit,449950553,Sweetra New Spring/Summer Women's Stylish High Street Chic Slim Fit Sporty Versatile Comfortable Casual Yellow Outfit,S$2.40,SAVE S$2.40,FALSE,1,FALSE,FALSE,短语边界匹配：标题连字符归一为空格，支持空格/连字符变体,Slim Fit
design_element,slim fit,450192486,"Women's Round Neck Short Sleeve T-Shirt, New Summer Bow, Cherry Pattern And Letter Print Fashion Slim Fit Cropped Top White",S$3.93,53 sold,TRUE,1,FALSE,FALSE,短语边界匹配：标题连字符归一为空格，支持空格/连字符变体,Slim Fit
design_element,slim fit,452928735,American Retro Los Angeles Print Off-Shoulder T-Shirt Women Navy Blue Side Drawstring Slim Fit Flattering Hot Girl Top Korean Sweet Spicy Style Off-Shoulder Exposed Shoulder Short Sleeve Forest Cabin Letter Print Side Drawstring Waist Commuter Top,S$6.22,134 sold,TRUE,1,FALSE,FALSE,短语边界匹配：标题连字符归一为空格，支持空格/连字符变体,Slim Fit
design_element,slim fit,453022997,"Summer New Japanese Chic Gray Asymmetrical Shoulder T-Shirt Women, Side Cinched Waist Slim Fit Asymmetrical Shoulder Short Sleeve Top Casual",S$0.75,SAVE S$0.75,FALSE,1,FALSE,FALSE,短语边界匹配：标题连字符归一为空格，支持空格/连字符变体,Slim Fit
design_element,slim fit,453996969,"SHEIN Franclia Women's Bow Tie V-Neck Blouse,White And Black Contrast Trim Slim Fit Tee,Summer Casual Vintage Americana Top,Vacation Coquette Aesthetic Kawaii Style",S$6.99,528 sold,TRUE,1,FALSE,FALSE,短语边界匹配：标题连字符归一为空格，支持空格/连字符变体,Slim Fit
design_element,slim fit,456325049,"SHEIN Franclia French Elegant V-Neck Black & White Contrast Ruffle Trim Short Sleeve Chiffon Blouse, Slim Fit Commuting Wear, Summer New",S$5.99,2.1k+ sold,TRUE,2,TRUE,TRUE,短语边界匹配：标题连字符归一为空格，支持空格/连字符变体,Slim Fit
design_element,slim fit,459954818,"SHEIN EZwear 3pcs Women's Summer V-Neck Tight T-Shirts, Punk Subculture Anime Solid Color Basic V-Neck Short Sleeve Slim Fit T-Shirts,Summer Top",S$14.99,4.9k+ sold,TRUE,1,FALSE,FALSE,短语边界匹配：标题连字符归一为空格，支持空格/连字符变体,Slim Fit
design_element,slim fit,461195890,"Women's Round Neck Short Sleeve T-Shirt, New Summer Fashion Letter Print Slim Fit Cropped Top, Everyday Wear Casual Black",S$3.93,101 sold,TRUE,1,FALSE,FALSE,短语边界匹配：标题连字符归一为空格，支持空格/连字符变体,Slim Fit
design_element,slim fit,466749378,"Grey Crew Neck Short Sleeve T-Shirt For Women, Summer New Vintage American Style New York Letter Print Slim Fit Cropped Casual Top",S$3.85,,FALSE,1,FALSE,FALSE,短语边界匹配：标题连字符归一为空格，支持空格/连字符变体,Slim Fit
design_element,slim fit,474670497,"Black Asymmetrical Shoulder Short Sleeve T-Shirt, Summer New Arrival American Sexy Style Chocolate Print Slim Fit Cropped Casual Tee For Women",S$4.64,,FALSE,1,FALSE,FALSE,短语边界匹配：标题连字符归一为空格，支持空格/连字符变体,Slim Fit
design_element,slim fit,474920811,"Basic Solid Color Slim Fit Cropped Top, Y2K Aesthetic Baby Tee, Casual Round Neck Short Sleeve, Essential For Minimalist Street Style",S$3.81,218 sold,TRUE,1,FALSE,FALSE,短语边界匹配：标题连字符归一为空格，支持空格/连字符变体,Slim Fit
design_element,spaghetti strap,49546224,"XLLAIS Sexy Backless Women's Camisole, Elastic Casual Spaghetti Strap White Top Summer",S$9.49,37.5k+ sold,TRUE,1,FALSE,FALSE,短语边界匹配：标题连字符归一为空格，支持空格/连字符变体,Spaghetti Strap
design_element,spaghetti strap,67896270,Swim Mod Women's Summer Floral Swimsuit Spaghetti Strap Sexy Bikini Holiday Tight Casual Cute Playful Two Pieces Swimsuit,S$8.49,11.4k+ sold,TRUE,2,TRUE,TRUE,短语边界匹配：标题连字符归一为空格，支持空格/连字符变体,Spaghetti Strap
design_element,spaghetti strap,360289262,"Joudiya Women's Fashionable Brown Slim Fit Cropped Spaghetti Strap Backless Camisole Tank Top, Suitable For Summer & Spring Y2k",S$0.96,Save S$0.96,FALSE,1,FALSE,FALSE,短语边界匹配：标题连字符归一为空格，支持空格/连字符变体,Spaghetti Strap
design_element,spaghetti strap,370459046,Women's Satin Lace Trim Spaghetti Strap Cami Top - Alluring Side Slit Khaki Summer Camisole Casual,S$8.99,13k+ sold,TRUE,1,FALSE,FALSE,短语边界匹配：标题连字符归一为空格，支持空格/连字符变体,Spaghetti Strap
design_element,spaghetti strap,384050504,"Women's Fashion Polyester Spaghetti Strap Criss-Cross Ribbed Knit Camisole Tank Top, Regular Length Casual Summer",S$0.75,SAVE S$0.75,FALSE,1,FALSE,FALSE,短语边界匹配：标题连字符归一为空格，支持空格/连字符变体,Spaghetti Strap
design_element,spaghetti strap,395330263,"Siren Gaze 2026 Women's Lace-Trimmed Camisole,Elegant Beige Summmer Vacation Milkmaid Top,Square Neck Crocheted Lace Trim Peplum Cami Spaghetti Strap",S$1.21,SAVE S$1.21,FALSE,2,TRUE,FALSE,短语边界匹配：标题连字符归一为空格，支持空格/连字符变体,Spaghetti Strap
design_element,spaghetti strap,409995483,"Women's Summer Spaghetti Strap Lace Patchwork Layered Camisole Top, Bohemian Style Vacation Wear, Suitable For Music Festivals And Various Occasions Casual",S$5.39,1.5k+ sold,TRUE,1,FALSE,FALSE,短语边界匹配：标题连字符归一为空格，支持空格/连字符变体,Spaghetti Strap
design_element,spaghetti strap,438194289,Women's Satin Lace Trim Spaghetti Strap Cami Top - Alluring Side Slit Khaki Summer Camisole Casual,S$8.99,13k+ sold,TRUE,2,TRUE,TRUE,短语边界匹配：标题连字符归一为空格，支持空格/连字符变体,Spaghetti Strap
design_element,split hem,317342804,"Franclia Women's High Waist Grey Summer Modest Office Skirt Shorts,A-Line Split Hem Textured Soft Fabric Skorts,Fashionable Casual Commute Versatile Clothing",S$8.09,90k+ sold,TRUE,2,TRUE,TRUE,短语边界匹配：标题连字符归一为空格，支持空格/连字符变体,Split Hem
design_element,square neck,33291483,"SHEIN EZwear 3pcs Square Neck Short Sleeve Cropped Casual T-Shirt For Women, Summer Suitable For Going Out",S$1.56,SAVE S$1.56,FALSE,1,FALSE,FALSE,短语边界匹配：标题连字符归一为空格，支持空格/连字符变体,Square Neck
design_element,square neck,33424508,SHEIN Unity Women Summer Solid Color Square Neck Pleated Slim Fit Tank Top,S$5.99,49.6k+ sold,TRUE,1,FALSE,FALSE,短语边界匹配：标题连字符归一为空格，支持空格/连字符变体,Square Neck
design_element,square neck,33691961,"XLLAIS Women's Solid Color Square Neck Sleeveless Tank Top, Slim Fit Casual Wear, Black, Spring/Summer",S$9.49,4.9k+ sold,TRUE,2,TRUE,TRUE,短语边界匹配：标题连字符归一为空格，支持空格/连字符变体,Square Neck
design_element,square neck,35374574,"SHEIN EZwear 3pcs Women's Versatile Square Neck Short Sleeve Cropped Casual Fitted T-Shirt, Suitable For Summer",S$1.50,SAVE S$1.50,FALSE,1,FALSE,FALSE,短语边界匹配：标题连字符归一为空格，支持空格/连字符变体,Square Neck
design_element,square neck,35519799,"SHEIN EZwear 3pcs/Pack Padded Square Neck Bra-Free Slim-Fit Women's Tank Top, Built-In Bra",S$24.49,5.5k+ sold,TRUE,1,FALSE,FALSE,短语边界匹配：标题连字符归一为空格，支持空格/连字符变体,Square Neck
design_element,square neck,39516034,Sweetra Women's Summer Casual All-Match Square Neck Top Graphic Tees Women Tops,S$17.99,17.5k+ sold,TRUE,1,FALSE,FALSE,短语边界匹配：标题连字符归一为空格，支持空格/连字符变体,Square Neck
design_element,square neck,49262922,Sweetra Women Square Neck Ruching Slim Fit Camisole Tank Top,S$17.99,17.5k+ sold,TRUE,1,FALSE,FALSE,短语边界匹配：标题连字符归一为空格，支持空格/连字符变体,Square Neck
design_element,square neck,51535552,Sweetra Women Square Neck Ruffle Trim Fitted Casual Tank Top,S$17.99,28.6k+ sold,TRUE,1,FALSE,FALSE,短语边界匹配：标题连字符归一为空格，支持空格/连字符变体,Square Neck
design_element,square neck,60451061,"XLLAIS Women's Solid Color Square Neck Sleeveless Tank Top, Fitted Casual Wear, White, Spring/Summer",S$11.99,4.9k+ sold,TRUE,1,FALSE,FALSE,短语边界匹配：标题连字符归一为空格，支持空格/连字符变体,Square Neck
design_element,square neck,62526010,"Floreya Square Neck Camisole Top For Women, Casual Slim Fit Sleeveless Crop Top, Versatile For Summer, Autumn & Spring Black",S$7.99,36.2k+ sold,TRUE,1,FALSE,FALSE,短语边界匹配：标题连字符归一为空格，支持空格/连字符变体,Square Neck
design_element,square neck,96098292,"Sweetra Women's Casual Short Square Neck Ruffle Camisole, Summer",S$2.08,SAVE S$2.08,FALSE,1,FALSE,FALSE,短语边界匹配：标题连字符归一为空格，支持空格/连字符变体,Square Neck
design_element,square neck,96098447,"Sweetra Women Casual Square Neck Pleated Camisole, Summer",S$16.49,9.6k+ sold,TRUE,1,FALSE,FALSE,短语边界匹配：标题连字符归一为空格，支持空格/连字符变体,Square Neck
design_element,square neck,96098634,"Sweetra Women Casual Cropped Square Neck Pleated Tank Top, Summer",S$15.49,9.6k+ sold,TRUE,1,FALSE,FALSE,短语边界匹配：标题连字符归一为空格，支持空格/连字符变体,Square Neck
design_element,square neck,98537085,"Sweetra Women Casual Pleated Square Neck Camisole, Summer",S$13.29,17.5k+ sold,TRUE,1,FALSE,FALSE,短语边界匹配：标题连字符归一为空格，支持空格/连字符变体,Square Neck
design_element,square neck,110131255,"Sweetra Women Casual Ruched Square Neck Camisole Top, Summer",S$15.99,1.8k+ sold,TRUE,2,TRUE,TRUE,短语边界匹配：标题连字符归一为空格，支持空格/连字符变体,Square Neck
design_element,square neck,110131689,"Sweetra Women Casual Square Neck Ruched Cami Top, Summer",S$1.95,SAVE S$1.95,FALSE,1,FALSE,FALSE,短语边界匹配：标题连字符归一为空格，支持空格/连字符变体,Square Neck
design_element,square neck,125304291,Sweetra 3pcs Women's Summer Casual Basic Solid Color Square Neck Pleated Fitted Tank Tops,S$17.99,28.6k+ sold,TRUE,1,FALSE,FALSE,短语边界匹配：标题连字符归一为空格，支持空格/连字符变体,Square Neck
design_element,square neck,133768982,"Aoqta Women's Sports Casual Knit Square Neck Backless Camisole Tank Top, Built-In Chest Pads, Solid Color Slim Fit, Suitable For Yoga, Training, Daily Wear",S$6.96,SAVE S$6.96,FALSE,1,FALSE,FALSE,短语边界匹配：标题连字符归一为空格，支持空格/连字符变体,Square Neck
design_element,square neck,138324686,"Vaiaye Women's Sexy Fitted Long Sleeve Knit Top, Solid Color Square Neck T-Shirt, Casual Versatile, Minimalist Daily Wear, Spring/Summer Black",S$8.49,70.6k+ sold,TRUE,1,FALSE,FALSE,短语边界匹配：标题连字符归一为空格，支持空格/连字符变体,Square Neck
design_element,square neck,145930970,Sweetra Women's Solid Color Square Neck Pleated Fitted Casual Tank Top,S$17.99,28.6k+ sold,TRUE,1,FALSE,FALSE,短语边界匹配：标题连字符归一为空格，支持空格/连字符变体,Square Neck
design_element,square neck,149300382,"SHEIN EZwear Casual Minimalist Solid White Square Neck Ruched Bust Pad Bra-Free Camisole, Suitable For Summer Travel & Vacation, Built-In Bra",S$9.49,12.4k+ sold,TRUE,1,FALSE,FALSE,短语边界匹配：标题连字符归一为空格，支持空格/连字符变体,Square Neck
design_element,square neck,163744605,Sweetra Women's Solid Color Square Neck Sleeveless Casual Fitted Tank Top With Chest Pads,S$8.99,21.4k+ sold,TRUE,1,FALSE,FALSE,短语边界匹配：标题连字符归一为空格，支持空格/连字符变体,Square Neck
design_element,square neck,165995367,"SHEIN EZwear 3pcs Casual Minimalist Versatile Sexy Women's Square Neck Ruched Waist Tank Top, Suitable For Summer , Built-In Bra",S$22.49,5.5k+ sold,TRUE,1,FALSE,FALSE,短语边界匹配：标题连字符归一为空格，支持空格/连字符变体,Square Neck
design_element,square neck,170681277,SHEIN Unity Women's Solid Color Square Neck Pleated Cropped Fitted Casual Versatile Tank Top,S$5.99,49.6k+ sold,TRUE,1,FALSE,FALSE,短语边界匹配：标题连字符归一为空格，支持空格/连字符变体,Square Neck
design_element,square neck,208781627,Sweetra Women's Solid Color Square Neck Pleated Casual Camisole,S$1.08,SAVE S$1.08,FALSE,1,FALSE,FALSE,短语边界匹配：标题连字符归一为空格，支持空格/连字符变体,Square Neck
design_element,square neck,208801966,Sweetra Women's Solid Color Square Neck Pleated Casual Versatile Tank Top,S$16.99,28.6k+ sold,TRUE,1,FALSE,FALSE,短语边界匹配：标题连字符归一为空格，支持空格/连字符变体,Square Neck
design_element,square neck,292474895,"Sweetra Women's Casual Pleated Square Neck Tank Top, Summer",S$16.49,11.8k+ sold,TRUE,1,FALSE,FALSE,短语边界匹配：标题连字符归一为空格，支持空格/连字符变体,Square Neck
design_element,square neck,325950652,SHEIN EZwear 5pcs/Set Women's Colorful Spring/Summer Knit Square Neck T-Shirts,S$2.34,SAVE S$2.34,FALSE,1,FALSE,FALSE,短语边界匹配：标题连字符归一为空格，支持空格/连字符变体,Square Neck
design_element,square neck,387886013,DAZY Women's Summer Square Neck Textured Fabric A-Line Hem Short Sleeve Casual Sexy T-Shirt Babydoll Top Cute Tops,S$1.23,SAVE S$1.23,FALSE,1,FALSE,FALSE,短语边界匹配：标题连字符归一为空格，支持空格/连字符变体,Square Neck
design_element,square neck,395330263,"Siren Gaze 2026 Women's Lace-Trimmed Camisole,Elegant Beige Summmer Vacation Milkmaid Top,Square Neck Crocheted Lace Trim Peplum Cami Spaghetti Strap",S$1.21,SAVE S$1.21,FALSE,2,TRUE,FALSE,短语边界匹配：标题连字符归一为空格，支持空格/连字符变体,Square Neck
design_element,square neck,396537849,Sweetra Women's Solid Color Square Neck Pleated Fitted Casual Tank Top 3 Pack Tops Tank Tops Women Women Vest Top,S$17.99,28.6k+ sold,TRUE,1,FALSE,FALSE,短语边界匹配：标题连字符归一为空格，支持空格/连字符变体,Square Neck
design_element,square neck,404066066,"Soleia Women Square Neck Pleated Knit Tank Top,All Shades Of Brown,Summer,Casual,Everyday Boho Tropical Chic Beach Wedding Guest Attire Elegant Vacation",S$14.49,859 sold,TRUE,1,FALSE,FALSE,短语边界匹配：标题连字符归一为空格，支持空格/连字符变体,Square Neck
design_element,square neck,409724146,"3pcs/Set Women's Square Neck Short Sleeve Solid Color Casual Slim Fit Summer T-Shirts, Y2K Style Cropped Tees, Suitable For Summer, Beach, Street, Daily, Work, Office Party, Vacation Wear. Stylish Y2K Inspired Women Tops White",S$11.49,789 sold,TRUE,2,TRUE,TRUE,短语边界匹配：标题连字符归一为空格，支持空格/连字符变体,Square Neck
design_element,square neck,431642974,"Sweetra Women's Casual Pleated Square Neck Camisole, Summer",S$2.32,SAVE S$2.32,FALSE,1,FALSE,FALSE,短语边界匹配：标题连字符归一为空格，支持空格/连字符变体,Square Neck
design_element,square neck,431685663,"Sweetra Women's Casual Pleated Square Neck Camisole, Summer",S$15.49,11.8k+ sold,TRUE,1,FALSE,FALSE,短语边界匹配：标题连字符归一为空格，支持空格/连字符变体,Square Neck
design_element,square neck,434777725,Sweetra New Arrival Summer Square Neck Cinched Waist Casual Beach Vacation Fashionable Versatile Women Tank Top,S$17.99,28.6k+ sold,TRUE,1,FALSE,FALSE,短语边界匹配：标题连字符归一为空格，支持空格/连字符变体,Square Neck
design_element,square neck,442519233,"Glimmora Women's Y2K Bow Contrast Trim Square Neck Slim Fit Summer Casual Ribbed Strawberry Print T-Shirt,Lettuce Hem Short Sleeve Tee",S$3.87,1k+ sold,TRUE,1,FALSE,FALSE,短语边界匹配：标题连字符归一为空格，支持空格/连字符变体,Square Neck
design_element,square neck,450378508,Sweetra Petite Women's Solid Color Square Neck Sleeveless Casual Everyday Tank Top,S$10.99,,FALSE,1,FALSE,FALSE,短语边界匹配：标题连字符归一为空格，支持空格/连字符变体,Square Neck
design_element,square neck,450453972,Sweetra New Arrival Summer Square Neck Cinched Waist Casual Beach Vacation Fashionable Versatile Women Tank Top,S$17.49,28.6k+ sold,TRUE,1,FALSE,FALSE,短语边界匹配：标题连字符归一为空格，支持空格/连字符变体,Square Neck
design_element,square neck,450919446,FRIFUL Women's Square Neck Lace Patchwork Waist Petal Sleeve Polka Dot Dress Sun Dresses For Women,S$27.99,88 sold,TRUE,1,FALSE,FALSE,短语边界匹配：标题连字符归一为空格，支持空格/连字符变体,Square Neck
design_element,square neck,451721010,"2000s Style Fitted Women Short Sleeve T-Shirt, Square Neck High Elasticity Cropped Tight Top With Midriff Exposed Design Casual White",S$1.41,SAVE S$1.41,FALSE,1,FALSE,FALSE,短语边界匹配：标题连字符归一为空格，支持空格/连字符变体,Square Neck
design_element,square neck,454488086,"Sweetra Women's Casual Pleated Square Neck Camisole, Summer",S$15.04,11.8k+ sold,TRUE,2,TRUE,TRUE,短语边界匹配：标题连字符归一为空格，支持空格/连字符变体,Square Neck
design_element,straight leg,4687197,SHEIN EZwear Summer Solid High Waist Straight Leg Pants,S$17.99,3.3k+ sold,TRUE,1,FALSE,FALSE,短语边界匹配：标题连字符归一为空格，支持空格/连字符变体,Straight Leg
design_element,straight leg,4728642,SHEIN Essnce Solid Zip Up Straight Leg Pants In Fall/Winter,S$15.49,373 sold,TRUE,1,FALSE,FALSE,短语边界匹配：标题连字符归一为空格，支持空格/连字符变体,Straight Leg
design_element,straight leg,14461491,DAZY Women's Solid Color Pleated Straight Leg Casual Business Pants Women Dress Pants Fall,S$20.99,24.5k+ sold,TRUE,1,FALSE,FALSE,短语边界匹配：标题连字符归一为空格，支持空格/连字符变体,Straight Leg
design_element,straight leg,14822788,SHEIN EZwear Casual Solid Color High Waist Straight Leg Pants,S$13.49,4.3k+ sold,TRUE,1,FALSE,FALSE,短语边界匹配：标题连字符归一为空格，支持空格/连字符变体,Straight Leg
design_element,straight leg,16078181,SHEIN EZwear Casual Solid High Waist Straight Leg Pants,S$14.49,412 sold,TRUE,1,FALSE,FALSE,短语边界匹配：标题连字符归一为空格，支持空格/连字符变体,Straight Leg
design_element,straight leg,16291686,SHEIN EZwear Women's Summer Mid Rise Pinstripe Straight Leg Pants,S$1.24,SAVE S$1.24,FALSE,1,FALSE,FALSE,短语边界匹配：标题连字符归一为空格，支持空格/连字符变体,Straight Leg
design_element,straight leg,17952467,"DAZY Women's Solid Color Pleated Straight Leg Business Casual Pants,Women Dress Pants",S$20.49,4.9k+ sold,TRUE,1,FALSE,FALSE,短语边界匹配：标题连字符归一为空格，支持空格/连字符变体,Straight Leg
design_element,straight leg,18747796,Women's Solid Color High Waist Casual Straight Leg Suit Pants Black Spring,S$16.49,2.3k+ sold,TRUE,1,FALSE,FALSE,短语边界匹配：标题连字符归一为空格，支持空格/连字符变体,Straight Leg
design_element,straight leg,22935068,SHEIN MOD Solid Corduroy Straight Leg Black Mid Rise Pants,S$2.53,SAVE S$2.53,FALSE,1,FALSE,FALSE,短语边界匹配：标题连字符归一为空格，支持空格/连字符变体,Straight Leg
design_element,straight leg,29399309,SHEIN PETITE Solid Color High Waisted Straight Leg Pants,S$20.99,1.2k+ sold,TRUE,1,FALSE,FALSE,短语边界匹配：标题连字符归一为空格，支持空格/连字符变体,Straight Leg
design_element,straight leg,30244395,"SHEIN Frenchy Women Black Leopard Print Straight Leg Pants,Winter Basic Casual Fashion Old Money Style Fall Clothes,Teacher Outfits,Back To School Date Spring",S$9.49,11.6k+ sold,TRUE,1,FALSE,FALSE,短语边界匹配：标题连字符归一为空格，支持空格/连字符变体,Straight Leg
design_element,straight leg,30893991,DAZY Casual Business Solid Color Straight Leg Pants Low Rise,S$23.49,12.3k+ sold,TRUE,1,FALSE,FALSE,短语边界匹配：标题连字符归一为空格，支持空格/连字符变体,Straight Leg
design_element,straight leg,30895369,"DAZY Casual Business Solid Color Straight-Leg Pants,Women Dress Pants Fall",S$12.49,24.5k+ sold,TRUE,2,TRUE,TRUE,短语边界匹配：标题连字符归一为空格，支持空格/连字符变体,Straight-Leg
design_element,straight leg,35936549,SHEIN Tall Women's Casual Solid Color Straight-Leg Trousers,S$6.99,852 sold,TRUE,1,FALSE,FALSE,短语边界匹配：标题连字符归一为空格，支持空格/连字符变体,Straight-Leg
design_element,straight leg,37980582,SHEIN ICON Women's Casual Straight Leg Jeans For Daily Wear,S$26.99,23k+ sold,TRUE,1,FALSE,FALSE,短语边界匹配：标题连字符归一为空格，支持空格/连字符变体,Straight Leg
design_element,straight leg,38226910,"SHEIN EZwear Women's High-Waisted Belted Wide Leg Pants,Black Winter Casual Smart Office Ladies Spring/Fall Button,Pocket,Zipper Straight Leg Loose Long Trousers",S$19.19,13.7k+ sold,TRUE,1,FALSE,FALSE,短语边界匹配：标题连字符归一为空格，支持空格/连字符变体,Straight Leg
design_element,straight leg,41279205,Dazy Designer Women's Solid Color Front Button Straight Leg Casual Pants,S$19.49,6k+ sold,TRUE,1,FALSE,FALSE,短语边界匹配：标题连字符归一为空格，支持空格/连字符变体,Straight Leg
design_element,straight leg,42827379,"Draping Minimalist Design Office Pants, New European And American Fashion Straight-Leg Casual Loose Trousers, All Seasons Spring",S$17.27,22.2k+ sold,TRUE,2,TRUE,TRUE,短语边界匹配：标题连字符归一为空格，支持空格/连字符变体,Straight-Leg
design_element,straight leg,43831059,SHEIN PETITE Casual Classic Solid Color Loose Straight Leg Jeans,S$24.99,21.5k+ sold,TRUE,1,FALSE,FALSE,短语边界匹配：标题连字符归一为空格，支持空格/连字符变体,Straight Leg
design_element,straight leg,44276847,"Draped Simple Design Suit Pants, European & American Latest Straight Leg Casual Trousers, All Season Fashionable Wide-Leg Pants Spring Black",S$17.27,22.2k+ sold,TRUE,1,FALSE,FALSE,短语边界匹配：标题连字符归一为空格，支持空格/连字符变体,Straight Leg
design_element,straight leg,44372033,Chiquease White Flowy Slim Fit Casual Straight Leg 7/8 Pants Fall Cloth For Women,S$1.43,SAVE S$1.43,FALSE,1,FALSE,FALSE,短语边界匹配：标题连字符归一为空格，支持空格/连字符变体,Straight Leg
design_element,straight leg,45813605,SHEIN x Lina SHEIN ICON Casual Washed Retro Mid-Waist Straight Leg Jeans,S$26.49,28.5k+ sold,TRUE,1,FALSE,FALSE,短语边界匹配：标题连字符归一为空格，支持空格/连字符变体,Straight Leg
design_element,straight leg,48232210,"Livesso Solid Color Loose Straight Leg Women Sweatpants With Pockets And Drawstring Waist,Women Joggers Fall",S$18.49,6.6k+ sold,TRUE,1,FALSE,FALSE,短语边界匹配：标题连字符归一为空格，支持空格/连字符变体,Straight Leg
design_element,straight leg,49911523,Elenzga Women's Elegant And Fashionable V-Neck Sleeveless Self-Tie Back Vest And Straight Leg Pants Solid Color Casual Suit Set,S$25.84,1.6k+ sold,TRUE,1,FALSE,FALSE,短语边界匹配：标题连字符归一为空格，支持空格/连字符变体,Straight Leg
design_element,straight leg,53269261,StreetHx Women's Casual Solid Color Black Low Waist Straight Leg Pants Fall Cloth For Women,S$17.99,519 sold,TRUE,1,FALSE,FALSE,短语边界匹配：标题连字符归一为空格，支持空格/连字符变体,Straight Leg
design_element,straight leg,56413749,Casual Loose Fit 7/8 Length Straight Leg Jeans,S$2.88,SAVE S$2.88,FALSE,1,FALSE,FALSE,短语边界匹配：标题连字符归一为空格，支持空格/连字符变体,Straight Leg
design_element,straight leg,57291902,Mid-Waist Solid Color Elegant Straight Leg Pants With Belt Black Spring,S$18.10,42.5k+ sold,TRUE,1,FALSE,FALSE,短语边界匹配：标题连字符归一为空格，支持空格/连字符变体,Straight Leg
design_element,straight leg,59026143,Mid-Waist Solid Color Elegant Straight Leg Pants With Belt Spring,S$18.49,42.5k+ sold,TRUE,1,FALSE,FALSE,短语边界匹配：标题连字符归一为空格，支持空格/连字符变体,Straight Leg
design_element,straight leg,59385410,"DAZY Casual Business Style Solid Color Straight Leg Pants,Women Dress Pants Low Rise",S$22.99,12.3k+ sold,TRUE,1,FALSE,FALSE,短语边界匹配：标题连字符归一为空格，支持空格/连字符变体,Straight Leg
design_element,straight leg,63288137,"Women's Versatile Minimalist Wide Leg Pants, High Waist, Slimming, Straight Leg, Suitable For All Seasons Spring",S$2.14,SAVE S$2.14,FALSE,1,FALSE,FALSE,短语边界匹配：标题连字符归一为空格，支持空格/连字符变体,Straight Leg
design_element,straight leg,63310094,Mid-Waist Solid Color Elegant Straight Leg Pants With Belt Spring,S$17.99,42.5k+ sold,TRUE,1,FALSE,FALSE,短语边界匹配：标题连字符归一为空格，支持空格/连字符变体,Straight Leg
design_element,straight leg,68195926,SHEIN PETITE Women's Solid Color Button Elegant Straight Leg Office Pants Fall Cloth For Women,S$15.99,697 sold,TRUE,1,FALSE,FALSE,短语边界匹配：标题连字符归一为空格，支持空格/连字符变体,Straight Leg
design_element,straight leg,70317692,"Women's Casual Loose Solid Color Drawstring Waist Cargo Shorts, Zipper Detail, Straight Leg, Summer Daily Wear",S$19.49,749 sold,TRUE,1,FALSE,FALSE,短语边界匹配：标题连字符归一为空格，支持空格/连字符变体,Straight Leg
design_element,straight leg,72336010,"INAWLY Simple Solid Color Pleated Loose Straight Leg Pants, Suitable For Daily Wear Fall Cloth For Women",S$1.08,SAVE S$1.08,FALSE,1,FALSE,FALSE,短语边界匹配：标题连字符归一为空格，支持空格/连字符变体,Straight Leg
design_element,straight leg,75117141,High-End Flowing Straight Leg Casual Maxi Pants For Women Spring,S$2.32,SAVE S$2.32,FALSE,2,TRUE,FALSE,短语边界匹配：标题连字符归一为空格，支持空格/连字符变体,Straight Leg
design_element,straight leg,75355966,Mid-Waist Solid Color Elegant Straight Leg Pants With Belt Spring,S$17.99,42.5k+ sold,TRUE,1,FALSE,FALSE,短语边界匹配：标题连字符归一为空格，支持空格/连字符变体,Straight Leg
design_element,straight leg,75779883,Mid-Waist Solid Color Elegant Straight Leg Pants With Belt Spring,S$18.49,42.5k+ sold,TRUE,1,FALSE,FALSE,短语边界匹配：标题连字符归一为空格，支持空格/连字符变体,Straight Leg
design_element,straight leg,75988791,Mid-Waist Solid Color Elegant Straight-Leg Pants With Belt White Spring,S$18.49,42.5k+ sold,TRUE,1,FALSE,FALSE,短语边界匹配：标题连字符归一为空格，支持空格/连字符变体,Straight-Leg
design_element,straight leg,95862413,Franclia Women's White Elegant Office Straight Leg Pants Pants For Women Fall Cloth For Women,S$15.72,33.8k+ sold,TRUE,1,FALSE,FALSE,短语边界匹配：标题连字符归一为空格，支持空格/连字符变体,Straight Leg
design_element,straight leg,128799987,"Women's Solid Black Casual Elegant High-Waisted Straight Leg Pants, Suitable For Daily Wear, Office Commute, Home, Dates, Small Parties, Light Social Occasions Spring",S$15.83,12.3k+ sold,TRUE,1,FALSE,FALSE,短语边界匹配：标题连字符归一为空格，支持空格/连字符变体,Straight Leg
design_element,straight leg,149061645,"SHEIN Essnce 3pcs Set Women's Blue And White Stripe Nautical Style Casual Summer Vacation Waist Tie Pants With Pockets,Straight Leg Black & White Striped Clothes",S$30.99,14.1k+ sold,TRUE,3,TRUE,TRUE,短语边界匹配：标题连字符归一为空格，支持空格/连字符变体,Straight Leg
design_element,straight leg,153281594,"Straight Leg Casual Pants, Wide Leg Trousers Spring",S$2.85,SAVE S$2.85,FALSE,1,FALSE,FALSE,短语边界匹配：标题连字符归一为空格，支持空格/连字符变体,Straight Leg
design_element,straight leg,160276105,"Anewsta 2pcs Urban Chic Retro Women's Suit Set, Maillard Color Blazer Jacket + Straight Leg Pants",S$25.53,SAVE S$25.53,FALSE,1,FALSE,FALSE,短语边界匹配：标题连字符归一为空格，支持空格/连字符变体,Straight Leg
design_element,straight leg,163902125,"Women's Versatile Minimalist Wide Leg Pants, High Waist, Slimming, Straight Leg, Suitable For All Seasons Spring",S$2.53,SAVE S$2.53,FALSE,1,FALSE,FALSE,短语边界匹配：标题连字符归一为空格，支持空格/连字符变体,Straight Leg
design_element,straight leg,169607025,"Women's Spring/Summer High-Waisted Draped Pleated Tailored Straight-Leg Navy Blue Suit Trousers, Suitable For Daily Commute, Work And Casual Wear",S$15.83,50.7k+ sold,TRUE,1,FALSE,FALSE,短语边界匹配：标题连字符归一为空格，支持空格/连字符变体,Straight-Leg
design_element,straight leg,179826060,"Vela Rue Minimalist Design Jumpsuit Pants, Hook & Zipper Closure, Thin Polyester Twill Straight Leg Trousers, Solid Black Color, Wide Leg Flattering Silhouette, Fashionable All Season",S$14.39,90k+ sold,TRUE,1,FALSE,FALSE,短语边界匹配：标题连字符归一为空格，支持空格/连字符变体,Straight Leg
design_element,straight leg,191132506,SHEIN MOD Women's Loose Black Striped Waist Straight Leg Casual Pants Autumn Winter Clothes For Women,S$16.49,2k+ sold,TRUE,1,FALSE,FALSE,短语边界匹配：标题连字符归一为空格，支持空格/连字符变体,Straight Leg
design_element,straight leg,199142913,SHEIN BAE Minimalist Elegant Commuter Casual Straight Leg Pants Autumn Winter Clothes For Women,S$12.67,624 sold,TRUE,1,FALSE,FALSE,短语边界匹配：标题连字符归一为空格，支持空格/连字符变体,Straight Leg
design_element,straight leg,207298371,"9650# Stretchy Denim Pants, Straight Leg, Elegant & Fashionable, Casual & Versatile, Wide Leg Flare Women Denim Pants Spring",S$26.49,10.8k+ sold,TRUE,1,FALSE,FALSE,短语边界匹配：标题连字符归一为空格，支持空格/连字符变体,Straight Leg
design_element,straight leg,209031387,"DAZY Loose High Waist Slimming Straight Leg Jeans, Minimalist & Versatile, Comfortable Ankle-Length Pants For Women",S$3.42,SAVE S$3.42,FALSE,1,FALSE,FALSE,短语边界匹配：标题连字符归一为空格，支持空格/连字符变体,Straight Leg
design_element,straight leg,216039028,Women's Solid Color Fashion Pleated Straight Leg Casual Pants,S$2.53,SAVE S$2.53,FALSE,1,FALSE,FALSE,短语边界匹配：标题连字符归一为空格，支持空格/连字符变体,Straight Leg
design_element,straight leg,230189325,"Solid Color High Waist Straight Leg Pants, Minimalist Sports Sweatpants, Versatile Elastic Waist Drawstring Wide Leg Casual Trousers, All Season Black Spring",S$11.49,13.7k+ sold,TRUE,1,FALSE,FALSE,短语边界匹配：标题连字符归一为空格，支持空格/连字符变体,Straight Leg
design_element,straight leg,254270176,"Vela Rue Minimalist Design Pants, Hook & Zipper Closure, Thin Solid Green Straight Leg Trousers, Flattering Wide Leg, Fashionable All Season Spring",S$13.91,90k+ sold,TRUE,2,TRUE,TRUE,短语边界匹配：标题连字符归一为空格，支持空格/连字符变体,Straight Leg
design_element,straight leg,261057535,"9650# Stretchy Denim Pants, Straight Leg, Elegant & Fashionable, Casual & Versatile, Wide Leg Flare Women Denim Pants Spring Black",S$26.49,10.8k+ sold,TRUE,1,FALSE,FALSE,短语边界匹配：标题连字符归一为空格，支持空格/连字符变体,Straight Leg
design_element,straight leg,310602079,"1pc Women's Slim Fit Straight Leg High Waist Elastic Waist Wide Leg Pants, Loose Fit For Running, Fitness, Yoga, Cycling, Streetwear, Casual Style, Machine Washable, Elegant Fashion Trousers, Versatile Daily Wear Black Spring Sports",S$10.99,5.4k+ sold,TRUE,1,FALSE,FALSE,短语边界匹配：标题连字符归一为空格，支持空格/连字符变体,Straight Leg
design_element,straight leg,340085479,"New Women Straight Leg Jeans, Loose Fit Casual Street Style Brand Relaxed Fit Jeans, Women Denim Pants And Clothing Spring",S$24.49,48.5k+ sold,TRUE,1,FALSE,FALSE,短语边界匹配：标题连字符归一为空格，支持空格/连字符变体,Straight Leg
design_element,straight leg,352082325,"Elamini Women's Vintage Textured Relaxed Fit Low Waist Casual Pants, Slimming Solid Color Straight Leg Trousers, Versatile For Spring",S$12.99,45.6k+ sold,TRUE,2,TRUE,TRUE,短语边界匹配：标题连字符归一为空格，支持空格/连字符变体,Straight Leg
design_element,straight leg,366168437,"SHEIN Clasi Women's Trousers, Summer Office Wear, Decorative Metal Buckle, Casual Style, Straight Leg, Elegant & Minimalist",S$8.49,5.5k+ sold,TRUE,1,FALSE,FALSE,短语边界匹配：标题连字符归一为空格，支持空格/连字符变体,Straight Leg
design_element,straight leg,387412807,"Women's Solid Color Skinny Fitted Straight Leg Pants, Elegant Vacation & Commute Style, No Belt Spring Black",S$12.49,3.2k+ sold,TRUE,1,FALSE,FALSE,短语边界匹配：标题连字符归一为空格，支持空格/连字符变体,Straight Leg
design_element,straight leg,394621455,"Sweetra Petite Classic Black & White Design Minimalist Casual Commuter All-Match French Chic Relaxed Fit Straight Leg Women Pants, Summer New Arrival",S$2.64,SAVE S$2.64,FALSE,1,FALSE,FALSE,短语边界匹配：标题连字符归一为空格，支持空格/连字符变体,Straight Leg
design_element,straight leg,439270927,Mid-Waist Solid Color Elegant Straight Leg Pants With Belt,S$17.49,51 sold,TRUE,1,FALSE,FALSE,短语边界匹配：标题连字符归一为空格，支持空格/连字符变体,Straight Leg
design_element,straight leg,443430994,Women's Fashionable High-Waisted Straight Leg Casual Pants Black,S$13.48,16.8k+ sold,TRUE,1,FALSE,FALSE,短语边界匹配：标题连字符归一为空格，支持空格/连字符变体,Straight Leg
design_element,straight leg,443950542,"ARA CHIC Women's Purple-Red Retro Style Tie-Waist Wide-Leg Pants, High-Waisted Straight Leg Pants, American Y2K Casual Style",S$13.47,,FALSE,1,FALSE,FALSE,短语边界匹配：标题连字符归一为空格，支持空格/连字符变体,Straight Leg
design_element,straight leg,469670203,"Everyssa 2026 New Summer White And Black Striped Drawstring Elastic Waist Wide Leg Pants,Loose Straight Leg Casual School Back-To-School Relaxed Style Pants",S$15.99,NEW,FALSE,1,FALSE,FALSE,短语边界匹配：标题连字符归一为空格，支持空格/连字符变体,Straight Leg
design_element,straight leg,482095758,"SHEIN Tall Women's Vintage Textured Relaxed Fit Low Waist Casual Pants, Slimming Solid Color Straight Leg Trousers For Summer",S$15.49,NEW,FALSE,1,FALSE,FALSE,短语边界匹配：标题连字符归一为空格，支持空格/连字符变体,Straight Leg
design_element,striped print,238860947,"Vaiaye Women's Fashion Lingerie Style Top, Spring/Autumn/Summer Striped Print Round Neck Slim Fit Casual Vacation Sexy Camisole, Suitable For Beach & Daily Wear",S$7.49,48.1k+ sold,TRUE,1,FALSE,FALSE,短语边界匹配：标题连字符归一为空格，支持空格/连字符变体,Striped Print
design_element,striped print,405983524,"Resyla Women's Cinched Waist T-Shirt, Classic Striped Print Pattern Design, Elegant, Suitable For Daily Wear, Casual, Shopping, Office",S$7.49,11.2k+ sold,TRUE,2,TRUE,TRUE,短语边界匹配：标题连字符归一为空格，支持空格/连字符变体,Striped Print
design_element,striped print,413484627,"Vaiaye Women's Fashion Lingerie Style Top, Spring/Autumn/Summer Striped Print Round Neck Slim Fit Casual Vacation Sexy Camisole, Suitable For Beach & Daily Wear",S$7.49,48.1k+ sold,TRUE,1,FALSE,FALSE,短语边界匹配：标题连字符归一为空格，支持空格/连字符变体,Striped Print
design_element,striped print,417456021,"Vaiaye Women's Fashion Lingerie Style Top, Spring/Autumn/Summer Striped Print Round Neck Slim Fit Casual Vacation Sexy Camisole, Suitable For Beach & Daily",S$7.49,48.1k+ sold,TRUE,1,FALSE,FALSE,短语边界匹配：标题连字符归一为空格，支持空格/连字符变体,Striped Print
design_element,striped print,442995102,Resyla Dog Pattern Striped Print Regular T-Shirt For Women,S$4.99,4.7k+ sold,TRUE,1,FALSE,FALSE,短语边界匹配：标题连字符归一为空格，支持空格/连字符变体,Striped Print
design_element,tie front,91301319,"Franclia Elegant French Style Woven Collared Long Sleeve Tie Front Cardigan, New Summer White Women Shirt' Fall Cloth For Women",S$1.84,SAVE S$1.84,FALSE,1,FALSE,FALSE,短语边界匹配：标题连字符归一为空格，支持空格/连字符变体,Tie Front
design_element,v neck,38768308,"SHEIN Frenchy 2pcs Women's V-Neck Sleeveless Single-Breasted Navy Blue Top&Straight Loose Pants Set,Casual Summer Elegant Vacation Holiday Two-Piece Outfits",S$2.22,SAVE S$2.22,FALSE,1,FALSE,FALSE,短语边界匹配：标题连字符归一为空格，支持空格/连字符变体,V-Neck
design_element,v neck,49911523,Elenzga Women's Elegant And Fashionable V-Neck Sleeveless Self-Tie Back Vest And Straight Leg Pants Solid Color Casual Suit Set,S$25.84,1.6k+ sold,TRUE,1,FALSE,FALSE,短语边界匹配：标题连字符归一为空格，支持空格/连字符变体,V-Neck
design_element,v neck,63014595,SHEIN Tall Women's Solid Color Casual V-Neck Sleeveless Cardigan Top,S$1.56,SAVE S$1.56,FALSE,1,FALSE,FALSE,短语边界匹配：标题连字符归一为空格，支持空格/连字符变体,V-Neck
design_element,v neck,94097719,"Flirla Spring/Summer Back To School Sleeveless V-Neck Mini Dress For Women, Blue Striped School Girl Style",S$11.49,4.4k+ sold,TRUE,1,FALSE,FALSE,短语边界匹配：标题连字符归一为空格，支持空格/连字符变体,V-Neck
design_element,v neck,101339573,Selianne Women's V-Neck Fitted Gold Rose Button Decor Outerwear Top,S$11.49,13.7k+ sold,TRUE,1,FALSE,FALSE,短语边界匹配：标题连字符归一为空格，支持空格/连字符变体,V-Neck
design_element,v neck,110918469,"Slaydiva 3pcs/Pack Black, White & Brown Ribbed Deep V-Neck Camisole For Women, Suitable For Summer Back To School",S$2.21,SAVE S$2.21,FALSE,1,FALSE,FALSE,短语边界匹配：标题连字符归一为空格，支持空格/连字符变体,V-Neck
design_element,v neck,155685507,"SHEIN LUNE Women's Casual Solid Color V-Neck Flare Sleeve Twist Front Blouse, Spring/Autumn Brown Top Dark Chocolate Coffee Tie",S$9.49,90k+ sold,TRUE,2,TRUE,TRUE,短语边界匹配：标题连字符归一为空格，支持空格/连字符变体,V-Neck
design_element,v neck,172812008,"INAWLY 2pcs/Set Fitted Short Leopard Print & Solid Color V-Neck Camisole For Women, Summer",S$12.47,8.8k+ sold,TRUE,2,TRUE,TRUE,短语边界匹配：标题连字符归一为空格，支持空格/连字符变体,V-Neck
design_element,v neck,182894868,"StreetHx Women's Summer V-Neck Tight T-Shirt, Punk Subculture Anime Solid Color Basic V-Neck Short Sleeve Fitted T-Shirt",S$1.80,SAVE S$1.80,FALSE,2,TRUE,FALSE,短语边界匹配：标题连字符归一为空格，支持空格/连字符变体,V-Neck
design_element,v neck,186895233,"Vaiaye Women's Sexy Fitted Knit Long Sleeve Top, Solid Color V-Neck T-Shirt Casual Spring",S$6.99,24k+ sold,TRUE,1,FALSE,FALSE,短语边界匹配：标题连字符归一为空格，支持空格/连字符变体,V-Neck
design_element,v neck,258365712,Coolane Winter Clothes For Women Grunge Daily Wear Going Out Brown Striped Knit V-Neck Long Sleeve T-Shirt,S$8.99,4.7k+ sold,TRUE,1,FALSE,FALSE,短语边界匹配：标题连字符归一为空格，支持空格/连字符变体,V-Neck
design_element,v neck,288225924,"Women's Soft Satin V-Neck Asymmetric Lace Trim Hem Fitted Camisole Top, Semi-Sheer Eyelash Lace Design, Suitable For Date Night, Casual Street Style, And Slouchy Atmosphere, Beach Vacation Outfit Black Summer",S$8.49,18.7k+ sold,TRUE,1,FALSE,FALSE,短语边界匹配：标题连字符归一为空格，支持空格/连字符变体,V-Neck
design_element,v neck,378518494,"SHEIN EZwear 3pcs Women's Summer V-Neck Tight T-Shirts, Punk Subculture Anime Solid Color Basic V-Neck Short Sleeve Slim Fit T-Shirts",S$1.74,SAVE S$1.74,FALSE,1,FALSE,FALSE,短语边界匹配：标题连字符归一为空格，支持空格/连字符变体,V-Neck
design_element,v neck,397435300,DAZY Women's Fashion Casual V-Neck Short Sleeve Denim Set Summer,S$5.72,SAVE S$5.72,FALSE,1,FALSE,FALSE,短语边界匹配：标题连字符归一为空格，支持空格/连字符变体,V-Neck
design_element,v neck,399162425,"Sunnyshic Women Black And White Polka Dot Lace Patchwork V-Neck Halter Backless Maxi Dress,Elegant Summer Holiday Vacation,Wedding Guest Minimalist Daily Wear",S$15.49,5.5k+ sold,TRUE,1,FALSE,FALSE,短语边界匹配：标题连字符归一为空格，支持空格/连字符变体,V-Neck
design_element,v neck,410711406,Franclia 2-3 Pcs Set Summer Fitted Short Leopard Print & Solid Color V-Neck Camisole For Women,S$11.99,2.4k+ sold,TRUE,2,TRUE,TRUE,短语边界匹配：标题连字符归一为空格，支持空格/连字符变体,V-Neck
design_element,v neck,418740661,"Franclia Women Blue White Stripe Button Pleated Cross V-Neck Shirt,Summer Effortless Chic Blouse,Back-To-School School Outfit,Spring Casual Pinterest Outfits",S$11.99,11.4k+ sold,TRUE,1,FALSE,FALSE,短语边界匹配：标题连字符归一为空格，支持空格/连字符变体,V-Neck
design_element,v neck,427046872,SHEIN Women's Casual Numeric Print V-Neck Fitted Short Sleeve T-Shirt Ladies Clothes Pink Shirt Women's Outfits V-Neck Top Graphic Tee Jersey,S$1.05,SAVE S$1.05,FALSE,1,FALSE,FALSE,短语边界匹配：标题连字符归一为空格，支持空格/连字符变体,V-Neck
design_element,v neck,427898089,"Aloruh 2pcs Casual Elegant Deep V Ruched Short Sleeve Top, Loose Tight Bottom Women T-Shirt, V-Neck Versatile For Spring,Summer Women's Tops",S$11.99,3.6k+ sold,TRUE,1,FALSE,FALSE,短语边界匹配：标题连字符归一为空格，支持空格/连字符变体,V-Neck
design_element,v neck,431131849,"Franclia Women's Elegent Black And White Contrast Ribbed Vest,Summer V-Neck Cinched Waist Metal Buckle Top For Brunch,Resort Wear Festival Carnival Clothing",S$7.99,1.3k+ sold,TRUE,1,FALSE,FALSE,短语边界匹配：标题连字符归一为空格，支持空格/连字符变体,V-Neck
design_element,v neck,432960835,"V-Neck Short Sleeve T-Shirt, Versatile Solid Color Slim Fit Undershirt For Women Casual Black Summer",S$0.68,SAVE S$0.68,FALSE,2,TRUE,FALSE,短语边界匹配：标题连字符归一为空格，支持空格/连字符变体,V-Neck
design_element,v neck,439435136,"Lalippa Letter & Numeral Print V-Neck T-Shirt, Fashionable & Minimalist, Gift For Friends",S$9.11,2.1k+ sold,TRUE,2,TRUE,TRUE,短语边界匹配：标题连字符归一为空格，支持空格/连字符变体,V-Neck
design_element,v neck,443138653,"Lalippa Women's V-Neck T-Shirt,Blue,Summer,Streetwear,School,Back-To-School,Faux Denim,Graphic Design,Number,Burgundy,Fashionable & Versatile,Holiday Outfit",S$8.99,1.6k+ sold,TRUE,1,FALSE,FALSE,短语边界匹配：标题连字符归一为空格，支持空格/连字符变体,V-Neck
design_element,v neck,453996969,"SHEIN Franclia Women's Bow Tie V-Neck Blouse,White And Black Contrast Trim Slim Fit Tee,Summer Casual Vintage Americana Top,Vacation Coquette Aesthetic Kawaii Style",S$6.99,528 sold,TRUE,1,FALSE,FALSE,短语边界匹配：标题连字符归一为空格，支持空格/连字符变体,V-Neck
design_element,v neck,456325049,"SHEIN Franclia French Elegant V-Neck Black & White Contrast Ruffle Trim Short Sleeve Chiffon Blouse, Slim Fit Commuting Wear, Summer New",S$5.99,2.1k+ sold,TRUE,2,TRUE,TRUE,短语边界匹配：标题连字符归一为空格，支持空格/连字符变体,V-Neck
design_element,v neck,457086011,"Sweetra Women's New Fashion Versatile Knit V-Neck T-Shirt, Waist Drawstring, Front & Back V-Neck, Shoulder Sleeve Design",S$7.99,1.1k+ sold,TRUE,1,FALSE,FALSE,短语边界匹配：标题连字符归一为空格，支持空格/连字符变体,V-Neck
design_element,v neck,459954818,"SHEIN EZwear 3pcs Women's Summer V-Neck Tight T-Shirts, Punk Subculture Anime Solid Color Basic V-Neck Short Sleeve Slim Fit T-Shirts,Summer Top",S$14.99,4.9k+ sold,TRUE,1,FALSE,FALSE,短语边界匹配：标题连字符归一为空格，支持空格/连字符变体,V-Neck
design_element,wide leg,3128083,"DAZY Elastic Waist Wide Leg Pants,Women Dress Pants,Teacher Pants Fall",S$17.99,1.1k+ sold,TRUE,1,FALSE,FALSE,短语边界匹配：标题连字符归一为空格，支持空格/连字符变体,Wide Leg
design_element,wide leg,6173662,"DAZY High Waist Plicated Detail Wide Leg Suit Pants,Women Dress Pants Business Attire",S$23.99,2.8k+ sold,TRUE,1,FALSE,FALSE,短语边界匹配：标题连字符归一为空格，支持空格/连字符变体,Wide Leg
design_element,wide leg,7870642,SHEIN PETITE High Waist Plicated Wide Leg Black Dress Pants,S$14.49,9.1k+ sold,TRUE,1,FALSE,FALSE,短语边界匹配：标题连字符归一为空格，支持空格/连字符变体,Wide Leg
design_element,wide leg,10294783,DAZY High Waist Wide Leg Shorts,S$11.99,18.3k+ sold,TRUE,2,TRUE,TRUE,短语边界匹配：标题连字符归一为空格，支持空格/连字符变体,Wide Leg
design_element,wide leg,10887023,"SHEIN LUNE Shirred Waist Wide Leg Pants,Teacher Outfits For Women",S$10.49,17k+ sold,TRUE,3,TRUE,TRUE,短语边界匹配：标题连字符归一为空格，支持空格/连字符变体,Wide Leg
design_element,wide leg,12262603,Firerie Solid High Waist Wide Leg Pants Bootcut Wide Leg Pants Dress Pants,S$11.49,12.5k+ sold,TRUE,2,TRUE,TRUE,短语边界匹配：标题连字符归一为空格，支持空格/连字符变体,Wide Leg
design_element,wide leg,17027747,SHEIN EZwear Casual Versatile Solid Color High Waisted Wide Leg Pants,S$17.49,28.8k+ sold,TRUE,1,FALSE,FALSE,短语边界匹配：标题连字符归一为空格，支持空格/连字符变体,Wide Leg
design_element,wide leg,17447414,High Waist Wide Leg Jeans,S$26.99,8.2k+ sold,TRUE,1,FALSE,FALSE,短语边界匹配：标题连字符归一为空格，支持空格/连字符变体,Wide Leg
design_element,wide leg,18813630,SHEIN EZwear Spring Solid Pleated Detail Casual Wide Leg Pants,S$18.49,28.8k+ sold,TRUE,2,TRUE,TRUE,短语边界匹配：标题连字符归一为空格，支持空格/连字符变体,Wide Leg
design_element,wide leg,20681257,"DAZY High Waist Plicated Detail Wide Leg Pants,Women Dress Pants,Back To School Clothes Fall",S$2.66,SAVE S$2.66,FALSE,1,FALSE,FALSE,短语边界匹配：标题连字符归一为空格，支持空格/连字符变体,Wide Leg
design_element,wide leg,21342306,"Easowa Drawstring Waist Pocket Patched Wide Leg Shorts,Casual",S$11.99,4.7k+ sold,TRUE,1,FALSE,FALSE,短语边界匹配：标题连字符归一为空格，支持空格/连字符变体,Wide Leg
design_element,wide leg,22653753,"DAZY Women's Casual Solid Wide Leg Pants,Women Dress Pants",S$21.49,17.3k+ sold,TRUE,1,FALSE,FALSE,短语边界匹配：标题连字符归一为空格，支持空格/连字符变体,Wide Leg
design_element,wide leg,24631676,SHEIN ICON High Waist Wide Leg Jeans,S$3.57,SAVE S$3.57,FALSE,1,FALSE,FALSE,短语边界匹配：标题连字符归一为空格，支持空格/连字符变体,Wide Leg
design_element,wide leg,26330574,"DAZY Women's Black Winter Business Casual Work Pants,Elegant Solid Color Wide Leg Loose Pocket Zipper Long Trousers,Spring/Fall Daily Teacher Pants",S$22.99,17.3k+ sold,TRUE,1,FALSE,FALSE,短语边界匹配：标题连字符归一为空格，支持空格/连字符变体,Wide Leg
design_element,wide leg,31148526,DAZY Women's Solid Color Pleated Wide Leg Loose Casual Office Commute Pants,S$2.73,SAVE S$2.73,FALSE,1,FALSE,FALSE,短语边界匹配：标题连字符归一为空格，支持空格/连字符变体,Wide Leg
design_element,wide leg,32576666,"Poéselle Summer High-Waisted Pants Multi-Piece Set, Black + Khaki Wide Leg Pants High Waist Fold Pleated Wide Leg Pants, Black Pants, Loose Fit, Long Pants",S$29.49,6.3k+ sold,TRUE,2,TRUE,TRUE,短语边界匹配：标题连字符归一为空格，支持空格/连字符变体,Wide Leg
design_element,wide leg,33477110,SHEIN Unity Women Fashionable High Waist Simple Design Straight Wide-Leg Denim Jeans,S$25.49,29.1k+ sold,TRUE,1,FALSE,FALSE,短语边界匹配：标题连字符归一为空格，支持空格/连字符变体,Wide-Leg
design_element,wide leg,33940907,SHEIN Clasi Women Wide Leg Casual Pants With Textured Solid Color Fabric Fall Cloth For Women,S$14.49,13.8k+ sold,TRUE,1,FALSE,FALSE,短语边界匹配：标题连字符归一为空格，支持空格/连字符变体,Wide Leg
design_element,wide leg,34045585,EMERY ROSE Solid Color Loose Wide Leg Elegant Pants With Pocket Fall Cloth For Women,S$15.99,9.3k+ sold,TRUE,1,FALSE,FALSE,短语边界匹配：标题连字符归一为空格，支持空格/连字符变体,Wide Leg
design_element,wide leg,34200043,"Dazy Designer Grey Women's High Waist Wide Leg Pleated Loose Casual Commute Pants,Women Dress Pants",S$2.53,SAVE S$2.53,FALSE,1,FALSE,FALSE,短语边界匹配：标题连字符归一为空格，支持空格/连字符变体,Wide Leg
design_element,wide leg,36688932,Women's Pocketed Wide Leg Relaxed Denim Shorts Casual Summer,S$16.49,9.4k+ sold,TRUE,1,FALSE,FALSE,短语边界匹配：标题连字符归一为空格，支持空格/连字符变体,Wide Leg
design_element,wide leg,37551275,DAZY Striped Wide Leg Pants For Dailywear,S$2.88,SAVE S$2.88,FALSE,3,TRUE,FALSE,短语边界匹配：标题连字符归一为空格，支持空格/连字符变体,Wide Leg
design_element,wide leg,38226910,"SHEIN EZwear Women's High-Waisted Belted Wide Leg Pants,Black Winter Casual Smart Office Ladies Spring/Fall Button,Pocket,Zipper Straight Leg Loose Long Trousers",S$19.19,13.7k+ sold,TRUE,1,FALSE,FALSE,短语边界匹配：标题连字符归一为空格，支持空格/连字符变体,Wide Leg
design_element,wide leg,38769097,SHEIN Luminelle Women Solid Color High Waist Wide Leg Casual Trousers Fall Cloth For Women,S$17.09,2.9k+ sold,TRUE,1,FALSE,FALSE,短语边界匹配：标题连字符归一为空格，支持空格/连字符变体,Wide Leg
design_element,wide leg,39457186,Flirla Women's Solid Color Pleated Casual Suit Wide-Leg Pants,S$19.99,3.1k+ sold,TRUE,1,FALSE,FALSE,短语边界匹配：标题连字符归一为空格，支持空格/连字符变体,Wide-Leg
design_element,wide leg,39790632,DAZY Women's Casual Solid Color Drawstring Waist Wide Leg Cargo Parachute Pants,S$11.00,SAVE S$11.00,FALSE,1,FALSE,FALSE,短语边界匹配：标题连字符归一为空格，支持空格/连字符变体,Wide Leg
design_element,wide leg,41202053,European And American Fashion Women High Waist Wide Leg Striped Casual Straight Pants Spring Black,S$15.35,7.1k+ sold,TRUE,1,FALSE,FALSE,短语边界匹配：标题连字符归一为空格，支持空格/连字符变体,Wide Leg
design_element,wide leg,44276847,"Draped Simple Design Suit Pants, European & American Latest Straight Leg Casual Trousers, All Season Fashionable Wide-Leg Pants Spring Black",S$17.27,22.2k+ sold,TRUE,1,FALSE,FALSE,短语边界匹配：标题连字符归一为空格，支持空格/连字符变体,Wide-Leg
design_element,wide leg,44643797,SHEIN PETITE Women Plain Pocket Wide Leg Loose Casual Pants,S$18.99,25.5k+ sold,TRUE,1,FALSE,FALSE,短语边界匹配：标题连字符归一为空格，支持空格/连字符变体,Wide Leg
design_element,wide leg,45754240,SHEIN ICON Solid Color Pocket Casual Versatile Wide-Leg Jeans,S$23.58,33.6k+ sold,TRUE,1,FALSE,FALSE,短语边界匹配：标题连字符归一为空格，支持空格/连字符变体,Wide-Leg
design_element,wide leg,46274115,Firerie Women Minimalist Casual Chic Fashion Back-To-School High Waist Textured Wide Leg Pants,S$15.49,9.1k+ sold,TRUE,1,FALSE,FALSE,短语边界匹配：标题连字符归一为空格，支持空格/连字符变体,Wide Leg
design_element,wide leg,46582346,"Poéselle Summer High-Waisted Pants Multi-Piece Set, Wide Leg Pants High Waist Fold Pleated Wide Leg Pants, Loose Fit, Long Pants",S$27.99,1.3k+ sold,TRUE,1,FALSE,FALSE,短语边界匹配：标题连字符归一为空格，支持空格/连字符变体,Wide Leg
design_element,wide leg,47131565,"Sweetra Women's Retro Elegant Jacquard Crimp Pleated Wide-Leg Pants, Autumn/Winter Fall Cloth For Women",S$16.49,51.5k+ sold,TRUE,1,FALSE,FALSE,短语边界匹配：标题连字符归一为空格，支持空格/连字符变体,Wide-Leg
design_element,wide leg,49910921,Firerie Women's Casual Minimalist Fashion High Waist Textured Wide Leg Pants For Back To School & Commuting,S$14.99,4.3k+ sold,TRUE,1,FALSE,FALSE,短语边界匹配：标题连字符归一为空格，支持空格/连字符变体,Wide Leg
design_element,wide leg,49943528,"Sweetra Vintage Elegant Jacquard Pleated Wide-Leg Pants For Women, Autumn/Winter Fall Cloth For Women",S$15.19,21.4k+ sold,TRUE,1,FALSE,FALSE,短语边界匹配：标题连字符归一为空格，支持空格/连字符变体,Wide-Leg
design_element,wide leg,49987632,"Sweetra Vintage Elegant Jacquard Weave Pleated Wide Leg Women's Pants, Autumn/Winter Fall Cloth For Women",S$16.49,51.5k+ sold,TRUE,1,FALSE,FALSE,短语边界匹配：标题连字符归一为空格，支持空格/连字符变体,Wide Leg
design_element,wide leg,50179122,EMERY ROSE Black High Waist Lace-Up Wide Leg Loose Elegant Women Suit Pants,S$14.99,686 sold,TRUE,1,FALSE,FALSE,短语边界匹配：标题连字符归一为空格，支持空格/连字符变体,Wide Leg
design_element,wide leg,51397077,"Sweetra Black Single-Breasted Waistcoat, Ruched Wide Leg Pants Co-Ord Set",S$25.64,7.4k+ sold,TRUE,1,FALSE,FALSE,短语边界匹配：标题连字符归一为空格，支持空格/连字符变体,Wide Leg
design_element,wide leg,52503135,"Sweetra Women Vintage Elegant Jacquard Crinkle Pleated Wide Leg Pants,Autumn/Winter Fall Cloth For Women",S$16.49,51.5k+ sold,TRUE,1,FALSE,FALSE,短语边界匹配：标题连字符归一为空格，支持空格/连字符变体,Wide Leg
design_element,wide leg,52915517,"Sweetra Vintage Elegant Jacquard Pleated Wide-Leg Women Pants, Autumn/Winter Fall Cloth For Women",S$16.49,51.5k+ sold,TRUE,1,FALSE,FALSE,短语边界匹配：标题连字符归一为空格，支持空格/连字符变体,Wide-Leg
design_element,wide leg,53024029,DAZY Women's Casual Loose Wide Leg Jeans Low Rise Jeans,S$27.99,40.2k+ sold,TRUE,1,FALSE,FALSE,短语边界匹配：标题连字符归一为空格，支持空格/连字符变体,Wide Leg
design_element,wide leg,54215147,SHEIN PETITE Women's Simple Casual Fashion Back-To-School Season Old Money Commuting High-Waist Texture Wide-Leg Trousers,S$13.49,34.3k+ sold,TRUE,1,FALSE,FALSE,短语边界匹配：标题连字符归一为空格，支持空格/连字符变体,Wide-Leg
design_element,wide leg,56220894,Sweetra Autumn And Winter Retro Elegant Yarn-Dyed Twill Pleated Wide-Leg Women's Trousers Fall Cloth For Women,S$16.49,51.5k+ sold,TRUE,1,FALSE,FALSE,短语边界匹配：标题连字符归一为空格，支持空格/连字符变体,Wide-Leg
design_element,wide leg,57883154,"2025 Autumn/Winter Women Wide Leg High Waist Casual Loose Trousers, Versatile Suit Pants Black Summer",S$12.49,34.1k+ sold,TRUE,3,TRUE,TRUE,短语边界匹配：标题连字符归一为空格，支持空格/连字符变体,Wide Leg
design_element,wide leg,58934173,"Sweetra Women's Vintage Elegant Textured Pleated Wide Leg Pants, Autumn/Winter Fall Cloth For Women",S$16.49,51.5k+ sold,TRUE,1,FALSE,FALSE,短语边界匹配：标题连字符归一为空格，支持空格/连字符变体,Wide Leg
design_element,wide leg,61649877,DAZY Casual Plain Color Wide Leg Jeans Low Rise Jeans,S$3.30,SAVE S$3.30,FALSE,1,FALSE,FALSE,短语边界匹配：标题连字符归一为空格，支持空格/连字符变体,Wide Leg
design_element,wide leg,62823796,"Women's Loose Fit Wide-Leg Washed Casual Pants, Stylish & Versatile Spring",S$26.49,21k+ sold,TRUE,1,FALSE,FALSE,短语边界匹配：标题连字符归一为空格，支持空格/连字符变体,Wide-Leg
design_element,wide leg,63288137,"Women's Versatile Minimalist Wide Leg Pants, High Waist, Slimming, Straight Leg, Suitable For All Seasons Spring",S$2.14,SAVE S$2.14,FALSE,1,FALSE,FALSE,短语边界匹配：标题连字符归一为空格，支持空格/连字符变体,Wide Leg
design_element,wide leg,66023862,"Pariaura 1pc Women's Solid Color Pleated Wide Leg Loose Pants, Suitable For Commuting & Casual Wear Fall Cloth For Women",S$9.49,525 sold,TRUE,1,FALSE,FALSE,短语边界匹配：标题连字符归一为空格，支持空格/连字符变体,Wide Leg
design_element,wide leg,66756971,Women's Pocket Design Wide Leg Loose Casual Versatile Denim Jeans,S$23.51,28.5k+ sold,TRUE,1,FALSE,FALSE,短语边界匹配：标题连字符归一为空格，支持空格/连字符变体,Wide Leg
design_element,wide leg,72775778,"Sweetra Women's Vintage Elegant Jacquard Pleated Wide Leg Pants, Autumn/Winter Fall Cloth For Women",S$16.49,51.5k+ sold,TRUE,1,FALSE,FALSE,短语边界匹配：标题连字符归一为空格，支持空格/连字符变体,Wide Leg
design_element,wide leg,72840876,"Women's Washed Wide Leg Jeans, Loose Casual Fashion Versatile Pants White Spring",S$28.99,21k+ sold,TRUE,1,FALSE,FALSE,短语边界匹配：标题连字符归一为空格，支持空格/连字符变体,Wide Leg
design_element,wide leg,73242087,"Elenzga Navy Blue Elegant High Waist Culottes For Women,Summer Casual Solid Wide Leg Pants For Office,Work,Graduation & Daily,Vintage Style Music Festival",S$16.99,8.2k+ sold,TRUE,2,TRUE,TRUE,短语边界匹配：标题连字符归一为空格，支持空格/连字符变体,Wide Leg
design_element,wide leg,73347029,"Sweetra Women's Retro Elegant Jacquard Pleated Wide Leg Pants, Autumn/Winter Fall Cloth For Women",S$15.99,51.5k+ sold,TRUE,1,FALSE,FALSE,短语边界匹配：标题连字符归一为空格，支持空格/连字符变体,Wide Leg
design_element,wide leg,73865387,"Sweetra Women's Retro Elegant Jacquard Pleated Wide Leg Pants, Autumn/Winter Fall Cloth For Women",S$15.49,51.5k+ sold,TRUE,1,FALSE,FALSE,短语边界匹配：标题连字符归一为空格，支持空格/连字符变体,Wide Leg
design_element,wide leg,73895640,"Sweetra Women's Vintage Elegant Jacquard Pleated Wide-Leg Pants, Autumn/Winter Fall Cloth For Women",S$16.49,51.5k+ sold,TRUE,1,FALSE,FALSE,短语边界匹配：标题连字符归一为空格，支持空格/连字符变体,Wide-Leg
design_element,wide leg,74142521,Casual Relaxed High-Waist Wide-Leg Wash Denim Jeans,S$21.67,23k+ sold,TRUE,1,FALSE,FALSE,短语边界匹配：标题连字符归一为空格，支持空格/连字符变体,Wide-Leg
design_element,wide leg,74403544,"Sweetra Women's Vintage Elegant Color Woven Jacquard Pleated Wide Leg Pants, For Autumn/Winter Fall Cloth For Women",S$16.49,51.5k+ sold,TRUE,2,TRUE,TRUE,短语边界匹配：标题连字符归一为空格，支持空格/连字符变体,Wide Leg
design_element,wide leg,76635664,EMERY ROSE Women's Casual Solid Color Wide Leg Pants Fall Cloth For Women,S$13.49,9.6k+ sold,TRUE,1,FALSE,FALSE,短语边界匹配：标题连字符归一为空格，支持空格/连字符变体,Wide Leg
design_element,wide leg,78607482,Women's Casual Comfortable Versatile Linen Loose Flowy Wide Leg Pants Spring,S$19.49,14.8k+ sold,TRUE,1,FALSE,FALSE,短语边界匹配：标题连字符归一为空格，支持空格/连字符变体,Wide Leg
design_element,wide leg,81608630,Jeanoix High Waist Slant Pocket Casual Ripped Wide Leg Jeans,S$1.88,SAVE S$1.88,FALSE,1,FALSE,FALSE,短语边界匹配：标题连字符归一为空格，支持空格/连字符变体,Wide Leg
design_element,wide leg,83450765,"Aloruh Loose Textured Casual Wide Leg Pants, Summer Resort Wear, Fall Women , Vacation Women",S$1.62,SAVE S$1.62,FALSE,1,FALSE,FALSE,短语边界匹配：标题连字符归一为空格，支持空格/连字符变体,Wide Leg
design_element,wide leg,90399529,"Sweetra Retro Elegant Jacquard Pleated Wide Leg Women Pants, Autumn/Winter Fall Cloth For Women",S$16.49,51.5k+ sold,TRUE,1,FALSE,FALSE,短语边界匹配：标题连字符归一为空格，支持空格/连字符变体,Wide Leg
design_element,wide leg,114346598,"Women's Versatile Minimalist Wide Leg Pants, High Waist Commuter Slimming Straight Trousers Black Spring",S$2.14,SAVE S$2.14,FALSE,1,FALSE,FALSE,短语边界匹配：标题连字符归一为空格，支持空格/连字符变体,Wide Leg
design_element,wide leg,125996539,ZIRRA Casual Chic Women's Black Pleated High Waisted Wide Leg Pants Flowy Office Trousers For Everyday Wear,S$16.49,4k+ sold,TRUE,1,FALSE,FALSE,短语边界匹配：标题连字符归一为空格，支持空格/连字符变体,Wide Leg
design_element,wide leg,144429943,"Radiana Women's Minimalist Fashion Dark Coffee Oversized Wide Leg Pants, Commuter Trousers Brown For Women High Waisted Suit Pants,Fall",S$20.99,11.6k+ sold,TRUE,1,FALSE,FALSE,短语边界匹配：标题连字符归一为空格，支持空格/连字符变体,Wide Leg
design_element,wide leg,152376312,Retro American Casual Pear-Shaped Wide Leg Pants Spring Black,S$1.82,SAVE S$1.82,FALSE,2,TRUE,FALSE,短语边界匹配：标题连字符归一为空格，支持空格/连字符变体,Wide Leg
design_element,wide leg,153281594,"Straight Leg Casual Pants, Wide Leg Trousers Spring",S$2.85,SAVE S$2.85,FALSE,1,FALSE,FALSE,短语边界匹配：标题连字符归一为空格，支持空格/连字符变体,Wide Leg
design_element,wide leg,163902125,"Women's Versatile Minimalist Wide Leg Pants, High Waist, Slimming, Straight Leg, Suitable For All Seasons Spring",S$2.53,SAVE S$2.53,FALSE,1,FALSE,FALSE,短语边界匹配：标题连字符归一为空格，支持空格/连字符变体,Wide Leg
design_element,wide leg,165995872,"Women's Versatile Minimalist Wide Leg Pants, High Waist Commuter Slimming Straight Trousers Spring",S$2.14,SAVE S$2.14,FALSE,1,FALSE,FALSE,短语边界匹配：标题连字符归一为空格，支持空格/连字符变体,Wide Leg
design_element,wide leg,166005305,"Glamine Vintage Low-Waist Wide Leg Pants, Draped Casual Women's Trousers Brown Pants Brown Wide Leg Pants Wide Pants Skirt Pants",S$21.99,2.9k+ sold,TRUE,1,FALSE,FALSE,短语边界匹配：标题连字符归一为空格，支持空格/连字符变体,Wide Leg
design_element,wide leg,171681686,European & American Fashion Women's Casual Striped High Waist Wide Leg Straight Pants Spring White,S$1.15,SAVE S$1.15,FALSE,1,FALSE,FALSE,短语边界匹配：标题连字符归一为空格，支持空格/连字符变体,Wide Leg
design_element,wide leg,176199378,"Sweetra 1 Set Solid Color Single-Breasted Vest, Pleated Wide-Leg Pants Suit",S$26.12,7.4k+ sold,TRUE,1,FALSE,FALSE,短语边界匹配：标题连字符归一为空格，支持空格/连字符变体,Wide-Leg
design_element,wide leg,179826060,"Vela Rue Minimalist Design Jumpsuit Pants, Hook & Zipper Closure, Thin Polyester Twill Straight Leg Trousers, Solid Black Color, Wide Leg Flattering Silhouette, Fashionable All Season",S$14.39,90k+ sold,TRUE,1,FALSE,FALSE,短语边界匹配：标题连字符归一为空格，支持空格/连字符变体,Wide Leg
design_element,wide leg,193035059,Qadelle Women's Elegant Pocket Decor High Waist Wide Leg Pants,S$9.99,582 sold,TRUE,1,FALSE,FALSE,短语边界匹配：标题连字符归一为空格，支持空格/连字符变体,Wide Leg
design_element,wide leg,198300097,"SHEIN Tall Women's Black High Waisted Wide Leg Pants,Elegant Business Casual Work Slacks,Tall Versatile Solid Color Winter Autumn Style Old Money Dress Pants",S$20.49,3.8k+ sold,TRUE,2,TRUE,TRUE,短语边界匹配：标题连字符归一为空格，支持空格/连字符变体,Wide Leg
design_element,wide leg,207298371,"9650# Stretchy Denim Pants, Straight Leg, Elegant & Fashionable, Casual & Versatile, Wide Leg Flare Women Denim Pants Spring",S$26.49,10.8k+ sold,TRUE,1,FALSE,FALSE,短语边界匹配：标题连字符归一为空格，支持空格/连字符变体,Wide Leg
design_element,wide leg,209091585,"Vela Rue Minimalist Design Pants, Hook & Zipper Closure Thin Solid Brown Wide Leg Trousers, Flattering Silhouette, Fashionable Wide Leg Pants For All Seasons Spring",S$13.91,90k+ sold,TRUE,1,FALSE,FALSE,短语边界匹配：标题连字符归一为空格，支持空格/连字符变体,Wide Leg
design_element,wide leg,223438315,"Radiana Women's Minimalist High Waisted Wide Leg Pants,Black Business Casual Office Autumn Commuter Trousers,Oversized Pleated Brown Suit Pants Fall Clothes",S$21.49,11.6k+ sold,TRUE,2,TRUE,TRUE,短语边界匹配：标题连字符归一为空格，支持空格/连字符变体,Wide Leg
design_element,wide leg,230189325,"Solid Color High Waist Straight Leg Pants, Minimalist Sports Sweatpants, Versatile Elastic Waist Drawstring Wide Leg Casual Trousers, All Season Black Spring",S$11.49,13.7k+ sold,TRUE,1,FALSE,FALSE,短语边界匹配：标题连字符归一为空格，支持空格/连字符变体,Wide Leg
design_element,wide leg,231997084,"Vela Rue Minimalist Design Pants With Hook & Zipper Closure, Lightweight Semi-Sheer Solid Color Wide Leg Pants, Apricot Color, Fashionable Wide Leg Trousers For All Seasons Spring",S$13.91,90k+ sold,TRUE,1,FALSE,FALSE,短语边界匹配：标题连字符归一为空格，支持空格/连字符变体,Wide Leg
design_element,wide leg,233799002,"Aoqta Women's Sports Casual High-Waisted Wide-Leg Pants, Solid Color Tummy Control Butt Lifting Basic Sports Long Pants, Suitable For Yoga, Running, Training, Daily Wear",S$4.84,SAVE S$4.84,FALSE,2,TRUE,FALSE,短语边界匹配：标题连字符归一为空格，支持空格/连字符变体,Wide-Leg
design_element,wide leg,238405822,"1pc Women's Casual Loose Wide Leg Jeans Pants, Comfortable American Street Style, Versatile For All Seasons (Belt/Accessories Not Included) Spring Black",S$24.49,3.3k+ sold,TRUE,1,FALSE,FALSE,短语边界匹配：标题连字符归一为空格，支持空格/连字符变体,Wide Leg
design_element,wide leg,238602557,"Sweetra Women's Vintage Elegant Jacquard Pleated Wide Leg Pants, Autumn/Winter",S$15.19,21.4k+ sold,TRUE,1,FALSE,FALSE,短语边界匹配：标题连字符归一为空格，支持空格/连字符变体,Wide Leg
design_element,wide leg,252202552,"Vela Rue Minimalist Design Jumpsuit With Hook & Zipper Closure, Sheer Lightweight Full Length Pants, Solid Navy Blue Suit Pants, Wide Leg Slimming Trousers, Fashionable All Season Pink Spring",S$13.91,90k+ sold,TRUE,1,FALSE,FALSE,短语边界匹配：标题连字符归一为空格，支持空格/连字符变体,Wide Leg
design_element,wide leg,254270176,"Vela Rue Minimalist Design Pants, Hook & Zipper Closure, Thin Solid Green Straight Leg Trousers, Flattering Wide Leg, Fashionable All Season Spring",S$13.91,90k+ sold,TRUE,2,TRUE,TRUE,短语边界匹配：标题连字符归一为空格，支持空格/连字符变体,Wide Leg
design_element,wide leg,261057535,"9650# Stretchy Denim Pants, Straight Leg, Elegant & Fashionable, Casual & Versatile, Wide Leg Flare Women Denim Pants Spring Black",S$26.49,10.8k+ sold,TRUE,1,FALSE,FALSE,短语边界匹配：标题连字符归一为空格，支持空格/连字符变体,Wide Leg
design_element,wide leg,269281745,Resyla Women's Letter Print Pleated Round Neck Short Sleeve T-Shirt And Wide Leg Pants Casual 2-Piece Set,S$18.49,16.7k+ sold,TRUE,1,FALSE,FALSE,短语边界匹配：标题连字符归一为空格，支持空格/连字符变体,Wide Leg
design_element,wide leg,281753263,"Vela Rue Minimalist Design Pants, Hook & Zipper Closure Thin Solid Gray Wide Leg Trousers, Flattering Silhouette, Fashionable Wide Leg Pants For All Seasons Spring",S$13.91,90k+ sold,TRUE,1,FALSE,FALSE,短语边界匹配：标题连字符归一为空格，支持空格/连字符变体,Wide Leg
design_element,wide leg,281754105,"Vela Rue Minimalist Design Pants With Hook & Zipper Closure, Lightweight Semi-Sheer Solid Blue Wide Leg Trousers, Fashionable Wide Leg Pants For All Seasons Spring",S$13.91,90k+ sold,TRUE,1,FALSE,FALSE,短语边界匹配：标题连字符归一为空格，支持空格/连字符变体,Wide Leg
design_element,wide leg,288683299,"Sweetra Women's Vintage Elegant Jacquard Pleated Wide Leg Pants, Autumn/Winter",S$16.49,21.4k+ sold,TRUE,1,FALSE,FALSE,短语边界匹配：标题连字符归一为空格，支持空格/连字符变体,Wide Leg
design_element,wide leg,296834943,"SHEIN EZwear 2 Colors Women Drawstring Waist Loose Casual Wide Leg Pants Lounge Comfy Pants,Fall,Fall Clothes For Women,Winter",S$26.49,15.2k+ sold,TRUE,1,FALSE,FALSE,短语边界匹配：标题连字符归一为空格，支持空格/连字符变体,Wide Leg
design_element,wide leg,307971017,"Sweetra Women's Vintage Elegant Jacquard Pleated Wide Leg Pants, Autumn/Winter",S$16.49,21.4k+ sold,TRUE,2,TRUE,TRUE,短语边界匹配：标题连字符归一为空格，支持空格/连字符变体,Wide Leg
design_element,wide leg,310602079,"1pc Women's Slim Fit Straight Leg High Waist Elastic Waist Wide Leg Pants, Loose Fit For Running, Fitness, Yoga, Cycling, Streetwear, Casual Style, Machine Washable, Elegant Fashion Trousers, Versatile Daily Wear Black Spring Sports",S$10.99,5.4k+ sold,TRUE,1,FALSE,FALSE,短语边界匹配：标题连字符归一为空格，支持空格/连字符变体,Wide Leg
design_element,wide leg,318470690,"Sweetra Women's Vintage Elegant Jacquard Pleated Wide Leg Pants, Autumn/Winter",S$16.49,21.4k+ sold,TRUE,1,FALSE,FALSE,短语边界匹配：标题连字符归一为空格，支持空格/连字符变体,Wide Leg
design_element,wide leg,331315387,"SHEIN Frenchy Women's Casual, Commuting, Vacation Style Solid Color Sleeveless Button-Up Vest And Wide Leg Pants 2-Piece Set, Spring/Summer/Autumn",S$2.16,SAVE S$2.16,FALSE,1,FALSE,FALSE,短语边界匹配：标题连字符归一为空格，支持空格/连字符变体,Wide Leg
design_element,wide leg,358684622,"Sweetra Women's Vintage Elegant Jacquard Pleated Wide Leg Pants, Autumn/Winter",S$16.49,21.4k+ sold,TRUE,1,FALSE,FALSE,短语边界匹配：标题连字符归一为空格，支持空格/连字符变体,Wide Leg
design_element,wide leg,360459173,Firerie Women's Casual Elegant Chic High Waist Textured Wide Leg Pants For Back To School And Commuting Office Black Winter,S$14.99,2k+ sold,TRUE,1,FALSE,FALSE,短语边界匹配：标题连字符归一为空格，支持空格/连字符变体,Wide Leg
design_element,wide leg,365502654,"Women's High Waist Slim Fit Wide Leg Pants | Bohemian Street Style | Suitable For Casual, Work Commute And Vacation In Spring/Summer Black",S$16.18,59.7k+ sold,TRUE,2,TRUE,TRUE,短语边界匹配：标题连字符归一为空格，支持空格/连字符变体,Wide Leg
design_element,wide leg,365502658,"Women's High Waist Slim Fit Wide Leg Pants In Khaki, Bohemian Street Style, Suitable For Casual, Work Commute And Vacation In Spring/Summer",S$15.76,59.7k+ sold,TRUE,1,FALSE,FALSE,短语边界匹配：标题连字符归一为空格，支持空格/连字符变体,Wide Leg
design_element,wide leg,365752192,"Women's High Waist Slim Fit Wide Leg Pants, Bohemian Street Style, Suitable For Casual, Work Commute And Vacation In Spring/Summer White",S$15.76,59.7k+ sold,TRUE,1,FALSE,FALSE,短语边界匹配：标题连字符归一为空格，支持空格/连字符变体,Wide Leg
design_element,wide leg,367894814,Franclia Women's Solid Color Button Casual Versatile Commuting Wide Leg Pants,S$11.99,2.1k+ sold,TRUE,1,FALSE,FALSE,短语边界匹配：标题连字符归一为空格，支持空格/连字符变体,Wide Leg
design_element,wide leg,374102559,DAZY Women's Casual Everyday Washed Slant Pocket Wide Leg Jeans,S$3.41,SAVE S$3.41,FALSE,1,FALSE,FALSE,短语边界匹配：标题连字符归一为空格，支持空格/连字符变体,Wide Leg
design_element,wide leg,378412456,"Sweetra Women's Vintage Elegant Jacquard Pleated Wide Leg Pants, Autumn/Winter",S$2.14,SAVE S$2.14,FALSE,1,FALSE,FALSE,短语边界匹配：标题连字符归一为空格，支持空格/连字符变体,Wide Leg
design_element,wide leg,379024606,Women's Loose Fit Pocketed Wide Leg Casual Jeans Spring,S$25.99,13.5k+ sold,TRUE,1,FALSE,FALSE,短语边界匹配：标题连字符归一为空格，支持空格/连字符变体,Wide Leg
design_element,wide leg,379950298,"Vela Rue Minimalist Design PantsWith Hook & Zipper Closure, Lightweight Sheer White Solid Color Wide Leg Pants, Fashionable Wide Leg Trousers For All Seasons Spring",S$13.91,90k+ sold,TRUE,1,FALSE,FALSE,短语边界匹配：标题连字符归一为空格，支持空格/连字符变体,Wide Leg
design_element,wide leg,382696512,"DAZY Women's Casual Solid Wide Leg Pants,Women Dress Pants Summer",S$21.49,1.2k+ sold,TRUE,1,FALSE,FALSE,短语边界匹配：标题连字符归一为空格，支持空格/连字符变体,Wide Leg
design_element,wide leg,387320996,SHEIN PETITE Women's Solid Color Tie Waist Wide Leg Loose Casual Versatile Pants Brown For Women Beach S Summer,S$11.49,6k+ sold,TRUE,1,FALSE,FALSE,短语边界匹配：标题连字符归一为空格，支持空格/连字符变体,Wide Leg
design_element,wide leg,388827165,Sweetra Women's Solid Color Metal Buckle Waist Wide Leg Casual Pants,S$14.99,9.6k+ sold,TRUE,1,FALSE,FALSE,短语边界匹配：标题连字符归一为空格，支持空格/连字符变体,Wide Leg
design_element,wide leg,395830807,"SHEIN Tall Old Money High Waist Pleated Wide Leg Pants For Women,Black Winter Modest Business Casual Office Wear,Elegant Solid Loose Trousers Chic Tailored Work",S$22.49,7.7k+ sold,TRUE,1,FALSE,FALSE,短语边界匹配：标题连字符归一为空格，支持空格/连字符变体,Wide Leg
design_element,wide leg,395838944,INAWLY Women's Solid Color Halter Top And Wide Leg Pants Casual 2 Pieces Set,S$24.49,10k+ sold,TRUE,1,FALSE,FALSE,短语边界匹配：标题连字符归一为空格，支持空格/连字符变体,Wide Leg
design_element,wide leg,396118095,"Franclia Women Summer Casual Smart Office Wide Leg Pants,Black Winter Loose Pleated Trousers Pockets,Belted Waist Workwear Business Teacher Holiday Outfit",S$18.49,2.8k+ sold,TRUE,1,FALSE,FALSE,短语边界匹配：标题连字符归一为空格，支持空格/连字符变体,Wide Leg
design_element,wide leg,402289362,"DAZY Women's Business Casual Striped Wide Leg Pants, Suitable For Commuting And Daily Wear",S$2.66,SAVE S$2.66,FALSE,2,TRUE,FALSE,短语边界匹配：标题连字符归一为空格，支持空格/连字符变体,Wide Leg
design_element,wide leg,413535084,"Vintage Blue Denim Wide Leg High Waist Straight Jeans For Women, Spring/Summer Casual",S$2.60,SAVE S$2.60,FALSE,1,FALSE,FALSE,短语边界匹配：标题连字符归一为空格，支持空格/连字符变体,Wide Leg
design_element,wide leg,417618841,"Women's Casual Bohemian Style White Elastic Waist Pocket Linen Wide Leg Pants, Summer Spring",S$11.49,5k+ sold,TRUE,3,TRUE,TRUE,短语边界匹配：标题连字符归一为空格，支持空格/连字符变体,Wide Leg
design_element,wide leg,420219867,"Franclia Women's Elegant Black Winter Business Casual Work Pants,High Waist Button Decor Loose Straight Wide Leg Dress Trousers For Office Formal Commuting",S$2.34,SAVE S$2.34,FALSE,1,FALSE,FALSE,短语边界匹配：标题连字符归一为空格，支持空格/连字符变体,Wide Leg
design_element,wide leg,420508824,Coolane Women's Summer Streetwear Casual Basic Daily Wear Graphics Striped Comfortable Baggy Low Rise Straight Pants Wide Leg Woman High Waist,S$19.99,1.8k+ sold,TRUE,2,TRUE,TRUE,短语边界匹配：标题连字符归一为空格，支持空格/连字符变体,Wide Leg
design_element,wide leg,425516457,"Franclia Women's Casual Knotted Halter Top And Wide Leg Pants 2 Pieces Set, Spring/Summer, Suitable For Daily And Commuting",S$3.00,SAVE S$3.00,FALSE,1,FALSE,FALSE,短语边界匹配：标题连字符归一为空格，支持空格/连字符变体,Wide Leg
design_element,wide leg,426960240,Flexra Women's Street Style Elastic Casual Sports Denim Wide Leg Pants,S$23.49,4.4k+ sold,TRUE,1,FALSE,FALSE,短语边界匹配：标题连字符归一为空格，支持空格/连字符变体,Wide Leg
design_element,wide leg,428266092,Elenzga Women's Elegant Summer Tea Party Apricot Commuter Casual Blue Pleated Adjustable Waist Bow Tie Blouse + High Waist Pocket Design Wide Leg Pants Set,S$2.40,SAVE S$2.40,FALSE,1,FALSE,FALSE,短语边界匹配：标题连字符归一为空格，支持空格/连字符变体,Wide Leg
design_element,wide leg,429086234,"Women's High Waist Drape Gray Wide Leg Pants, Loose Slimming Casual Commuter Luxe Style Trousers, Spring/Summer",S$2.40,SAVE S$2.40,FALSE,1,FALSE,FALSE,短语边界匹配：标题连字符归一为空格，支持空格/连字符变体,Wide Leg
design_element,wide leg,430872463,"Women's Black High-Waisted Straight Loose Wide-Leg Shorts [No Belt], Fashionable And Elegant, Suitable For Commuting And Daily Wear Summer",S$17.49,292 sold,TRUE,1,FALSE,FALSE,短语边界匹配：标题连字符归一为空格，支持空格/连字符变体,Wide-Leg
design_element,wide leg,432328852,Andrea Bello Women Asymmetrical Casual Wide Leg Pants Women's Fashion Office Commuting Versatile High Waist High-End Asymmetrical Wide Leg Suit Pants,S$30.99,NEW,FALSE,1,FALSE,FALSE,短语边界匹配：标题连字符归一为空格，支持空格/连字符变体,Wide Leg
design_element,wide leg,433322555,Women's Solid Color Casual Versatile Wide Leg Pants For Daily Wear Black Summer,S$13.63,169 sold,TRUE,1,FALSE,FALSE,短语边界匹配：标题连字符归一为空格，支持空格/连字符变体,Wide Leg
design_element,wide leg,437554229,"SHEIN Elenzya Women's Elegant Office Suit Pants,High-Waisted Beige Summer Striped Pleated Elastic Waist Loose Wide Leg Casual Trousers For Daily Commute Fashion",S$17.99,1.6k+ sold,TRUE,1,FALSE,FALSE,短语边界匹配：标题连字符归一为空格，支持空格/连字符变体,Wide Leg
design_element,wide leg,437861958,SHEIN PETITE Women's Solid Color Tie Waist Wide Leg Loose Casual Versatile Pants,S$10.99,6k+ sold,TRUE,1,FALSE,FALSE,短语边界匹配：标题连字符归一为空格，支持空格/连字符变体,Wide Leg
design_element,wide leg,438556173,Firerie Women's Minimalist Casual Fashion Back To School High Waist Textured Wide Leg Pants,S$2.47,SAVE S$2.47,FALSE,1,FALSE,FALSE,短语边界匹配：标题连字符归一为空格，支持空格/连字符变体,Wide Leg
design_element,wide leg,440345688,SHEIN PETITE Women's Simple Casual Fashion Back-To-School Season Old Money Commuting High-Waist Texture Wide-Leg Trousers 100 Cotton,S$23.49,34.3k+ sold,TRUE,1,FALSE,FALSE,短语边界匹配：标题连字符归一为空格，支持空格/连字符变体,Wide-Leg
design_element,wide leg,442281638,"Gingham Patch Drawstring Waist Wide Leg Pants For Women, Grey Loose Fit Casual Trousers, Y2K Aesthetic Streetwear Sweatpants, Comfy High Street Daily Wear Bottoms",S$19.74,,FALSE,1,FALSE,FALSE,短语边界匹配：标题连字符归一为空格，支持空格/连字符变体,Wide Leg
design_element,wide leg,442310947,Normani Women's Solid Color Pleated Casual Versatile Wide Leg Pants For Daily Wear,S$18.49,NEW,FALSE,1,FALSE,FALSE,短语边界匹配：标题连字符归一为空格，支持空格/连字符变体,Wide Leg
design_element,wide leg,443950542,"ARA CHIC Women's Purple-Red Retro Style Tie-Waist Wide-Leg Pants, High-Waisted Straight Leg Pants, American Y2K Casual Style",S$13.47,,FALSE,1,FALSE,FALSE,短语边界匹配：标题连字符归一为空格，支持空格/连字符变体,Wide-Leg
design_element,wide leg,445552436,"Women's High-Waisted Slim Fit Wide Leg Pants, Bohemian Street Style, Casual & Office Wear For Spring/Summer (Belt Not Included)",S$3.80,SAVE S$3.80,FALSE,1,FALSE,FALSE,短语边界匹配：标题连字符归一为空格，支持空格/连字符变体,Wide Leg
design_element,wide leg,447050609,"Vela Rue Minimalist Design Jumpsuit, Thin Transparent Long Pants, Solid Navy Blue Suit Pants, Zipper Hook Closure, Wide Leg Slimming, Fashionable Wide Leg Pants For All Seasons",S$13.70,90k+ sold,TRUE,1,FALSE,FALSE,短语边界匹配：标题连字符归一为空格，支持空格/连字符变体,Wide Leg
design_element,wide leg,447979970,SHEIN PETITE Women's Solid Color Tie Waist Wide Leg Loose Casual Versatile Pants,S$10.99,6k+ sold,TRUE,2,TRUE,TRUE,短语边界匹配：标题连字符归一为空格，支持空格/连字符变体,Wide Leg
design_element,wide leg,450180849,"Elenzga 2026 Retro Military Green Wide Leg Pants,High Waist Draping Loose Straight Trousers For Women,Black,Winter,Business Casual,Elegant,Work,Versatile",S$16.49,2k+ sold,TRUE,1,FALSE,FALSE,短语边界匹配：标题连字符归一为空格，支持空格/连字符变体,Wide Leg
design_element,wide leg,451368774,"SHEIN Tall Women's High Waist Pocketed Wide Leg Jeans,Dark Blue Autumn Retro Vintage 70s Everyday Casual Vintage Washed Loose Versatile Elegant Denim Jeans",S$4.09,SAVE S$4.09,FALSE,1,FALSE,FALSE,短语边界匹配：标题连字符归一为空格，支持空格/连字符变体,Wide Leg
design_element,wide leg,455311498,FRIFUL Women's Polka Dot Pattern Wide Leg Loose Casual Pants,S$19.49,400 sold,TRUE,1,FALSE,FALSE,短语边界匹配：标题连字符归一为空格，支持空格/连字符变体,Wide Leg
design_element,wide leg,456490497,"Women's Casual Solid Color Wide Leg Shorts, Suitable For Summer Daily Wear White",S$12.49,NEW,FALSE,1,FALSE,FALSE,短语边界匹配：标题连字符归一为空格，支持空格/连字符变体,Wide Leg
design_element,wide leg,456916224,"Breezaya Women's Brown Loose Fit Wide Leg Pants,Elegant French Style Solid Color Outfit,Summer,Boho,Vacation,Holiday Casual Versatile Commuting Daily Beach",S$14.99,6.1k+ sold,TRUE,1,FALSE,FALSE,短语边界匹配：标题连字符归一为空格，支持空格/连字符变体,Wide Leg
design_element,wide leg,462216837,"Franclia This Relaxed-Fit Suit Features A High Waistband, Two Side Pockets, And A Straight, Wide-Leg Design With A Textured Feel And A Khaki Hue. Elegant And Stylish, It's Suitable For All Seasons. Whether For Vacations, Easter Attire, Holiday Outfits, Beach Wear, Graduation Outfits For Mothers, Summer Vacation Wear, Work Attire, Everyday Wear, Country Music Concert Outfits, Or A Country-Style Look, It's Perfect For Everyday Wear.",S$15.99,NEW,FALSE,1,FALSE,FALSE,短语边界匹配：标题连字符归一为空格，支持空格/连字符变体,Wide-Leg
design_element,wide leg,463153045,"Breezaya Women Loose High-Waisted Wide-Leg Pants,Elegant Off-White Chic Summer Vacation Holiday Outfit,Solid Color Versatile Casual Daily Wear Beach Trousers",S$14.99,6.1k+ sold,TRUE,1,FALSE,FALSE,短语边界匹配：标题连字符归一为空格，支持空格/连字符变体,Wide-Leg
design_element,wide leg,468268072,SHEIN PETITE Comfortable And Casual Solid Color Knitted Wide-Leg Women's Sweatpants Baggy,S$19.99,12.6k+ sold,TRUE,1,FALSE,FALSE,短语边界匹配：标题连字符归一为空格，支持空格/连字符变体,Wide-Leg
design_element,wide leg,469670203,"Everyssa 2026 New Summer White And Black Striped Drawstring Elastic Waist Wide Leg Pants,Loose Straight Leg Casual School Back-To-School Relaxed Style Pants",S$15.99,NEW,FALSE,1,FALSE,FALSE,短语边界匹配：标题连字符归一为空格，支持空格/连字符变体,Wide Leg
design_element,wide leg,469682055,"Elamini Summer Super Low-Waist Polka Dot Print Knit Wide-Leg Pants, Versatile Minimalist Casual Long Trousers, Suitable For Home, Campus Style, Vacation",S$16.49,9.5k+ sold,TRUE,1,FALSE,FALSE,短语边界匹配：标题连字符归一为空格，支持空格/连字符变体,Wide-Leg
design_element,wide leg,473810031,"SHEIN Tall Women's Casual Simple Solid Color Loose Wide Leg Sweatpants Graduation,Back To School Outfits,Graduation,Teacher Outfits For Women,Back To School",S$14.49,NEW,FALSE,1,FALSE,FALSE,短语边界匹配：标题连字符归一为空格，支持空格/连字符变体,Wide Leg
design_element,wide leg,476358644,COSMINA Women's Solid Color Twist Waist Wide Leg Loose Lantern Pants,S$24.49,NEW,FALSE,1,FALSE,FALSE,短语边界匹配：标题连字符归一为空格，支持空格/连字符变体,Wide Leg
design_element,wide leg,481065831,LYSMO 2026 New Arrive Minimalism Spring/Summer Women's Pleated Wide Leg Loose Deconstructed Pants,S$49.49,NEW,FALSE,1,FALSE,FALSE,短语边界匹配：标题连字符归一为空格，支持空格/连字符变体,Wide Leg
design_element,wide leg,482414926,SHEIN Frenchy Women's Casual Striped Drawstring Waist Loose Wide Leg Pants,S$9.99,NEW,FALSE,1,FALSE,FALSE,短语边界匹配：标题连字符归一为空格，支持空格/连字符变体,Wide Leg
design_element,wide leg,483334929,Bohemela Women's Solid Color Drawstring Waist Pocket Wide Leg Loose Casual Long Pants,S$29.99,NEW,FALSE,1,FALSE,FALSE,短语边界匹配：标题连字符归一为空格，支持空格/连字符变体,Wide Leg
scenario,beach,31307565,"SHEIN EZwear 3pcs Casual Sexy Camisole Tank Top Set, Slim Fit For Summer, Summer Outfits , Beach Outfits For Women, Summer Holiday Outfits, Holiday Outfits",S$10.49,31.8k+ sold,TRUE,1,FALSE,FALSE,完整词匹配：[a-zA-Z0-9]+ token 等于关键词,beach
scenario,beach,69673811,"Coolane Women's Summer Country Concert Going Out Boho Beach Vacation Basic Minimalist Washed 100% Cotton White Pants Curved Hem Pants, Fall Women Clothes",S$15.99,27.9k+ sold,TRUE,1,FALSE,FALSE,完整词匹配：[a-zA-Z0-9]+ token 等于关键词,beach
scenario,beach,71272762,"Veykashi Women's Casual Backless Fitted Halter Neck Camisole Tank Top, Summer Beach Print Designs: Seashell, Starfish, Hibiscus Flower",S$3.99,3.2k+ sold,TRUE,1,FALSE,FALSE,完整词匹配：[a-zA-Z0-9]+ token 等于关键词,beach
scenario,beach,73827769,"Swim Mod Women's New Solid Color Triangle Cup Bikini Set, Sexy Tie-Up Two Pieces Swimsuit For Summer Beach Vacation",S$11.49,25.9k+ sold,TRUE,1,FALSE,FALSE,完整词匹配：[a-zA-Z0-9]+ token 等于关键词,beach
scenario,beach,73971086,"Fashionable & Elegant Loose Knitted Shawl Cardigan, Lightweight & Breathable, Oversized Design, Suitable For Women, Spring/Summer Casual Wear, Leisure Travel, Beach, Versatile",S$11.99,35.5k+ sold,TRUE,2,TRUE,TRUE,完整词匹配：[a-zA-Z0-9]+ token 等于关键词,beach
scenario,beach,102575501,"Fashionable & Elegant Loose Knit Shawl Cardigan, Women, Relaxed Fit, Lightweight, Highly Versatile, Suitable For Casual Outings, Leisure Travel, Beach - Spring & Summer",S$11.99,35.5k+ sold,TRUE,1,FALSE,FALSE,完整词匹配：[a-zA-Z0-9]+ token 等于关键词,beach
scenario,beach,132708081,Coolane Women's Summer/All-Season Country Concert Going Out Beach Boho Basic Minimalist Washed 100% Cotton Curved Hem Pants,S$16.49,27.9k+ sold,TRUE,1,FALSE,FALSE,完整词匹配：[a-zA-Z0-9]+ token 等于关键词,beach
scenario,beach,156638020,"Women's Fashion Lightweight Baseball Jacket, Stand Collar, Zipper Pockets, All Season/Winter Suitable For Daily/Beach/Wedding/Graduation, Summer Coffee Color",S$29.24,33.9k+ sold,TRUE,1,FALSE,FALSE,完整词匹配：[a-zA-Z0-9]+ token 等于关键词,beach
scenario,beach,238860947,"Vaiaye Women's Fashion Lingerie Style Top, Spring/Autumn/Summer Striped Print Round Neck Slim Fit Casual Vacation Sexy Camisole, Suitable For Beach & Daily Wear",S$7.49,48.1k+ sold,TRUE,1,FALSE,FALSE,完整词匹配：[a-zA-Z0-9]+ token 等于关键词,beach
scenario,beach,288225924,"Women's Soft Satin V-Neck Asymmetric Lace Trim Hem Fitted Camisole Top, Semi-Sheer Eyelash Lace Design, Suitable For Date Night, Casual Street Style, And Slouchy Atmosphere, Beach Vacation Outfit Black Summer",S$8.49,18.7k+ sold,TRUE,1,FALSE,FALSE,完整词匹配：[a-zA-Z0-9]+ token 等于关键词,beach
scenario,beach,306228287,"1pc Women's Summer Round Neck Short Sleeve T-Shirt, ""Sleeping Cat"" English Letter Print, Suitable For Summer, Beach, Street, Daily Party Occasions. Y2K Vacation Elegant Top, Summer Casual Outfit, Women Holiday Wear",S$7.49,9.2k+ sold,TRUE,1,FALSE,FALSE,完整词匹配：[a-zA-Z0-9]+ token 等于关键词,beach
scenario,beach,327502937,"New Fashionable Elegant Solid Color Casual Versatile Waist Ruched T-Shirt, Suitable For Daily, School, Beach, Vacation, And Home Wear White Summer",S$6.99,37.4k+ sold,TRUE,1,FALSE,FALSE,完整词匹配：[a-zA-Z0-9]+ token 等于关键词,beach
scenario,beach,328641587,"Siren Gaze Spring & Summer Urban Casual Asymmetric Hem Striped Sleeveless Top ,Holidays, Casual , Beach For Women, Elegant , Spring Breaks , Navy Blue Top",S$0.90,Save S$0.90,FALSE,1,FALSE,FALSE,完整词匹配：[a-zA-Z0-9]+ token 等于关键词,beach
scenario,beach,357237614,SHEIN EZwear Women's Casual Holiday Striped Woven Shorts Boxer Women Fourth Of July Red Pajama Summer Beach For Sleep S Board Woman Outfits Boxers,S$7.49,6k+ sold,TRUE,1,FALSE,FALSE,完整词匹配：[a-zA-Z0-9]+ token 等于关键词,beach
scenario,beach,358965294,"DAZY Women's Casual Vacation Beach Sleeveless Cotton Tank Top, White Basic, Spring/Summer",S$8.99,45.8k+ sold,TRUE,1,FALSE,FALSE,完整词匹配：[a-zA-Z0-9]+ token 等于关键词,beach
scenario,beach,384202684,"Sweetra Oversized Women's Loose Asymmetrical Shoulder T-Shirt, ALOHA Hawaii Beach Coconut Hibiscus Shell Y2K Style, Plus Size White Tee",S$1.17,SAVE S$1.17,FALSE,1,FALSE,FALSE,完整词匹配：[a-zA-Z0-9]+ token 等于关键词,beach
scenario,beach,387320996,SHEIN PETITE Women's Solid Color Tie Waist Wide Leg Loose Casual Versatile Pants Brown For Women Beach S Summer,S$11.49,6k+ sold,TRUE,1,FALSE,FALSE,完整词匹配：[a-zA-Z0-9]+ token 等于关键词,beach
scenario,beach,404066066,"Soleia Women Square Neck Pleated Knit Tank Top,All Shades Of Brown,Summer,Casual,Everyday Boho Tropical Chic Beach Wedding Guest Attire Elegant Vacation",S$14.49,859 sold,TRUE,1,FALSE,FALSE,完整词匹配：[a-zA-Z0-9]+ token 等于关键词,beach
scenario,beach,409724146,"3pcs/Set Women's Square Neck Short Sleeve Solid Color Casual Slim Fit Summer T-Shirts, Y2K Style Cropped Tees, Suitable For Summer, Beach, Street, Daily, Work, Office Party, Vacation Wear. Stylish Y2K Inspired Women Tops White",S$11.49,789 sold,TRUE,2,TRUE,TRUE,完整词匹配：[a-zA-Z0-9]+ token 等于关键词,beach
scenario,beach,409883515,"SHEIN MOD 2pcs/Set 3-Way Wear Women's Casual Solid Color Slim Fit Top, , Beach, Spring Break , Summer Vacation, Holiday , For Women, Party",S$9.49,10.8k+ sold,TRUE,2,TRUE,TRUE,完整词匹配：[a-zA-Z0-9]+ token 等于关键词,beach
scenario,beach,413484627,"Vaiaye Women's Fashion Lingerie Style Top, Spring/Autumn/Summer Striped Print Round Neck Slim Fit Casual Vacation Sexy Camisole, Suitable For Beach & Daily Wear",S$7.49,48.1k+ sold,TRUE,1,FALSE,FALSE,完整词匹配：[a-zA-Z0-9]+ token 等于关键词,beach
scenario,beach,413734627,"INAWLY Women's Loose Asymmetric-Shoulder T-Shirt With Fruit & Coconut Pattern, Cream Yellow Beach Vacation Crop Top",S$0.96,SAVE S$0.96,FALSE,1,FALSE,FALSE,完整词匹配：[a-zA-Z0-9]+ token 等于关键词,beach
scenario,beach,414924621,"Women's Summer Pink & Colorful Floral One-Piece Swimwear, Colorful Floral Pattern, Waist Side Tie Design, Sweet Vacation Style, Suitable For Beach, Hot Spring Swimming In Summer",S$3.42,112 sold,TRUE,1,FALSE,FALSE,完整词匹配：[a-zA-Z0-9]+ token 等于关键词,beach
scenario,beach,417456021,"Vaiaye Women's Fashion Lingerie Style Top, Spring/Autumn/Summer Striped Print Round Neck Slim Fit Casual Vacation Sexy Camisole, Suitable For Beach & Daily",S$7.49,48.1k+ sold,TRUE,1,FALSE,FALSE,完整词匹配：[a-zA-Z0-9]+ token 等于关键词,beach
scenario,beach,422583105,"SHEIN White And Blue Flowers Patten Graphic Tee,Summer Casual Outfit For Women,Women's Beach Top,Y2k Holiday Vacation T-Shirt,Gift For Sister,Holiday",S$6.49,19.1k+ sold,TRUE,1,FALSE,FALSE,完整词匹配：[a-zA-Z0-9]+ token 等于关键词,beach
scenario,beach,423040673,"Qadelle Women's Summer Elegant Black Halter Neck Tie Backless Lace Trim Camisole Top, Sleeveless Bodycon Blouse For Party Night,Cocktail,Beach Outfit",S$1.26,Save S$1.26,FALSE,1,FALSE,FALSE,完整词匹配：[a-zA-Z0-9]+ token 等于关键词,beach
scenario,beach,423776666,"Women's Summer Pink & Red Striped Fabric Ruffle Trim Bow Decor Tankini Swimwear 2-Piece Set, Contrast Red Striped Design, Waist Tie Bottom, American Resort Style, Suitable For Summer Beach Vacation, Swimming",S$3.55,274 sold,TRUE,1,FALSE,FALSE,完整词匹配：[a-zA-Z0-9]+ token 等于关键词,beach
scenario,beach,426222457,"1pc Women's Summer Round Neck Short Sleeve T-Shirt, Blue With English Letter Print, Casual Loose Fit, Comfortable For Summer Wear, Suitable For Beach, Street, Daily Activities, Work, Office, Parties And Other Occasions",S$1.27,SAVE S$1.27,FALSE,2,TRUE,FALSE,完整词匹配：[a-zA-Z0-9]+ token 等于关键词,beach
scenario,beach,427390013,"1pc Women's Summer Round Neck Short Sleeve T-Shirt, Blue With English Letter Print, Casual Loose Fit, Comfortable For Summer Wear, Suitable For Beach, Street, Daily Activities, Work, Office, Parties And More",S$1.20,SAVE S$1.20,FALSE,1,FALSE,FALSE,完整词匹配：[a-zA-Z0-9]+ token 等于关键词,beach
scenario,beach,427567998,"1pc Women's Short Sleeve Cropped T-Shirt - Realistic Starfish, Feather Flower And Shell Print, Soft Pink Beachy Style, Breathable Round Neck Crop Top, Ideal For Beach Vacation, Summer Date, Casual Outing, Tropical Feminine Pattern For Ladies And Teens",S$4.99,669 sold,TRUE,1,FALSE,FALSE,完整词匹配：[a-zA-Z0-9]+ token 等于关键词,beach
scenario,beach,428006241,Summer New Casual Minimalist Versatile Holiday Beach Printed Round Neck Short Sleeve T-Shirt For Women,S$5.01,1.2k+ sold,TRUE,1,FALSE,FALSE,完整词匹配：[a-zA-Z0-9]+ token 等于关键词,beach
scenario,beach,428944382,"Women's Fitted Short Sleeve T-Shirt, Fresh Blue Tone Shell, Starfish, Bow Print, American Vintage Beach Vacation Style, Versatile Short Top Suitable For Beach Trip, Island Travel, Summer Picnic, Beach Date, Casual Wear",S$4.99,2.4k+ sold,TRUE,1,FALSE,FALSE,完整词匹配：[a-zA-Z0-9]+ token 等于关键词,beach
scenario,beach,429195254,"DAZY Spring & Summer Black Padded Bralette Crop Top, Backless Strapless Camisole, Casual Vacation Beach Festival Party Wedding Fitted Women Tank Top",S$1.04,SAVE S$1.04,FALSE,1,FALSE,FALSE,完整词匹配：[a-zA-Z0-9]+ token 等于关键词,beach
scenario,beach,431151180,"1pc Women's Summer Round Neck Short Sleeve T-Shirt, Vacation Style Printed, Casual Loose Fit, Comfortable, Suitable For Summer Wear, Suitable For Beach, Street, Daily Activities, Work, Office Gatherings And Other Occasions White",S$0.90,SAVE S$0.90,FALSE,1,FALSE,FALSE,完整词匹配：[a-zA-Z0-9]+ token 等于关键词,beach
scenario,beach,431188184,"1pc Women's Summer Round Neck Short Sleeve T-Shirt, Vacation Style Printed, Casual Loose Fit, Comfortable, Suitable For Summer Wear, Suitable For Beach, Street, Daily Activities, Work, Office Gatherings And Other Occasions Pink",S$5.99,472 sold,TRUE,1,FALSE,FALSE,完整词匹配：[a-zA-Z0-9]+ token 等于关键词,beach
scenario,beach,434777725,Sweetra New Arrival Summer Square Neck Cinched Waist Casual Beach Vacation Fashionable Versatile Women Tank Top,S$17.99,28.6k+ sold,TRUE,1,FALSE,FALSE,完整词匹配：[a-zA-Z0-9]+ token 等于关键词,beach
scenario,beach,435319975,"Women's Pink Lily Flower Pattern Short Sleeve Round Neck T-Shirt, With Regular Hem And Slightly Stretchy Fabric, Loose Fit Short Sleeve Summer Beach Vacation T-Shirt, Retro Versatile Casual Holiday Top, Vacation Outfit Gift",S$5.45,143 sold,TRUE,1,FALSE,FALSE,完整词匹配：[a-zA-Z0-9]+ token 等于关键词,beach
scenario,beach,435397552,"Women's Casual Iced Coffee & Sunshine Print Loose Fit Round Neck Short Sleeve T-Shirt, Beach Wear Summer",S$8.99,77 sold,TRUE,1,FALSE,FALSE,完整词匹配：[a-zA-Z0-9]+ token 等于关键词,beach
scenario,beach,436152829,"Women's Summer Turtle, Floral & Letter Print Casual Loose Round Neck Beach Vacation T-Shirt",S$4.49,768 sold,TRUE,1,FALSE,FALSE,完整词匹配：[a-zA-Z0-9]+ token 等于关键词,beach
scenario,beach,438213921,"Women's ""European Summer"" Aesthetic Style: Amalfi Capri Island Lemon Print T-Shirt. Vintage Italian Vacation Vibe Top. Fashionable Beach And Holiday Wear. Casual Pink",S$0.65,SAVE S$0.65,FALSE,1,FALSE,FALSE,完整词匹配：[a-zA-Z0-9]+ token 等于关键词,beach
scenario,beach,441325004,"Franclia French-Style Loose Batwing Sleeve Navy And White Striped Women's Shirt,Summer Short-Sleeved Collared Top,Casual Vacation Beach Cover-Up,Business Wear",S$10.99,3.3k+ sold,TRUE,1,FALSE,FALSE,完整词匹配：[a-zA-Z0-9]+ token 等于关键词,beach
scenario,beach,443355300,Summer New Casual Minimalist Versatile Holiday Beach Printed Round Neck Short Sleeve T-Shirt For Women Pink,S$5.36,1.2k+ sold,TRUE,1,FALSE,FALSE,完整词匹配：[a-zA-Z0-9]+ token 等于关键词,beach
scenario,beach,446304946,"Swim Vcay Spring/Summer Women's One-Piece Leopard Print Sexy Sling Swimsuit, Beach Vacation Swimwear",S$16.49,,FALSE,1,FALSE,FALSE,完整词匹配：[a-zA-Z0-9]+ token 等于关键词,beach
scenario,beach,448923269,"Comfortcana Women's 3pcs Summer Cute Pink Check Shorts Set,Drawstring Waist Pleated Plaid Casual Outfit For Girls,Versatile Beach Picnic Vacation Wear,Y2k Style",S$20.49,16.4k+ sold,TRUE,2,TRUE,TRUE,完整词匹配：[a-zA-Z0-9]+ token 等于关键词,beach
scenario,beach,450453972,Sweetra New Arrival Summer Square Neck Cinched Waist Casual Beach Vacation Fashionable Versatile Women Tank Top,S$17.49,28.6k+ sold,TRUE,1,FALSE,FALSE,完整词匹配：[a-zA-Z0-9]+ token 等于关键词,beach
scenario,beach,450485113,"SHEIN Navy Blue Summer Casual Plus Size Top For Women,Flowers Patten Graphic Tee,Women's Beach Tank Top,Vacation Holiday Beach Outfit,Y2k T-Shirt,Gift",S$7.49,19.1k+ sold,TRUE,1,FALSE,FALSE,完整词匹配：[a-zA-Z0-9]+ token 等于关键词,beach
scenario,beach,450499685,"Y2K Style Pink Hibiscus Graphic Women's Retro Surfing Casual T-Shirt, Enjoy Every Moment Of Summer Ladies Vintage Beach Holiday Loose Top",S$3.05,SAVE S$3.05,FALSE,1,FALSE,FALSE,完整词匹配：[a-zA-Z0-9]+ token 等于关键词,beach
scenario,beach,453868740,"SHEIN ICON Women's Sexy Hollow Out Fitted Cropped Camisole And Flare Leg Pants Set, Beach Vacation Style,Summer Outfits For Women",S$5.85,SAVE S$5.85,FALSE,1,FALSE,FALSE,完整词匹配：[a-zA-Z0-9]+ token 等于关键词,beach
scenario,beach,456391577,"1pc Women's Summer Round Neck Short Sleeve T-Shirt, Vacation Style Printed, Casual Loose Fit, Comfortable, Suitable For Summer Wear, Beach, Street, Daily Activities, Work, Office Gatherings, Etc. White",S$0.75,SAVE S$0.75,FALSE,1,FALSE,FALSE,完整词匹配：[a-zA-Z0-9]+ token 等于关键词,beach
scenario,beach,456916224,"Breezaya Women's Brown Loose Fit Wide Leg Pants,Elegant French Style Solid Color Outfit,Summer,Boho,Vacation,Holiday Casual Versatile Commuting Daily Beach",S$14.99,6.1k+ sold,TRUE,1,FALSE,FALSE,完整词匹配：[a-zA-Z0-9]+ token 等于关键词,beach
scenario,beach,462216837,"Franclia This Relaxed-Fit Suit Features A High Waistband, Two Side Pockets, And A Straight, Wide-Leg Design With A Textured Feel And A Khaki Hue. Elegant And Stylish, It's Suitable For All Seasons. Whether For Vacations, Easter Attire, Holiday Outfits, Beach Wear, Graduation Outfits For Mothers, Summer Vacation Wear, Work Attire, Everyday Wear, Country Music Concert Outfits, Or A Country-Style Look, It's Perfect For Everyday Wear.",S$15.99,NEW,FALSE,1,FALSE,FALSE,完整词匹配：[a-zA-Z0-9]+ token 等于关键词,beach
scenario,beach,462225485,"1pc Women's Summer Round Neck Short Sleeve T-Shirt, Vacation Style Printed, Casual Loose Fit, Comfortable, Suitable For Summer Wear, Beach, Street, Daily Activities, Work, Office Gatherings, Etc. White",S$0.46,SAVE S$0.46,FALSE,1,FALSE,FALSE,完整词匹配：[a-zA-Z0-9]+ token 等于关键词,beach
scenario,beach,463153045,"Breezaya Women Loose High-Waisted Wide-Leg Pants,Elegant Off-White Chic Summer Vacation Holiday Outfit,Solid Color Versatile Casual Daily Wear Beach Trousers",S$14.99,6.1k+ sold,TRUE,1,FALSE,FALSE,完整词匹配：[a-zA-Z0-9]+ token 等于关键词,beach
scenario,beach,463259162,"Women's ""European Summer"" Aesthetic: Amalfi Capri Island Lemon Print T-Shirt. Vintage Italian Vacation Style Top. Fashionable Beach And Holiday Wear. Casual",S$0.65,SAVE S$0.65,FALSE,1,FALSE,FALSE,完整词匹配：[a-zA-Z0-9]+ token 等于关键词,beach
scenario,beach,463862582,"Women's ""European Summer"" Aesthetic: Amalfi Capri Island Lemon Print T-Shirt. Vintage Italian Vacation Style Top. Fashionable Beach And Holiday Wear. Casual",S$0.60,SAVE S$0.60,FALSE,1,FALSE,FALSE,完整词匹配：[a-zA-Z0-9]+ token 等于关键词,beach
scenario,beach,466181366,"SHEIN ICON Women's Green Sequined Trousers, Sophisticated And Elegant, With Upgraded Texture, Perfect For The Beach, Parties, And Music Festivals.",S$38.99,NEW,FALSE,1,FALSE,FALSE,完整词匹配：[a-zA-Z0-9]+ token 等于关键词,beach
scenario,beach,471262019,"Beach Club ""Girls Just Wanna Have Sun"" Slogan Print T-Shirt, Casual Short Sleeve Vacation Top For Summer White",S$3.93,,FALSE,1,FALSE,FALSE,完整词匹配：[a-zA-Z0-9]+ token 等于关键词,beach
scenario,beach,476725203,"SHEIN Tall Women's Classic 91% Cotton Black Knit Elastic Capri Pants Leggings,Summer Classy Date Outfit,Versatile Sporty Chic Beach Vacation Boho Music Festival",S$11.49,NEW,FALSE,1,FALSE,FALSE,完整词匹配：[a-zA-Z0-9]+ token 等于关键词,beach
scenario,commute,31148526,DAZY Women's Solid Color Pleated Wide Leg Loose Casual Office Commute Pants,S$2.73,SAVE S$2.73,FALSE,1,FALSE,FALSE,完整词匹配：[a-zA-Z0-9]+ token 等于关键词,commute
scenario,commute,34200043,"Dazy Designer Grey Women's High Waist Wide Leg Pleated Loose Casual Commute Pants,Women Dress Pants",S$2.53,SAVE S$2.53,FALSE,1,FALSE,FALSE,完整词匹配：[a-zA-Z0-9]+ token 等于关键词,commute
scenario,commute,112059732,Women's Spring/Summer High-Waisted Draped Pleated Tailored Daily Commute Suitable For Workplace And Casual White Suit Trousers,S$15.65,50.7k+ sold,TRUE,1,FALSE,FALSE,完整词匹配：[a-zA-Z0-9]+ token 等于关键词,commute
scenario,commute,128799987,"Women's Solid Black Casual Elegant High-Waisted Straight Leg Pants, Suitable For Daily Wear, Office Commute, Home, Dates, Small Parties, Light Social Occasions Spring",S$15.83,12.3k+ sold,TRUE,1,FALSE,FALSE,完整词匹配：[a-zA-Z0-9]+ token 等于关键词,commute
scenario,commute,161924556,"Women's Spring/Summer High-Waisted Draped Pleated Tailored Black Suit Trousers, Suitable For Daily Commute, Office And Casual Wear",S$15.65,50.7k+ sold,TRUE,1,FALSE,FALSE,完整词匹配：[a-zA-Z0-9]+ token 等于关键词,commute
scenario,commute,169595595,Women's Spring/Summer High-Waisted Draped Pleated Crisp Cut Daily Commute Suitable For Workplace And Casual Beige Suit Pants,S$15.65,50.7k+ sold,TRUE,1,FALSE,FALSE,完整词匹配：[a-zA-Z0-9]+ token 等于关键词,commute
scenario,commute,169607025,"Women's Spring/Summer High-Waisted Draped Pleated Tailored Straight-Leg Navy Blue Suit Trousers, Suitable For Daily Commute, Work And Casual Wear",S$15.83,50.7k+ sold,TRUE,1,FALSE,FALSE,完整词匹配：[a-zA-Z0-9]+ token 等于关键词,commute
scenario,commute,170291268,"Women's Spring/Summer High-Waisted Draped Pleated Tailored Suit Trousers, Coffee Color, Suitable For Daily Commute, Workplace And Casual Wear",S$15.65,50.7k+ sold,TRUE,1,FALSE,FALSE,完整词匹配：[a-zA-Z0-9]+ token 等于关键词,commute
scenario,commute,317342804,"Franclia Women's High Waist Grey Summer Modest Office Skirt Shorts,A-Line Split Hem Textured Soft Fabric Skorts,Fashionable Casual Commute Versatile Clothing",S$8.09,90k+ sold,TRUE,2,TRUE,TRUE,完整词匹配：[a-zA-Z0-9]+ token 等于关键词,commute
scenario,commute,350805775,"Franclia Women's Black Summer Casual Smart Office High Waist Slit Culottes,Textured Soft Fabric Shorts Skirt,Fashionable Commute Versatile Mini Hot Pants",S$10.49,90k+ sold,TRUE,1,FALSE,FALSE,完整词匹配：[a-zA-Z0-9]+ token 等于关键词,commute
scenario,commute,350806443,"Franclia Fashionable Casual Commute Versatile Textured Soft Fabric High Waist Slit Gray Women Shorts/Skirt/Culottes/Hot Pants, Spring/Autumn",S$11.49,90k+ sold,TRUE,2,TRUE,TRUE,完整词匹配：[a-zA-Z0-9]+ token 等于关键词,commute
scenario,commute,365502654,"Women's High Waist Slim Fit Wide Leg Pants | Bohemian Street Style | Suitable For Casual, Work Commute And Vacation In Spring/Summer Black",S$16.18,59.7k+ sold,TRUE,2,TRUE,TRUE,完整词匹配：[a-zA-Z0-9]+ token 等于关键词,commute
scenario,commute,365502658,"Women's High Waist Slim Fit Wide Leg Pants In Khaki, Bohemian Street Style, Suitable For Casual, Work Commute And Vacation In Spring/Summer",S$15.76,59.7k+ sold,TRUE,1,FALSE,FALSE,完整词匹配：[a-zA-Z0-9]+ token 等于关键词,commute
scenario,commute,365752192,"Women's High Waist Slim Fit Wide Leg Pants, Bohemian Street Style, Suitable For Casual, Work Commute And Vacation In Spring/Summer White",S$15.76,59.7k+ sold,TRUE,1,FALSE,FALSE,完整词匹配：[a-zA-Z0-9]+ token 等于关键词,commute
scenario,commute,378242119,"DAZY Women's Casual Daily Commute Simple Solid Color Stand Collar Short Sleeve Fitted Black T-Shirt, Summer",S$7.49,12k+ sold,TRUE,2,TRUE,TRUE,完整词匹配：[a-zA-Z0-9]+ token 等于关键词,commute
scenario,commute,387412807,"Women's Solid Color Skinny Fitted Straight Leg Pants, Elegant Vacation & Commute Style, No Belt Spring Black",S$12.49,3.2k+ sold,TRUE,1,FALSE,FALSE,完整词匹配：[a-zA-Z0-9]+ token 等于关键词,commute
scenario,commute,394926946,"DAZY Women's Casual Everyday Commute Minimalist Solid Color Ribbed Knit Fitted Tank Top, Summer",S$0.96,SAVE S$0.96,FALSE,1,FALSE,FALSE,完整词匹配：[a-zA-Z0-9]+ token 等于关键词,commute
scenario,commute,398830422,EMERY ROSE 3pcs Women's Casual Everyday Commute Minimalist Solid Color Ruched Fitted Short Sleeve T-Shirts Occasion White And Brown Summer,S$13.49,38.7k+ sold,TRUE,1,FALSE,FALSE,完整词匹配：[a-zA-Z0-9]+ token 等于关键词,commute
scenario,commute,437554229,"SHEIN Elenzya Women's Elegant Office Suit Pants,High-Waisted Beige Summer Striped Pleated Elastic Waist Loose Wide Leg Casual Trousers For Daily Commute Fashion",S$17.99,1.6k+ sold,TRUE,1,FALSE,FALSE,完整词匹配：[a-zA-Z0-9]+ token 等于关键词,commute
scenario,commute,446337276,SHEIN Versatile All-Match Commute Casual Slim Fit Ribbed Texture Turtleneck Zipper Vest,S$7.99,301 sold,TRUE,1,FALSE,FALSE,完整词匹配：[a-zA-Z0-9]+ token 等于关键词,commute
scenario,commute,449920846,"Es Trus Women's Summer Funny Graphic Tee, Streetwear Cartoon Portrait Letter Print, Comfortable Retro Basic Casual Commute Multipurpose Y2K Style Top, Regular Niche Punk Slim Fit Black Round Neck Short Sleeve Washed T-Shirt",S$4.49,High Repeat Customers,FALSE,2,TRUE,FALSE,完整词匹配：[a-zA-Z0-9]+ token 等于关键词,commute
scenario,commute,453472507,"Women's ""POSITIVE"" Cherry Blossom Print Short Sleeve T-Shirt, HeavySoft & Breathable Loose Fit Retro American Style, Suitable For Spring City Strolling, Cherry Blossom Viewing And Daily Commute Casual Summer",S$0.60,SAVE S$0.60,FALSE,1,FALSE,FALSE,完整词匹配：[a-zA-Z0-9]+ token 等于关键词,commute
scenario,commute,456266317,"Elamini Women's Casual Fashionable Everyday Versatile Party Commute Chiffon Polka Dot Jacquard Multi-Layer Ruffle Tie Neck Bow Camisole Top, Pink",S$13.49,,FALSE,1,FALSE,FALSE,完整词匹配：[a-zA-Z0-9]+ token 等于关键词,commute
scenario,commute,456536763,"SHEIN EZwear Women's Striped Round Neck Short Sleeve Contrast Color Oversized T-Shirt,Beige Summer Casual School Top,Fashionable Elegant Y2K Style For Commute",S$7.49,14.4k+ sold,TRUE,2,TRUE,TRUE,完整词匹配：[a-zA-Z0-9]+ token 等于关键词,commute
scenario,commute,462736583,"Summer Casual Matcha Club Print Short Sleeve T-Shirt, Women's Round Neck Front & Back Double Print Daily Commute Streetwear Top Vacation Black",S$0.35,SAVE S$0.35,FALSE,1,FALSE,FALSE,完整词匹配：[a-zA-Z0-9]+ token 等于关键词,commute
scenario,date,30244395,"SHEIN Frenchy Women Black Leopard Print Straight Leg Pants,Winter Basic Casual Fashion Old Money Style Fall Clothes,Teacher Outfits,Back To School Date Spring",S$9.49,11.6k+ sold,TRUE,1,FALSE,FALSE,完整词匹配：[a-zA-Z0-9]+ token 等于关键词,date
scenario,date,288225924,"Women's Soft Satin V-Neck Asymmetric Lace Trim Hem Fitted Camisole Top, Semi-Sheer Eyelash Lace Design, Suitable For Date Night, Casual Street Style, And Slouchy Atmosphere, Beach Vacation Outfit Black Summer",S$8.49,18.7k+ sold,TRUE,1,FALSE,FALSE,完整词匹配：[a-zA-Z0-9]+ token 等于关键词,date
scenario,date,392071788,"Sweetra Women's Romantic Polka Dot 3-In-1 Design Waist Cinched A-Line Dress, Flattering & Slimming, Suitable For Spring/Summer, Date Or Casual Dining",S$1.26,SAVE S$1.26,FALSE,1,FALSE,FALSE,完整词匹配：[a-zA-Z0-9]+ token 等于关键词,date
scenario,date,427567998,"1pc Women's Short Sleeve Cropped T-Shirt - Realistic Starfish, Feather Flower And Shell Print, Soft Pink Beachy Style, Breathable Round Neck Crop Top, Ideal For Beach Vacation, Summer Date, Casual Outing, Tropical Feminine Pattern For Ladies And Teens",S$4.99,669 sold,TRUE,1,FALSE,FALSE,完整词匹配：[a-zA-Z0-9]+ token 等于关键词,date
scenario,date,428246630,"Women's Loose Open Shoulder Batwing Short Sleeve T-Shirt, With Sea Turtle & English Print, Suitable For Office, Outing, Daily, Date, Sexy Shoulder-Baring Top. Gorgeous Y2K Millennium Style Women Vacation Clothing",S$7.49,3.4k+ sold,TRUE,1,FALSE,FALSE,完整词匹配：[a-zA-Z0-9]+ token 等于关键词,date
scenario,date,428944382,"Women's Fitted Short Sleeve T-Shirt, Fresh Blue Tone Shell, Starfish, Bow Print, American Vintage Beach Vacation Style, Versatile Short Top Suitable For Beach Trip, Island Travel, Summer Picnic, Beach Date, Casual Wear",S$4.99,2.4k+ sold,TRUE,1,FALSE,FALSE,完整词匹配：[a-zA-Z0-9]+ token 等于关键词,date
scenario,date,439361005,"1pc Women's Summer Casual Short Sleeve T-Shirt, Coffee Theme Tee With Iced Coffee And Sun English Graphic Print, Suitable For Vacation, Office, Outing, Daily, Date, Party, Gathering, Street Wear",S$5.03,,FALSE,1,FALSE,FALSE,完整词匹配：[a-zA-Z0-9]+ token 等于关键词,date
scenario,date,440608961,"1pc Women's Summer Loose Crew Neck Short Sleeve T-Shirt, Matcha Coffee Latte Themed Print, Suitable For Vacation, Office, Outing, Daily, Date, Party, Gathering, Street, Carnival, Music Festival, Valentine's Day, Party Occasions Casual",S$6.49,2.7k+ sold,TRUE,3,TRUE,TRUE,完整词匹配：[a-zA-Z0-9]+ token 等于关键词,date
scenario,date,447608456,"Joudiya Women's 2-Piece Set Grey Summmer Lace Patchwork Satin Camisole Top,Champagne Seductive Dinner Date Fitted,Elegant Wedding Party Evening Gown Fashion",S$23.99,,FALSE,1,FALSE,FALSE,完整词匹配：[a-zA-Z0-9]+ token 等于关键词,date
scenario,date,455239599,"Poéselle Women's Black Summer Classy Elegant Date Night Low-Rise Tailored Mini Skirt With Delicate Lace Waist Trim,Trouser Lining,Y2K Chic Street Style Skirt",S$14.99,,FALSE,1,FALSE,FALSE,完整词匹配：[a-zA-Z0-9]+ token 等于关键词,date
scenario,date,460860342,"SHEIN PariChic Women's Lace-Embellished Backless Top,Elegant Silk-Embroidered Summer Wear,Seductive Date Night Outfit,Cream And Black Summer Casual Beachwear",S$9.49,17.2k+ sold,TRUE,1,FALSE,FALSE,完整词匹配：[a-zA-Z0-9]+ token 等于关键词,date
scenario,date,462725090,Soleia Women's Floral Embroidery Pattern Casual Versatile Date Night Outing Mini Skirt,S$16.49,NEW,FALSE,1,FALSE,FALSE,完整词匹配：[a-zA-Z0-9]+ token 等于关键词,date
scenario,date,476725203,"SHEIN Tall Women's Classic 91% Cotton Black Knit Elastic Capri Pants Leggings,Summer Classy Date Outfit,Versatile Sporty Chic Beach Vacation Boho Music Festival",S$11.49,NEW,FALSE,1,FALSE,FALSE,完整词匹配：[a-zA-Z0-9]+ token 等于关键词,date
scenario,festival,64656826,"SHEIN VCAY 3pcs Set Women Summer Woven Fashionable Multi-Color Linen Shorts, Summer For Women, Festival For Women",S$17.49,9.9k+ sold,TRUE,1,FALSE,FALSE,完整词匹配：[a-zA-Z0-9]+ token 等于关键词,festival
scenario,festival,73242087,"Elenzga Navy Blue Elegant High Waist Culottes For Women,Summer Casual Solid Wide Leg Pants For Office,Work,Graduation & Daily,Vintage Style Music Festival",S$16.99,8.2k+ sold,TRUE,2,TRUE,TRUE,完整词匹配：[a-zA-Z0-9]+ token 等于关键词,festival
scenario,festival,124811795,"SHEIN VCAY 3pcs/Set Women Summer Woven Fashionable Multi-Color Linen Shorts,Summer For Women,Summer Clothes,Festival For Women",S$9.99,9.9k+ sold,TRUE,2,TRUE,TRUE,完整词匹配：[a-zA-Z0-9]+ token 等于关键词,festival
scenario,festival,382155297,"Franclia Women's Elegant Halter Neck Ruched Crop Tank Top Bra Free Comfortable Fabric Summer,Night Out,All Shades Of Brown Casual Blouses Festival Y2k Top",S$16.49,5.2k+ sold,TRUE,1,FALSE,FALSE,完整词匹配：[a-zA-Z0-9]+ token 等于关键词,festival
scenario,festival,429195254,"DAZY Spring & Summer Black Padded Bralette Crop Top, Backless Strapless Camisole, Casual Vacation Beach Festival Party Wedding Fitted Women Tank Top",S$1.04,SAVE S$1.04,FALSE,1,FALSE,FALSE,完整词匹配：[a-zA-Z0-9]+ token 等于关键词,festival
scenario,festival,431131849,"Franclia Women's Elegent Black And White Contrast Ribbed Vest,Summer V-Neck Cinched Waist Metal Buckle Top For Brunch,Resort Wear Festival Carnival Clothing",S$7.99,1.3k+ sold,TRUE,1,FALSE,FALSE,完整词匹配：[a-zA-Z0-9]+ token 等于关键词,festival
scenario,festival,440608961,"1pc Women's Summer Loose Crew Neck Short Sleeve T-Shirt, Matcha Coffee Latte Themed Print, Suitable For Vacation, Office, Outing, Daily, Date, Party, Gathering, Street, Carnival, Music Festival, Valentine's Day, Party Occasions Casual",S$6.49,2.7k+ sold,TRUE,3,TRUE,TRUE,完整词匹配：[a-zA-Z0-9]+ token 等于关键词,festival
scenario,festival,462504649,"Aloruh Women's Music Festival Fringe Decor Metal Accent Sexy Camisole, Spring/Summer,Summer Top",S$10.49,,FALSE,1,FALSE,FALSE,完整词匹配：[a-zA-Z0-9]+ token 等于关键词,festival
scenario,festival,476725203,"SHEIN Tall Women's Classic 91% Cotton Black Knit Elastic Capri Pants Leggings,Summer Classy Date Outfit,Versatile Sporty Chic Beach Vacation Boho Music Festival",S$11.49,NEW,FALSE,1,FALSE,FALSE,完整词匹配：[a-zA-Z0-9]+ token 等于关键词,festival
scenario,graduation,52313089,"CovetEZ Women's Summer Simple Front Tie Loose Sweatpants, Casual Daily Wear , Graduation, Teacher For Women, Back To School",S$16.49,15.9k+ sold,TRUE,1,FALSE,FALSE,完整词匹配：[a-zA-Z0-9]+ token 等于关键词,graduation
scenario,graduation,73242087,"Elenzga Navy Blue Elegant High Waist Culottes For Women,Summer Casual Solid Wide Leg Pants For Office,Work,Graduation & Daily,Vintage Style Music Festival",S$16.99,8.2k+ sold,TRUE,2,TRUE,TRUE,完整词匹配：[a-zA-Z0-9]+ token 等于关键词,graduation
scenario,graduation,156638020,"Women's Fashion Lightweight Baseball Jacket, Stand Collar, Zipper Pockets, All Season/Winter Suitable For Daily/Beach/Wedding/Graduation, Summer Coffee Color",S$29.24,33.9k+ sold,TRUE,1,FALSE,FALSE,完整词匹配：[a-zA-Z0-9]+ token 等于关键词,graduation
scenario,graduation,441162412,"Women's Summer Camisole, Women's Plaid Camisole Top For Vacation, Graduation, Wedding, Back To School, Retro Vibe, Party, Lunch, Cute Casual Summer, Sweet Romantic Country Style, Textured, Loose Comfortable, Loose Hem Camisole",S$10.99,5.1k+ sold,TRUE,2,TRUE,TRUE,完整词匹配：[a-zA-Z0-9]+ token 等于关键词,graduation
scenario,graduation,462216837,"Franclia This Relaxed-Fit Suit Features A High Waistband, Two Side Pockets, And A Straight, Wide-Leg Design With A Textured Feel And A Khaki Hue. Elegant And Stylish, It's Suitable For All Seasons. Whether For Vacations, Easter Attire, Holiday Outfits, Beach Wear, Graduation Outfits For Mothers, Summer Vacation Wear, Work Attire, Everyday Wear, Country Music Concert Outfits, Or A Country-Style Look, It's Perfect For Everyday Wear.",S$15.99,NEW,FALSE,1,FALSE,FALSE,完整词匹配：[a-zA-Z0-9]+ token 等于关键词,graduation
scenario,graduation,473810031,"SHEIN Tall Women's Casual Simple Solid Color Loose Wide Leg Sweatpants Graduation,Back To School Outfits,Graduation,Teacher Outfits For Women,Back To School",S$14.49,NEW,FALSE,1,FALSE,FALSE,完整词匹配：[a-zA-Z0-9]+ token 等于关键词,graduation
scenario,holiday,28065020,"XLLAIS 2026 Basic Solid Color Crew Neck Short Sleeve Fitted Casual T-Shirt For Women, Holiday Black Top Summer",S$8.99,15.6k+ sold,TRUE,1,FALSE,FALSE,完整词匹配：[a-zA-Z0-9]+ token 等于关键词,holiday
scenario,holiday,31307565,"SHEIN EZwear 3pcs Casual Sexy Camisole Tank Top Set, Slim Fit For Summer, Summer Outfits , Beach Outfits For Women, Summer Holiday Outfits, Holiday Outfits",S$10.49,31.8k+ sold,TRUE,1,FALSE,FALSE,完整词匹配：[a-zA-Z0-9]+ token 等于关键词,holiday
scenario,holiday,38768308,"SHEIN Frenchy 2pcs Women's V-Neck Sleeveless Single-Breasted Navy Blue Top&Straight Loose Pants Set,Casual Summer Elegant Vacation Holiday Two-Piece Outfits",S$2.22,SAVE S$2.22,FALSE,1,FALSE,FALSE,完整词匹配：[a-zA-Z0-9]+ token 等于关键词,holiday
scenario,holiday,62263350,"Customized Women Short Sleeve, Personalized Gift, Upload Your Photos, Valentine's Day Gift, Gift For Her, Anniversary Gift, Holiday Gift, Team Uniform, Summer Top, Graphic Print, Pink Girls, Family, Friends, Chic & Elegant",S$0.88,SAVE S$0.88,FALSE,1,FALSE,FALSE,完整词匹配：[a-zA-Z0-9]+ token 等于关键词,holiday
scenario,holiday,67896270,Swim Mod Women's Summer Floral Swimsuit Spaghetti Strap Sexy Bikini Holiday Tight Casual Cute Playful Two Pieces Swimsuit,S$8.49,11.4k+ sold,TRUE,2,TRUE,TRUE,完整词匹配：[a-zA-Z0-9]+ token 等于关键词,holiday
scenario,holiday,69778048,"Cute Long Sleeve Button-Up Striped Retro Elegant Casual Blouse For Women, Spring/Summer Holiday/Valentine's Day",S$13.49,11.1k+ sold,TRUE,1,FALSE,FALSE,完整词匹配：[a-zA-Z0-9]+ token 等于关键词,holiday
scenario,holiday,306228287,"1pc Women's Summer Round Neck Short Sleeve T-Shirt, ""Sleeping Cat"" English Letter Print, Suitable For Summer, Beach, Street, Daily Party Occasions. Y2K Vacation Elegant Top, Summer Casual Outfit, Women Holiday Wear",S$7.49,9.2k+ sold,TRUE,1,FALSE,FALSE,完整词匹配：[a-zA-Z0-9]+ token 等于关键词,holiday
scenario,holiday,325002998,SOLERSUN Women's White And Blue Summer Elegant Tea Party Asymmetric Neck Long Sleeve Asymmetrical Hem Blouse Vintage Sunset Holiday Print Batwing Sleeve Tops,S$11.99,26.1k+ sold,TRUE,1,FALSE,FALSE,完整词匹配：[a-zA-Z0-9]+ token 等于关键词,holiday
scenario,holiday,330583923,"This Dark Gray Round Neck Tee Features PSALM 23 Print. Loose And Comfortable, It Boasts A Casual Vacation Style, Ideal For Daily And Holiday Wear.",S$0.45,SAVE S$0.45,FALSE,1,FALSE,FALSE,完整词匹配：[a-zA-Z0-9]+ token 等于关键词,holiday
scenario,holiday,338325731,"Women's New Casual Cute Pattern Loose Versatile Round Neck Short Sleeve T-Shirt, Fashionable Everyday Top, Suitable For Daily And Holiday Wear Summer",S$5.49,3.9k+ sold,TRUE,1,FALSE,FALSE,完整词匹配：[a-zA-Z0-9]+ token 等于关键词,holiday
scenario,holiday,341854088,"Women's New Casual Cute Pattern Loose Versatile Round Neck Short Sleeve T-Shirt, Fashionable Everyday Top, Suitable For Daily And Holiday Wear Summer",S$5.49,3k+ sold,TRUE,2,TRUE,TRUE,完整词匹配：[a-zA-Z0-9]+ token 等于关键词,holiday
scenario,holiday,357237614,SHEIN EZwear Women's Casual Holiday Striped Woven Shorts Boxer Women Fourth Of July Red Pajama Summer Beach For Sleep S Board Woman Outfits Boxers,S$7.49,6k+ sold,TRUE,1,FALSE,FALSE,完整词匹配：[a-zA-Z0-9]+ token 等于关键词,holiday
scenario,holiday,396118095,"Franclia Women Summer Casual Smart Office Wide Leg Pants,Black Winter Loose Pleated Trousers Pockets,Belted Waist Workwear Business Teacher Holiday Outfit",S$18.49,2.8k+ sold,TRUE,1,FALSE,FALSE,完整词匹配：[a-zA-Z0-9]+ token 等于关键词,holiday
scenario,holiday,399162425,"Sunnyshic Women Black And White Polka Dot Lace Patchwork V-Neck Halter Backless Maxi Dress,Elegant Summer Holiday Vacation,Wedding Guest Minimalist Daily Wear",S$15.49,5.5k+ sold,TRUE,1,FALSE,FALSE,完整词匹配：[a-zA-Z0-9]+ token 等于关键词,holiday
scenario,holiday,409883515,"SHEIN MOD 2pcs/Set 3-Way Wear Women's Casual Solid Color Slim Fit Top, , Beach, Spring Break , Summer Vacation, Holiday , For Women, Party",S$9.49,10.8k+ sold,TRUE,2,TRUE,TRUE,完整词匹配：[a-zA-Z0-9]+ token 等于关键词,holiday
scenario,holiday,411595081,"Women's Summer New Casual Slogan Print Loose Fit Round Neck Short Sleeve T-Shirt, Fashionable Daily Vacation Wear, Suitable For Everyday And Holiday Occasions. Women's T-Shirt Top.",S$7.43,3.4k+ sold,TRUE,1,FALSE,FALSE,完整词匹配：[a-zA-Z0-9]+ token 等于关键词,holiday
scenario,holiday,414858498,"Women's Loose Round Neck Tee With Letter Print. Casual Holiday Style, Comfy For Daily And Vacation Wear.",S$0.85,SAVE S$0.85,FALSE,2,TRUE,FALSE,完整词匹配：[a-zA-Z0-9]+ token 等于关键词,holiday
scenario,holiday,414955823,"3pcs Women's Summer New Fashion Multi-Element Printed Casual Round Neck Short Sleeve T-Shirt, Versatile Chinese Style Koi Fish, Crane And Sports Car Pattern Design, Suitable For Daily Casual And Holiday Wear",S$2.17,SAVE S$2.17,FALSE,2,TRUE,FALSE,完整词匹配：[a-zA-Z0-9]+ token 等于关键词,holiday
scenario,holiday,422583105,"SHEIN White And Blue Flowers Patten Graphic Tee,Summer Casual Outfit For Women,Women's Beach Top,Y2k Holiday Vacation T-Shirt,Gift For Sister,Holiday",S$6.49,19.1k+ sold,TRUE,1,FALSE,FALSE,完整词匹配：[a-zA-Z0-9]+ token 等于关键词,holiday
scenario,holiday,427972931,"Women's Summer New Casual Slogan Print Loose Fit Round Neck Short Sleeve T-Shirt, Fashionable Daily Vacation Wear, Suitable For Everyday And Holiday Occasions. Women's T-Shirt Top.",S$4.26,3.4k+ sold,TRUE,1,FALSE,FALSE,完整词匹配：[a-zA-Z0-9]+ token 等于关键词,holiday
scenario,holiday,428006241,Summer New Casual Minimalist Versatile Holiday Beach Printed Round Neck Short Sleeve T-Shirt For Women,S$5.01,1.2k+ sold,TRUE,1,FALSE,FALSE,完整词匹配：[a-zA-Z0-9]+ token 等于关键词,holiday
scenario,holiday,429734823,"Women's Short Sleeve T-Shirt, Fashion Sweet Girl Style Taro Drink Cartoon Back Print Short Sleeve Tee, Casual Round Neck Street Party Holiday Tops For Summer Vacation Pink",S$1.70,SAVE S$1.70,FALSE,1,FALSE,FALSE,完整词匹配：[a-zA-Z0-9]+ token 等于关键词,holiday
scenario,holiday,432425159,"Women's New Casual Cute Pattern Loose Fit Round Neck Short Sleeve T-Shirt, Fashionable Daily & Holiday Wear. Suitable For Holidays, Back To School, Teacher's Day, Etc. Letter Print Soft, Loose & Comfortable High-End Casual Street Style Relaxed Fit Short Sleeve Top Pink Summer",S$0.82,SAVE S$0.82,FALSE,2,TRUE,FALSE,完整词匹配：[a-zA-Z0-9]+ token 等于关键词,holiday
scenario,holiday,435319975,"Women's Pink Lily Flower Pattern Short Sleeve Round Neck T-Shirt, With Regular Hem And Slightly Stretchy Fabric, Loose Fit Short Sleeve Summer Beach Vacation T-Shirt, Retro Versatile Casual Holiday Top, Vacation Outfit Gift",S$5.45,143 sold,TRUE,1,FALSE,FALSE,完整词匹配：[a-zA-Z0-9]+ token 等于关键词,holiday
scenario,holiday,438213921,"Women's ""European Summer"" Aesthetic Style: Amalfi Capri Island Lemon Print T-Shirt. Vintage Italian Vacation Vibe Top. Fashionable Beach And Holiday Wear. Casual Pink",S$0.65,SAVE S$0.65,FALSE,1,FALSE,FALSE,完整词匹配：[a-zA-Z0-9]+ token 等于关键词,holiday
scenario,holiday,438311644,"Opulessa Women's Leopard Print Casual Pants, Suitable For Spring And Summer Holiday Outfits For Women,Holiday,Vacation Outfits For Women",S$14.49,2k+ sold,TRUE,1,FALSE,FALSE,完整词匹配：[a-zA-Z0-9]+ token 等于关键词,holiday
scenario,holiday,443138653,"Lalippa Women's V-Neck T-Shirt,Blue,Summer,Streetwear,School,Back-To-School,Faux Denim,Graphic Design,Number,Burgundy,Fashionable & Versatile,Holiday Outfit",S$8.99,1.6k+ sold,TRUE,1,FALSE,FALSE,完整词匹配：[a-zA-Z0-9]+ token 等于关键词,holiday
scenario,holiday,443355300,Summer New Casual Minimalist Versatile Holiday Beach Printed Round Neck Short Sleeve T-Shirt For Women Pink,S$5.36,1.2k+ sold,TRUE,1,FALSE,FALSE,完整词匹配：[a-zA-Z0-9]+ token 等于关键词,holiday
scenario,holiday,444491683,"3pcs Women's New Casual Cute Tequila Print Short Sleeve T-Shirt, Loose Versatile Round Neck Tee, Fashion Daily & Holiday Wear Summer",S$2.28,SAVE S$2.28,FALSE,1,FALSE,FALSE,完整词匹配：[a-zA-Z0-9]+ token 等于关键词,holiday
scenario,holiday,448395891,"Resyla American Retro Coconut Print White Top For Women,Cute Slim-Fit T-Shirt,Summer Vacation Holiday Essential,Fashionable Mother's Day Gift For Mom",S$5.99,957 sold,TRUE,1,FALSE,FALSE,完整词匹配：[a-zA-Z0-9]+ token 等于关键词,holiday
scenario,holiday,450485113,"SHEIN Navy Blue Summer Casual Plus Size Top For Women,Flowers Patten Graphic Tee,Women's Beach Tank Top,Vacation Holiday Beach Outfit,Y2k T-Shirt,Gift",S$7.49,19.1k+ sold,TRUE,1,FALSE,FALSE,完整词匹配：[a-zA-Z0-9]+ token 等于关键词,holiday
scenario,holiday,450499685,"Y2K Style Pink Hibiscus Graphic Women's Retro Surfing Casual T-Shirt, Enjoy Every Moment Of Summer Ladies Vintage Beach Holiday Loose Top",S$3.05,SAVE S$3.05,FALSE,1,FALSE,FALSE,完整词匹配：[a-zA-Z0-9]+ token 等于关键词,holiday
scenario,holiday,451627861,"Women's Loose Fit Italian Southern Resort Lemon Print T-Shirt, Limoncello Theme Short Sleeve, Amalfi Coast Relaxing Holiday Vibe Casual Summer",S$2.35,SAVE S$2.35,FALSE,1,FALSE,FALSE,完整词匹配：[a-zA-Z0-9]+ token 等于关键词,holiday
scenario,holiday,452416362,"3pcs Women's New Casual Cute Pattern Loose Versatile Round Neck Short Sleeve T-Shirt, Fashionable Daily & Holiday Wear Summer",S$1.59,SAVE S$1.59,FALSE,1,FALSE,FALSE,完整词匹配：[a-zA-Z0-9]+ token 等于关键词,holiday
scenario,holiday,456916224,"Breezaya Women's Brown Loose Fit Wide Leg Pants,Elegant French Style Solid Color Outfit,Summer,Boho,Vacation,Holiday Casual Versatile Commuting Daily Beach",S$14.99,6.1k+ sold,TRUE,1,FALSE,FALSE,完整词匹配：[a-zA-Z0-9]+ token 等于关键词,holiday
scenario,holiday,460034810,"1pc Women's Summer Round Neck Short Sleeve T-Shirt Top With ""Brain And Heart Anatomy"" BALANCE English Print Pattern, Suitable For Street, Daily, Work, Office Party, Outing, Holiday Occasions Casual Black",S$0.96,SAVE S$0.96,FALSE,1,FALSE,FALSE,完整词匹配：[a-zA-Z0-9]+ token 等于关键词,holiday
scenario,holiday,462216837,"Franclia This Relaxed-Fit Suit Features A High Waistband, Two Side Pockets, And A Straight, Wide-Leg Design With A Textured Feel And A Khaki Hue. Elegant And Stylish, It's Suitable For All Seasons. Whether For Vacations, Easter Attire, Holiday Outfits, Beach Wear, Graduation Outfits For Mothers, Summer Vacation Wear, Work Attire, Everyday Wear, Country Music Concert Outfits, Or A Country-Style Look, It's Perfect For Everyday Wear.",S$15.99,NEW,FALSE,1,FALSE,FALSE,完整词匹配：[a-zA-Z0-9]+ token 等于关键词,holiday
scenario,holiday,463153045,"Breezaya Women Loose High-Waisted Wide-Leg Pants,Elegant Off-White Chic Summer Vacation Holiday Outfit,Solid Color Versatile Casual Daily Wear Beach Trousers",S$14.99,6.1k+ sold,TRUE,1,FALSE,FALSE,完整词匹配：[a-zA-Z0-9]+ token 等于关键词,holiday
scenario,holiday,463259162,"Women's ""European Summer"" Aesthetic: Amalfi Capri Island Lemon Print T-Shirt. Vintage Italian Vacation Style Top. Fashionable Beach And Holiday Wear. Casual",S$0.65,SAVE S$0.65,FALSE,1,FALSE,FALSE,完整词匹配：[a-zA-Z0-9]+ token 等于关键词,holiday
scenario,holiday,463862582,"Women's ""European Summer"" Aesthetic: Amalfi Capri Island Lemon Print T-Shirt. Vintage Italian Vacation Style Top. Fashionable Beach And Holiday Wear. Casual",S$0.60,SAVE S$0.60,FALSE,1,FALSE,FALSE,完整词匹配：[a-zA-Z0-9]+ token 等于关键词,holiday
scenario,holiday,472098721,"SHEIN PETITE Women's Beige Summer Boho Vacation Holiday Casual Cropped Pants,Solid Color Fabric Side Seam Button Decor Pocket Flap Design Versatile Cotton Outfit",S$17.49,NEW,FALSE,1,FALSE,FALSE,完整词匹配：[a-zA-Z0-9]+ token 等于关键词,holiday
scenario,office,31148526,DAZY Women's Solid Color Pleated Wide Leg Loose Casual Office Commute Pants,S$2.73,SAVE S$2.73,FALSE,1,FALSE,FALSE,完整词匹配：[a-zA-Z0-9]+ token 等于关键词,office
scenario,office,38226910,"SHEIN EZwear Women's High-Waisted Belted Wide Leg Pants,Black Winter Casual Smart Office Ladies Spring/Fall Button,Pocket,Zipper Straight Leg Loose Long Trousers",S$19.19,13.7k+ sold,TRUE,1,FALSE,FALSE,完整词匹配：[a-zA-Z0-9]+ token 等于关键词,office
scenario,office,38235874,"EMERY ROSE 's Women's Summer Casual Crew Neck Short Sleeve T-Shirt Tops,Solid Color Black And White Basics Everyday For Work Office, Party",S$11.99,12.6k+ sold,TRUE,3,TRUE,TRUE,完整词匹配：[a-zA-Z0-9]+ token 等于关键词,office
scenario,office,42827379,"Draping Minimalist Design Office Pants, New European And American Fashion Straight-Leg Casual Loose Trousers, All Seasons Spring",S$17.27,22.2k+ sold,TRUE,2,TRUE,TRUE,完整词匹配：[a-zA-Z0-9]+ token 等于关键词,office
scenario,office,44210513,Mid Waist Solid Color Elegant Office Straight Pants With Belt Spring,S$17.99,42.5k+ sold,TRUE,1,FALSE,FALSE,完整词匹配：[a-zA-Z0-9]+ token 等于关键词,office
scenario,office,49035996,"Easowa Black Vest Thin Jacket, Women Office Wear Blouse",S$8.99,13k+ sold,TRUE,1,FALSE,FALSE,完整词匹配：[a-zA-Z0-9]+ token 等于关键词,office
scenario,office,68195926,SHEIN PETITE Women's Solid Color Button Elegant Straight Leg Office Pants Fall Cloth For Women,S$15.99,697 sold,TRUE,1,FALSE,FALSE,完整词匹配：[a-zA-Z0-9]+ token 等于关键词,office
scenario,office,73242087,"Elenzga Navy Blue Elegant High Waist Culottes For Women,Summer Casual Solid Wide Leg Pants For Office,Work,Graduation & Daily,Vintage Style Music Festival",S$16.99,8.2k+ sold,TRUE,2,TRUE,TRUE,完整词匹配：[a-zA-Z0-9]+ token 等于关键词,office
scenario,office,95862413,Franclia Women's White Elegant Office Straight Leg Pants Pants For Women Fall Cloth For Women,S$15.72,33.8k+ sold,TRUE,1,FALSE,FALSE,完整词匹配：[a-zA-Z0-9]+ token 等于关键词,office
scenario,office,125996539,ZIRRA Casual Chic Women's Black Pleated High Waisted Wide Leg Pants Flowy Office Trousers For Everyday Wear,S$16.49,4k+ sold,TRUE,1,FALSE,FALSE,完整词匹配：[a-zA-Z0-9]+ token 等于关键词,office
scenario,office,128799987,"Women's Solid Black Casual Elegant High-Waisted Straight Leg Pants, Suitable For Daily Wear, Office Commute, Home, Dates, Small Parties, Light Social Occasions Spring",S$15.83,12.3k+ sold,TRUE,1,FALSE,FALSE,完整词匹配：[a-zA-Z0-9]+ token 等于关键词,office
scenario,office,134991743,"2pcs Women's Loose Cropped Round Neck Short Sleeve T-Shirt, Suitable For Spring/Summer Wear, Casual/Minimalist/Elegant/Sexy/Streetwear/Y2K Style, Suitable For Office/Home/Street And Various Occasions",S$10.99,13.1k+ sold,TRUE,1,FALSE,FALSE,完整词匹配：[a-zA-Z0-9]+ token 等于关键词,office
scenario,office,143688820,"Aloruh Women's Elegant Sleeveless Blouse For Commuting, Minimalist Design, Business Casual Woman,Office Wear Women,,Teacher Social",S$9.49,15.4k+ sold,TRUE,1,FALSE,FALSE,完整词匹配：[a-zA-Z0-9]+ token 等于关键词,office
scenario,office,161924556,"Women's Spring/Summer High-Waisted Draped Pleated Tailored Black Suit Trousers, Suitable For Daily Commute, Office And Casual Wear",S$15.65,50.7k+ sold,TRUE,1,FALSE,FALSE,完整词匹配：[a-zA-Z0-9]+ token 等于关键词,office
scenario,office,186421929,"Firerie Navy Blue Summer Elegant Office Women's Linen Blouse,Crinkle Collar Asymmetrical Sleeve Side Ruched Cinched Waist Bamboo Fiber Commuter Vacation Top",S$1.14,SAVE S$1.14,FALSE,1,FALSE,FALSE,完整词匹配：[a-zA-Z0-9]+ token 等于关键词,office
scenario,office,223438315,"Radiana Women's Minimalist High Waisted Wide Leg Pants,Black Business Casual Office Autumn Commuter Trousers,Oversized Pleated Brown Suit Pants Fall Clothes",S$21.49,11.6k+ sold,TRUE,2,TRUE,TRUE,完整词匹配：[a-zA-Z0-9]+ token 等于关键词,office
scenario,office,225667464,"Women's Minimalist Design Flared Leg Casual Trousers, Suitable For Commuting, Office, Daily Wear, All Seasons Spring",S$15.99,22.1k+ sold,TRUE,1,FALSE,FALSE,完整词匹配：[a-zA-Z0-9]+ token 等于关键词,office
scenario,office,225674364,"Women's Minimalist Design Flared Leg Casual Trousers, Suitable For Commuting, Office, Daily Wear, All Seasons Spring Black",S$16.49,22.1k+ sold,TRUE,2,TRUE,TRUE,完整词匹配：[a-zA-Z0-9]+ token 等于关键词,office
scenario,office,245480821,"Franclia Petite Black Winter Elegant Modest Work Office High-Waisted Ruched Detail Trousers,Tailored Silhouette,Wrinkle-Resistant Versatile Casual Pants",S$16.49,1.7k+ sold,TRUE,1,FALSE,FALSE,完整词匹配：[a-zA-Z0-9]+ token 等于关键词,office
scenario,office,309364531,"Sheer Black Blazer Jacket For Women, Lightweight Summer Casual Office Top, Short Petite 3/4 Sleeve Suit Spring",S$21.37,14.4k+ sold,TRUE,1,FALSE,FALSE,完整词匹配：[a-zA-Z0-9]+ token 等于关键词,office
scenario,office,317342804,"Franclia Women's High Waist Grey Summer Modest Office Skirt Shorts,A-Line Split Hem Textured Soft Fabric Skorts,Fashionable Casual Commute Versatile Clothing",S$8.09,90k+ sold,TRUE,2,TRUE,TRUE,完整词匹配：[a-zA-Z0-9]+ token 等于关键词,office
scenario,office,350805775,"Franclia Women's Black Summer Casual Smart Office High Waist Slit Culottes,Textured Soft Fabric Shorts Skirt,Fashionable Commute Versatile Mini Hot Pants",S$10.49,90k+ sold,TRUE,1,FALSE,FALSE,完整词匹配：[a-zA-Z0-9]+ token 等于关键词,office
scenario,office,360459173,Firerie Women's Casual Elegant Chic High Waist Textured Wide Leg Pants For Back To School And Commuting Office Black Winter,S$14.99,2k+ sold,TRUE,1,FALSE,FALSE,完整词匹配：[a-zA-Z0-9]+ token 等于关键词,office
scenario,office,366168437,"SHEIN Clasi Women's Trousers, Summer Office Wear, Decorative Metal Buckle, Casual Style, Straight Leg, Elegant & Minimalist",S$8.49,5.5k+ sold,TRUE,1,FALSE,FALSE,完整词匹配：[a-zA-Z0-9]+ token 等于关键词,office
scenario,office,368168826,"Women's Fashionable Elegant Casual Minimalist Versatile Commuter Classic Contrast Color Satin & Sheer Lace Patchwork Asymmetric Side Slit Skirt, Office Formal Commuter Wear, Elegant Party Skirt",S$12.99,NEW,FALSE,1,FALSE,FALSE,完整词匹配：[a-zA-Z0-9]+ token 等于关键词,office
scenario,office,393397281,"Women's High Waist Slim Fit Elegant Minimalist Office Pants, Women Apparel, Women's Bottoms Black Spring",S$11.99,7k+ sold,TRUE,2,TRUE,TRUE,完整词匹配：[a-zA-Z0-9]+ token 等于关键词,office
scenario,office,395830807,"SHEIN Tall Old Money High Waist Pleated Wide Leg Pants For Women,Black Winter Modest Business Casual Office Wear,Elegant Solid Loose Trousers Chic Tailored Work",S$22.49,7.7k+ sold,TRUE,1,FALSE,FALSE,完整词匹配：[a-zA-Z0-9]+ token 等于关键词,office
scenario,office,396118095,"Franclia Women Summer Casual Smart Office Wide Leg Pants,Black Winter Loose Pleated Trousers Pockets,Belted Waist Workwear Business Teacher Holiday Outfit",S$18.49,2.8k+ sold,TRUE,1,FALSE,FALSE,完整词匹配：[a-zA-Z0-9]+ token 等于关键词,office
scenario,office,405983524,"Resyla Women's Cinched Waist T-Shirt, Classic Striped Print Pattern Design, Elegant, Suitable For Daily Wear, Casual, Shopping, Office",S$7.49,11.2k+ sold,TRUE,2,TRUE,TRUE,完整词匹配：[a-zA-Z0-9]+ token 等于关键词,office
scenario,office,409724146,"3pcs/Set Women's Square Neck Short Sleeve Solid Color Casual Slim Fit Summer T-Shirts, Y2K Style Cropped Tees, Suitable For Summer, Beach, Street, Daily, Work, Office Party, Vacation Wear. Stylish Y2K Inspired Women Tops White",S$11.49,789 sold,TRUE,2,TRUE,TRUE,完整词匹配：[a-zA-Z0-9]+ token 等于关键词,office
scenario,office,413037448,"Women's Off-Shoulder Short Sleeve Top, Regular Length, Polyester High Stretch Fabric, White Summer Blouse Suitable For Office & Casual Wear",S$5.90,5.8k+ sold,TRUE,2,TRUE,TRUE,完整词匹配：[a-zA-Z0-9]+ token 等于关键词,office
scenario,office,420219867,"Franclia Women's Elegant Black Winter Business Casual Work Pants,High Waist Button Decor Loose Straight Wide Leg Dress Trousers For Office Formal Commuting",S$2.34,SAVE S$2.34,FALSE,1,FALSE,FALSE,完整词匹配：[a-zA-Z0-9]+ token 等于关键词,office
scenario,office,426222457,"1pc Women's Summer Round Neck Short Sleeve T-Shirt, Blue With English Letter Print, Casual Loose Fit, Comfortable For Summer Wear, Suitable For Beach, Street, Daily Activities, Work, Office, Parties And Other Occasions",S$1.27,SAVE S$1.27,FALSE,2,TRUE,FALSE,完整词匹配：[a-zA-Z0-9]+ token 等于关键词,office
scenario,office,427390013,"1pc Women's Summer Round Neck Short Sleeve T-Shirt, Blue With English Letter Print, Casual Loose Fit, Comfortable For Summer Wear, Suitable For Beach, Street, Daily Activities, Work, Office, Parties And More",S$1.20,SAVE S$1.20,FALSE,1,FALSE,FALSE,完整词匹配：[a-zA-Z0-9]+ token 等于关键词,office
scenario,office,428246630,"Women's Loose Open Shoulder Batwing Short Sleeve T-Shirt, With Sea Turtle & English Print, Suitable For Office, Outing, Daily, Date, Sexy Shoulder-Baring Top. Gorgeous Y2K Millennium Style Women Vacation Clothing",S$7.49,3.4k+ sold,TRUE,1,FALSE,FALSE,完整词匹配：[a-zA-Z0-9]+ token 等于关键词,office
scenario,office,429540422,"Siren Gaze Women's Navy Blue And White Striped Asymmetric Shoulder Pleated Blouse,Summer Casual Elegant Office Top,Old Money Style Work Wear Wedding Guest Outfit",S$6.99,4.3k+ sold,TRUE,1,FALSE,FALSE,完整词匹配：[a-zA-Z0-9]+ token 等于关键词,office
scenario,office,431151180,"1pc Women's Summer Round Neck Short Sleeve T-Shirt, Vacation Style Printed, Casual Loose Fit, Comfortable, Suitable For Summer Wear, Suitable For Beach, Street, Daily Activities, Work, Office Gatherings And Other Occasions White",S$0.90,SAVE S$0.90,FALSE,1,FALSE,FALSE,完整词匹配：[a-zA-Z0-9]+ token 等于关键词,office
scenario,office,431188184,"1pc Women's Summer Round Neck Short Sleeve T-Shirt, Vacation Style Printed, Casual Loose Fit, Comfortable, Suitable For Summer Wear, Suitable For Beach, Street, Daily Activities, Work, Office Gatherings And Other Occasions Pink",S$5.99,472 sold,TRUE,1,FALSE,FALSE,完整词匹配：[a-zA-Z0-9]+ token 等于关键词,office
scenario,office,432328852,Andrea Bello Women Asymmetrical Casual Wide Leg Pants Women's Fashion Office Commuting Versatile High Waist High-End Asymmetrical Wide Leg Suit Pants,S$30.99,NEW,FALSE,1,FALSE,FALSE,完整词匹配：[a-zA-Z0-9]+ token 等于关键词,office
scenario,office,434548548,"Franclia Women's White Ribbed Knit Sleeveless Polo Top,Elegant Slim Fit Button-Down Summer Tank,Casual Office Collared Shirt,Classy Pearl Button Blouse",S$8.49,2.5k+ sold,TRUE,1,FALSE,FALSE,完整词匹配：[a-zA-Z0-9]+ token 等于关键词,office
scenario,office,437554229,"SHEIN Elenzya Women's Elegant Office Suit Pants,High-Waisted Beige Summer Striped Pleated Elastic Waist Loose Wide Leg Casual Trousers For Daily Commute Fashion",S$17.99,1.6k+ sold,TRUE,1,FALSE,FALSE,完整词匹配：[a-zA-Z0-9]+ token 等于关键词,office
scenario,office,439361005,"1pc Women's Summer Casual Short Sleeve T-Shirt, Coffee Theme Tee With Iced Coffee And Sun English Graphic Print, Suitable For Vacation, Office, Outing, Daily, Date, Party, Gathering, Street Wear",S$5.03,,FALSE,1,FALSE,FALSE,完整词匹配：[a-zA-Z0-9]+ token 等于关键词,office
scenario,office,439631443,"Siren Gaze Women's Black And White Striped Summer Casual Elegent Office Camisole,Halter Neck Pleated Sleeveless Tank Top,Backless Cinched Waist Fashion Vest",S$8.49,805 sold,TRUE,1,FALSE,FALSE,完整词匹配：[a-zA-Z0-9]+ token 等于关键词,office
scenario,office,440608961,"1pc Women's Summer Loose Crew Neck Short Sleeve T-Shirt, Matcha Coffee Latte Themed Print, Suitable For Vacation, Office, Outing, Daily, Date, Party, Gathering, Street, Carnival, Music Festival, Valentine's Day, Party Occasions Casual",S$6.49,2.7k+ sold,TRUE,3,TRUE,TRUE,完整词匹配：[a-zA-Z0-9]+ token 等于关键词,office
scenario,office,444669237,"1pc Women's Summer Loose Round Neck Short Sleeve T-Shirt, With ""Queen Of Hearts"" Red Wine Themed Print, Suitable For Office, Outings, Daily Wear, Dates, Parties, Gatherings, Streetwear Casual Pink",S$6.49,936 sold,TRUE,1,FALSE,FALSE,完整词匹配：[a-zA-Z0-9]+ token 等于关键词,office
scenario,office,444771143,"Franclia Women's Contrast Color Elegant Round Neck Short Sleeve Casual Knit T-Shirt,Black Summer Everyday Ladies' Office Commuting Outfit Outdoor Top",S$6.49,2.7k+ sold,TRUE,1,FALSE,FALSE,完整词匹配：[a-zA-Z0-9]+ token 等于关键词,office
scenario,office,444928284,"Women's High-Waisted Pleated Loose Fit Casual/Office Wear Khaki Suit Pants, Spring/Summer",S$2.70,SAVE S$2.70,FALSE,1,FALSE,FALSE,完整词匹配：[a-zA-Z0-9]+ token 等于关键词,office
scenario,office,445552436,"Women's High-Waisted Slim Fit Wide Leg Pants, Bohemian Street Style, Casual & Office Wear For Spring/Summer (Belt Not Included)",S$3.80,SAVE S$3.80,FALSE,1,FALSE,FALSE,完整词匹配：[a-zA-Z0-9]+ token 等于关键词,office
scenario,office,456391577,"1pc Women's Summer Round Neck Short Sleeve T-Shirt, Vacation Style Printed, Casual Loose Fit, Comfortable, Suitable For Summer Wear, Beach, Street, Daily Activities, Work, Office Gatherings, Etc. White",S$0.75,SAVE S$0.75,FALSE,1,FALSE,FALSE,完整词匹配：[a-zA-Z0-9]+ token 等于关键词,office
scenario,office,460034810,"1pc Women's Summer Round Neck Short Sleeve T-Shirt Top With ""Brain And Heart Anatomy"" BALANCE English Print Pattern, Suitable For Street, Daily, Work, Office Party, Outing, Holiday Occasions Casual Black",S$0.96,SAVE S$0.96,FALSE,1,FALSE,FALSE,完整词匹配：[a-zA-Z0-9]+ token 等于关键词,office
scenario,office,462225485,"1pc Women's Summer Round Neck Short Sleeve T-Shirt, Vacation Style Printed, Casual Loose Fit, Comfortable, Suitable For Summer Wear, Beach, Street, Daily Activities, Work, Office Gatherings, Etc. White",S$0.46,SAVE S$0.46,FALSE,1,FALSE,FALSE,完整词匹配：[a-zA-Z0-9]+ token 等于关键词,office
scenario,office,464649969,"Ontre Women's Brown Summer Casual City Break Single-Breasted Belted A-Line Skirt,100% Cotton Woven Fabric,Minimalist Elegant Urban Chic Design Pleats,Office",S$19.49,NEW,FALSE,2,TRUE,FALSE,完整词匹配：[a-zA-Z0-9]+ token 等于关键词,office
scenario,party,38235874,"EMERY ROSE 's Women's Summer Casual Crew Neck Short Sleeve T-Shirt Tops,Solid Color Black And White Basics Everyday For Work Office, Party",S$11.99,12.6k+ sold,TRUE,3,TRUE,TRUE,完整词匹配：[a-zA-Z0-9]+ token 等于关键词,party
scenario,party,158508192,"Aloruh Women's Dark Brown Seksi Chic Halter Neck Dress,Summmer Ruffled Hem Solid Color Elegant Party Dresses For Women,Bar Party Vacation Outfits,Commuter",S$17.99,38.8k+ sold,TRUE,1,FALSE,FALSE,完整词匹配：[a-zA-Z0-9]+ token 等于关键词,party
scenario,party,306228287,"1pc Women's Summer Round Neck Short Sleeve T-Shirt, ""Sleeping Cat"" English Letter Print, Suitable For Summer, Beach, Street, Daily Party Occasions. Y2K Vacation Elegant Top, Summer Casual Outfit, Women Holiday Wear",S$7.49,9.2k+ sold,TRUE,1,FALSE,FALSE,完整词匹配：[a-zA-Z0-9]+ token 等于关键词,party
scenario,party,325002998,SOLERSUN Women's White And Blue Summer Elegant Tea Party Asymmetric Neck Long Sleeve Asymmetrical Hem Blouse Vintage Sunset Holiday Print Batwing Sleeve Tops,S$11.99,26.1k+ sold,TRUE,1,FALSE,FALSE,完整词匹配：[a-zA-Z0-9]+ token 等于关键词,party
scenario,party,368168826,"Women's Fashionable Elegant Casual Minimalist Versatile Commuter Classic Contrast Color Satin & Sheer Lace Patchwork Asymmetric Side Slit Skirt, Office Formal Commuter Wear, Elegant Party Skirt",S$12.99,NEW,FALSE,1,FALSE,FALSE,完整词匹配：[a-zA-Z0-9]+ token 等于关键词,party
scenario,party,409724146,"3pcs/Set Women's Square Neck Short Sleeve Solid Color Casual Slim Fit Summer T-Shirts, Y2K Style Cropped Tees, Suitable For Summer, Beach, Street, Daily, Work, Office Party, Vacation Wear. Stylish Y2K Inspired Women Tops White",S$11.49,789 sold,TRUE,2,TRUE,TRUE,完整词匹配：[a-zA-Z0-9]+ token 等于关键词,party
scenario,party,409883515,"SHEIN MOD 2pcs/Set 3-Way Wear Women's Casual Solid Color Slim Fit Top, , Beach, Spring Break , Summer Vacation, Holiday , For Women, Party",S$9.49,10.8k+ sold,TRUE,2,TRUE,TRUE,完整词匹配：[a-zA-Z0-9]+ token 等于关键词,party
scenario,party,423040673,"Qadelle Women's Summer Elegant Black Halter Neck Tie Backless Lace Trim Camisole Top, Sleeveless Bodycon Blouse For Party Night,Cocktail,Beach Outfit",S$1.26,Save S$1.26,FALSE,1,FALSE,FALSE,完整词匹配：[a-zA-Z0-9]+ token 等于关键词,party
scenario,party,428266092,Elenzga Women's Elegant Summer Tea Party Apricot Commuter Casual Blue Pleated Adjustable Waist Bow Tie Blouse + High Waist Pocket Design Wide Leg Pants Set,S$2.40,SAVE S$2.40,FALSE,1,FALSE,FALSE,完整词匹配：[a-zA-Z0-9]+ token 等于关键词,party
scenario,party,429195254,"DAZY Spring & Summer Black Padded Bralette Crop Top, Backless Strapless Camisole, Casual Vacation Beach Festival Party Wedding Fitted Women Tank Top",S$1.04,SAVE S$1.04,FALSE,1,FALSE,FALSE,完整词匹配：[a-zA-Z0-9]+ token 等于关键词,party
scenario,party,429734823,"Women's Short Sleeve T-Shirt, Fashion Sweet Girl Style Taro Drink Cartoon Back Print Short Sleeve Tee, Casual Round Neck Street Party Holiday Tops For Summer Vacation Pink",S$1.70,SAVE S$1.70,FALSE,1,FALSE,FALSE,完整词匹配：[a-zA-Z0-9]+ token 等于关键词,party
scenario,party,429765203,"Women's Funny Beer Print Short Sleeve T-Shirt, Casual Round Neck Top For Summer, Party, Vacation, Street Style White",S$0.45,SAVE S$0.45,FALSE,1,FALSE,FALSE,完整词匹配：[a-zA-Z0-9]+ token 等于关键词,party
scenario,party,429978950,"Franclia White And Black Polka Dot,Summer,Elegant,Tea Party Vintage Pearl Decor Women Tank Top Blouses Work Outfits Casual Cute Latest New Arrivals",S$8.49,9.6k+ sold,TRUE,2,TRUE,TRUE,完整词匹配：[a-zA-Z0-9]+ token 等于关键词,party
scenario,party,439361005,"1pc Women's Summer Casual Short Sleeve T-Shirt, Coffee Theme Tee With Iced Coffee And Sun English Graphic Print, Suitable For Vacation, Office, Outing, Daily, Date, Party, Gathering, Street Wear",S$5.03,,FALSE,1,FALSE,FALSE,完整词匹配：[a-zA-Z0-9]+ token 等于关键词,party
scenario,party,440608961,"1pc Women's Summer Loose Crew Neck Short Sleeve T-Shirt, Matcha Coffee Latte Themed Print, Suitable For Vacation, Office, Outing, Daily, Date, Party, Gathering, Street, Carnival, Music Festival, Valentine's Day, Party Occasions Casual",S$6.49,2.7k+ sold,TRUE,3,TRUE,TRUE,完整词匹配：[a-zA-Z0-9]+ token 等于关键词,party
scenario,party,441162412,"Women's Summer Camisole, Women's Plaid Camisole Top For Vacation, Graduation, Wedding, Back To School, Retro Vibe, Party, Lunch, Cute Casual Summer, Sweet Romantic Country Style, Textured, Loose Comfortable, Loose Hem Camisole",S$10.99,5.1k+ sold,TRUE,2,TRUE,TRUE,完整词匹配：[a-zA-Z0-9]+ token 等于关键词,party
scenario,party,447608456,"Joudiya Women's 2-Piece Set Grey Summmer Lace Patchwork Satin Camisole Top,Champagne Seductive Dinner Date Fitted,Elegant Wedding Party Evening Gown Fashion",S$23.99,,FALSE,1,FALSE,FALSE,完整词匹配：[a-zA-Z0-9]+ token 等于关键词,party
scenario,party,451004915,"1pc Moldable Slow Rebound Translucent Ice Hockey Squeeze Toy Handmade Squeezing Ball, Stress-Relieving Squeezing Toys Slow Rebound Pressure Relief Toy Anxiety Relief Toy, The Texture Feels Similar To A Squeezable Malt Candy Toy. Fidget Toy, Hand Stress Relief, Easter Toy, Squeeze Toy, Stress Relief Toys, Anxiety And Relaxation, Party Gift, Goody Bag Stuffers Prizes, Birthdays, Stuffed Squeeze Toy",S$1.08,3.5k+ sold,TRUE,1,FALSE,FALSE,完整词匹配：[a-zA-Z0-9]+ token 等于关键词,party
scenario,party,451252389,"2026 Retro Bride Club Bride Print Short Sleeve T-Shirt, Sweet & Spicy Vintage Style Top For Women Wedding Party Casual Black",S$3.57,,FALSE,2,TRUE,FALSE,完整词匹配：[a-zA-Z0-9]+ token 等于关键词,party
scenario,party,456266317,"Elamini Women's Casual Fashionable Everyday Versatile Party Commute Chiffon Polka Dot Jacquard Multi-Layer Ruffle Tie Neck Bow Camisole Top, Pink",S$13.49,,FALSE,1,FALSE,FALSE,完整词匹配：[a-zA-Z0-9]+ token 等于关键词,party
scenario,party,460034810,"1pc Women's Summer Round Neck Short Sleeve T-Shirt Top With ""Brain And Heart Anatomy"" BALANCE English Print Pattern, Suitable For Street, Daily, Work, Office Party, Outing, Holiday Occasions Casual Black",S$0.96,SAVE S$0.96,FALSE,1,FALSE,FALSE,完整词匹配：[a-zA-Z0-9]+ token 等于关键词,party
scenario,party,465850607,"EMERY ROSE Summer Casual Party White Floral Sleeveless Shirt,Light Yellow Three-Dimensional Embroidered Daisies Wooden Edging Top,Korean Fresh Japanese Style",S$17.20,4.1k+ sold,TRUE,1,FALSE,FALSE,完整词匹配：[a-zA-Z0-9]+ token 等于关键词,party
scenario,party,466446609,Easowa Women's Casual Elegant Hollow-Out Embroidered Blouse Tea Party White And Blue Floral Summer Festa Junina Vacation Outfits,S$11.49,2.3k+ sold,TRUE,1,FALSE,FALSE,完整词匹配：[a-zA-Z0-9]+ token 等于关键词,party
scenario,party,467795817,"Poéselle Polka Dot Print Lace Collar Elegant Camisole,Party Top,Brown Top",S$11.99,4.3k+ sold,TRUE,1,FALSE,FALSE,完整词匹配：[a-zA-Z0-9]+ token 等于关键词,party
scenario,school,20681257,"DAZY High Waist Plicated Detail Wide Leg Pants,Women Dress Pants,Back To School Clothes Fall",S$2.66,SAVE S$2.66,FALSE,1,FALSE,FALSE,完整词匹配：[a-zA-Z0-9]+ token 等于关键词,school
scenario,school,30244395,"SHEIN Frenchy Women Black Leopard Print Straight Leg Pants,Winter Basic Casual Fashion Old Money Style Fall Clothes,Teacher Outfits,Back To School Date Spring",S$9.49,11.6k+ sold,TRUE,1,FALSE,FALSE,完整词匹配：[a-zA-Z0-9]+ token 等于关键词,school
scenario,school,30598221,"SHEIN EZwear 4pcs Pack Casual Minimalist Versatile Camisole Tops, Fitted For Women, Suitable For Summer Back To School",S$14.49,22.5k+ sold,TRUE,1,FALSE,FALSE,完整词匹配：[a-zA-Z0-9]+ token 等于关键词,school
scenario,school,30975239,"SHEIN EZwear 4pcs Simple Slim-Fit Casual Crop Cami Top, Summer Back To School",S$1.62,SAVE S$1.62,FALSE,1,FALSE,FALSE,完整词匹配：[a-zA-Z0-9]+ token 等于关键词,school
scenario,school,45379921,"SHEIN EZwear 3pcs/Set Casual Slim Fit Camisole Tank Tops For Women, Suitable For Summer Back To School",S$10.99,31.8k+ sold,TRUE,1,FALSE,FALSE,完整词匹配：[a-zA-Z0-9]+ token 等于关键词,school
scenario,school,46274115,Firerie Women Minimalist Casual Chic Fashion Back-To-School High Waist Textured Wide Leg Pants,S$15.49,9.1k+ sold,TRUE,1,FALSE,FALSE,完整词匹配：[a-zA-Z0-9]+ token 等于关键词,school
scenario,school,49910921,Firerie Women's Casual Minimalist Fashion High Waist Textured Wide Leg Pants For Back To School & Commuting,S$14.99,4.3k+ sold,TRUE,1,FALSE,FALSE,完整词匹配：[a-zA-Z0-9]+ token 等于关键词,school
scenario,school,52014624,"DAZY Women's Business Casual Pants, All Season,Women Dress Pants,Back To School Clothes",S$20.49,17.3k+ sold,TRUE,1,FALSE,FALSE,完整词匹配：[a-zA-Z0-9]+ token 等于关键词,school
scenario,school,52313089,"CovetEZ Women's Summer Simple Front Tie Loose Sweatpants, Casual Daily Wear , Graduation, Teacher For Women, Back To School",S$16.49,15.9k+ sold,TRUE,1,FALSE,FALSE,完整词匹配：[a-zA-Z0-9]+ token 等于关键词,school
scenario,school,54215147,SHEIN PETITE Women's Simple Casual Fashion Back-To-School Season Old Money Commuting High-Waist Texture Wide-Leg Trousers,S$13.49,34.3k+ sold,TRUE,1,FALSE,FALSE,完整词匹配：[a-zA-Z0-9]+ token 等于关键词,school
scenario,school,57267606,"SHEIN EZwear 4pcs Women Tight-Fitting Cropped Casual Camisole Tank Tops, Suitable For Summer Back To School",S$12.49,39k+ sold,TRUE,2,TRUE,TRUE,完整词匹配：[a-zA-Z0-9]+ token 等于关键词,school
scenario,school,68148874,"SHEIN EZwear 4pcs Women's Casual Cropped Tight-Fitting Camisole Tank Tops, Suitable For Summer Back To School",S$12.99,39k+ sold,TRUE,1,FALSE,FALSE,完整词匹配：[a-zA-Z0-9]+ token 等于关键词,school
scenario,school,87167110,Coolane Women's Summer Vintage Back To School Casual Hippie Street Oversized Black Cargo Pants,S$9.99,23.1k+ sold,TRUE,1,FALSE,FALSE,完整词匹配：[a-zA-Z0-9]+ token 等于关键词,school
scenario,school,94097719,"Flirla Spring/Summer Back To School Sleeveless V-Neck Mini Dress For Women, Blue Striped School Girl Style",S$11.49,4.4k+ sold,TRUE,1,FALSE,FALSE,完整词匹配：[a-zA-Z0-9]+ token 等于关键词,school
scenario,school,110918469,"Slaydiva 3pcs/Pack Black, White & Brown Ribbed Deep V-Neck Camisole For Women, Suitable For Summer Back To School",S$2.21,SAVE S$2.21,FALSE,1,FALSE,FALSE,完整词匹配：[a-zA-Z0-9]+ token 等于关键词,school
scenario,school,278208928,"Women's Faux Suede Collar Solid Color Zip-Up Jacket, Casual Wear For School, Airport, Spring/Autumn",S$17.27,27.9k+ sold,TRUE,1,FALSE,FALSE,完整词匹配：[a-zA-Z0-9]+ token 等于关键词,school
scenario,school,281815540,"Resyla Women's Graphic Tee,Letter Print Black N White Summer New Arrival,Slim Fit Short Sleeve T-Shirt,Casual City Break Outdoor Wear,Back To School Picnic",S$6.49,17.5k+ sold,TRUE,1,FALSE,FALSE,完整词匹配：[a-zA-Z0-9]+ token 等于关键词,school
scenario,school,291475547,"INAWLY 3pcs Women Fitted Ruched T-Shirt Set,All Shades Of Brown,Summer,Casual,Everyday,Short Sleeve Outdoor Tops,Champagne,Mocha Brown,Black,Back To School",S$14.49,63.2k+ sold,TRUE,1,FALSE,FALSE,完整词匹配：[a-zA-Z0-9]+ token 等于关键词,school
scenario,school,327502937,"New Fashionable Elegant Solid Color Casual Versatile Waist Ruched T-Shirt, Suitable For Daily, School, Beach, Vacation, And Home Wear White Summer",S$6.99,37.4k+ sold,TRUE,1,FALSE,FALSE,完整词匹配：[a-zA-Z0-9]+ token 等于关键词,school
scenario,school,360459173,Firerie Women's Casual Elegant Chic High Waist Textured Wide Leg Pants For Back To School And Commuting Office Black Winter,S$14.99,2k+ sold,TRUE,1,FALSE,FALSE,完整词匹配：[a-zA-Z0-9]+ token 等于关键词,school
scenario,school,393655489,"Resyla Women's Casual Outdoor Strawberry & Fruit Graphic Tee, Sweet Summer For Dates, Back To School, Teacher's Day, White Short Sleeve T-Shirt",S$3.99,4.9k+ sold,TRUE,1,FALSE,FALSE,完整词匹配：[a-zA-Z0-9]+ token 等于关键词,school
scenario,school,397910129,"Franclia Women's Summer Cute Navy And White Plaid T-Shirt,Heart Print Waist-Cinching Top,Contrast Color Daily School Back-To-School Commuting Tee",S$6.49,11.2k+ sold,TRUE,1,FALSE,FALSE,完整词匹配：[a-zA-Z0-9]+ token 等于关键词,school
scenario,school,418740661,"Franclia Women Blue White Stripe Button Pleated Cross V-Neck Shirt,Summer Effortless Chic Blouse,Back-To-School School Outfit,Spring Casual Pinterest Outfits",S$11.99,11.4k+ sold,TRUE,1,FALSE,FALSE,完整词匹配：[a-zA-Z0-9]+ token 等于关键词,school
scenario,school,423613815,"Resyla Women's Casual White And Red Heart Embroidery Short Sleeve T-Shirt,Summer Elegant School Outdoor Tops,Burgundy Herringbone Chic Sweet Style Outfit",S$3.99,614 sold,TRUE,1,FALSE,FALSE,完整词匹配：[a-zA-Z0-9]+ token 等于关键词,school
scenario,school,432425159,"Women's New Casual Cute Pattern Loose Fit Round Neck Short Sleeve T-Shirt, Fashionable Daily & Holiday Wear. Suitable For Holidays, Back To School, Teacher's Day, Etc. Letter Print Soft, Loose & Comfortable High-End Casual Street Style Relaxed Fit Short Sleeve Top Pink Summer",S$0.82,SAVE S$0.82,FALSE,2,TRUE,FALSE,完整词匹配：[a-zA-Z0-9]+ token 等于关键词,school
scenario,school,438556173,Firerie Women's Minimalist Casual Fashion Back To School High Waist Textured Wide Leg Pants,S$2.47,SAVE S$2.47,FALSE,1,FALSE,FALSE,完整词匹配：[a-zA-Z0-9]+ token 等于关键词,school
scenario,school,439507047,"Women's Retro American Style Hibiscus & ""Imperfect"" Slogan Print T-Shirt, Loose Fit Flattering Silhouette, Artistic Healing Style Short Sleeve Top, Suitable For School, City Walks, Spring Outings Casual Pink Summer",S$5.99,2.7k+ sold,TRUE,1,FALSE,FALSE,完整词匹配：[a-zA-Z0-9]+ token 等于关键词,school
scenario,school,440345688,SHEIN PETITE Women's Simple Casual Fashion Back-To-School Season Old Money Commuting High-Waist Texture Wide-Leg Trousers 100 Cotton,S$23.49,34.3k+ sold,TRUE,1,FALSE,FALSE,完整词匹配：[a-zA-Z0-9]+ token 等于关键词,school
scenario,school,441162412,"Women's Summer Camisole, Women's Plaid Camisole Top For Vacation, Graduation, Wedding, Back To School, Retro Vibe, Party, Lunch, Cute Casual Summer, Sweet Romantic Country Style, Textured, Loose Comfortable, Loose Hem Camisole",S$10.99,5.1k+ sold,TRUE,2,TRUE,TRUE,完整词匹配：[a-zA-Z0-9]+ token 等于关键词,school
scenario,school,443138653,"Lalippa Women's V-Neck T-Shirt,Blue,Summer,Streetwear,School,Back-To-School,Faux Denim,Graphic Design,Number,Burgundy,Fashionable & Versatile,Holiday Outfit",S$8.99,1.6k+ sold,TRUE,1,FALSE,FALSE,完整词匹配：[a-zA-Z0-9]+ token 等于关键词,school
scenario,school,448340550,"Resyla Women's Allover Floral Print Casual T-Shirt,Shell Embroidery Craft,Cute Summer Black Floral Tee For City Break,Fashionable Y2K Back To School Top",S$6.56,6.6k+ sold,TRUE,1,FALSE,FALSE,完整词匹配：[a-zA-Z0-9]+ token 等于关键词,school
scenario,school,456536763,"SHEIN EZwear Women's Striped Round Neck Short Sleeve Contrast Color Oversized T-Shirt,Beige Summer Casual School Top,Fashionable Elegant Y2K Style For Commute",S$7.49,14.4k+ sold,TRUE,2,TRUE,TRUE,完整词匹配：[a-zA-Z0-9]+ token 等于关键词,school
scenario,school,469428072,"Divinelle White And Brown Striped Bowknot Print Sweatshirt For Women,Autumn Casual School Back-To-School Round Neck Long Sleeve Loose Lightweight Pullover",S$12.49,805 sold,TRUE,3,TRUE,TRUE,完整词匹配：[a-zA-Z0-9]+ token 等于关键词,school
scenario,school,469670203,"Everyssa 2026 New Summer White And Black Striped Drawstring Elastic Waist Wide Leg Pants,Loose Straight Leg Casual School Back-To-School Relaxed Style Pants",S$15.99,NEW,FALSE,1,FALSE,FALSE,完整词匹配：[a-zA-Z0-9]+ token 等于关键词,school
scenario,school,473810031,"SHEIN Tall Women's Casual Simple Solid Color Loose Wide Leg Sweatpants Graduation,Back To School Outfits,Graduation,Teacher Outfits For Women,Back To School",S$14.49,NEW,FALSE,1,FALSE,FALSE,完整词匹配：[a-zA-Z0-9]+ token 等于关键词,school
scenario,sports,33331284,"SHEIN EZwear Ladies' Solid Color Ruched Biker Shorts, Summer Biking,Yoga Sports",S$5.99,31.7k+ sold,TRUE,1,FALSE,FALSE,完整词匹配：[a-zA-Z0-9]+ token 等于关键词,sports
scenario,sports,35269824,SHEIN EZwear Summer Loose Casual Pink Drawstring Waist Patch Detail Sports Shorts,S$1.30,SAVE S$1.30,FALSE,1,FALSE,FALSE,完整词匹配：[a-zA-Z0-9]+ token 等于关键词,sports
scenario,sports,54389604,"DAZY Women's Loose Pleated Solid Color Casual Sports Pants, Spring Fall Sweatpants",S$2.28,SAVE S$2.28,FALSE,1,FALSE,FALSE,完整词匹配：[a-zA-Z0-9]+ token 等于关键词,sports
scenario,sports,59277024,GAOVOT Women's Y2K Sexy Minimalist Sexy Basic Casual Sports Camisole White Summer,S$10.49,7.4k+ sold,TRUE,1,FALSE,FALSE,完整词匹配：[a-zA-Z0-9]+ token 等于关键词,sports
scenario,sports,63327401,SHEIN EZwear Summer Loose Casual Pink Drawstring Waist Patch Detail Sports Shorts,S$1.23,SAVE S$1.23,FALSE,1,FALSE,FALSE,完整词匹配：[a-zA-Z0-9]+ token 等于关键词,sports
scenario,sports,73969433,"2pcs Set Simple & Comfortable Wireless Sports Bras For Women, Solid Color Sag Proof Brassiere",S$9.29,69.9k+ sold,TRUE,1,FALSE,FALSE,完整词匹配：[a-zA-Z0-9]+ token 等于关键词,sports
scenario,sports,76037851,Women's Casual Solid Color Drawstring Waist Sports Pants Black Spring,S$13.49,3.8k+ sold,TRUE,1,FALSE,FALSE,完整词匹配：[a-zA-Z0-9]+ token 等于关键词,sports
scenario,sports,133768982,"Aoqta Women's Sports Casual Knit Square Neck Backless Camisole Tank Top, Built-In Chest Pads, Solid Color Slim Fit, Suitable For Yoga, Training, Daily Wear",S$6.96,SAVE S$6.96,FALSE,1,FALSE,FALSE,完整词匹配：[a-zA-Z0-9]+ token 等于关键词,sports
scenario,sports,156425461,"Glimmora Women's Polo Pattern Print Lightweight Jacket, Casual Street Sports Zip-Up Slim Fit Long Sleeve Coat, Autumn Fall Winter Cloth For Women",S$1.44,SAVE S$1.44,FALSE,1,FALSE,FALSE,完整词匹配：[a-zA-Z0-9]+ token 等于关键词,sports
scenario,sports,230189325,"Solid Color High Waist Straight Leg Pants, Minimalist Sports Sweatpants, Versatile Elastic Waist Drawstring Wide Leg Casual Trousers, All Season Black Spring",S$11.49,13.7k+ sold,TRUE,1,FALSE,FALSE,完整词匹配：[a-zA-Z0-9]+ token 等于关键词,sports
scenario,sports,233799002,"Aoqta Women's Sports Casual High-Waisted Wide-Leg Pants, Solid Color Tummy Control Butt Lifting Basic Sports Long Pants, Suitable For Yoga, Running, Training, Daily Wear",S$4.84,SAVE S$4.84,FALSE,2,TRUE,FALSE,完整词匹配：[a-zA-Z0-9]+ token 等于关键词,sports
scenario,sports,310602079,"1pc Women's Slim Fit Straight Leg High Waist Elastic Waist Wide Leg Pants, Loose Fit For Running, Fitness, Yoga, Cycling, Streetwear, Casual Style, Machine Washable, Elegant Fashion Trousers, Versatile Daily Wear Black Spring Sports",S$10.99,5.4k+ sold,TRUE,1,FALSE,FALSE,完整词匹配：[a-zA-Z0-9]+ token 等于关键词,sports
scenario,sports,345395398,"1pc Women's Casual All-Match Drawstring Knit Fabric Pants, Versatile For Leisure, Sports And Fitness, Suitable For Spring, Summer And Autumn",S$1.20,SAVE S$1.20,FALSE,1,FALSE,FALSE,完整词匹配：[a-zA-Z0-9]+ token 等于关键词,sports
scenario,sports,367033789,"Resyla Women's Grey NY Letter Embroidered Straight Loose Bermuda Shorts,Summer Athleisure Gym Sports Pants,Elegant Thin Design Casual Outdoor Shorts",S$1.36,SAVE S$1.36,FALSE,1,FALSE,FALSE,完整词匹配：[a-zA-Z0-9]+ token 等于关键词,sports
scenario,sports,414955823,"3pcs Women's Summer New Fashion Multi-Element Printed Casual Round Neck Short Sleeve T-Shirt, Versatile Chinese Style Koi Fish, Crane And Sports Car Pattern Design, Suitable For Daily Casual And Holiday Wear",S$2.17,SAVE S$2.17,FALSE,2,TRUE,FALSE,完整词匹配：[a-zA-Z0-9]+ token 等于关键词,sports
scenario,sports,426960240,Flexra Women's Street Style Elastic Casual Sports Denim Wide Leg Pants,S$23.49,4.4k+ sold,TRUE,1,FALSE,FALSE,完整词匹配：[a-zA-Z0-9]+ token 等于关键词,sports
scenario,sports,428549999,"Women's Summer Ice Silk Breathable Running Pants, Quick-Dry Lightweight Sports Trousers With Zipper Pockets & Elastic Waistband For Fitness & Jogging Spring",S$2.25,SAVE S$2.25,FALSE,1,FALSE,FALSE,完整词匹配：[a-zA-Z0-9]+ token 等于关键词,sports
scenario,sports,436236893,"Comfortcana 3pcs 100% Cotton Women's Casual Short-Length Shorts Pack,White And Black,Summer,Home Comfortable Woven Fabric Everyday Shorts For Sports,Gym & Street",S$20.49,13.8k+ sold,TRUE,2,TRUE,TRUE,完整词匹配：[a-zA-Z0-9]+ token 等于关键词,sports
scenario,sports,444301134,"Women's Summer Ice Silk Breathable Running Pants, Quick-Dry Lightweight Sports Pants With Zipper Pockets & Elastic Waistband For Fitness & Jogging Black",S$5.67,SAVE S$5.67,FALSE,1,FALSE,FALSE,完整词匹配：[a-zA-Z0-9]+ token 等于关键词,sports
scenario,sports,444573353,"Women's Summer Ice Silk Breathable Running Pants, Quick-Dry Lightweight Sports Pants With Zipper Pockets & Elastic Waistband For Fitness & Jogging Spring",S$11.54,14.7k+ sold,TRUE,1,FALSE,FALSE,完整词匹配：[a-zA-Z0-9]+ token 等于关键词,sports
scenario,sports,450367868,"SHEIN EZwear Casual Minimalist Sports Style Jersey Graphic Print, Women's Sleeveless Racerback Camisole Suitable For Summer, Sports Season, Ball Games,Summer Top",S$2.99,14.6k+ sold,TRUE,2,TRUE,TRUE,完整词匹配：[a-zA-Z0-9]+ token 等于关键词,sports
scenario,sports,467902029,"Women's Loose Fit Black Brazil No.10 Sports Graphic T-Shirt, Suitable For Match Days And Casual Street Wear Pink",S$6.49,717 sold,TRUE,1,FALSE,FALSE,完整词匹配：[a-zA-Z0-9]+ token 等于关键词,sports
scenario,street,70220142,"DAZY Women's Summer A-Line Casual Street Denim Shorts, Sexy & Chic Jorts",S$17.49,25k+ sold,TRUE,1,FALSE,FALSE,完整词匹配：[a-zA-Z0-9]+ token 等于关键词,street
scenario,street,87167110,Coolane Women's Summer Vintage Back To School Casual Hippie Street Oversized Black Cargo Pants,S$9.99,23.1k+ sold,TRUE,1,FALSE,FALSE,完整词匹配：[a-zA-Z0-9]+ token 等于关键词,street
scenario,street,91580917,"DAZY Women's A-Line Denim Shorts, Casual & Sexy Street Style, Summer Jorts",S$17.49,25k+ sold,TRUE,1,FALSE,FALSE,完整词匹配：[a-zA-Z0-9]+ token 等于关键词,street
scenario,street,134991743,"2pcs Women's Loose Cropped Round Neck Short Sleeve T-Shirt, Suitable For Spring/Summer Wear, Casual/Minimalist/Elegant/Sexy/Streetwear/Y2K Style, Suitable For Office/Home/Street And Various Occasions",S$10.99,13.1k+ sold,TRUE,1,FALSE,FALSE,完整词匹配：[a-zA-Z0-9]+ token 等于关键词,street
scenario,street,156425461,"Glimmora Women's Polo Pattern Print Lightweight Jacket, Casual Street Sports Zip-Up Slim Fit Long Sleeve Coat, Autumn Fall Winter Cloth For Women",S$1.44,SAVE S$1.44,FALSE,1,FALSE,FALSE,完整词匹配：[a-zA-Z0-9]+ token 等于关键词,street
scenario,street,238405822,"1pc Women's Casual Loose Wide Leg Jeans Pants, Comfortable American Street Style, Versatile For All Seasons (Belt/Accessories Not Included) Spring Black",S$24.49,3.3k+ sold,TRUE,1,FALSE,FALSE,完整词匹配：[a-zA-Z0-9]+ token 等于关键词,street
scenario,street,288225924,"Women's Soft Satin V-Neck Asymmetric Lace Trim Hem Fitted Camisole Top, Semi-Sheer Eyelash Lace Design, Suitable For Date Night, Casual Street Style, And Slouchy Atmosphere, Beach Vacation Outfit Black Summer",S$8.49,18.7k+ sold,TRUE,1,FALSE,FALSE,完整词匹配：[a-zA-Z0-9]+ token 等于关键词,street
scenario,street,306228287,"1pc Women's Summer Round Neck Short Sleeve T-Shirt, ""Sleeping Cat"" English Letter Print, Suitable For Summer, Beach, Street, Daily Party Occasions. Y2K Vacation Elegant Top, Summer Casual Outfit, Women Holiday Wear",S$7.49,9.2k+ sold,TRUE,1,FALSE,FALSE,完整词匹配：[a-zA-Z0-9]+ token 等于关键词,street
scenario,street,340085479,"New Women Straight Leg Jeans, Loose Fit Casual Street Style Brand Relaxed Fit Jeans, Women Denim Pants And Clothing Spring",S$24.49,48.5k+ sold,TRUE,1,FALSE,FALSE,完整词匹配：[a-zA-Z0-9]+ token 等于关键词,street
scenario,street,365502654,"Women's High Waist Slim Fit Wide Leg Pants | Bohemian Street Style | Suitable For Casual, Work Commute And Vacation In Spring/Summer Black",S$16.18,59.7k+ sold,TRUE,2,TRUE,TRUE,完整词匹配：[a-zA-Z0-9]+ token 等于关键词,street
scenario,street,365502658,"Women's High Waist Slim Fit Wide Leg Pants In Khaki, Bohemian Street Style, Suitable For Casual, Work Commute And Vacation In Spring/Summer",S$15.76,59.7k+ sold,TRUE,1,FALSE,FALSE,完整词匹配：[a-zA-Z0-9]+ token 等于关键词,street
scenario,street,365752192,"Women's High Waist Slim Fit Wide Leg Pants, Bohemian Street Style, Suitable For Casual, Work Commute And Vacation In Spring/Summer White",S$15.76,59.7k+ sold,TRUE,1,FALSE,FALSE,完整词匹配：[a-zA-Z0-9]+ token 等于关键词,street
scenario,street,374700942,"Women's Casual Loose Coffee Lover Graphic Round Neck T-Shirt, Suitable For Daily Wear And Street Style In Summer",S$4.99,2.5k+ sold,TRUE,1,FALSE,FALSE,完整词匹配：[a-zA-Z0-9]+ token 等于关键词,street
scenario,street,409724146,"3pcs/Set Women's Square Neck Short Sleeve Solid Color Casual Slim Fit Summer T-Shirts, Y2K Style Cropped Tees, Suitable For Summer, Beach, Street, Daily, Work, Office Party, Vacation Wear. Stylish Y2K Inspired Women Tops White",S$11.49,789 sold,TRUE,2,TRUE,TRUE,完整词匹配：[a-zA-Z0-9]+ token 等于关键词,street
scenario,street,426060372,"Psalm 23 Floral Pattern T-Shirt, Christian Faith Graphic Tee, Vintage Washed Casual Short Sleeve, Bohemian Street Style",S$0.71,SAVE S$0.71,FALSE,1,FALSE,FALSE,完整词匹配：[a-zA-Z0-9]+ token 等于关键词,street
scenario,street,426222457,"1pc Women's Summer Round Neck Short Sleeve T-Shirt, Blue With English Letter Print, Casual Loose Fit, Comfortable For Summer Wear, Suitable For Beach, Street, Daily Activities, Work, Office, Parties And Other Occasions",S$1.27,SAVE S$1.27,FALSE,2,TRUE,FALSE,完整词匹配：[a-zA-Z0-9]+ token 等于关键词,street
scenario,street,426960240,Flexra Women's Street Style Elastic Casual Sports Denim Wide Leg Pants,S$23.49,4.4k+ sold,TRUE,1,FALSE,FALSE,完整词匹配：[a-zA-Z0-9]+ token 等于关键词,street
scenario,street,427390013,"1pc Women's Summer Round Neck Short Sleeve T-Shirt, Blue With English Letter Print, Casual Loose Fit, Comfortable For Summer Wear, Suitable For Beach, Street, Daily Activities, Work, Office, Parties And More",S$1.20,SAVE S$1.20,FALSE,1,FALSE,FALSE,完整词匹配：[a-zA-Z0-9]+ token 等于关键词,street
scenario,street,427499369,"1pc Women's Casual Short Sleeve Round Neck T-Shirt - Cute Cartoon Tiger Wearing Pink Glasses Bubble Gum Print, Y2K Street Style, Soft & Breathable, Suitable For Daily Outings, Weekend Gatherings, Music Festivals And Summer Vacations",S$4.49,634 sold,TRUE,1,FALSE,FALSE,完整词匹配：[a-zA-Z0-9]+ token 等于关键词,street
scenario,street,429734823,"Women's Short Sleeve T-Shirt, Fashion Sweet Girl Style Taro Drink Cartoon Back Print Short Sleeve Tee, Casual Round Neck Street Party Holiday Tops For Summer Vacation Pink",S$1.70,SAVE S$1.70,FALSE,1,FALSE,FALSE,完整词匹配：[a-zA-Z0-9]+ token 等于关键词,street
scenario,street,429765203,"Women's Funny Beer Print Short Sleeve T-Shirt, Casual Round Neck Top For Summer, Party, Vacation, Street Style White",S$0.45,SAVE S$0.45,FALSE,1,FALSE,FALSE,完整词匹配：[a-zA-Z0-9]+ token 等于关键词,street
scenario,street,430150757,"Women's Pink Crew Neck Short Sleeve T-Shirt With ""Los Angeles 89"" Print, Casual Street Style, Soft, Loose And Comfortable, High-End Street And Resort Style, Versatile Loose Casual Short Sleeve Top, College Style, Suitable For Spring And Autumn Summer",S$1.20,SAVE S$1.20,FALSE,1,FALSE,FALSE,完整词匹配：[a-zA-Z0-9]+ token 等于关键词,street
scenario,street,431151180,"1pc Women's Summer Round Neck Short Sleeve T-Shirt, Vacation Style Printed, Casual Loose Fit, Comfortable, Suitable For Summer Wear, Suitable For Beach, Street, Daily Activities, Work, Office Gatherings And Other Occasions White",S$0.90,SAVE S$0.90,FALSE,1,FALSE,FALSE,完整词匹配：[a-zA-Z0-9]+ token 等于关键词,street
scenario,street,431188184,"1pc Women's Summer Round Neck Short Sleeve T-Shirt, Vacation Style Printed, Casual Loose Fit, Comfortable, Suitable For Summer Wear, Suitable For Beach, Street, Daily Activities, Work, Office Gatherings And Other Occasions Pink",S$5.99,472 sold,TRUE,1,FALSE,FALSE,完整词匹配：[a-zA-Z0-9]+ token 等于关键词,street
scenario,street,432425159,"Women's New Casual Cute Pattern Loose Fit Round Neck Short Sleeve T-Shirt, Fashionable Daily & Holiday Wear. Suitable For Holidays, Back To School, Teacher's Day, Etc. Letter Print Soft, Loose & Comfortable High-End Casual Street Style Relaxed Fit Short Sleeve Top Pink Summer",S$0.82,SAVE S$0.82,FALSE,2,TRUE,FALSE,完整词匹配：[a-zA-Z0-9]+ token 等于关键词,street
scenario,street,433630970,"Muchica Women's Chic All White Batwing Sleeve T-Shirt,Fashionable Versatile Basic Cropped Top For Everyday Summmer,Business Casual Street Wear Plain Tshirt",S$6.99,5k+ sold,TRUE,1,FALSE,FALSE,完整词匹配：[a-zA-Z0-9]+ token 等于关键词,street
scenario,street,436236893,"Comfortcana 3pcs 100% Cotton Women's Casual Short-Length Shorts Pack,White And Black,Summer,Home Comfortable Woven Fabric Everyday Shorts For Sports,Gym & Street",S$20.49,13.8k+ sold,TRUE,2,TRUE,TRUE,完整词匹配：[a-zA-Z0-9]+ token 等于关键词,street
scenario,street,439361005,"1pc Women's Summer Casual Short Sleeve T-Shirt, Coffee Theme Tee With Iced Coffee And Sun English Graphic Print, Suitable For Vacation, Office, Outing, Daily, Date, Party, Gathering, Street Wear",S$5.03,,FALSE,1,FALSE,FALSE,完整词匹配：[a-zA-Z0-9]+ token 等于关键词,street
scenario,street,440608961,"1pc Women's Summer Loose Crew Neck Short Sleeve T-Shirt, Matcha Coffee Latte Themed Print, Suitable For Vacation, Office, Outing, Daily, Date, Party, Gathering, Street, Carnival, Music Festival, Valentine's Day, Party Occasions Casual",S$6.49,2.7k+ sold,TRUE,3,TRUE,TRUE,完整词匹配：[a-zA-Z0-9]+ token 等于关键词,street
scenario,street,442281638,"Gingham Patch Drawstring Waist Wide Leg Pants For Women, Grey Loose Fit Casual Trousers, Y2K Aesthetic Streetwear Sweatpants, Comfy High Street Daily Wear Bottoms",S$19.74,,FALSE,1,FALSE,FALSE,完整词匹配：[a-zA-Z0-9]+ token 等于关键词,street
scenario,street,443370873,"Women's New Summer Casual Short Sleeve Round Neck Top, Printed With ""My Cup Overflows With Blessings"" Bible Verse, Soft, Loose And Comfortable, High-End Street & Resort Style Relaxed Versatile Short Sleeve Blouse Pink",S$0.90,SAVE S$0.90,FALSE,1,FALSE,FALSE,完整词匹配：[a-zA-Z0-9]+ token 等于关键词,street
scenario,street,444886315,"Lightweight, Comfortable And Soft Short Sleeve T-Shirt, Fitted Silhouette, Street Style Pinterest Inspired ""God Is Always Good"" Floral Print On Back, Pink Christian Faith Top Casual Summer",S$5.39,115 sold,TRUE,1,FALSE,FALSE,完整词匹配：[a-zA-Z0-9]+ token 等于关键词,street
scenario,street,445552436,"Women's High-Waisted Slim Fit Wide Leg Pants, Bohemian Street Style, Casual & Office Wear For Spring/Summer (Belt Not Included)",S$3.80,SAVE S$3.80,FALSE,1,FALSE,FALSE,完整词匹配：[a-zA-Z0-9]+ token 等于关键词,street
scenario,street,446728662,"Women's Sweet Cherry Pie Letter Print Short Sleeve T-Shirt, Round Neck Front & Back Double Print, Casual Sweet & Cool Street Style Top White Summer",S$0.75,SAVE S$0.75,FALSE,1,FALSE,FALSE,完整词匹配：[a-zA-Z0-9]+ token 等于关键词,street
scenario,street,448690823,"Cute Dachshund Pattern Retro Pet Print Short Sleeve T-Shirt, Vintage Pet Lover Casual Top, Retro Street Style Summer",S$0.67,SAVE S$0.67,FALSE,1,FALSE,FALSE,完整词匹配：[a-zA-Z0-9]+ token 等于关键词,street
scenario,street,449013919,"Es Trus Women's Interesting Print Hard Rock And Dark Metal ""Devil Horns"" Gesture Personalized Graphic Tee, Retro Korean Street Style Basic Commuter Versatile Y2K Fashion, Purple Fitted Crew Neck Short Sleeve Washed T-Shirt Casual Summer",S$4.84,2.5k+ sold,TRUE,1,FALSE,FALSE,完整词匹配：[a-zA-Z0-9]+ token 等于关键词,street
scenario,street,449581590,Vintage Washed Street Style Casual Short Sleeve New York City Graphic Print T-Shirt Black Summer,S$0.97,SAVE S$0.97,FALSE,1,FALSE,FALSE,完整词匹配：[a-zA-Z0-9]+ token 等于关键词,street
scenario,street,449950553,Sweetra New Spring/Summer Women's Stylish High Street Chic Slim Fit Sporty Versatile Comfortable Casual Yellow Outfit,S$2.40,SAVE S$2.40,FALSE,1,FALSE,FALSE,完整词匹配：[a-zA-Z0-9]+ token 等于关键词,street
scenario,street,452170241,"1pc Knit Fabric Sleeveless T-Shirt, Casual Street Style For Summer, Fashion Black",S$4.90,SAVE S$4.90,FALSE,2,TRUE,FALSE,完整词匹配：[a-zA-Z0-9]+ token 等于关键词,street
scenario,street,454464776,"Street Style Skateboard & Letter Print Loose Fit Round Neck Short Sleeve T-Shirt, Casual Graffiti Pattern Summer Streetwear Pink",S$5.00,62 sold,TRUE,2,TRUE,TRUE,完整词匹配：[a-zA-Z0-9]+ token 等于关键词,street
scenario,street,455239599,"Poéselle Women's Black Summer Classy Elegant Date Night Low-Rise Tailored Mini Skirt With Delicate Lace Waist Trim,Trouser Lining,Y2K Chic Street Style Skirt",S$14.99,,FALSE,1,FALSE,FALSE,完整词匹配：[a-zA-Z0-9]+ token 等于关键词,street
scenario,street,456391577,"1pc Women's Summer Round Neck Short Sleeve T-Shirt, Vacation Style Printed, Casual Loose Fit, Comfortable, Suitable For Summer Wear, Beach, Street, Daily Activities, Work, Office Gatherings, Etc. White",S$0.75,SAVE S$0.75,FALSE,1,FALSE,FALSE,完整词匹配：[a-zA-Z0-9]+ token 等于关键词,street
scenario,street,456606216,"Summer Sexy Printed Fitted Cropped Short Sleeve T-Shirt, Women's Round Neck Tight Midriff-Baring Casual Street Top Black",S$0.52,SAVE S$0.52,FALSE,1,FALSE,FALSE,完整词匹配：[a-zA-Z0-9]+ token 等于关键词,street
scenario,street,460034810,"1pc Women's Summer Round Neck Short Sleeve T-Shirt Top With ""Brain And Heart Anatomy"" BALANCE English Print Pattern, Suitable For Street, Daily, Work, Office Party, Outing, Holiday Occasions Casual Black",S$0.96,SAVE S$0.96,FALSE,1,FALSE,FALSE,完整词匹配：[a-zA-Z0-9]+ token 等于关键词,street
scenario,street,462225485,"1pc Women's Summer Round Neck Short Sleeve T-Shirt, Vacation Style Printed, Casual Loose Fit, Comfortable, Suitable For Summer Wear, Beach, Street, Daily Activities, Work, Office Gatherings, Etc. White",S$0.46,SAVE S$0.46,FALSE,1,FALSE,FALSE,完整词匹配：[a-zA-Z0-9]+ token 等于关键词,street
scenario,street,465320682,"Coolane Women's Summer Casual Street Wear Y2k City Break Navy Blue Letter Print Raglan Sleeve Cropped T-Shirt,Vintage Sportswear Loose Cotton Knit Top",S$8.99,1.1k+ sold,TRUE,1,FALSE,FALSE,完整词匹配：[a-zA-Z0-9]+ token 等于关键词,street
scenario,street,467477488,"New York Leopard Print Retro College Logo T-Shirt, Y2K Aesthetic Casual Short Sleeve, Urban Street Style Pink",S$0.60,SAVE S$0.60,FALSE,1,FALSE,FALSE,完整词匹配：[a-zA-Z0-9]+ token 等于关键词,street
scenario,street,467902029,"Women's Loose Fit Black Brazil No.10 Sports Graphic T-Shirt, Suitable For Match Days And Casual Street Wear Pink",S$6.49,717 sold,TRUE,1,FALSE,FALSE,完整词匹配：[a-zA-Z0-9]+ token 等于关键词,street
scenario,street,474920811,"Basic Solid Color Slim Fit Cropped Top, Y2K Aesthetic Baby Tee, Casual Round Neck Short Sleeve, Essential For Minimalist Street Style",S$3.81,218 sold,TRUE,1,FALSE,FALSE,完整词匹配：[a-zA-Z0-9]+ token 等于关键词,street
scenario,vacation,33486720,"XLLAIS Women's Basic Solid Color Crew Neck Short Sleeve Fitted Casual T-Shirt, White, Summer Vacation",S$10.49,15.6k+ sold,TRUE,1,FALSE,FALSE,完整词匹配：[a-zA-Z0-9]+ token 等于关键词,vacation
scenario,vacation,38768308,"SHEIN Frenchy 2pcs Women's V-Neck Sleeveless Single-Breasted Navy Blue Top&Straight Loose Pants Set,Casual Summer Elegant Vacation Holiday Two-Piece Outfits",S$2.22,SAVE S$2.22,FALSE,1,FALSE,FALSE,完整词匹配：[a-zA-Z0-9]+ token 等于关键词,vacation
scenario,vacation,48424297,"Women's Summer Letter Print Loose Casual T-Shirt, Daily Casual Fashion Versatile. Graphic Tee, Vacation",S$6.99,17.7k+ sold,TRUE,1,FALSE,FALSE,完整词匹配：[a-zA-Z0-9]+ token 等于关键词,vacation
scenario,vacation,69673811,"Coolane Women's Summer Country Concert Going Out Boho Beach Vacation Basic Minimalist Washed 100% Cotton White Pants Curved Hem Pants, Fall Women Clothes",S$15.99,27.9k+ sold,TRUE,1,FALSE,FALSE,完整词匹配：[a-zA-Z0-9]+ token 等于关键词,vacation
scenario,vacation,73827769,"Swim Mod Women's New Solid Color Triangle Cup Bikini Set, Sexy Tie-Up Two Pieces Swimsuit For Summer Beach Vacation",S$11.49,25.9k+ sold,TRUE,1,FALSE,FALSE,完整词匹配：[a-zA-Z0-9]+ token 等于关键词,vacation
scenario,vacation,83450765,"Aloruh Loose Textured Casual Wide Leg Pants, Summer Resort Wear, Fall Women , Vacation Women",S$1.62,SAVE S$1.62,FALSE,1,FALSE,FALSE,完整词匹配：[a-zA-Z0-9]+ token 等于关键词,vacation
scenario,vacation,99963301,Women's Casual Solid Color Loose Shorts Black Vacation Summer,S$8.49,7.6k+ sold,TRUE,1,FALSE,FALSE,完整词匹配：[a-zA-Z0-9]+ token 等于关键词,vacation
scenario,vacation,146076371,"SHEIN EZwear Women's Casual Vacation Multi-Layer Cake Skirt, Suitable For Summer Chic Dress",S$13.99,32.7k+ sold,TRUE,1,FALSE,FALSE,完整词匹配：[a-zA-Z0-9]+ token 等于关键词,vacation
scenario,vacation,149061645,"SHEIN Essnce 3pcs Set Women's Blue And White Stripe Nautical Style Casual Summer Vacation Waist Tie Pants With Pockets,Straight Leg Black & White Striped Clothes",S$30.99,14.1k+ sold,TRUE,3,TRUE,TRUE,完整词匹配：[a-zA-Z0-9]+ token 等于关键词,vacation
scenario,vacation,149300382,"SHEIN EZwear Casual Minimalist Solid White Square Neck Ruched Bust Pad Bra-Free Camisole, Suitable For Summer Travel & Vacation, Built-In Bra",S$9.49,12.4k+ sold,TRUE,1,FALSE,FALSE,完整词匹配：[a-zA-Z0-9]+ token 等于关键词,vacation
scenario,vacation,158508192,"Aloruh Women's Dark Brown Seksi Chic Halter Neck Dress,Summmer Ruffled Hem Solid Color Elegant Party Dresses For Women,Bar Party Vacation Outfits,Commuter",S$17.99,38.8k+ sold,TRUE,1,FALSE,FALSE,完整词匹配：[a-zA-Z0-9]+ token 等于关键词,vacation
scenario,vacation,186421929,"Firerie Navy Blue Summer Elegant Office Women's Linen Blouse,Crinkle Collar Asymmetrical Sleeve Side Ruched Cinched Waist Bamboo Fiber Commuter Vacation Top",S$1.14,SAVE S$1.14,FALSE,1,FALSE,FALSE,完整词匹配：[a-zA-Z0-9]+ token 等于关键词,vacation
scenario,vacation,208316698,"XLLAIS Fashion Collared White Casual Vacation Fitted Tank Top, Suitable For All Seasons Summer",S$10.49,15.6k+ sold,TRUE,2,TRUE,TRUE,完整词匹配：[a-zA-Z0-9]+ token 等于关键词,vacation
scenario,vacation,208318877,"XLLAIS Fashionable Collared Black Camisole Top, Casual Vacation Fitted Women Sleeveless Shirt, Suitable For All Seasons Summer",S$10.49,15.6k+ sold,TRUE,1,FALSE,FALSE,完整词匹配：[a-zA-Z0-9]+ token 等于关键词,vacation
scenario,vacation,238860947,"Vaiaye Women's Fashion Lingerie Style Top, Spring/Autumn/Summer Striped Print Round Neck Slim Fit Casual Vacation Sexy Camisole, Suitable For Beach & Daily Wear",S$7.49,48.1k+ sold,TRUE,1,FALSE,FALSE,完整词匹配：[a-zA-Z0-9]+ token 等于关键词,vacation
scenario,vacation,288225924,"Women's Soft Satin V-Neck Asymmetric Lace Trim Hem Fitted Camisole Top, Semi-Sheer Eyelash Lace Design, Suitable For Date Night, Casual Street Style, And Slouchy Atmosphere, Beach Vacation Outfit Black Summer",S$8.49,18.7k+ sold,TRUE,1,FALSE,FALSE,完整词匹配：[a-zA-Z0-9]+ token 等于关键词,vacation
scenario,vacation,306228287,"1pc Women's Summer Round Neck Short Sleeve T-Shirt, ""Sleeping Cat"" English Letter Print, Suitable For Summer, Beach, Street, Daily Party Occasions. Y2K Vacation Elegant Top, Summer Casual Outfit, Women Holiday Wear",S$7.49,9.2k+ sold,TRUE,1,FALSE,FALSE,完整词匹配：[a-zA-Z0-9]+ token 等于关键词,vacation
scenario,vacation,327502937,"New Fashionable Elegant Solid Color Casual Versatile Waist Ruched T-Shirt, Suitable For Daily, School, Beach, Vacation, And Home Wear White Summer",S$6.99,37.4k+ sold,TRUE,1,FALSE,FALSE,完整词匹配：[a-zA-Z0-9]+ token 等于关键词,vacation
scenario,vacation,327810039,"Women's Summer New Simple Letter ""NEWYORK"" City Skyscraper Graphic Print Casual Vacation Loose Versatile Round Neck Beige Short Sleeve T-Shirt, Everyday Top, Suitable For Daily Vacation Wear",S$4.49,993 sold,TRUE,2,TRUE,TRUE,完整词匹配：[a-zA-Z0-9]+ token 等于关键词,vacation
scenario,vacation,329773606,Coolane Women's Spring/Summer Streetwear Vacation Daily Wear Homecoming Casual Sport Basic Baggy Low Rise Bermuda Crotch Pants,S$8.99,589 sold,TRUE,1,FALSE,FALSE,完整词匹配：[a-zA-Z0-9]+ token 等于关键词,vacation
scenario,vacation,330583923,"This Dark Gray Round Neck Tee Features PSALM 23 Print. Loose And Comfortable, It Boasts A Casual Vacation Style, Ideal For Daily And Holiday Wear.",S$0.45,SAVE S$0.45,FALSE,1,FALSE,FALSE,完整词匹配：[a-zA-Z0-9]+ token 等于关键词,vacation
scenario,vacation,331315387,"SHEIN Frenchy Women's Casual, Commuting, Vacation Style Solid Color Sleeveless Button-Up Vest And Wide Leg Pants 2-Piece Set, Spring/Summer/Autumn",S$2.16,SAVE S$2.16,FALSE,1,FALSE,FALSE,完整词匹配：[a-zA-Z0-9]+ token 等于关键词,vacation
scenario,vacation,343818105,"Muchica Women's White Polka Dot Casual Vacation Skirt For Going Out, Streetwear, Y2K, Spring/Summer, White Boho Skirt, Summer Maxi Skirt",S$17.49,1.4k+ sold,TRUE,2,TRUE,TRUE,完整词匹配：[a-zA-Z0-9]+ token 等于关键词,vacation
scenario,vacation,345887528,"Women's New Simple Cute Pattern Casual Vacation Style Loose Versatile Round Neck Short Sleeve T-Shirt, Fashionable Everyday Top, Suitable For Daily Vacation Wear Pink Summer",S$4.94,742 sold,TRUE,1,FALSE,FALSE,完整词匹配：[a-zA-Z0-9]+ token 等于关键词,vacation
scenario,vacation,350256396,"New Summer Women Simple Letter & Maple Leaf Sunset Print Round Neck Dark Grey Short Sleeve T-Shirt, Fashionable & Versatile, Suitable For Women's Casual Daily And Spring Vacation Tops",S$4.36,557 sold,TRUE,2,TRUE,TRUE,完整词匹配：[a-zA-Z0-9]+ token 等于关键词,vacation
scenario,vacation,352305773,"Women's Summer New Simple Letter, Sea Animal, Turtle Shell, Floral Casual Vacation Loose Fit Round Neck Light Blue Short Sleeve T-Shirt, Fashionable For Daily And Vacation Wear",S$4.49,2.9k+ sold,TRUE,1,FALSE,FALSE,完整词匹配：[a-zA-Z0-9]+ token 等于关键词,vacation
scenario,vacation,358965294,"DAZY Women's Casual Vacation Beach Sleeveless Cotton Tank Top, White Basic, Spring/Summer",S$8.99,45.8k+ sold,TRUE,1,FALSE,FALSE,完整词匹配：[a-zA-Z0-9]+ token 等于关键词,vacation
scenario,vacation,365502654,"Women's High Waist Slim Fit Wide Leg Pants | Bohemian Street Style | Suitable For Casual, Work Commute And Vacation In Spring/Summer Black",S$16.18,59.7k+ sold,TRUE,2,TRUE,TRUE,完整词匹配：[a-zA-Z0-9]+ token 等于关键词,vacation
scenario,vacation,365502658,"Women's High Waist Slim Fit Wide Leg Pants In Khaki, Bohemian Street Style, Suitable For Casual, Work Commute And Vacation In Spring/Summer",S$15.76,59.7k+ sold,TRUE,1,FALSE,FALSE,完整词匹配：[a-zA-Z0-9]+ token 等于关键词,vacation
scenario,vacation,365752192,"Women's High Waist Slim Fit Wide Leg Pants, Bohemian Street Style, Suitable For Casual, Work Commute And Vacation In Spring/Summer White",S$15.76,59.7k+ sold,TRUE,1,FALSE,FALSE,完整词匹配：[a-zA-Z0-9]+ token 等于关键词,vacation
scenario,vacation,374809474,"Franclia Women's Elegent Light Beige Summer 2-Piece Set,Casual Black Ruched Asymmetric-Shoulder Tight Top&Drawstring Shorts Skirt Suit For Brunch And Vacation",S$16.49,3.4k+ sold,TRUE,1,FALSE,FALSE,完整词匹配：[a-zA-Z0-9]+ token 等于关键词,vacation
scenario,vacation,387412807,"Women's Solid Color Skinny Fitted Straight Leg Pants, Elegant Vacation & Commute Style, No Belt Spring Black",S$12.49,3.2k+ sold,TRUE,1,FALSE,FALSE,完整词匹配：[a-zA-Z0-9]+ token 等于关键词,vacation
scenario,vacation,390072199,"Women's Summer Vacation Ocean Creature & Letter Print Round Neck T-Shirt, Pattern T-Shirt Women White/Black/Pink Casual",S$5.39,2.1k+ sold,TRUE,1,FALSE,FALSE,完整词匹配：[a-zA-Z0-9]+ token 等于关键词,vacation
scenario,vacation,390224151,"Women's New Summer Casual Round Neck Short Sleeve T-Shirt, Minimalist Versatile Palm Tree Slogan Print, Suitable For Daily Wear. Graphic Tee, Women's White Top, Black Top, Pink Top, Vacation Outfit.",S$6.99,8.5k+ sold,TRUE,1,FALSE,FALSE,完整词匹配：[a-zA-Z0-9]+ token 等于关键词,vacation
scenario,vacation,390748206,"Crew Neck Short Sleeve T-Shirt For Women, American Style Sexy Crop Top, Fitted Slim Fit Versatile Summer Top Vacation Casual White",S$5.99,1.9k+ sold,TRUE,1,FALSE,FALSE,完整词匹配：[a-zA-Z0-9]+ token 等于关键词,vacation
scenario,vacation,391764414,"Women's Loose Fit Round Neck Short Sleeve T-Shirt With Japanese Cherry Blossom Print, Spring/Summer Casual Vacation Pink",S$0.90,SAVE S$0.90,FALSE,1,FALSE,FALSE,完整词匹配：[a-zA-Z0-9]+ token 等于关键词,vacation
scenario,vacation,395330263,"Siren Gaze 2026 Women's Lace-Trimmed Camisole,Elegant Beige Summmer Vacation Milkmaid Top,Square Neck Crocheted Lace Trim Peplum Cami Spaghetti Strap",S$1.21,SAVE S$1.21,FALSE,2,TRUE,FALSE,完整词匹配：[a-zA-Z0-9]+ token 等于关键词,vacation
scenario,vacation,399162425,"Sunnyshic Women Black And White Polka Dot Lace Patchwork V-Neck Halter Backless Maxi Dress,Elegant Summer Holiday Vacation,Wedding Guest Minimalist Daily Wear",S$15.49,5.5k+ sold,TRUE,1,FALSE,FALSE,完整词匹配：[a-zA-Z0-9]+ token 等于关键词,vacation
scenario,vacation,404066066,"Soleia Women Square Neck Pleated Knit Tank Top,All Shades Of Brown,Summer,Casual,Everyday Boho Tropical Chic Beach Wedding Guest Attire Elegant Vacation",S$14.49,859 sold,TRUE,1,FALSE,FALSE,完整词匹配：[a-zA-Z0-9]+ token 等于关键词,vacation
scenario,vacation,409724146,"3pcs/Set Women's Square Neck Short Sleeve Solid Color Casual Slim Fit Summer T-Shirts, Y2K Style Cropped Tees, Suitable For Summer, Beach, Street, Daily, Work, Office Party, Vacation Wear. Stylish Y2K Inspired Women Tops White",S$11.49,789 sold,TRUE,2,TRUE,TRUE,完整词匹配：[a-zA-Z0-9]+ token 等于关键词,vacation
scenario,vacation,409883515,"SHEIN MOD 2pcs/Set 3-Way Wear Women's Casual Solid Color Slim Fit Top, , Beach, Spring Break , Summer Vacation, Holiday , For Women, Party",S$9.49,10.8k+ sold,TRUE,2,TRUE,TRUE,完整词匹配：[a-zA-Z0-9]+ token 等于关键词,vacation
scenario,vacation,409995483,"Women's Summer Spaghetti Strap Lace Patchwork Layered Camisole Top, Bohemian Style Vacation Wear, Suitable For Music Festivals And Various Occasions Casual",S$5.39,1.5k+ sold,TRUE,1,FALSE,FALSE,完整词匹配：[a-zA-Z0-9]+ token 等于关键词,vacation
scenario,vacation,411595081,"Women's Summer New Casual Slogan Print Loose Fit Round Neck Short Sleeve T-Shirt, Fashionable Daily Vacation Wear, Suitable For Everyday And Holiday Occasions. Women's T-Shirt Top.",S$7.43,3.4k+ sold,TRUE,1,FALSE,FALSE,完整词匹配：[a-zA-Z0-9]+ token 等于关键词,vacation
scenario,vacation,413484627,"Vaiaye Women's Fashion Lingerie Style Top, Spring/Autumn/Summer Striped Print Round Neck Slim Fit Casual Vacation Sexy Camisole, Suitable For Beach & Daily Wear",S$7.49,48.1k+ sold,TRUE,1,FALSE,FALSE,完整词匹配：[a-zA-Z0-9]+ token 等于关键词,vacation
scenario,vacation,413734627,"INAWLY Women's Loose Asymmetric-Shoulder T-Shirt With Fruit & Coconut Pattern, Cream Yellow Beach Vacation Crop Top",S$0.96,SAVE S$0.96,FALSE,1,FALSE,FALSE,完整词匹配：[a-zA-Z0-9]+ token 等于关键词,vacation
scenario,vacation,414858498,"Women's Loose Round Neck Tee With Letter Print. Casual Holiday Style, Comfy For Daily And Vacation Wear.",S$0.85,SAVE S$0.85,FALSE,2,TRUE,FALSE,完整词匹配：[a-zA-Z0-9]+ token 等于关键词,vacation
scenario,vacation,414924621,"Women's Summer Pink & Colorful Floral One-Piece Swimwear, Colorful Floral Pattern, Waist Side Tie Design, Sweet Vacation Style, Suitable For Beach, Hot Spring Swimming In Summer",S$3.42,112 sold,TRUE,1,FALSE,FALSE,完整词匹配：[a-zA-Z0-9]+ token 等于关键词,vacation
scenario,vacation,416712811,DAZY Women's Solid Color Fitted Casual Vacation Summer Tank Top,S$1.41,SAVE S$1.41,FALSE,1,FALSE,FALSE,完整词匹配：[a-zA-Z0-9]+ token 等于关键词,vacation
scenario,vacation,417456021,"Vaiaye Women's Fashion Lingerie Style Top, Spring/Autumn/Summer Striped Print Round Neck Slim Fit Casual Vacation Sexy Camisole, Suitable For Beach & Daily",S$7.49,48.1k+ sold,TRUE,1,FALSE,FALSE,完整词匹配：[a-zA-Z0-9]+ token 等于关键词,vacation
scenario,vacation,417902408,"Sunnyshic Women's Casual Vacation Fashion Versatile Daily Wear Bohemian Paisley Mesh Print Short Cap Sleeve T-Shirt, Spring/Summer",S$1.57,SAVE S$1.57,FALSE,1,FALSE,FALSE,完整词匹配：[a-zA-Z0-9]+ token 等于关键词,vacation
scenario,vacation,420937384,Sunnyshic Women's Textured Striped Off Shoulder Asymmetric Design Slimming Waist Sexy Asymmetrical Shoulder Sweet Vacation Style T-Shirt,S$7.49,25.2k+ sold,TRUE,2,TRUE,TRUE,完整词匹配：[a-zA-Z0-9]+ token 等于关键词,vacation
scenario,vacation,422583105,"SHEIN White And Blue Flowers Patten Graphic Tee,Summer Casual Outfit For Women,Women's Beach Top,Y2k Holiday Vacation T-Shirt,Gift For Sister,Holiday",S$6.49,19.1k+ sold,TRUE,1,FALSE,FALSE,完整词匹配：[a-zA-Z0-9]+ token 等于关键词,vacation
scenario,vacation,423776666,"Women's Summer Pink & Red Striped Fabric Ruffle Trim Bow Decor Tankini Swimwear 2-Piece Set, Contrast Red Striped Design, Waist Tie Bottom, American Resort Style, Suitable For Summer Beach Vacation, Swimming",S$3.55,274 sold,TRUE,1,FALSE,FALSE,完整词匹配：[a-zA-Z0-9]+ token 等于关键词,vacation
scenario,vacation,426220559,"Women's Summer Fashion Letter Print Loose Casual T-Shirt, Versatile Daily Casual Wear, Vacation Outfit White",S$1.50,SAVE S$1.50,FALSE,1,FALSE,FALSE,完整词匹配：[a-zA-Z0-9]+ token 等于关键词,vacation
scenario,vacation,427537564,"1pc Women's Short Sleeve Cropped T-Shirt - Watercolor Coconut, Hibiscus And Shell Print With ""Summer"" Text, Beachy Style, Soft Breathable Crew Neck Crop Top, Ideal For Summer Casual Outings, Tropical Pattern Tee For Ladies And Teens Vacation",S$4.49,669 sold,TRUE,2,TRUE,TRUE,完整词匹配：[a-zA-Z0-9]+ token 等于关键词,vacation
scenario,vacation,427567998,"1pc Women's Short Sleeve Cropped T-Shirt - Realistic Starfish, Feather Flower And Shell Print, Soft Pink Beachy Style, Breathable Round Neck Crop Top, Ideal For Beach Vacation, Summer Date, Casual Outing, Tropical Feminine Pattern For Ladies And Teens",S$4.99,669 sold,TRUE,1,FALSE,FALSE,完整词匹配：[a-zA-Z0-9]+ token 等于关键词,vacation
scenario,vacation,427972931,"Women's Summer New Casual Slogan Print Loose Fit Round Neck Short Sleeve T-Shirt, Fashionable Daily Vacation Wear, Suitable For Everyday And Holiday Occasions. Women's T-Shirt Top.",S$4.26,3.4k+ sold,TRUE,1,FALSE,FALSE,完整词匹配：[a-zA-Z0-9]+ token 等于关键词,vacation
scenario,vacation,428246630,"Women's Loose Open Shoulder Batwing Short Sleeve T-Shirt, With Sea Turtle & English Print, Suitable For Office, Outing, Daily, Date, Sexy Shoulder-Baring Top. Gorgeous Y2K Millennium Style Women Vacation Clothing",S$7.49,3.4k+ sold,TRUE,1,FALSE,FALSE,完整词匹配：[a-zA-Z0-9]+ token 等于关键词,vacation
scenario,vacation,428895189,EMERY ROSE Vacation Casual Starfish & Letter Print T-Shirt,S$7.99,13.2k+ sold,TRUE,1,FALSE,FALSE,完整词匹配：[a-zA-Z0-9]+ token 等于关键词,vacation
scenario,vacation,428944382,"Women's Fitted Short Sleeve T-Shirt, Fresh Blue Tone Shell, Starfish, Bow Print, American Vintage Beach Vacation Style, Versatile Short Top Suitable For Beach Trip, Island Travel, Summer Picnic, Beach Date, Casual Wear",S$4.99,2.4k+ sold,TRUE,1,FALSE,FALSE,完整词匹配：[a-zA-Z0-9]+ token 等于关键词,vacation
scenario,vacation,429195254,"DAZY Spring & Summer Black Padded Bralette Crop Top, Backless Strapless Camisole, Casual Vacation Beach Festival Party Wedding Fitted Women Tank Top",S$1.04,SAVE S$1.04,FALSE,1,FALSE,FALSE,完整词匹配：[a-zA-Z0-9]+ token 等于关键词,vacation
scenario,vacation,429734823,"Women's Short Sleeve T-Shirt, Fashion Sweet Girl Style Taro Drink Cartoon Back Print Short Sleeve Tee, Casual Round Neck Street Party Holiday Tops For Summer Vacation Pink",S$1.70,SAVE S$1.70,FALSE,1,FALSE,FALSE,完整词匹配：[a-zA-Z0-9]+ token 等于关键词,vacation
scenario,vacation,429765203,"Women's Funny Beer Print Short Sleeve T-Shirt, Casual Round Neck Top For Summer, Party, Vacation, Street Style White",S$0.45,SAVE S$0.45,FALSE,1,FALSE,FALSE,完整词匹配：[a-zA-Z0-9]+ token 等于关键词,vacation
scenario,vacation,430546038,"Women's Summer New Casual Slogan Print Loose Fit Round Neck Short Sleeve T-Shirt, Fashionable Daily Vacation Wear, Suitable For Everyday And Vacation",S$4.49,99 sold,TRUE,1,FALSE,FALSE,完整词匹配：[a-zA-Z0-9]+ token 等于关键词,vacation
scenario,vacation,431151180,"1pc Women's Summer Round Neck Short Sleeve T-Shirt, Vacation Style Printed, Casual Loose Fit, Comfortable, Suitable For Summer Wear, Suitable For Beach, Street, Daily Activities, Work, Office Gatherings And Other Occasions White",S$0.90,SAVE S$0.90,FALSE,1,FALSE,FALSE,完整词匹配：[a-zA-Z0-9]+ token 等于关键词,vacation
scenario,vacation,431188184,"1pc Women's Summer Round Neck Short Sleeve T-Shirt, Vacation Style Printed, Casual Loose Fit, Comfortable, Suitable For Summer Wear, Suitable For Beach, Street, Daily Activities, Work, Office Gatherings And Other Occasions Pink",S$5.99,472 sold,TRUE,1,FALSE,FALSE,完整词匹配：[a-zA-Z0-9]+ token 等于关键词,vacation
scenario,vacation,432950615,"Women's Summer New Casual Slogan Print Loose Fit Round Neck Short Sleeve T-Shirt, Fashionable Daily Vacation Wear, Suitable For Everyday And Vacation",S$7.49,5.1k+ sold,TRUE,1,FALSE,FALSE,完整词匹配：[a-zA-Z0-9]+ token 等于关键词,vacation
scenario,vacation,434416360,"Women's Tropical Sea Turtle Print Loose Casual Round Neck Short Sleeve Vacation Top, Summer",S$4.49,106 sold,TRUE,1,FALSE,FALSE,完整词匹配：[a-zA-Z0-9]+ token 等于关键词,vacation
scenario,vacation,434777725,Sweetra New Arrival Summer Square Neck Cinched Waist Casual Beach Vacation Fashionable Versatile Women Tank Top,S$17.99,28.6k+ sold,TRUE,1,FALSE,FALSE,完整词匹配：[a-zA-Z0-9]+ token 等于关键词,vacation
scenario,vacation,435319975,"Women's Pink Lily Flower Pattern Short Sleeve Round Neck T-Shirt, With Regular Hem And Slightly Stretchy Fabric, Loose Fit Short Sleeve Summer Beach Vacation T-Shirt, Retro Versatile Casual Holiday Top, Vacation Outfit Gift",S$5.45,143 sold,TRUE,1,FALSE,FALSE,完整词匹配：[a-zA-Z0-9]+ token 等于关键词,vacation
scenario,vacation,436152829,"Women's Summer Turtle, Floral & Letter Print Casual Loose Round Neck Beach Vacation T-Shirt",S$4.49,768 sold,TRUE,1,FALSE,FALSE,完整词匹配：[a-zA-Z0-9]+ token 等于关键词,vacation
scenario,vacation,438213921,"Women's ""European Summer"" Aesthetic Style: Amalfi Capri Island Lemon Print T-Shirt. Vintage Italian Vacation Vibe Top. Fashionable Beach And Holiday Wear. Casual Pink",S$0.65,SAVE S$0.65,FALSE,1,FALSE,FALSE,完整词匹配：[a-zA-Z0-9]+ token 等于关键词,vacation
scenario,vacation,438311644,"Opulessa Women's Leopard Print Casual Pants, Suitable For Spring And Summer Holiday Outfits For Women,Holiday,Vacation Outfits For Women",S$14.49,2k+ sold,TRUE,1,FALSE,FALSE,完整词匹配：[a-zA-Z0-9]+ token 等于关键词,vacation
scenario,vacation,439361005,"1pc Women's Summer Casual Short Sleeve T-Shirt, Coffee Theme Tee With Iced Coffee And Sun English Graphic Print, Suitable For Vacation, Office, Outing, Daily, Date, Party, Gathering, Street Wear",S$5.03,,FALSE,1,FALSE,FALSE,完整词匹配：[a-zA-Z0-9]+ token 等于关键词,vacation
scenario,vacation,440608961,"1pc Women's Summer Loose Crew Neck Short Sleeve T-Shirt, Matcha Coffee Latte Themed Print, Suitable For Vacation, Office, Outing, Daily, Date, Party, Gathering, Street, Carnival, Music Festival, Valentine's Day, Party Occasions Casual",S$6.49,2.7k+ sold,TRUE,3,TRUE,TRUE,完整词匹配：[a-zA-Z0-9]+ token 等于关键词,vacation
scenario,vacation,441162412,"Women's Summer Camisole, Women's Plaid Camisole Top For Vacation, Graduation, Wedding, Back To School, Retro Vibe, Party, Lunch, Cute Casual Summer, Sweet Romantic Country Style, Textured, Loose Comfortable, Loose Hem Camisole",S$10.99,5.1k+ sold,TRUE,2,TRUE,TRUE,完整词匹配：[a-zA-Z0-9]+ token 等于关键词,vacation
scenario,vacation,441325004,"Franclia French-Style Loose Batwing Sleeve Navy And White Striped Women's Shirt,Summer Short-Sleeved Collared Top,Casual Vacation Beach Cover-Up,Business Wear",S$10.99,3.3k+ sold,TRUE,1,FALSE,FALSE,完整词匹配：[a-zA-Z0-9]+ token 等于关键词,vacation
scenario,vacation,443075320,"EMERY ROSE Women's Floral Print Round Neck Short Sleeve T-Shirt, Fashionable For Vacation",S$7.49,2.1k+ sold,TRUE,1,FALSE,FALSE,完整词匹配：[a-zA-Z0-9]+ token 等于关键词,vacation
scenario,vacation,444656303,"1pc Women's Loose Short Sleeve T-Shirt Top, Vacation Tee With ""Morning Matcha Club"" Matcha Lover Themed Print Casual",S$0.96,SAVE S$0.96,FALSE,1,FALSE,FALSE,完整词匹配：[a-zA-Z0-9]+ token 等于关键词,vacation
scenario,vacation,446304946,"Swim Vcay Spring/Summer Women's One-Piece Leopard Print Sexy Sling Swimsuit, Beach Vacation Swimwear",S$16.49,,FALSE,1,FALSE,FALSE,完整词匹配：[a-zA-Z0-9]+ token 等于关键词,vacation
scenario,vacation,446883723,"Siren Gaze Women's Summer Casual Vacation Minimalist Solid Color Peplum Cami Top With Embroidery And Mesh Panels,Summer Top",S$10.99,23.8k+ sold,TRUE,1,FALSE,FALSE,完整词匹配：[a-zA-Z0-9]+ token 等于关键词,vacation
scenario,vacation,448395891,"Resyla American Retro Coconut Print White Top For Women,Cute Slim-Fit T-Shirt,Summer Vacation Holiday Essential,Fashionable Mother's Day Gift For Mom",S$5.99,957 sold,TRUE,1,FALSE,FALSE,完整词匹配：[a-zA-Z0-9]+ token 等于关键词,vacation
scenario,vacation,448923269,"Comfortcana Women's 3pcs Summer Cute Pink Check Shorts Set,Drawstring Waist Pleated Plaid Casual Outfit For Girls,Versatile Beach Picnic Vacation Wear,Y2k Style",S$20.49,16.4k+ sold,TRUE,2,TRUE,TRUE,完整词匹配：[a-zA-Z0-9]+ token 等于关键词,vacation
scenario,vacation,449551550,"You Don't Have To Be Perfect Graphic T-Shirt, Floral Quote Print Tee, Minimalist Aesthetic Casual Short Sleeve, Motivational Everyday Top Vacation White Summer",S$0.67,SAVE S$0.67,FALSE,1,FALSE,FALSE,完整词匹配：[a-zA-Z0-9]+ token 等于关键词,vacation
scenario,vacation,450453972,Sweetra New Arrival Summer Square Neck Cinched Waist Casual Beach Vacation Fashionable Versatile Women Tank Top,S$17.49,28.6k+ sold,TRUE,1,FALSE,FALSE,完整词匹配：[a-zA-Z0-9]+ token 等于关键词,vacation
scenario,vacation,450485113,"SHEIN Navy Blue Summer Casual Plus Size Top For Women,Flowers Patten Graphic Tee,Women's Beach Tank Top,Vacation Holiday Beach Outfit,Y2k T-Shirt,Gift",S$7.49,19.1k+ sold,TRUE,1,FALSE,FALSE,完整词匹配：[a-zA-Z0-9]+ token 等于关键词,vacation
scenario,vacation,453441237,"3pcs Women's New Casual Cute Pattern Loose Versatile Round Neck Short Sleeve T-Shirt, Fashionable Daily Vacation Wear Summer",S$3.30,SAVE S$3.30,FALSE,1,FALSE,FALSE,完整词匹配：[a-zA-Z0-9]+ token 等于关键词,vacation
scenario,vacation,453868740,"SHEIN ICON Women's Sexy Hollow Out Fitted Cropped Camisole And Flare Leg Pants Set, Beach Vacation Style,Summer Outfits For Women",S$5.85,SAVE S$5.85,FALSE,1,FALSE,FALSE,完整词匹配：[a-zA-Z0-9]+ token 等于关键词,vacation
scenario,vacation,453996969,"SHEIN Franclia Women's Bow Tie V-Neck Blouse,White And Black Contrast Trim Slim Fit Tee,Summer Casual Vintage Americana Top,Vacation Coquette Aesthetic Kawaii Style",S$6.99,528 sold,TRUE,1,FALSE,FALSE,完整词匹配：[a-zA-Z0-9]+ token 等于关键词,vacation
scenario,vacation,455220773,DAZY Women's Contrast Color Lace Patchwork Hollow Out Embroidery Casual Bow T-Shirt Vacation Outfits Women Summer,S$6.40,,FALSE,1,FALSE,FALSE,完整词匹配：[a-zA-Z0-9]+ token 等于关键词,vacation
scenario,vacation,455945813,SHEIN Franclia INS Casual Vacation Cap Sleeve Women Shirt,S$7.99,11.4k+ sold,TRUE,1,FALSE,FALSE,完整词匹配：[a-zA-Z0-9]+ token 等于关键词,vacation
scenario,vacation,456391577,"1pc Women's Summer Round Neck Short Sleeve T-Shirt, Vacation Style Printed, Casual Loose Fit, Comfortable, Suitable For Summer Wear, Beach, Street, Daily Activities, Work, Office Gatherings, Etc. White",S$0.75,SAVE S$0.75,FALSE,1,FALSE,FALSE,完整词匹配：[a-zA-Z0-9]+ token 等于关键词,vacation
scenario,vacation,456903499,"Easowa Women's Summer Casual Commuter Striped Wrap Tie Sleeveless Top And Shorts 2-Piece Set,Summer Outfits For Women Festa Junina Vacation Outfits",S$11.49,652 sold,TRUE,1,FALSE,FALSE,完整词匹配：[a-zA-Z0-9]+ token 等于关键词,vacation
scenario,vacation,456916224,"Breezaya Women's Brown Loose Fit Wide Leg Pants,Elegant French Style Solid Color Outfit,Summer,Boho,Vacation,Holiday Casual Versatile Commuting Daily Beach",S$14.99,6.1k+ sold,TRUE,1,FALSE,FALSE,完整词匹配：[a-zA-Z0-9]+ token 等于关键词,vacation
scenario,vacation,457740284,"Women's Summer New Letter Print Casual Vacation Loose Versatile Round Neck Beige Short Sleeve T-Shirt, Fashionable Everyday Top, Suitable For Daily Wear",S$0.78,SAVE S$0.78,FALSE,2,TRUE,FALSE,完整词匹配：[a-zA-Z0-9]+ token 等于关键词,vacation
scenario,vacation,462216837,"Franclia This Relaxed-Fit Suit Features A High Waistband, Two Side Pockets, And A Straight, Wide-Leg Design With A Textured Feel And A Khaki Hue. Elegant And Stylish, It's Suitable For All Seasons. Whether For Vacations, Easter Attire, Holiday Outfits, Beach Wear, Graduation Outfits For Mothers, Summer Vacation Wear, Work Attire, Everyday Wear, Country Music Concert Outfits, Or A Country-Style Look, It's Perfect For Everyday Wear.",S$15.99,NEW,FALSE,1,FALSE,FALSE,完整词匹配：[a-zA-Z0-9]+ token 等于关键词,vacation
scenario,vacation,462225485,"1pc Women's Summer Round Neck Short Sleeve T-Shirt, Vacation Style Printed, Casual Loose Fit, Comfortable, Suitable For Summer Wear, Beach, Street, Daily Activities, Work, Office Gatherings, Etc. White",S$0.46,SAVE S$0.46,FALSE,1,FALSE,FALSE,完整词匹配：[a-zA-Z0-9]+ token 等于关键词,vacation
scenario,vacation,462320901,"MainGRL Printed Woven Women's Vacation Set,Summer Outfits For Women",S$4.20,Save S$4.20,FALSE,1,FALSE,FALSE,完整词匹配：[a-zA-Z0-9]+ token 等于关键词,vacation
scenario,vacation,462693188,"ROMWE Kawaii Women's Ruffled Lace Trim Palazzo Pants, Suitable For Southern France Vacation",S$19.54,Estimated,FALSE,1,FALSE,FALSE,完整词匹配：[a-zA-Z0-9]+ token 等于关键词,vacation
scenario,vacation,462736583,"Summer Casual Matcha Club Print Short Sleeve T-Shirt, Women's Round Neck Front & Back Double Print Daily Commute Streetwear Top Vacation Black",S$0.35,SAVE S$0.35,FALSE,1,FALSE,FALSE,完整词匹配：[a-zA-Z0-9]+ token 等于关键词,vacation
scenario,vacation,463153045,"Breezaya Women Loose High-Waisted Wide-Leg Pants,Elegant Off-White Chic Summer Vacation Holiday Outfit,Solid Color Versatile Casual Daily Wear Beach Trousers",S$14.99,6.1k+ sold,TRUE,1,FALSE,FALSE,完整词匹配：[a-zA-Z0-9]+ token 等于关键词,vacation
scenario,vacation,463259162,"Women's ""European Summer"" Aesthetic: Amalfi Capri Island Lemon Print T-Shirt. Vintage Italian Vacation Style Top. Fashionable Beach And Holiday Wear. Casual",S$0.65,SAVE S$0.65,FALSE,1,FALSE,FALSE,完整词匹配：[a-zA-Z0-9]+ token 等于关键词,vacation
scenario,vacation,463862582,"Women's ""European Summer"" Aesthetic: Amalfi Capri Island Lemon Print T-Shirt. Vintage Italian Vacation Style Top. Fashionable Beach And Holiday Wear. Casual",S$0.60,SAVE S$0.60,FALSE,1,FALSE,FALSE,完整词匹配：[a-zA-Z0-9]+ token 等于关键词,vacation
scenario,vacation,466446609,Easowa Women's Casual Elegant Hollow-Out Embroidered Blouse Tea Party White And Blue Floral Summer Festa Junina Vacation Outfits,S$11.49,2.3k+ sold,TRUE,1,FALSE,FALSE,完整词匹配：[a-zA-Z0-9]+ token 等于关键词,vacation
scenario,vacation,469682055,"Elamini Summer Super Low-Waist Polka Dot Print Knit Wide-Leg Pants, Versatile Minimalist Casual Long Trousers, Suitable For Home, Campus Style, Vacation",S$16.49,9.5k+ sold,TRUE,1,FALSE,FALSE,完整词匹配：[a-zA-Z0-9]+ token 等于关键词,vacation
scenario,vacation,471262019,"Beach Club ""Girls Just Wanna Have Sun"" Slogan Print T-Shirt, Casual Short Sleeve Vacation Top For Summer White",S$3.93,,FALSE,1,FALSE,FALSE,完整词匹配：[a-zA-Z0-9]+ token 等于关键词,vacation
scenario,vacation,472098721,"SHEIN PETITE Women's Beige Summer Boho Vacation Holiday Casual Cropped Pants,Solid Color Fabric Side Seam Button Decor Pocket Flap Design Versatile Cotton Outfit",S$17.49,NEW,FALSE,1,FALSE,FALSE,完整词匹配：[a-zA-Z0-9]+ token 等于关键词,vacation
scenario,vacation,476725203,"SHEIN Tall Women's Classic 91% Cotton Black Knit Elastic Capri Pants Leggings,Summer Classy Date Outfit,Versatile Sporty Chic Beach Vacation Boho Music Festival",S$11.49,NEW,FALSE,1,FALSE,FALSE,完整词匹配：[a-zA-Z0-9]+ token 等于关键词,vacation
scenario,wedding,156638020,"Women's Fashion Lightweight Baseball Jacket, Stand Collar, Zipper Pockets, All Season/Winter Suitable For Daily/Beach/Wedding/Graduation, Summer Coffee Color",S$29.24,33.9k+ sold,TRUE,1,FALSE,FALSE,完整词匹配：[a-zA-Z0-9]+ token 等于关键词,wedding
scenario,wedding,399162425,"Sunnyshic Women Black And White Polka Dot Lace Patchwork V-Neck Halter Backless Maxi Dress,Elegant Summer Holiday Vacation,Wedding Guest Minimalist Daily Wear",S$15.49,5.5k+ sold,TRUE,1,FALSE,FALSE,完整词匹配：[a-zA-Z0-9]+ token 等于关键词,wedding
scenario,wedding,404066066,"Soleia Women Square Neck Pleated Knit Tank Top,All Shades Of Brown,Summer,Casual,Everyday Boho Tropical Chic Beach Wedding Guest Attire Elegant Vacation",S$14.49,859 sold,TRUE,1,FALSE,FALSE,完整词匹配：[a-zA-Z0-9]+ token 等于关键词,wedding
scenario,wedding,429195254,"DAZY Spring & Summer Black Padded Bralette Crop Top, Backless Strapless Camisole, Casual Vacation Beach Festival Party Wedding Fitted Women Tank Top",S$1.04,SAVE S$1.04,FALSE,1,FALSE,FALSE,完整词匹配：[a-zA-Z0-9]+ token 等于关键词,wedding
scenario,wedding,429540422,"Siren Gaze Women's Navy Blue And White Striped Asymmetric Shoulder Pleated Blouse,Summer Casual Elegant Office Top,Old Money Style Work Wear Wedding Guest Outfit",S$6.99,4.3k+ sold,TRUE,1,FALSE,FALSE,完整词匹配：[a-zA-Z0-9]+ token 等于关键词,wedding
scenario,wedding,441162412,"Women's Summer Camisole, Women's Plaid Camisole Top For Vacation, Graduation, Wedding, Back To School, Retro Vibe, Party, Lunch, Cute Casual Summer, Sweet Romantic Country Style, Textured, Loose Comfortable, Loose Hem Camisole",S$10.99,5.1k+ sold,TRUE,2,TRUE,TRUE,完整词匹配：[a-zA-Z0-9]+ token 等于关键词,wedding
scenario,wedding,447608456,"Joudiya Women's 2-Piece Set Grey Summmer Lace Patchwork Satin Camisole Top,Champagne Seductive Dinner Date Fitted,Elegant Wedding Party Evening Gown Fashion",S$23.99,,FALSE,1,FALSE,FALSE,完整词匹配：[a-zA-Z0-9]+ token 等于关键词,wedding
scenario,wedding,451252389,"2026 Retro Bride Club Bride Print Short Sleeve T-Shirt, Sweet & Spicy Vintage Style Top For Women Wedding Party Casual Black",S$3.57,,FALSE,2,TRUE,FALSE,完整词匹配：[a-zA-Z0-9]+ token 等于关键词,wedding
scenario,wedding,475529136,"Hauture Women's Plaid Pleated Casual Versatile Daily Wear Bubble Shorts, Old Money Commuter, Sophisticated Shorts For Work Brunch Baby Showers Wedding",S$25.99,NEW,FALSE,1,FALSE,FALSE,完整词匹配：[a-zA-Z0-9]+ token 等于关键词,wedding
scenario,work,9653617,Dazy-Less Solid Crew Neck Crop Tee Summer Preppy Tops Business Casual Woman Work Clothes,S$1.10,SAVE S$1.10,FALSE,2,TRUE,FALSE,完整词匹配：[a-zA-Z0-9]+ token 等于关键词,work
scenario,work,26330574,"DAZY Women's Black Winter Business Casual Work Pants,Elegant Solid Color Wide Leg Loose Pocket Zipper Long Trousers,Spring/Fall Daily Teacher Pants",S$22.99,17.3k+ sold,TRUE,1,FALSE,FALSE,完整词匹配：[a-zA-Z0-9]+ token 等于关键词,work
scenario,work,30519355,"Dazy-Less Solid Color Short Sleeve T-Shirt Old Money Style Summer,Crop Tops Women Business Casual Woman Work Clothes",S$8.49,38.8k+ sold,TRUE,1,FALSE,FALSE,完整词匹配：[a-zA-Z0-9]+ token 等于关键词,work
scenario,work,38235874,"EMERY ROSE 's Women's Summer Casual Crew Neck Short Sleeve T-Shirt Tops,Solid Color Black And White Basics Everyday For Work Office, Party",S$11.99,12.6k+ sold,TRUE,3,TRUE,TRUE,完整词匹配：[a-zA-Z0-9]+ token 等于关键词,work
scenario,work,60903850,Franclia Women's White Casual Work Pants Fall Cloth For Women,S$16.99,2.1k+ sold,TRUE,1,FALSE,FALSE,完整词匹配：[a-zA-Z0-9]+ token 等于关键词,work
scenario,work,73242087,"Elenzga Navy Blue Elegant High Waist Culottes For Women,Summer Casual Solid Wide Leg Pants For Office,Work,Graduation & Daily,Vintage Style Music Festival",S$16.99,8.2k+ sold,TRUE,2,TRUE,TRUE,完整词匹配：[a-zA-Z0-9]+ token 等于关键词,work
scenario,work,169607025,"Women's Spring/Summer High-Waisted Draped Pleated Tailored Straight-Leg Navy Blue Suit Trousers, Suitable For Daily Commute, Work And Casual Wear",S$15.83,50.7k+ sold,TRUE,1,FALSE,FALSE,完整词匹配：[a-zA-Z0-9]+ token 等于关键词,work
scenario,work,198300097,"SHEIN Tall Women's Black High Waisted Wide Leg Pants,Elegant Business Casual Work Slacks,Tall Versatile Solid Color Winter Autumn Style Old Money Dress Pants",S$20.49,3.8k+ sold,TRUE,2,TRUE,TRUE,完整词匹配：[a-zA-Z0-9]+ token 等于关键词,work
scenario,work,245480821,"Franclia Petite Black Winter Elegant Modest Work Office High-Waisted Ruched Detail Trousers,Tailored Silhouette,Wrinkle-Resistant Versatile Casual Pants",S$16.49,1.7k+ sold,TRUE,1,FALSE,FALSE,完整词匹配：[a-zA-Z0-9]+ token 等于关键词,work
scenario,work,365502654,"Women's High Waist Slim Fit Wide Leg Pants | Bohemian Street Style | Suitable For Casual, Work Commute And Vacation In Spring/Summer Black",S$16.18,59.7k+ sold,TRUE,2,TRUE,TRUE,完整词匹配：[a-zA-Z0-9]+ token 等于关键词,work
scenario,work,365502658,"Women's High Waist Slim Fit Wide Leg Pants In Khaki, Bohemian Street Style, Suitable For Casual, Work Commute And Vacation In Spring/Summer",S$15.76,59.7k+ sold,TRUE,1,FALSE,FALSE,完整词匹配：[a-zA-Z0-9]+ token 等于关键词,work
scenario,work,365752192,"Women's High Waist Slim Fit Wide Leg Pants, Bohemian Street Style, Suitable For Casual, Work Commute And Vacation In Spring/Summer White",S$15.76,59.7k+ sold,TRUE,1,FALSE,FALSE,完整词匹配：[a-zA-Z0-9]+ token 等于关键词,work
scenario,work,395830807,"SHEIN Tall Old Money High Waist Pleated Wide Leg Pants For Women,Black Winter Modest Business Casual Office Wear,Elegant Solid Loose Trousers Chic Tailored Work",S$22.49,7.7k+ sold,TRUE,1,FALSE,FALSE,完整词匹配：[a-zA-Z0-9]+ token 等于关键词,work
scenario,work,409724146,"3pcs/Set Women's Square Neck Short Sleeve Solid Color Casual Slim Fit Summer T-Shirts, Y2K Style Cropped Tees, Suitable For Summer, Beach, Street, Daily, Work, Office Party, Vacation Wear. Stylish Y2K Inspired Women Tops White",S$11.49,789 sold,TRUE,2,TRUE,TRUE,完整词匹配：[a-zA-Z0-9]+ token 等于关键词,work
scenario,work,420219867,"Franclia Women's Elegant Black Winter Business Casual Work Pants,High Waist Button Decor Loose Straight Wide Leg Dress Trousers For Office Formal Commuting",S$2.34,SAVE S$2.34,FALSE,1,FALSE,FALSE,完整词匹配：[a-zA-Z0-9]+ token 等于关键词,work
scenario,work,426222457,"1pc Women's Summer Round Neck Short Sleeve T-Shirt, Blue With English Letter Print, Casual Loose Fit, Comfortable For Summer Wear, Suitable For Beach, Street, Daily Activities, Work, Office, Parties And Other Occasions",S$1.27,SAVE S$1.27,FALSE,2,TRUE,FALSE,完整词匹配：[a-zA-Z0-9]+ token 等于关键词,work
scenario,work,427390013,"1pc Women's Summer Round Neck Short Sleeve T-Shirt, Blue With English Letter Print, Casual Loose Fit, Comfortable For Summer Wear, Suitable For Beach, Street, Daily Activities, Work, Office, Parties And More",S$1.20,SAVE S$1.20,FALSE,1,FALSE,FALSE,完整词匹配：[a-zA-Z0-9]+ token 等于关键词,work
scenario,work,429540422,"Siren Gaze Women's Navy Blue And White Striped Asymmetric Shoulder Pleated Blouse,Summer Casual Elegant Office Top,Old Money Style Work Wear Wedding Guest Outfit",S$6.99,4.3k+ sold,TRUE,1,FALSE,FALSE,完整词匹配：[a-zA-Z0-9]+ token 等于关键词,work
scenario,work,429978950,"Franclia White And Black Polka Dot,Summer,Elegant,Tea Party Vintage Pearl Decor Women Tank Top Blouses Work Outfits Casual Cute Latest New Arrivals",S$8.49,9.6k+ sold,TRUE,2,TRUE,TRUE,完整词匹配：[a-zA-Z0-9]+ token 等于关键词,work
scenario,work,431151180,"1pc Women's Summer Round Neck Short Sleeve T-Shirt, Vacation Style Printed, Casual Loose Fit, Comfortable, Suitable For Summer Wear, Suitable For Beach, Street, Daily Activities, Work, Office Gatherings And Other Occasions White",S$0.90,SAVE S$0.90,FALSE,1,FALSE,FALSE,完整词匹配：[a-zA-Z0-9]+ token 等于关键词,work
scenario,work,431188184,"1pc Women's Summer Round Neck Short Sleeve T-Shirt, Vacation Style Printed, Casual Loose Fit, Comfortable, Suitable For Summer Wear, Suitable For Beach, Street, Daily Activities, Work, Office Gatherings And Other Occasions Pink",S$5.99,472 sold,TRUE,1,FALSE,FALSE,完整词匹配：[a-zA-Z0-9]+ token 等于关键词,work
scenario,work,433321913,"1pc Women's Loose Fit Round Neck Short Sleeve T-Shirt, ""After Work"" Funny Cat Print Theme T-Shirt Pink",S$5.99,814 sold,TRUE,1,FALSE,FALSE,完整词匹配：[a-zA-Z0-9]+ token 等于关键词,work
scenario,work,445237932,"Women's High-Waisted Pleated Loose Fit Trousers, Suitable For Work And Casual Occasions, Black Color (Belt Not Included), Spring/Summer",S$2.70,SAVE S$2.70,FALSE,1,FALSE,FALSE,完整词匹配：[a-zA-Z0-9]+ token 等于关键词,work
scenario,work,450180849,"Elenzga 2026 Retro Military Green Wide Leg Pants,High Waist Draping Loose Straight Trousers For Women,Black,Winter,Business Casual,Elegant,Work,Versatile",S$16.49,2k+ sold,TRUE,1,FALSE,FALSE,完整词匹配：[a-zA-Z0-9]+ token 等于关键词,work
scenario,work,456391577,"1pc Women's Summer Round Neck Short Sleeve T-Shirt, Vacation Style Printed, Casual Loose Fit, Comfortable, Suitable For Summer Wear, Beach, Street, Daily Activities, Work, Office Gatherings, Etc. White",S$0.75,SAVE S$0.75,FALSE,1,FALSE,FALSE,完整词匹配：[a-zA-Z0-9]+ token 等于关键词,work
scenario,work,460034810,"1pc Women's Summer Round Neck Short Sleeve T-Shirt Top With ""Brain And Heart Anatomy"" BALANCE English Print Pattern, Suitable For Street, Daily, Work, Office Party, Outing, Holiday Occasions Casual Black",S$0.96,SAVE S$0.96,FALSE,1,FALSE,FALSE,完整词匹配：[a-zA-Z0-9]+ token 等于关键词,work
scenario,work,462216837,"Franclia This Relaxed-Fit Suit Features A High Waistband, Two Side Pockets, And A Straight, Wide-Leg Design With A Textured Feel And A Khaki Hue. Elegant And Stylish, It's Suitable For All Seasons. Whether For Vacations, Easter Attire, Holiday Outfits, Beach Wear, Graduation Outfits For Mothers, Summer Vacation Wear, Work Attire, Everyday Wear, Country Music Concert Outfits, Or A Country-Style Look, It's Perfect For Everyday Wear.",S$15.99,NEW,FALSE,1,FALSE,FALSE,完整词匹配：[a-zA-Z0-9]+ token 等于关键词,work
scenario,work,462225485,"1pc Women's Summer Round Neck Short Sleeve T-Shirt, Vacation Style Printed, Casual Loose Fit, Comfortable, Suitable For Summer Wear, Beach, Street, Daily Activities, Work, Office Gatherings, Etc. White",S$0.46,SAVE S$0.46,FALSE,1,FALSE,FALSE,完整词匹配：[a-zA-Z0-9]+ token 等于关键词,work
scenario,work,475529136,"Hauture Women's Plaid Pleated Casual Versatile Daily Wear Bubble Shorts, Old Money Commuter, Sophisticated Shorts For Work Brunch Baby Showers Wedding",S$25.99,NEW,FALSE,1,FALSE,FALSE,完整词匹配：[a-zA-Z0-9]+ token 等于关键词,work
