product_id,product_url,final_url,source_page,appear_count,appear_pages,sales_tag,is_real_sales_tag,title,price,sku,color,material,composition,fabric_elasticity,fit_type,pattern_type,style,occasion,details,type,length,neckline,sleeve_length,sleeve_type,waist_line,closure_type,placket,pockets,body,hem_shaped,lined_for_added_warmth,features,sheer,temperature,festivals,attribute_count,attribute_keys,attributes_json,raw_description_text,crawl_time,page_status,status_reason,parse_status,html_saved_path,visible_text_saved_path,description_raw_text_saved_path
57883154,https://sg.shein.com/2025-Autumn-Winter-Women-Wide-Leg-High-Waist-Casual-Loose-Trousers-Versatile-Suit-Pants-Black-Summer-p-57883154.html?mallCode=1&pageListType=4&detailBusinessFrom=0-1_57883154%7C0-2,https://sg.shein.com/2025-Autumn-Winter-Women-Wide-Leg-High-Waist-Casual-Loose-Trousers-Versatile-Suit-Pants-Black-Summer-p-57883154.html?mallCode=1&pageListType=4&detailBusinessFrom=0-1_57883154%7C0-2,2,3,"2,7,8",34.1k+ sold,TRUE,"2025 Autumn/Winter Women Wide Leg High Waist Casual Loose Trousers, Versatile Suit Pants Black Summer",S$12.49,sz25020983472487747,Black,Knitted Fabric,"95% Polyester, 5% Elastane",Non-Stretch,Loose,,Casual,Daily,Rib-Knit,Straight Leg,Long,,,,Natural(Mid Waist),Zipper Fly,,No,Unlined,,No,Comfortable,Yes,,Mother's Day,19,"Features,Closure Type,Details,Body,Style,Occasion,Lined For Added Warmth,Pockets,Festivals,Color,Type,Waist Line,Length,Fabric Elasticity,Fit Type,Material,Composition,Care Instructions,Sheer","{""Features"": ""Comfortable"", ""Closure Type"": ""Zipper Fly"", ""Details"": ""Rib-Knit"", ""Body"": ""Unlined"", ""Style"": ""Casual"", ""Occasion"": ""Daily"", ""Lined For Added Warmth"": ""No"", ""Pockets"": ""No"", ""Festivals"": ""Mother's Day"", ""Color"": ""Black"", ""Type"": ""Straight Leg"", ""Waist Line"": ""Natural(Mid Waist)"", ""Length"": ""Long"", ""Fabric Elasticity"": ""Non-Stretch"", ""Fit Type"": ""Loose"", ""Material"": ""Knitted Fabric"", ""Composition"": ""95% Polyester, 5% Elastane"", ""Care Instructions"": ""Machine wash or professional dry clean"", ""Sheer"": ""Yes""}","Features: Comfortable
Closure Type: Zipper Fly
Details: Rib-Knit
Body: Unlined
Style: Casual
Occasion: Daily
Lined For Added Warmth: No
Pockets: No
Festivals: Mother's Day
Color: Black
Type: Straight Leg
Waist Line: Natural(Mid Waist)
Length: Long
Fabric Elasticity: Non-Stretch
Fit Type: Loose
Material: Knitted Fabric
Composition: 95% Polyester, 5% Elastane
Care Instructions: Machine wash or professional dry clean
Sheer: Yes",2026-06-04T14:11:01+08:00,success,商品主体信息命中 7 项,success,D:\V2\data\debug\v2_9d_50_sold_products\57883154.html,D:\V2\data\debug\v2_9d_50_sold_products\57883154_visible_text.txt,D:\V2\data\debug\v2_9d_50_sold_products\57883154_description_raw_text.txt
209903633,https://sg.shein.com/SuriyaCove-Retro-American-Y2K-Style-Minimalist-Women-Sweatpants-p-209903633.html?src_module=RealClassFilteredRecommend&src_identifier=on=PRODUCT_RECOMMEND_COMPONENT`cn=PRODUCT_RECOMMEND_COMPONENT_1`hz=0`ps=1_0`jc=null_0&src_tab_page_id=page_risk_crawler_block1780388376590&mallCode=1&detailBusinessFrom=0-2,https://sg.shein.com/SuriyaCove-Retro-American-Y2K-Style-Minimalist-Women-Sweatpants-p-209903633.html?src_module=RealClassFilteredRecommend&src_identifier=on=PRODUCT_RECOMMEND_COMPONENT`cn=PRODUCT_RECOMMEND_COMPONENT_1`hz=0`ps=1_0`jc=null_0&src_tab_page_id=page_risk_crawler_block1780388376590&mallCode=1&detailBusinessFrom=0-2,1,3,"1,2",29.1k+ sold,TRUE,SuriyaCove Retro American Y2K Style Minimalist Women Sweatpants,S$14.99,sz25062526684233693,Light Grey,Knitted Fabric,100% Polyester,Slight Stretch,Loose,Plain,Casual,"Home, Daily","Pocket, Drawstring",Wide Leg,Long,,,,High Waist,Elastic Waist,,Yes,Unlined,,No,,No,Late Fall (10-17/50-63),,19,"Closure Type,Details,Body,Pattern Type,Style,Occasion,Lined For Added Warmth,Pockets,Color,Type,Waist Line,Length,Fit Type,Temperature,Fabric Elasticity,Material,Composition,Care Instructions,Sheer","{""Closure Type"": ""Elastic Waist"", ""Details"": ""Pocket, Drawstring"", ""Body"": ""Unlined"", ""Pattern Type"": ""Plain"", ""Style"": ""Casual"", ""Occasion"": ""Home, Daily"", ""Lined For Added Warmth"": ""No"", ""Pockets"": ""Yes"", ""Color"": ""Light Grey"", ""Type"": ""Wide Leg"", ""Waist Line"": ""High Waist"", ""Length"": ""Long"", ""Fit Type"": ""Loose"", ""Temperature"": ""Late Fall (10-17/50-63)"", ""Fabric Elasticity"": ""Slight Stretch"", ""Material"": ""Knitted Fabric"", ""Composition"": ""100% Polyester"", ""Care Instructions"": ""Machine wash, do not dry clean,wash with the soft detergent"", ""Sheer"": ""No""}","Closure Type: Elastic Waist
Details: Pocket, Drawstring
Body: Unlined
Pattern Type: Plain
Style: Casual
Occasion: Home, Daily
Lined For Added Warmth: No
Pockets: Yes
Color: Light Grey
Type: Wide Leg
Waist Line: High Waist
Length: Long
Fit Type: Loose
Temperature: Late Fall (10-17/50-63)
Fabric Elasticity: Slight Stretch
Material: Knitted Fabric
Composition: 100% Polyester
Care Instructions: Machine wash, do not dry clean,wash with the soft detergent
Sheer: No",2026-06-04T14:12:57+08:00,success,商品主体信息命中 7 项,success,D:\V2\data\debug\v2_9d_50_sold_products\209903633.html,D:\V2\data\debug\v2_9d_50_sold_products\209903633_visible_text.txt,D:\V2\data\debug\v2_9d_50_sold_products\209903633_description_raw_text.txt
10887023,https://sg.shein.com/SHEIN-LUNE-Shirred-Waist-Wide-Leg-Pants-Teacher-Outfits-For-Women-p-10887023.html?mallCode=1&pageListType=4&detailBusinessFrom=0-1_10887023%7C0-2,https://sg.shein.com/SHEIN-LUNE-Shirred-Waist-Wide-Leg-Pants-Teacher-Outfits-For-Women-p-10887023.html?mallCode=1&pageListType=4&detailBusinessFrom=0-1_10887023%7C0-2,3,3,"3,5,9",17k+ sold,TRUE,"SHEIN LUNE Shirred Waist Wide Leg Pants,Teacher Outfits For Women",S$10.49,sw2206209938384828,Black,Fabric,100% Polyester,Non-Stretch,Loose,Plain,Casual,Daily,Shirred,Wide Leg,Capris,,,,High Waist,Elastic Waist,,No,Unlined,,No,,No,Spring/Fall (18-25/63-77),Teachers' Day,20,"Closure Type,Details,Body,Pattern Type,Style,Occasion,Lined For Added Warmth,Pockets,Festivals,Color,Type,Waist Line,Length,Fabric Elasticity,Fit Type,Material,Composition,Care Instructions,Temperature,Sheer","{""Closure Type"": ""Elastic Waist"", ""Details"": ""Shirred"", ""Body"": ""Unlined"", ""Pattern Type"": ""Plain"", ""Style"": ""Casual"", ""Occasion"": ""Daily"", ""Lined For Added Warmth"": ""No"", ""Pockets"": ""No"", ""Festivals"": ""Teachers' Day"", ""Color"": ""Black"", ""Type"": ""Wide Leg"", ""Waist Line"": ""High Waist"", ""Length"": ""Capris"", ""Fabric Elasticity"": ""Non-Stretch"", ""Fit Type"": ""Loose"", ""Material"": ""Fabric"", ""Composition"": ""100% Polyester"", ""Care Instructions"": ""Machine wash or professional dry clean"", ""Temperature"": ""Spring/Fall (18-25/63-77)"", ""Sheer"": ""No""}","Closure Type: Elastic Waist
Details: Shirred
Body: Unlined
Pattern Type: Plain
Style: Casual
Occasion: Daily
Lined For Added Warmth: No
Pockets: No
Festivals: Teachers' Day
Color: Black
Type: Wide Leg
Waist Line: High Waist
Length: Capris
Fabric Elasticity: Non-Stretch
Fit Type: Loose
Material: Fabric
Composition: 100% Polyester
Care Instructions: Machine wash or professional dry clean
Temperature: Spring/Fall (18-25/63-77)
Sheer: No",2026-06-04T14:14:56+08:00,success,商品主体信息命中 7 项,success,D:\V2\data\debug\v2_9d_50_sold_products\10887023.html,D:\V2\data\debug\v2_9d_50_sold_products\10887023_visible_text.txt,D:\V2\data\debug\v2_9d_50_sold_products\10887023_description_raw_text.txt
149061645,https://sg.shein.com/SHEIN-Essnce-3pcs-Set-Women-s-Blue-And-White-Stripe-Nautical-Style-Casual-Summer-Vacation-Waist-Tie-Pants-With-Pockets-Straight-Leg-Black-White-Striped-Clothes-p-149061645.html?mallCode=1&pageListType=4&detailBusinessFrom=0-1_149061645%7C0-2,https://sg.shein.com/SHEIN-Essnce-3pcs-Set-Women-s-Blue-And-White-Stripe-Nautical-Style-Casual-Summer-Vacation-Waist-Tie-Pants-With-Pockets-Straight-Leg-Black-White-Striped-Clothes-p-149061645.html?mallCode=1&pageListType=4&detailBusinessFrom=0-1_149061645%7C0-2,8,3,"8,9,10",14.1k+ sold,TRUE,"SHEIN Essnce 3pcs Set Women's Blue And White Stripe Nautical Style Casual Summer Vacation Waist Tie Pants With Pockets,Straight Leg Black & White Striped Clothes",S$30.99,sz25080637211179846,Multicolor,Polyester,100% Polyester,Non-Stretch,Loose,Striped,Casual,Daily,"Drawstring, Knot",Wide Leg,,,,,High Waist,Elastic Waist,,No,,,No,,No,,"Teachers' Day, Independence Day",21,"Closure Type,Details,Pants Body,Pattern Type,Style,Occasion,Lined For Added Warmth,Pockets,Festivals,Color,Type,Waist Line,Pants Length,Fabric Elasticity,Fit Type,Pants Material,Pants Composition,Care Instructions,Sheer,Material,Composition","{""Closure Type"": ""Elastic Waist"", ""Details"": ""Drawstring, Knot"", ""Pants Body"": ""Unlined"", ""Pattern Type"": ""Striped"", ""Style"": ""Casual"", ""Occasion"": ""Daily"", ""Lined For Added Warmth"": ""No"", ""Pockets"": ""No"", ""Festivals"": ""Teachers' Day, Independence Day"", ""Color"": ""Multicolor"", ""Type"": ""Wide Leg"", ""Waist Line"": ""High Waist"", ""Pants Length"": ""Long"", ""Fabric Elasticity"": ""Non-Stretch"", ""Fit Type"": ""Loose"", ""Pants Material"": ""Polyester"", ""Pants Composition"": ""100% Polyester"", ""Care Instructions"": ""Machine wash or professional dry clean"", ""Sheer"": ""No"", ""Material"": ""Polyester"", ""Composition"": ""100% Polyester""}","Closure Type: Elastic Waist
Details: Drawstring, Knot
Pants Body: Unlined
Pattern Type: Striped
Style: Casual
Occasion: Daily
Lined For Added Warmth: No
Pockets: No
Festivals: Teachers' Day, Independence Day
Color: Multicolor
Type: Wide Leg
Waist Line: High Waist
Pants Length: Long
Fabric Elasticity: Non-Stretch
Fit Type: Loose
Pants Material: Polyester
Pants Composition: 100% Polyester
Care Instructions: Machine wash or professional dry clean
Sheer: No
Material: Polyester
Composition: 100% Polyester",2026-06-04T14:17:08+08:00,success,商品主体信息命中 7 项,success,D:\V2\data\debug\v2_9d_50_sold_products\149061645.html,D:\V2\data\debug\v2_9d_50_sold_products\149061645_visible_text.txt,D:\V2\data\debug\v2_9d_50_sold_products\149061645_description_raw_text.txt
26680307,https://sg.shein.com/Olithes-3pcs-set-Ladies-Solid-Color-Strapless-Top-p-26680307.html?mallCode=1&pageListType=4&detailBusinessFrom=0-1_26680307%7C0-2,https://sg.shein.com/Olithes-3pcs-set-Ladies-Solid-Color-Strapless-Top-p-26680307.html?mallCode=1&pageListType=4&detailBusinessFrom=0-1_26680307%7C0-2,2,3,"2,4,5",12.6k+ sold,TRUE,Olithes 3pcs/set Ladies' Solid Color Strapless Top,S$8.49,sz2311035011931502,Multicolor,Knitted Fabric,"95% Polyester,5% Elastane",Medium Stretch,Slim Fit,Plain,Casual,,Rib-Knit,,,Strapless,,Regular Sleeve,,,,,,Regular,No,,Semi-Sheer,,Oktoberfest in Munich,19,"Details,Tank Tops & Camis Body,Neckline,Pattern Type,Sleeve Type,Style,Hem Shaped,Lined For Added Warmth,Festivals,Color,Tank Tops & Camis Length,Fit Type,Tank Tops & Camis Material,Sheer,Tank Tops & Camis Composition,Fabric Elasticity,Care Instructions,Material,Composition","{""Details"": ""Rib-Knit"", ""Tank Tops & Camis Body"": ""Unlined"", ""Neckline"": ""Strapless"", ""Pattern Type"": ""Plain"", ""Sleeve Type"": ""Regular Sleeve"", ""Style"": ""Casual"", ""Hem Shaped"": ""Regular"", ""Lined For Added Warmth"": ""No"", ""Festivals"": ""Oktoberfest in Munich"", ""Color"": ""Multicolor"", ""Tank Tops & Camis Length"": ""Crop"", ""Fit Type"": ""Slim Fit"", ""Tank Tops & Camis Material"": ""Knitted Fabric"", ""Sheer"": ""Semi-Sheer"", ""Tank Tops & Camis Composition"": ""95% Polyester,5% Elastane"", ""Fabric Elasticity"": ""Medium Stretch"", ""Care Instructions"": ""Machine wash or professional dry clean"", ""Material"": ""Knitted Fabric"", ""Composition"": ""95% Polyester,5% Elastane""}","Details: Rib-Knit
Tank Tops & Camis Body: Unlined
Neckline: Strapless
Pattern Type: Plain
Sleeve Type: Regular Sleeve
Style: Casual
Hem Shaped: Regular
Lined For Added Warmth: No
Festivals: Oktoberfest in Munich
Color: Multicolor
Tank Tops & Camis Length: Crop
Fit Type: Slim Fit
Tank Tops & Camis Material: Knitted Fabric
Sheer: Semi-Sheer
Tank Tops & Camis Composition: 95% Polyester,5% Elastane
Fabric Elasticity: Medium Stretch
Care Instructions: Machine wash or professional dry clean
Material: Knitted Fabric
Composition: 95% Polyester,5% Elastane",2026-06-04T14:19:09+08:00,success,商品主体信息命中 7 项,success,D:\V2\data\debug\v2_9d_50_sold_products\26680307.html,D:\V2\data\debug\v2_9d_50_sold_products\26680307_visible_text.txt,D:\V2\data\debug\v2_9d_50_sold_products\26680307_description_raw_text.txt
38235874,https://sg.shein.com/EMERY-ROSE-s-Women-s-Summer-Casual-Crew-Neck-Short-Sleeve-T-Shirt-Tops-Solid-Color-Black-And-White-Basics-Everyday-For-Work-Office-Party-p-38235874.html?mallCode=1&pageListType=4&detailBusinessFrom=0-1_38235874%7C0-2,https://sg.shein.com/EMERY-ROSE-s-Women-s-Summer-Casual-Crew-Neck-Short-Sleeve-T-Shirt-Tops-Solid-Color-Black-And-White-Basics-Everyday-For-Work-Office-Party-p-38235874.html?mallCode=1&pageListType=4&detailBusinessFrom=0-1_38235874%7C0-2,3,3,"3,5,10",12.6k+ sold,TRUE,"EMERY ROSE 's Women's Summer Casual Crew Neck Short Sleeve T-Shirt Tops,Solid Color Black And White Basics Everyday For Work Office, Party",S$11.99,sz2406277748638001,Multicolor,Knitted Fabric,"95% Polyester, 5% Elastane",Slight Stretch,Slim Fit,,Casual,"Home, Daily",,,Regular,Round Neck,Short Sleeve,Regular Sleeve,,,,No,Unlined,Regular,No,,Semi-Sheer,,Oktoberfest in Munich,18,"Body,Sleeve Type,Hem Shaped,Lined For Added Warmth,Pockets,Festivals,Color,Style,Occasion,Neckline,Sleeve Length,Length,Fit Type,Fabric Elasticity,Material,Composition,Care Instructions,Sheer","{""Body"": ""Unlined"", ""Sleeve Type"": ""Regular Sleeve"", ""Hem Shaped"": ""Regular"", ""Lined For Added Warmth"": ""No"", ""Pockets"": ""No"", ""Festivals"": ""Oktoberfest in Munich"", ""Color"": ""Multicolor"", ""Style"": ""Casual"", ""Occasion"": ""Home, Daily"", ""Neckline"": ""Round Neck"", ""Sleeve Length"": ""Short Sleeve"", ""Length"": ""Regular"", ""Fit Type"": ""Slim Fit"", ""Fabric Elasticity"": ""Slight Stretch"", ""Material"": ""Knitted Fabric"", ""Composition"": ""95% Polyester, 5% Elastane"", ""Care Instructions"": ""Machine wash or professional dry clean"", ""Sheer"": ""Semi-Sheer""}","Body: Unlined
Sleeve Type: Regular Sleeve
Hem Shaped: Regular
Lined For Added Warmth: No
Pockets: No
Festivals: Oktoberfest in Munich
Color: Multicolor
Style: Casual
Occasion: Home, Daily
Neckline: Round Neck
Sleeve Length: Short Sleeve
Length: Regular
Fit Type: Slim Fit
Fabric Elasticity: Slight Stretch
Material: Knitted Fabric
Composition: 95% Polyester, 5% Elastane
Care Instructions: Machine wash or professional dry clean
Sheer: Semi-Sheer",2026-06-04T14:21:17+08:00,success,商品主体信息命中 7 项,success,D:\V2\data\debug\v2_9d_50_sold_products\38235874.html,D:\V2\data\debug\v2_9d_50_sold_products\38235874_visible_text.txt,D:\V2\data\debug\v2_9d_50_sold_products\38235874_description_raw_text.txt
445209541,https://sg.shein.com/Women-s-Casual-Short-Sleeve-Round-Neck-T-Shirt-Printed-Pattern-Soft-Comfortable-Fabric-Machine-Washable-Summer-Tops-p-445209541.html?mallCode=1&pageListType=4&detailBusinessFrom=0-1_445209541%7C0-2,https://sg.shein.com/Women-s-Casual-Short-Sleeve-Round-Neck-T-Shirt-Printed-Pattern-Soft-Comfortable-Fabric-Machine-Washable-Summer-Tops-p-445209541.html?mallCode=1&pageListType=4&detailBusinessFrom=0-1_445209541%7C0-2,2,3,"2,7,8",8.7k+ sold,TRUE,"Women's Casual Short Sleeve Round Neck T-Shirt - Printed Pattern, Soft & Comfortable Fabric, Machine Washable, Summer Tops",S$5.99,sz251125611164160066,Yellow,Polyester,"95% Polyester, 5% Elastane",Slight Stretch,Regular Fit,Letter,Casual,"Vacation, Home, Daily, Street, Sports & Work out",,,Regular,Round Neck,Short Sleeve,Drop Shoulder,,,,No,,Regular,No,"Great quality, Comfortable, Soft",No,,"Carnivals, Easter, Ramadan, Independence Day, St. Patrick's Day",21,"Features,Pattern Type,Sleeve Type,Hem Shaped,Lined For Added Warmth,Pockets,Festivals,Color,Style,Occasion,Neckline,Sleeve Length,Length,Fit Type,Fabric Elasticity,Coating,Material,Composition,Care Instructions,Sheer,Number of Pieces","{""Features"": ""Great quality, Comfortable, Soft"", ""Pattern Type"": ""Letter"", ""Sleeve Type"": ""Drop Shoulder"", ""Hem Shaped"": ""Regular"", ""Lined For Added Warmth"": ""No"", ""Pockets"": ""No"", ""Festivals"": ""Carnivals, Easter, Ramadan, Independence Day, St. Patrick's Day"", ""Color"": ""Yellow"", ""Style"": ""Casual"", ""Occasion"": ""Vacation, Home, Daily, Street, Sports & Work out"", ""Neckline"": ""Round Neck"", ""Sleeve Length"": ""Short Sleeve"", ""Length"": ""Regular"", ""Fit Type"": ""Regular Fit"", ""Fabric Elasticity"": ""Slight Stretch"", ""Coating"": ""95% Polyester, 5% Spandex"", ""Material"": ""Polyester"", ""Composition"": ""95% Polyester, 5% Elastane"", ""Care Instructions"": ""Machine wash or professional dry clean"", ""Sheer"": ""No"", ""Number of Pieces"": ""1 Piece Set""}","Features: Great quality, Comfortable, Soft
Pattern Type: Letter
Sleeve Type: Drop Shoulder
Hem Shaped: Regular
Lined For Added Warmth: No
Pockets: No
Festivals: Carnivals, Easter, Ramadan, Independence Day, St. Patrick's Day
Color: Yellow
Style: Casual
Occasion: Vacation, Home, Daily, Street, Sports & Work out
Neckline: Round Neck
Sleeve Length: Short Sleeve
Length: Regular
Fit Type: Regular Fit
Fabric Elasticity: Slight Stretch
Coating: 95% Polyester, 5% Spandex
Material: Polyester
Composition: 95% Polyester, 5% Elastane
Care Instructions: Machine wash or professional dry clean
Sheer: No
Number of Pieces: 1 Piece Set",2026-06-04T14:23:13+08:00,success,商品主体信息命中 7 项,success,D:\V2\data\debug\v2_9d_50_sold_products\445209541.html,D:\V2\data\debug\v2_9d_50_sold_products\445209541_visible_text.txt,D:\V2\data\debug\v2_9d_50_sold_products\445209541_description_raw_text.txt
417618841,https://sg.shein.com/Women-s-Casual-Bohemian-Style-White-Elastic-Waist-Pocket-Linen-Wide-Leg-Pants-Summer-Spring-p-417618841.html?mallCode=1&pageListType=4&detailBusinessFrom=0-1_417618841%7C0-2,https://sg.shein.com/Women-s-Casual-Bohemian-Style-White-Elastic-Waist-Pocket-Linen-Wide-Leg-Pants-Summer-Spring-p-417618841.html?mallCode=1&pageListType=4&detailBusinessFrom=0-1_417618841%7C0-2,3,3,"3,4,6",5k+ sold,TRUE,"Women's Casual Bohemian Style White Elastic Waist Pocket Linen Wide Leg Pants, Summer Spring",S$11.49,sz260110115456696280052,Apricot,Fabric,100% Polyester,Non-Stretch,Loose,Striped,Casual,"Vacation, Airport",Pocket,Wide Leg,Long,,,,Natural(Mid Waist),Elastic Waist,,Yes,Unlined,,No,,No,,"Ramadan, Independence Day, Id al-Adha, Eid al-Fitr",20,"Closure Type,Details,Body,Pattern Type,Style,Occasion,Lined For Added Warmth,Pockets,Festivals,Color,Type,Waist Line,Length,Fabric Elasticity,Fit Type,Material,Composition,Care Instructions,Sheer,Lining","{""Closure Type"": ""Elastic Waist"", ""Details"": ""Pocket"", ""Body"": ""Unlined"", ""Pattern Type"": ""Striped"", ""Style"": ""Casual"", ""Occasion"": ""Vacation, Airport"", ""Lined For Added Warmth"": ""No"", ""Pockets"": ""Yes"", ""Festivals"": ""Ramadan, Independence Day, Id al-Adha, Eid al-Fitr"", ""Color"": ""Apricot"", ""Type"": ""Wide Leg"", ""Waist Line"": ""Natural(Mid Waist)"", ""Length"": ""Long"", ""Fabric Elasticity"": ""Non-Stretch"", ""Fit Type"": ""Loose"", ""Material"": ""Fabric"", ""Composition"": ""100% Polyester"", ""Care Instructions"": ""Hand wash or professional dry clean"", ""Sheer"": ""No"", ""Lining"": ""100% Polyester""}","Closure Type: Elastic Waist
Details: Pocket
Body: Unlined
Pattern Type: Striped
Style: Casual
Occasion: Vacation, Airport
Lined For Added Warmth: No
Pockets: Yes
Festivals: Ramadan, Independence Day, Id al-Adha, Eid al-Fitr
Color: Apricot
Type: Wide Leg
Waist Line: Natural(Mid Waist)
Length: Long
Fabric Elasticity: Non-Stretch
Fit Type: Loose
Material: Fabric
Composition: 100% Polyester
Care Instructions: Hand wash or professional dry clean
Sheer: No
Lining: 100% Polyester",2026-06-04T14:25:23+08:00,success,商品主体信息命中 7 项,success,D:\V2\data\debug\v2_9d_50_sold_products\417618841.html,D:\V2\data\debug\v2_9d_50_sold_products\417618841_visible_text.txt,D:\V2\data\debug\v2_9d_50_sold_products\417618841_description_raw_text.txt
440608961,https://sg.shein.com/1pc-Women-s-Summer-Loose-Crew-Neck-Short-Sleeve-T-Shirt-Matcha-Coffee-Latte-Themed-Print-Suitable-For-Vacation-Office-Outing-Daily-Date-Party-Gathering-Street-Carnival-Music-Festival-Valentine-s-Day-Party-Occasions-Casual-p-440608961.html?mallCode=1&pageListType=4&detailBusinessFrom=0-1_440608961%7C0-2,https://sg.shein.com/1pc-Women-s-Summer-Loose-Crew-Neck-Short-Sleeve-T-Shirt-Matcha-Coffee-Latte-Themed-Print-Suitable-For-Vacation-Office-Outing-Daily-Date-Party-Gathering-Street-Carnival-Music-Festival-Valentine-s-Day-Party-Occasions-Casual-p-440608961.html?mallCode=1&pageListType=4&detailBusinessFrom=0-1_440608961%7C0-2,2,3,"2,7,9",2.7k+ sold,TRUE,"1pc Women's Summer Loose Crew Neck Short Sleeve T-Shirt, Matcha Coffee Latte Themed Print, Suitable For Vacation, Office, Outing, Daily, Date, Party, Gathering, Street, Carnival, Music Festival, Valentine's Day, Party Occasions Casual",S$6.49,sz260321224209847031562,Yellow,Polyester,"95% Polyester, 5% Elastane",Slight Stretch,Loose,"Letter, Food & Beverage",Casual,"Holiday, School, Office, Daily, Dating",,,Regular,Round Neck,Short Sleeve,Drop Shoulder,,,,No,No,Regular,No,"Great quality, Soft",No,,"Thanksgiving Day, Back-to-School, Commencement/Graduation Season",22,"Body,Pattern Type,Sleeve Type,Hem Shaped,Lined For Added Warmth,Pockets,Festivals,Color,Style,Occasion,Neckline,Sleeve Length,Features,Length,Fit Type,Fabric Elasticity,Material,Composition,Care Instructions,Belt,Sheer,Number of Pieces","{""Body"": ""No"", ""Pattern Type"": ""Letter, Food & Beverage"", ""Sleeve Type"": ""Drop Shoulder"", ""Hem Shaped"": ""Regular"", ""Lined For Added Warmth"": ""No"", ""Pockets"": ""No"", ""Festivals"": ""Thanksgiving Day, Back-to-School, Commencement/Graduation Season"", ""Color"": ""Yellow"", ""Style"": ""Casual"", ""Occasion"": ""Holiday, School, Office, Daily, Dating"", ""Neckline"": ""Round Neck"", ""Sleeve Length"": ""Short Sleeve"", ""Features"": ""Great quality, Soft"", ""Length"": ""Regular"", ""Fit Type"": ""Loose"", ""Fabric Elasticity"": ""Slight Stretch"", ""Material"": ""Polyester"", ""Composition"": ""95% Polyester, 5% Elastane"", ""Care Instructions"": ""Machine wash or professional dry clean"", ""Belt"": ""No"", ""Sheer"": ""No"", ""Number of Pieces"": ""1 Piece Set""}","Body: No
Pattern Type: Letter, Food & Beverage
Sleeve Type: Drop Shoulder
Hem Shaped: Regular
Lined For Added Warmth: No
Pockets: No
Festivals: Thanksgiving Day, Back-to-School, Commencement/Graduation Season
Color: Yellow
Style: Casual
Occasion: Holiday, School, Office, Daily, Dating
Neckline: Round Neck
Sleeve Length: Short Sleeve
Features: Great quality, Soft
Length: Regular
Fit Type: Loose
Fabric Elasticity: Slight Stretch
Material: Polyester
Composition: 95% Polyester, 5% Elastane
Care Instructions: Machine wash or professional dry clean
Belt: No
Sheer: No
Number of Pieces: 1 Piece Set",2026-06-04T14:27:32+08:00,success,商品主体信息命中 7 项,success,D:\V2\data\debug\v2_9d_50_sold_products\440608961.html,D:\V2\data\debug\v2_9d_50_sold_products\440608961_visible_text.txt,D:\V2\data\debug\v2_9d_50_sold_products\440608961_description_raw_text.txt
469428072,https://sg.shein.com/Divinelle-White-And-Brown-Striped-Bowknot-Print-Sweatshirt-For-Women-Autumn-Casual-School-Back-To-School-Round-Neck-Long-Sleeve-Loose-Lightweight-Pullover-p-469428072.html?mallCode=1&pageListType=4&detailBusinessFrom=0-1_469428072%7C0-2,https://sg.shein.com/Divinelle-White-And-Brown-Striped-Bowknot-Print-Sweatshirt-For-Women-Autumn-Casual-School-Back-To-School-Round-Neck-Long-Sleeve-Loose-Lightweight-Pullover-p-469428072.html?mallCode=1&pageListType=4&detailBusinessFrom=0-1_469428072%7C0-2,4,3,"4,5,6",805 sold,TRUE,"Divinelle White And Brown Striped Bowknot Print Sweatshirt For Women,Autumn Casual School Back-To-School Round Neck Long Sleeve Loose Lightweight Pullover",S$12.49,sz260509164516961565200,Multicolor,Knitted Fabric,100% Polyester,Slight Stretch,Oversized,Animal,Casual,Daily,Patched,Pullovers,Regular,Round Neck,Long Sleeve,Drop Shoulder,,,,No,Unlined,Regular,Yes,,No,Spring/Fall (18-25/63-77),Valentine's Day,22,"Neckline,Pattern Type,Sleeve Type,Lined For Added Warmth,Hem Shaped,Pockets,Festivals,Color,Details,Style,Occasion,Type,Body,Sleeve Length,Sheer,Length,Fit Type,Fabric Elasticity,Composition,Material,Care Instructions,Temperature","{""Neckline"": ""Round Neck"", ""Pattern Type"": ""Animal"", ""Sleeve Type"": ""Drop Shoulder"", ""Lined For Added Warmth"": ""Yes"", ""Hem Shaped"": ""Regular"", ""Pockets"": ""No"", ""Festivals"": ""Valentine's Day"", ""Color"": ""Multicolor"", ""Details"": ""Patched"", ""Style"": ""Casual"", ""Occasion"": ""Daily"", ""Type"": ""Pullovers"", ""Body"": ""Unlined"", ""Sleeve Length"": ""Long Sleeve"", ""Sheer"": ""No"", ""Length"": ""Regular"", ""Fit Type"": ""Oversized"", ""Fabric Elasticity"": ""Slight Stretch"", ""Composition"": ""100% Polyester"", ""Material"": ""Knitted Fabric"", ""Care Instructions"": ""Machine wash or professional dry clean"", ""Temperature"": ""Spring/Fall (18-25/63-77)""}","Neckline: Round Neck
Pattern Type: Animal
Sleeve Type: Drop Shoulder
Lined For Added Warmth: Yes
Hem Shaped: Regular
Pockets: No
Festivals: Valentine's Day
Color: Multicolor
Details: Patched
Style: Casual
Occasion: Daily
Type: Pullovers
Body: Unlined
Sleeve Length: Long Sleeve
Sheer: No
Length: Regular
Fit Type: Oversized
Fabric Elasticity: Slight Stretch
Composition: 100% Polyester
Material: Knitted Fabric
Care Instructions: Machine wash or professional dry clean
Temperature: Spring/Fall (18-25/63-77)",2026-06-04T14:29:43+08:00,success,商品主体信息命中 7 项,success,D:\V2\data\debug\v2_9d_50_sold_products\469428072.html,D:\V2\data\debug\v2_9d_50_sold_products\469428072_visible_text.txt,D:\V2\data\debug\v2_9d_50_sold_products\469428072_description_raw_text.txt
155685507,https://sg.shein.com/SHEIN-LUNE-Women-s-Casual-Solid-Color-V-Neck-Flare-Sleeve-Twist-Front-Blouse-Spring-Autumn-Brown-Top-Dark-Chocolate-Coffee-Tie-p-155685507.html?src_module=RealClassFilteredRecommend&src_identifier=on=PRODUCT_RECOMMEND_COMPONENT`cn=PRODUCT_RECOMMEND_COMPONENT_1`hz=0`ps=1_0`jc=null_0&src_tab_page_id=page_real_class1780388499446&mallCode=1&detailBusinessFrom=0-2,https://sg.shein.com/SHEIN-LUNE-Women-s-Casual-Solid-Color-V-Neck-Flare-Sleeve-Twist-Front-Blouse-Spring-Autumn-Brown-Top-Dark-Chocolate-Coffee-Tie-p-155685507.html?src_module=RealClassFilteredRecommend&src_identifier=on=PRODUCT_RECOMMEND_COMPONENT`cn=PRODUCT_RECOMMEND_COMPONENT_1`hz=0`ps=1_0`jc=null_0&src_tab_page_id=page_real_class1780388499446&mallCode=1&detailBusinessFrom=0-2,2,2,"2,5",90k+ sold,TRUE,"SHEIN LUNE Women's Casual Solid Color V-Neck Flare Sleeve Twist Front Blouse, Spring/Autumn Brown Top Dark Chocolate Coffee Tie",S$9.49,sz25052288859851331,Coffee Brown,Knitted Fabric,"99% Polyester, 1% Elastane",Medium Stretch,Slim Fit,,Casual,Daily,"Knot, Rib-Knit",,Regular,V neck,Long Sleeve,Flare Sleeve,,,,No,Unlined,Regular,No,,No,,Teachers' Day,20,"Body Shape,Details,Body,Neckline,Sleeve Type,Style,Occasion,Hem Shaped,Lined For Added Warmth,Pockets,Festivals,Color,Sleeve Length,Length,Fit Type,Sheer,Fabric Elasticity,Material,Composition,Care Instructions","{""Body Shape"": ""Regular Shapes"", ""Details"": ""Knot, Rib-Knit"", ""Body"": ""Unlined"", ""Neckline"": ""V neck"", ""Sleeve Type"": ""Flare Sleeve"", ""Style"": ""Casual"", ""Occasion"": ""Daily"", ""Hem Shaped"": ""Regular"", ""Lined For Added Warmth"": ""No"", ""Pockets"": ""No"", ""Festivals"": ""Teachers' Day"", ""Color"": ""Coffee Brown"", ""Sleeve Length"": ""Long Sleeve"", ""Length"": ""Regular"", ""Fit Type"": ""Slim Fit"", ""Sheer"": ""No"", ""Fabric Elasticity"": ""Medium Stretch"", ""Material"": ""Knitted Fabric"", ""Composition"": ""99% Polyester, 1% Elastane"", ""Care Instructions"": ""Machine wash or professional dry clean""}","Body Shape: Regular Shapes
Details: Knot, Rib-Knit
Body: Unlined
Neckline: V neck
Sleeve Type: Flare Sleeve
Style: Casual
Occasion: Daily
Hem Shaped: Regular
Lined For Added Warmth: No
Pockets: No
Festivals: Teachers' Day
Color: Coffee Brown
Sleeve Length: Long Sleeve
Length: Regular
Fit Type: Slim Fit
Sheer: No
Fabric Elasticity: Medium Stretch
Material: Knitted Fabric
Composition: 99% Polyester, 1% Elastane
Care Instructions: Machine wash or professional dry clean",2026-06-04T14:31:47+08:00,success,商品主体信息命中 7 项,success,D:\V2\data\debug\v2_9d_50_sold_products\155685507.html,D:\V2\data\debug\v2_9d_50_sold_products\155685507_visible_text.txt,D:\V2\data\debug\v2_9d_50_sold_products\155685507_description_raw_text.txt
208827936,https://sg.shein.com/Vela-Rue-Minimalist-Design-Jumpsuit-Thin-Solid-Color-Suit-Pants-With-Zipper-Hook-Closure-Flared-Leg-Slimming-Trousers-Fashion-All-Season-Spring-p-208827936.html?mallCode=1&pageListType=4&detailBusinessFrom=0-1_208827936%7C0-2,https://sg.shein.com/Vela-Rue-Minimalist-Design-Jumpsuit-Thin-Solid-Color-Suit-Pants-With-Zipper-Hook-Closure-Flared-Leg-Slimming-Trousers-Fashion-All-Season-Spring-p-208827936.html?mallCode=1&pageListType=4&detailBusinessFrom=0-1_208827936%7C0-2,7,2,"7,8",90k+ sold,TRUE,"Vela Rue Minimalist Design Jumpsuit, Thin Solid Color Suit Pants With Zipper & Hook Closure, Flared Leg Slimming Trousers, Fashion All Season Spring",S$13.91,sz25080503829823271,Burgundy,Polyester,"95% Polyester, 5% Elastane",Slight Stretch,Regular Fit,Plain,Casual,Daily,"Button, Pocket, Zipper",Straight Leg,Long,,,,High Waist,Zipper Fly,,Yes,Unlined,,No,,No,,"Ramadan, Id al-Adha, Eid al-Fitr",19,"Closure Type,Details,Body,Pattern Type,Style,Occasion,Lined For Added Warmth,Pockets,Festivals,Color,Type,Waist Line,Length,Fabric Elasticity,Fit Type,Material,Composition,Care Instructions,Sheer","{""Closure Type"": ""Zipper Fly"", ""Details"": ""Button, Pocket, Zipper"", ""Body"": ""Unlined"", ""Pattern Type"": ""Plain"", ""Style"": ""Casual"", ""Occasion"": ""Daily"", ""Lined For Added Warmth"": ""No"", ""Pockets"": ""Yes"", ""Festivals"": ""Ramadan, Id al-Adha, Eid al-Fitr"", ""Color"": ""Burgundy"", ""Type"": ""Straight Leg"", ""Waist Line"": ""High Waist"", ""Length"": ""Long"", ""Fabric Elasticity"": ""Slight Stretch"", ""Fit Type"": ""Regular Fit"", ""Material"": ""Polyester"", ""Composition"": ""95% Polyester, 5% Elastane"", ""Care Instructions"": ""Machine wash or professional dry clean"", ""Sheer"": ""No""}","Closure Type: Zipper Fly
Details: Button, Pocket, Zipper
Body: Unlined
Pattern Type: Plain
Style: Casual
Occasion: Daily
Lined For Added Warmth: No
Pockets: Yes
Festivals: Ramadan, Id al-Adha, Eid al-Fitr
Color: Burgundy
Type: Straight Leg
Waist Line: High Waist
Length: Long
Fabric Elasticity: Slight Stretch
Fit Type: Regular Fit
Material: Polyester
Composition: 95% Polyester, 5% Elastane
Care Instructions: Machine wash or professional dry clean
Sheer: No",2026-06-04T14:33:52+08:00,success,商品主体信息命中 7 项,success,D:\V2\data\debug\v2_9d_50_sold_products\208827936.html,D:\V2\data\debug\v2_9d_50_sold_products\208827936_visible_text.txt,D:\V2\data\debug\v2_9d_50_sold_products\208827936_description_raw_text.txt
254270176,https://sg.shein.com/Vela-Rue-Minimalist-Design-Pants-Hook-Zipper-Closure-Thin-Solid-Green-Straight-Leg-Trousers-Flattering-Wide-Leg-Fashionable-All-Season-Spring-p-254270176.html?mallCode=1&pageListType=4&detailBusinessFrom=0-1_254270176%7C0-2,https://sg.shein.com/Vela-Rue-Minimalist-Design-Pants-Hook-Zipper-Closure-Thin-Solid-Green-Straight-Leg-Trousers-Flattering-Wide-Leg-Fashionable-All-Season-Spring-p-254270176.html?mallCode=1&pageListType=4&detailBusinessFrom=0-1_254270176%7C0-2,8,2,"8,9",90k+ sold,TRUE,"Vela Rue Minimalist Design Pants, Hook & Zipper Closure, Thin Solid Green Straight Leg Trousers, Flattering Wide Leg, Fashionable All Season Spring",S$13.91,sz25080503829803961,Dark Green,Polyester,"95% Polyester, 5% Elastane",Slight Stretch,Regular Fit,Plain,Casual,Daily,"Button, Pocket, Zipper",Straight Leg,Long,,,,High Waist,Zipper Fly,,Yes,Unlined,,No,,No,,"Ramadan, Id al-Adha, Eid al-Fitr",19,"Closure Type,Details,Body,Pattern Type,Style,Occasion,Lined For Added Warmth,Pockets,Festivals,Color,Type,Waist Line,Length,Fabric Elasticity,Fit Type,Material,Composition,Care Instructions,Sheer","{""Closure Type"": ""Zipper Fly"", ""Details"": ""Button, Pocket, Zipper"", ""Body"": ""Unlined"", ""Pattern Type"": ""Plain"", ""Style"": ""Casual"", ""Occasion"": ""Daily"", ""Lined For Added Warmth"": ""No"", ""Pockets"": ""Yes"", ""Festivals"": ""Ramadan, Id al-Adha, Eid al-Fitr"", ""Color"": ""Dark Green"", ""Type"": ""Straight Leg"", ""Waist Line"": ""High Waist"", ""Length"": ""Long"", ""Fabric Elasticity"": ""Slight Stretch"", ""Fit Type"": ""Regular Fit"", ""Material"": ""Polyester"", ""Composition"": ""95% Polyester, 5% Elastane"", ""Care Instructions"": ""Machine wash or professional dry clean"", ""Sheer"": ""No""}","Closure Type: Zipper Fly
Details: Button, Pocket, Zipper
Body: Unlined
Pattern Type: Plain
Style: Casual
Occasion: Daily
Lined For Added Warmth: No
Pockets: Yes
Festivals: Ramadan, Id al-Adha, Eid al-Fitr
Color: Dark Green
Type: Straight Leg
Waist Line: High Waist
Length: Long
Fabric Elasticity: Slight Stretch
Fit Type: Regular Fit
Material: Polyester
Composition: 95% Polyester, 5% Elastane
Care Instructions: Machine wash or professional dry clean
Sheer: No",2026-06-04T14:35:54+08:00,success,商品主体信息命中 7 项,success,D:\V2\data\debug\v2_9d_50_sold_products\254270176.html,D:\V2\data\debug\v2_9d_50_sold_products\254270176_visible_text.txt,D:\V2\data\debug\v2_9d_50_sold_products\254270176_description_raw_text.txt
317342804,https://sg.shein.com/Franclia-Women-s-High-Waist-Grey-Summer-Modest-Office-Skirt-Shorts-A-Line-Split-Hem-Textured-Soft-Fabric-Skorts-Fashionable-Casual-Commute-Versatile-Clothing-p-317342804.html?mallCode=1&pageListType=4&detailBusinessFrom=0-1_317342804%7C0-2,https://sg.shein.com/Franclia-Women-s-High-Waist-Grey-Summer-Modest-Office-Skirt-Shorts-A-Line-Split-Hem-Textured-Soft-Fabric-Skorts-Fashionable-Casual-Commute-Versatile-Clothing-p-317342804.html?mallCode=1&pageListType=4&detailBusinessFrom=0-1_317342804%7C0-2,8,2,"8,9",90k+ sold,TRUE,"Franclia Women's High Waist Grey Summer Modest Office Skirt Shorts,A-Line Split Hem Textured Soft Fabric Skorts,Fashionable Casual Commute Versatile Clothing",S$8.09,sz251023610117839025,Grey,Woven Fabric,"83% Polyester, 13% Viscose, 4% Elastane",Non-Stretch,Regular Fit,Plain,Casual,"Beach, School","Split, Zipper",Straight Leg,Short,,,,Natural(Mid Waist),Zipper Fly,,No,Unlined,,,,No,,Halloween,18,"Closure Type,Details,Body,Pattern Type,Style,Occasion,Pockets,Festivals,Color,Type,Waist Line,Length,Fit Type,Fabric Elasticity,Material,Composition,Care Instructions,Sheer","{""Closure Type"": ""Zipper Fly"", ""Details"": ""Split, Zipper"", ""Body"": ""Unlined"", ""Pattern Type"": ""Plain"", ""Style"": ""Casual"", ""Occasion"": ""Beach, School"", ""Pockets"": ""No"", ""Festivals"": ""Halloween"", ""Color"": ""Grey"", ""Type"": ""Straight Leg"", ""Waist Line"": ""Natural(Mid Waist)"", ""Length"": ""Short"", ""Fit Type"": ""Regular Fit"", ""Fabric Elasticity"": ""Non-Stretch"", ""Material"": ""Woven Fabric"", ""Composition"": ""83% Polyester, 13% Viscose, 4% Elastane"", ""Care Instructions"": ""Machine wash or professional dry clean"", ""Sheer"": ""No""}","Closure Type: Zipper Fly
Details: Split, Zipper
Body: Unlined
Pattern Type: Plain
Style: Casual
Occasion: Beach, School
Pockets: No
Festivals: Halloween
Color: Grey
Type: Straight Leg
Waist Line: Natural(Mid Waist)
Length: Short
Fit Type: Regular Fit
Fabric Elasticity: Non-Stretch
Material: Woven Fabric
Composition: 83% Polyester, 13% Viscose, 4% Elastane
Care Instructions: Machine wash or professional dry clean
Sheer: No",2026-06-04T14:38:03+08:00,success,商品主体信息命中 7 项,success,D:\V2\data\debug\v2_9d_50_sold_products\317342804.html,D:\V2\data\debug\v2_9d_50_sold_products\317342804_visible_text.txt,D:\V2\data\debug\v2_9d_50_sold_products\317342804_description_raw_text.txt
350806443,https://sg.shein.com/Franclia-Fashionable-Casual-Commute-Versatile-Textured-Soft-Fabric-High-Waist-Slit-Gray-Women-Shorts-Skirt-Culottes-Hot-Pants-Spring-Autumn-p-350806443.html?mallCode=1&pageListType=4&detailBusinessFrom=0-1_350806443%7C0-2,https://sg.shein.com/Franclia-Fashionable-Casual-Commute-Versatile-Textured-Soft-Fabric-High-Waist-Slit-Gray-Women-Shorts-Skirt-Culottes-Hot-Pants-Spring-Autumn-p-350806443.html?mallCode=1&pageListType=4&detailBusinessFrom=0-1_350806443%7C0-2,8,2,"8,9",90k+ sold,TRUE,"Franclia Fashionable Casual Commute Versatile Textured Soft Fabric High Waist Slit Gray Women Shorts/Skirt/Culottes/Hot Pants, Spring/Autumn",S$11.49,sz251223214316493062407,Brown,Woven Fabric,"76.5% Polyester, 21.3% Viscose, 2.2% Elastane",Non-Stretch,Regular Fit,Plain,Casual,"Beach, School","Split, Zipper",Straight Leg,Short,,,,Natural(Mid Waist),Zipper Fly,,No,Unlined,,,,No,,Halloween,18,"Closure Type,Details,Body,Pattern Type,Style,Occasion,Pockets,Festivals,Color,Type,Waist Line,Length,Fit Type,Fabric Elasticity,Material,Composition,Care Instructions,Sheer","{""Closure Type"": ""Zipper Fly"", ""Details"": ""Split, Zipper"", ""Body"": ""Unlined"", ""Pattern Type"": ""Plain"", ""Style"": ""Casual"", ""Occasion"": ""Beach, School"", ""Pockets"": ""No"", ""Festivals"": ""Halloween"", ""Color"": ""Brown"", ""Type"": ""Straight Leg"", ""Waist Line"": ""Natural(Mid Waist)"", ""Length"": ""Short"", ""Fit Type"": ""Regular Fit"", ""Fabric Elasticity"": ""Non-Stretch"", ""Material"": ""Woven Fabric"", ""Composition"": ""76.5% Polyester, 21.3% Viscose, 2.2% Elastane"", ""Care Instructions"": ""Machine wash or professional dry clean"", ""Sheer"": ""No""}","Closure Type: Zipper Fly
Details: Split, Zipper
Body: Unlined
Pattern Type: Plain
Style: Casual
Occasion: Beach, School
Pockets: No
Festivals: Halloween
Color: Brown
Type: Straight Leg
Waist Line: Natural(Mid Waist)
Length: Short
Fit Type: Regular Fit
Fabric Elasticity: Non-Stretch
Material: Woven Fabric
Composition: 76.5% Polyester, 21.3% Viscose, 2.2% Elastane
Care Instructions: Machine wash or professional dry clean
Sheer: No",2026-06-04T14:39:56+08:00,success,商品主体信息命中 7 项,success,D:\V2\data\debug\v2_9d_50_sold_products\350806443.html,D:\V2\data\debug\v2_9d_50_sold_products\350806443_visible_text.txt,D:\V2\data\debug\v2_9d_50_sold_products\350806443_description_raw_text.txt
365502654,https://sg.shein.com/Women-s-High-Waist-Slim-Fit-Wide-Leg-Pants-Bohemian-Street-Style-Suitable-For-Casual-Work-Commute-And-Vacation-In-Spring-Summer-Black-p-365502654.html?mallCode=1&pageListType=4&detailBusinessFrom=0-1_365502654%7C0-2,https://sg.shein.com/Women-s-High-Waist-Slim-Fit-Wide-Leg-Pants-Bohemian-Street-Style-Suitable-For-Casual-Work-Commute-And-Vacation-In-Spring-Summer-Black-p-365502654.html?mallCode=1&pageListType=4&detailBusinessFrom=0-1_365502654%7C0-2,3,2,"3,4",59.7k+ sold,TRUE,"Women's High Waist Slim Fit Wide Leg Pants | Bohemian Street Style | Suitable For Casual, Work Commute And Vacation In Spring/Summer Black",S$16.18,sz251023557454411772,Black,Woven Fabric,"95% Polyester, 5% Elastane",Non-Stretch,Loose,Plain,Casual,"Night Out, Holiday, Wedding, Office, Daily","Pocket, Zipper",Wide Leg,Long,,,,High Waist,Zipper Fly,,Yes,Unlined,,No,,No,,"Christmas, Halloween, Ramadan, Id al-Adha, Eid al-Fitr",19,"Closure Type,Details,Body,Pattern Type,Style,Occasion,Lined For Added Warmth,Pockets,Festivals,Color,Type,Waist Line,Length,Fabric Elasticity,Fit Type,Material,Composition,Care Instructions,Sheer","{""Closure Type"": ""Zipper Fly"", ""Details"": ""Pocket, Zipper"", ""Body"": ""Unlined"", ""Pattern Type"": ""Plain"", ""Style"": ""Casual"", ""Occasion"": ""Night Out, Holiday, Wedding, Office, Daily"", ""Lined For Added Warmth"": ""No"", ""Pockets"": ""Yes"", ""Festivals"": ""Christmas, Halloween, Ramadan, Id al-Adha, Eid al-Fitr"", ""Color"": ""Black"", ""Type"": ""Wide Leg"", ""Waist Line"": ""High Waist"", ""Length"": ""Long"", ""Fabric Elasticity"": ""Non-Stretch"", ""Fit Type"": ""Loose"", ""Material"": ""Woven Fabric"", ""Composition"": ""95% Polyester, 5% Elastane"", ""Care Instructions"": ""Machine wash or professional dry clean"", ""Sheer"": ""No""}","Closure Type: Zipper Fly
Details: Pocket, Zipper
Body: Unlined
Pattern Type: Plain
Style: Casual
Occasion: Night Out, Holiday, Wedding, Office, Daily
Lined For Added Warmth: No
Pockets: Yes
Festivals: Christmas, Halloween, Ramadan, Id al-Adha, Eid al-Fitr
Color: Black
Type: Wide Leg
Waist Line: High Waist
Length: Long
Fabric Elasticity: Non-Stretch
Fit Type: Loose
Material: Woven Fabric
Composition: 95% Polyester, 5% Elastane
Care Instructions: Machine wash or professional dry clean
Sheer: No",2026-06-04T14:42:04+08:00,success,商品主体信息命中 7 项,success,D:\V2\data\debug\v2_9d_50_sold_products\365502654.html,D:\V2\data\debug\v2_9d_50_sold_products\365502654_visible_text.txt,D:\V2\data\debug\v2_9d_50_sold_products\365502654_description_raw_text.txt
74403544,https://sg.shein.com/Sweetra-Women-s-Vintage-Elegant-Color-Woven-Jacquard-Pleated-Wide-Leg-Pants-For-Autumn-Winter-Fall-Cloth-For-Women-p-74403544.html?mallCode=1&pageListType=4&detailBusinessFrom=0-1_74403544%7C0-2,https://sg.shein.com/Sweetra-Women-s-New-Fashionable-Versatile-Retro-American-Polka-Dot-Casual-Straight-Stretch-Loose-Pants-p-445782811.html?mallCode=1&pageListType=4&detailBusinessFrom=0-1_74403544%7C0-2&main_attr=27_739,7,2,"7,8",51.5k+ sold,TRUE,Sweetra Women's New Fashionable Versatile Retro American Polka Dot Casual Straight Stretch Loose Pants,S$19.99,sz260325113051237078345,White,Polyester,"95.0% Polyester, 5.0% Elastane",Non-Stretch,Loose,,Casual,,"Button, Zipper, Plicated",Wide Leg,Long,,,,Natural(Mid Waist),Zipper Fly,,No,Unlined,,No,,No,Spring/Fall (18-25/63-77),"Ramadan, Id al-Adha, Eid al-Fitr",18,"Closure Type,Details,Body,Style,Lined For Added Warmth,Pockets,Festivals,Color,Type,Waist Line,Length,Fabric Elasticity,Fit Type,Material,Composition,Care Instructions,Temperature,Sheer","{""Closure Type"": ""Zipper Fly"", ""Details"": ""Button, Zipper, Plicated"", ""Body"": ""Unlined"", ""Style"": ""Casual"", ""Lined For Added Warmth"": ""No"", ""Pockets"": ""No"", ""Festivals"": ""Ramadan, Id al-Adha, Eid al-Fitr"", ""Color"": ""White"", ""Type"": ""Wide Leg"", ""Waist Line"": ""Natural(Mid Waist)"", ""Length"": ""Long"", ""Fabric Elasticity"": ""Non-Stretch"", ""Fit Type"": ""Loose"", ""Material"": ""Polyester"", ""Composition"": ""95.0% Polyester, 5.0% Elastane"", ""Care Instructions"": ""Hand wash or professional dry clean"", ""Temperature"": ""Spring/Fall (18-25/63-77)"", ""Sheer"": ""No""}","Closure Type: Zipper Fly
Details: Button, Zipper, Plicated
Body: Unlined
Style: Casual
Lined For Added Warmth: No
Pockets: No
Festivals: Ramadan, Id al-Adha, Eid al-Fitr
Color: White
Type: Wide Leg
Waist Line: Natural(Mid Waist)
Length: Long
Fabric Elasticity: Non-Stretch
Fit Type: Loose
Material: Polyester
Composition: 95.0% Polyester, 5.0% Elastane
Care Instructions: Hand wash or professional dry clean
Temperature: Spring/Fall (18-25/63-77)
Sheer: No",2026-06-04T14:44:10+08:00,success,商品主体信息命中 7 项,success,D:\V2\data\debug\v2_9d_50_sold_products\74403544.html,D:\V2\data\debug\v2_9d_50_sold_products\74403544_visible_text.txt,D:\V2\data\debug\v2_9d_50_sold_products\74403544_description_raw_text.txt
352082325,https://sg.shein.com/Elamini-Women-s-Vintage-Textured-Relaxed-Fit-Low-Waist-Casual-Pants-Slimming-Solid-Color-Straight-Leg-Trousers-Versatile-For-Spring-p-352082325.html?mallCode=1&pageListType=4&detailBusinessFrom=0-1_352082325%7C0-2,https://sg.shein.com/Elamini-Women-s-Vintage-Textured-Relaxed-Fit-Low-Waist-Casual-Pants-Slimming-Solid-Color-Straight-Leg-Trousers-Versatile-For-Spring-p-352082325.html?mallCode=1&pageListType=4&detailBusinessFrom=0-1_352082325%7C0-2,6,2,"6,9",45.6k+ sold,TRUE,"Elamini Women's Vintage Textured Relaxed Fit Low Waist Casual Pants, Slimming Solid Color Straight Leg Trousers, Versatile For Spring",S$12.99,sz251224175883522682699,Brown,Knitted Fabric,"95% Polyester, 5% Elastane",Slight Stretch,Loose,Plain,Casual,"Holiday, School, Vacation, Office, Home, Daily, Homecoming, Travel, Brunch, Airport",Drawstring,Straight Leg,Extra Long,,,,Ultra Low Waist,Drawstring Waist,,No,Unlined,,No,,No,Spring/Fall (18-25/63-77),"Back-to-School, Easter, Ramadan, Independence Day, Id al-Adha, Eid al-Fitr, Commencement/Graduation Season",21,"Closure Type,Details,Body,Pattern Type,Style,Occasion,Lined For Added Warmth,Pockets,Festivals,Color,Type,Waist Line,Length,Fabric Elasticity,Fit Type,Material,Composition,Care Instructions,Temperature,Belt,Sheer","{""Closure Type"": ""Drawstring Waist"", ""Details"": ""Drawstring"", ""Body"": ""Unlined"", ""Pattern Type"": ""Plain"", ""Style"": ""Casual"", ""Occasion"": ""Holiday, School, Vacation, Office, Home, Daily, Homecoming, Travel, Brunch, Airport"", ""Lined For Added Warmth"": ""No"", ""Pockets"": ""No"", ""Festivals"": ""Back-to-School, Easter, Ramadan, Independence Day, Id al-Adha, Eid al-Fitr, Commencement/Graduation Season"", ""Color"": ""Brown"", ""Type"": ""Straight Leg"", ""Waist Line"": ""Ultra Low Waist"", ""Length"": ""Extra Long"", ""Fabric Elasticity"": ""Slight Stretch"", ""Fit Type"": ""Loose"", ""Material"": ""Knitted Fabric"", ""Composition"": ""95% Polyester, 5% Elastane"", ""Care Instructions"": ""Machine wash or professional dry clean"", ""Temperature"": ""Spring/Fall (18-25/63-77)"", ""Belt"": ""No"", ""Sheer"": ""No""}","Closure Type: Drawstring Waist
Details: Drawstring
Body: Unlined
Pattern Type: Plain
Style: Casual
Occasion: Holiday, School, Vacation, Office, Home, Daily, Homecoming, Travel, Brunch, Airport
Lined For Added Warmth: No
Pockets: No
Festivals: Back-to-School, Easter, Ramadan, Independence Day, Id al-Adha, Eid al-Fitr, Commencement/Graduation Season
Color: Brown
Type: Straight Leg
Waist Line: Ultra Low Waist
Length: Extra Long
Fabric Elasticity: Slight Stretch
Fit Type: Loose
Material: Knitted Fabric
Composition: 95% Polyester, 5% Elastane
Care Instructions: Machine wash or professional dry clean
Temperature: Spring/Fall (18-25/63-77)
Belt: No
Sheer: No",2026-06-04T14:46:24+08:00,success,商品主体信息命中 7 项,success,D:\V2\data\debug\v2_9d_50_sold_products\352082325.html,D:\V2\data\debug\v2_9d_50_sold_products\352082325_visible_text.txt,D:\V2\data\debug\v2_9d_50_sold_products\352082325_description_raw_text.txt
57267606,https://sg.shein.com/SHEIN-EZwear-4pcs-Women-Tight-Fitting-Cropped-Casual-Camisole-Tank-Tops-Suitable-For-Summer-Back-To-School-p-57267606.html?mallCode=1&pageListType=4&detailBusinessFrom=0-1_57267606%7C0-2,https://sg.shein.com/SHEIN-EZwear-4pcs-Women-Tight-Fitting-Cropped-Casual-Camisole-Tank-Tops-Suitable-For-Summer-Back-To-School-p-57267606.html?mallCode=1&pageListType=4&detailBusinessFrom=0-1_57267606%7C0-2,7,2,"7,8",39k+ sold,TRUE,"SHEIN EZwear 4pcs Women Tight-Fitting Cropped Casual Camisole Tank Tops, Suitable For Summer Back To School",S$12.49,sz2409231781646020,Multicolor,Knitted Fabric,"95% Polyester,5% Elastane",Slight Stretch,Slim Fit,Plain,Casual,"Beach, Night Out, Stage & Concert","Backless, Rib-Knit",Cami,,Spaghetti Strap,,,,,,,,Regular,No,,No,,Oktoberfest in Munich,20,"Details,Tank Tops & Camis Body,Neckline,Pattern Type,Style,Type,Occasion,Hem Shaped,Lined For Added Warmth,Festivals,Color,Tank Tops & Camis Length,Fit Type,Fabric Elasticity,Tank Tops & Camis Material,Tank Tops & Camis Composition,Care Instructions,Sheer,Material,Composition","{""Details"": ""Backless, Rib-Knit"", ""Tank Tops & Camis Body"": ""Unlined"", ""Neckline"": ""Spaghetti Strap"", ""Pattern Type"": ""Plain"", ""Style"": ""Casual"", ""Type"": ""Cami"", ""Occasion"": ""Beach, Night Out, Stage & Concert"", ""Hem Shaped"": ""Regular"", ""Lined For Added Warmth"": ""No"", ""Festivals"": ""Oktoberfest in Munich"", ""Color"": ""Multicolor"", ""Tank Tops & Camis Length"": ""Crop"", ""Fit Type"": ""Slim Fit"", ""Fabric Elasticity"": ""Slight Stretch"", ""Tank Tops & Camis Material"": ""Knitted Fabric"", ""Tank Tops & Camis Composition"": ""95% Polyester,5% Elastane"", ""Care Instructions"": ""Machine wash or professional dry clean"", ""Sheer"": ""No"", ""Material"": ""Knitted Fabric"", ""Composition"": ""95% Polyester,5% Elastane""}","Details: Backless, Rib-Knit
Tank Tops & Camis Body: Unlined
Neckline: Spaghetti Strap
Pattern Type: Plain
Style: Casual
Type: Cami
Occasion: Beach, Night Out, Stage & Concert
Hem Shaped: Regular
Lined For Added Warmth: No
Festivals: Oktoberfest in Munich
Color: Multicolor
Tank Tops & Camis Length: Crop
Fit Type: Slim Fit
Fabric Elasticity: Slight Stretch
Tank Tops & Camis Material: Knitted Fabric
Tank Tops & Camis Composition: 95% Polyester,5% Elastane
Care Instructions: Machine wash or professional dry clean
Sheer: No
Material: Knitted Fabric
Composition: 95% Polyester,5% Elastane",2026-06-04T14:48:28+08:00,success,商品主体信息命中 7 项,success,D:\V2\data\debug\v2_9d_50_sold_products\57267606.html,D:\V2\data\debug\v2_9d_50_sold_products\57267606_visible_text.txt,D:\V2\data\debug\v2_9d_50_sold_products\57267606_description_raw_text.txt
73971086,https://sg.shein.com/Fashionable-Elegant-Loose-Knitted-Shawl-Cardigan-Lightweight-Breathable-Oversized-Design-Suitable-For-Women-Spring-Summer-Casual-Wear-Leisure-Travel-Beach-Versatile-p-73971086.html?mallCode=1&pageListType=4&detailBusinessFrom=0-1_73971086%7C0-2,https://sg.shein.com/Fashionable-Elegant-Loose-Knitted-Shawl-Cardigan-Lightweight-Breathable-Oversized-Design-Suitable-For-Women-Spring-Summer-Casual-Wear-Leisure-Travel-Beach-Versatile-p-73971086.html?mallCode=1&pageListType=4&detailBusinessFrom=0-1_73971086%7C0-2,5,2,"5,10",35.5k+ sold,TRUE,"Fashionable & Elegant Loose Knitted Shawl Cardigan, Lightweight & Breathable, Oversized Design, Suitable For Women, Spring/Summer Casual Wear, Leisure Travel, Beach, Versatile",S$11.99,sz25042755606523066,Green,Polyester,100% Polyester,Slight Stretch,Loose,,"Sexy, Elegant","Beach, Night Out, Daily, Travel",,Poncho,Long,Cowl Neck,Sleeveless,,,,,No,,Asymmetrical,No,,Semi-Sheer,,"Pride Month, Teachers' Day, Women's Day",18,"Neckline,Style,Type,Occasion,Hem Shaped,Lined For Added Warmth,Pockets,Festivals,Color,Sleeve Length,Length,Number of Pieces,Fit Type,Fabric Elasticity,Material,Composition,Care Instructions,Sheer","{""Neckline"": ""Cowl Neck"", ""Style"": ""Sexy, Elegant"", ""Type"": ""Poncho"", ""Occasion"": ""Beach, Night Out, Daily, Travel"", ""Hem Shaped"": ""Asymmetrical"", ""Lined For Added Warmth"": ""No"", ""Pockets"": ""No"", ""Festivals"": ""Pride Month, Teachers' Day, Women's Day"", ""Color"": ""Green"", ""Sleeve Length"": ""Sleeveless"", ""Length"": ""Long"", ""Number of Pieces"": ""1 Piece Set"", ""Fit Type"": ""Loose"", ""Fabric Elasticity"": ""Slight Stretch"", ""Material"": ""Polyester"", ""Composition"": ""100% Polyester"", ""Care Instructions"": ""Hand wash,do not dry clean"", ""Sheer"": ""Semi-Sheer""}","Neckline: Cowl Neck
Style: Sexy, Elegant
Type: Poncho
Occasion: Beach, Night Out, Daily, Travel
Hem Shaped: Asymmetrical
Lined For Added Warmth: No
Pockets: No
Festivals: Pride Month, Teachers' Day, Women's Day
Color: Green
Sleeve Length: Sleeveless
Length: Long
Number of Pieces: 1 Piece Set
Fit Type: Loose
Fabric Elasticity: Slight Stretch
Material: Polyester
Composition: 100% Polyester
Care Instructions: Hand wash,do not dry clean
Sheer: Semi-Sheer",2026-06-04T14:50:31+08:00,success,商品主体信息命中 7 项,success,D:\V2\data\debug\v2_9d_50_sold_products\73971086.html,D:\V2\data\debug\v2_9d_50_sold_products\73971086_visible_text.txt,D:\V2\data\debug\v2_9d_50_sold_products\73971086_description_raw_text.txt
52628967,https://sg.shein.com/INAWLY-Autumn-Winter-Loose-Fit-Long-Sleeve-Faux-Leather-Jacket-Motorcycle-Style-For-Women-Fall-Cloth-For-Women-p-52628967.html?mallCode=1&pageListType=4&detailBusinessFrom=0-1_52628967%7C0-2,https://sg.shein.com/INAWLY-Autumn-Winter-Loose-Fit-Long-Sleeve-Faux-Leather-Jacket-Motorcycle-Style-For-Women-Fall-Cloth-For-Women-p-52628967.html?mallCode=1&pageListType=4&detailBusinessFrom=0-1_52628967%7C0-2,4,2,"4,5",32.5k+ sold,TRUE,"INAWLY Autumn/Winter Loose Fit Long Sleeve Faux Leather Jacket, Motorcycle Style For Women Fall Cloth For Women",S$24.49,sz2410294282198489,Burgundy,Polyurethane(PU),100.0% Polyester,Non-Stretch,Loose,,Casual,,"Pocket, Zipper",Bomber Jackets,Regular,Collar,Long Sleeve,Drop Shoulder,,,Zipper,Yes,Unlined,Tight Hem,No,,No,Late Fall (10-17/50-63),Back-to-School,21,"Details,Body,Neckline,Placket,Sleeve Type,Style,Type,Hem Shaped,Lined For Added Warmth,Pockets,Festivals,Color,Sleeve Length,Length,Fit Type,Fabric Elasticity,Material,Composition,Care Instructions,Temperature,Sheer","{""Details"": ""Pocket, Zipper"", ""Body"": ""Unlined"", ""Neckline"": ""Collar"", ""Placket"": ""Zipper"", ""Sleeve Type"": ""Drop Shoulder"", ""Style"": ""Casual"", ""Type"": ""Bomber Jackets"", ""Hem Shaped"": ""Tight Hem"", ""Lined For Added Warmth"": ""No"", ""Pockets"": ""Yes"", ""Festivals"": ""Back-to-School"", ""Color"": ""Burgundy"", ""Sleeve Length"": ""Long Sleeve"", ""Length"": ""Regular"", ""Fit Type"": ""Loose"", ""Fabric Elasticity"": ""Non-Stretch"", ""Material"": ""Polyurethane(PU)"", ""Composition"": ""100.0% Polyester"", ""Care Instructions"": ""Damp wipe only"", ""Temperature"": ""Late Fall (10-17/50-63)"", ""Sheer"": ""No""}","Details: Pocket, Zipper
Body: Unlined
Neckline: Collar
Placket: Zipper
Sleeve Type: Drop Shoulder
Style: Casual
Type: Bomber Jackets
Hem Shaped: Tight Hem
Lined For Added Warmth: No
Pockets: Yes
Festivals: Back-to-School
Color: Burgundy
Sleeve Length: Long Sleeve
Length: Regular
Fit Type: Loose
Fabric Elasticity: Non-Stretch
Material: Polyurethane(PU)
Composition: 100.0% Polyester
Care Instructions: Damp wipe only
Temperature: Late Fall (10-17/50-63)
Sheer: No",2026-06-04T14:52:40+08:00,success,商品主体信息命中 7 项,success,D:\V2\data\debug\v2_9d_50_sold_products\52628967.html,D:\V2\data\debug\v2_9d_50_sold_products\52628967_visible_text.txt,D:\V2\data\debug\v2_9d_50_sold_products\52628967_description_raw_text.txt
468450372,https://sg.shein.com/Tseoso-Women-s-3-Pack-Ribbed-Camisole-Tops-With-Built-In-Padded-Bra-White-With-Black-Polka-Dots-Royal-Blue-Heather-Gray-Summer-Casual-Everyday-Tank-Tops-Y2K-p-468450372.html?mallCode=1&pageListType=4&detailBusinessFrom=0-1_468450372%7C0-2,https://sg.shein.com/Tseoso-Women-s-3-Pack-Ribbed-Camisole-Tops-With-Built-In-Padded-Bra-White-With-Black-Polka-Dots-Royal-Blue-Heather-Gray-Summer-Casual-Everyday-Tank-Tops-Y2K-p-468450372.html?mallCode=1&pageListType=4&detailBusinessFrom=0-1_468450372%7C0-2,6,2,"6,9",30.6k+ sold,TRUE,"Tseoso Women's 3-Pack Ribbed Camisole Tops With Built-In Padded Bra,White With Black Polka Dots,Royal Blue,Heather Gray,Summer Casual Everyday Tank Tops,Y2K",S$19.49,sz260507003968815963562,Black,Knitted Fabric,"92% Viscose,8% Elastane",High Stretch,Slim Fit,Geometric,Casual,Travel,"Backless, Rib-Knit",Cami,,Spaghetti Strap,,,,,,,,Regular,No,,No,,Valentine's Day,21,"Details,Tank Tops & Camis Body,Neckline,Pattern Type,Style,Type,Occasion,Hem Shaped,Lined For Added Warmth,Festivals,Color,Tank Tops & Camis Length,Fit Type,Fabric Elasticity,Tank Tops & Camis Material,Tank Tops & Camis Composition,Care Instructions,Sheer,Number of Pieces,Material,Composition","{""Details"": ""Backless, Rib-Knit"", ""Tank Tops & Camis Body"": ""Unlined"", ""Neckline"": ""Spaghetti Strap"", ""Pattern Type"": ""Geometric"", ""Style"": ""Casual"", ""Type"": ""Cami"", ""Occasion"": ""Travel"", ""Hem Shaped"": ""Regular"", ""Lined For Added Warmth"": ""No"", ""Festivals"": ""Valentine's Day"", ""Color"": ""Black"", ""Tank Tops & Camis Length"": ""Crop"", ""Fit Type"": ""Slim Fit"", ""Fabric Elasticity"": ""High Stretch"", ""Tank Tops & Camis Material"": ""Knitted Fabric"", ""Tank Tops & Camis Composition"": ""92% Viscose,8% Elastane"", ""Care Instructions"": ""Machine wash or professional dry clean"", ""Sheer"": ""No"", ""Number of Pieces"": ""2 Piece Set"", ""Material"": ""Knitted Fabric"", ""Composition"": ""92% Viscose,8% Elastane""}","Details: Backless, Rib-Knit
Tank Tops & Camis Body: Unlined
Neckline: Spaghetti Strap
Pattern Type: Geometric
Style: Casual
Type: Cami
Occasion: Travel
Hem Shaped: Regular
Lined For Added Warmth: No
Festivals: Valentine's Day
Color: Black
Tank Tops & Camis Length: Crop
Fit Type: Slim Fit
Fabric Elasticity: High Stretch
Tank Tops & Camis Material: Knitted Fabric
Tank Tops & Camis Composition: 92% Viscose,8% Elastane
Care Instructions: Machine wash or professional dry clean
Sheer: No
Number of Pieces: 2 Piece Set
Material: Knitted Fabric
Composition: 92% Viscose,8% Elastane",2026-06-04T14:54:38+08:00,success,商品主体信息命中 7 项,success,D:\V2\data\debug\v2_9d_50_sold_products\468450372.html,D:\V2\data\debug\v2_9d_50_sold_products\468450372_visible_text.txt,D:\V2\data\debug\v2_9d_50_sold_products\468450372_description_raw_text.txt
18813630,https://sg.shein.com/SHEIN-EZwear-Spring-Solid-Pleated-Detail-Casual-Wide-Leg-Pants-p-18813630.html?mallCode=1&pageListType=4&detailBusinessFrom=0-1_18813630%7C0-2,https://sg.shein.com/SHEIN-EZwear-Spring-Solid-Pleated-Detail-Casual-Wide-Leg-Pants-p-18813630.html?mallCode=1&pageListType=4&detailBusinessFrom=0-1_18813630%7C0-2,3,2,"3,4",28.8k+ sold,TRUE,SHEIN EZwear Spring Solid Pleated Detail Casual Wide Leg Pants,S$18.49,sz2306182692635893,Light Grey,Woven Fabric,100% Polyester,Non-Stretch,Loose,Plain,Elegant,,"Button, Zipper, Plicated",Wide Leg,Long,,,,High Waist,Zipper Fly,,No,Unlined,,No,,No,Spring/Fall (18-25/63-77),,18,"Closure Type,Details,Body,Pattern Type,Style,Lined For Added Warmth,Pockets,Color,Type,Waist Line,Length,Fabric Elasticity,Fit Type,Material,Composition,Care Instructions,Temperature,Sheer","{""Closure Type"": ""Zipper Fly"", ""Details"": ""Button, Zipper, Plicated"", ""Body"": ""Unlined"", ""Pattern Type"": ""Plain"", ""Style"": ""Elegant"", ""Lined For Added Warmth"": ""No"", ""Pockets"": ""No"", ""Color"": ""Light Grey"", ""Type"": ""Wide Leg"", ""Waist Line"": ""High Waist"", ""Length"": ""Long"", ""Fabric Elasticity"": ""Non-Stretch"", ""Fit Type"": ""Loose"", ""Material"": ""Woven Fabric"", ""Composition"": ""100% Polyester"", ""Care Instructions"": ""Machine wash or professional dry clean"", ""Temperature"": ""Spring/Fall (18-25/63-77)"", ""Sheer"": ""No""}","Closure Type: Zipper Fly
Details: Button, Zipper, Plicated
Body: Unlined
Pattern Type: Plain
Style: Elegant
Lined For Added Warmth: No
Pockets: No
Color: Light Grey
Type: Wide Leg
Waist Line: High Waist
Length: Long
Fabric Elasticity: Non-Stretch
Fit Type: Loose
Material: Woven Fabric
Composition: 100% Polyester
Care Instructions: Machine wash or professional dry clean
Temperature: Spring/Fall (18-25/63-77)
Sheer: No",2026-06-04T14:56:54+08:00,success,商品主体信息命中 7 项,success,D:\V2\data\debug\v2_9d_50_sold_products\18813630.html,D:\V2\data\debug\v2_9d_50_sold_products\18813630_visible_text.txt,D:\V2\data\debug\v2_9d_50_sold_products\18813630_description_raw_text.txt
94866877,https://sg.shein.com/Sweetra-Women-s-Solid-Color-Casual-Sleeveless-Tank-Top-Summer-p-94866877.html?mallCode=1&pageListType=4&detailBusinessFrom=0-1_94866877%7C0-2,https://sg.shein.com/Sweetra-Women-s-Solid-Color-Casual-Sleeveless-Tank-Top-Summer-p-94866877.html?mallCode=1&pageListType=4&detailBusinessFrom=0-1_94866877%7C0-2,7,2,"7,8",28.6k+ sold,TRUE,"Sweetra Women's Solid Color Casual Sleeveless Tank Top, Summer",S$17.49,sz25052952901140933,Multicolor,Knitted Fabric,"95% Polyester,5% Elastane",Medium Stretch,Slim Fit,"Plain, Textured Pattern",Casual,Beach,Ruched,Tank,,Straps,,,,,,No,,Regular,No,,Semi-Sheer,,Oktoberfest in Munich,20,"Details,Neckline,Pattern Type,Style,Type,Occasion,Hem Shaped,Lined For Added Warmth,Pockets,Festivals,Color,Tank Tops & Camis Length,Fit Type,Fabric Elasticity,Tank Tops & Camis Material,Tank Tops & Camis Composition,Care Instructions,Sheer,Material,Composition","{""Details"": ""Ruched"", ""Neckline"": ""Straps"", ""Pattern Type"": ""Plain, Textured Pattern"", ""Style"": ""Casual"", ""Type"": ""Tank"", ""Occasion"": ""Beach"", ""Hem Shaped"": ""Regular"", ""Lined For Added Warmth"": ""No"", ""Pockets"": ""No"", ""Festivals"": ""Oktoberfest in Munich"", ""Color"": ""Multicolor"", ""Tank Tops & Camis Length"": ""Crop"", ""Fit Type"": ""Slim Fit"", ""Fabric Elasticity"": ""Medium Stretch"", ""Tank Tops & Camis Material"": ""Knitted Fabric"", ""Tank Tops & Camis Composition"": ""95% Polyester,5% Elastane"", ""Care Instructions"": ""Machine wash or professional dry clean"", ""Sheer"": ""Semi-Sheer"", ""Material"": ""Knitted Fabric"", ""Composition"": ""95% Polyester,5% Elastane""}","Details: Ruched
Neckline: Straps
Pattern Type: Plain, Textured Pattern
Style: Casual
Type: Tank
Occasion: Beach
Hem Shaped: Regular
Lined For Added Warmth: No
Pockets: No
Festivals: Oktoberfest in Munich
Color: Multicolor
Tank Tops & Camis Length: Crop
Fit Type: Slim Fit
Fabric Elasticity: Medium Stretch
Tank Tops & Camis Material: Knitted Fabric
Tank Tops & Camis Composition: 95% Polyester,5% Elastane
Care Instructions: Machine wash or professional dry clean
Sheer: Semi-Sheer
Material: Knitted Fabric
Composition: 95% Polyester,5% Elastane",2026-06-04T14:59:00+08:00,success,商品主体信息命中 7 项,success,D:\V2\data\debug\v2_9d_50_sold_products\94866877.html,D:\V2\data\debug\v2_9d_50_sold_products\94866877_visible_text.txt,D:\V2\data\debug\v2_9d_50_sold_products\94866877_description_raw_text.txt
36391039,https://sg.shein.com/SHEIN-PETITE-Ladies-Solid-Color-Simple-Everyday-Casual-Trousers-p-36391039.html?mallCode=1&pageListType=4&detailBusinessFrom=0-1_36391039%7C0-2,https://sg.shein.com/SHEIN-PETITE-Ladies-Solid-Color-Simple-Everyday-Casual-Trousers-p-36391039.html?mallCode=1&pageListType=4&detailBusinessFrom=0-1_36391039%7C0-2,3,2,"3,4",25.5k+ sold,TRUE,SHEIN PETITE Ladies' Solid Color Simple Everyday Casual Trousers,S$16.99,sz2312013105103586,Black,Woven Fabric,100% Polyester,Non-Stretch,Regular Fit,,Casual,Daily,"Button, Pocket, Zipper",Straight Leg,Long,,,,Natural(Mid Waist),Zipper Fly,,Yes,Unlined,,No,,No,Spring/Fall (18-25/63-77),Independence Day,20,"Closure Type,Details,Body,Style,Occasion,Lined For Added Warmth,Pockets,Festivals,Color,Type,Waist Line,Length,Fabric Elasticity,Fit Type,Material,Composition,Care Instructions,Temperature,Belt,Sheer","{""Closure Type"": ""Zipper Fly"", ""Details"": ""Button, Pocket, Zipper"", ""Body"": ""Unlined"", ""Style"": ""Casual"", ""Occasion"": ""Daily"", ""Lined For Added Warmth"": ""No"", ""Pockets"": ""Yes"", ""Festivals"": ""Independence Day"", ""Color"": ""Black"", ""Type"": ""Straight Leg"", ""Waist Line"": ""Natural(Mid Waist)"", ""Length"": ""Long"", ""Fabric Elasticity"": ""Non-Stretch"", ""Fit Type"": ""Regular Fit"", ""Material"": ""Woven Fabric"", ""Composition"": ""100% Polyester"", ""Care Instructions"": ""Machine wash or professional dry clean"", ""Temperature"": ""Spring/Fall (18-25/63-77)"", ""Belt"": ""No"", ""Sheer"": ""No""}","Closure Type: Zipper Fly
Details: Button, Pocket, Zipper
Body: Unlined
Style: Casual
Occasion: Daily
Lined For Added Warmth: No
Pockets: Yes
Festivals: Independence Day
Color: Black
Type: Straight Leg
Waist Line: Natural(Mid Waist)
Length: Long
Fabric Elasticity: Non-Stretch
Fit Type: Regular Fit
Material: Woven Fabric
Composition: 100% Polyester
Care Instructions: Machine wash or professional dry clean
Temperature: Spring/Fall (18-25/63-77)
Belt: No
Sheer: No",2026-06-04T15:01:11+08:00,success,商品主体信息命中 7 项,success,D:\V2\data\debug\v2_9d_50_sold_products\36391039.html,D:\V2\data\debug\v2_9d_50_sold_products\36391039_visible_text.txt,D:\V2\data\debug\v2_9d_50_sold_products\36391039_description_raw_text.txt
55376300,https://sg.shein.com/Livesso-Women-s-Solid-Color-Fitted-Tank-Top-Minimalist-Casual-Daily-Wear-Going-Out-Tops-p-55376300.html?mallCode=1&pageListType=4&detailBusinessFrom=0-1_55376300%7C0-2,https://sg.shein.com/Livesso-Women-s-Solid-Color-Fitted-Tank-Top-Minimalist-Casual-Daily-Wear-Going-Out-Tops-p-55376300.html?mallCode=1&pageListType=4&detailBusinessFrom=0-1_55376300%7C0-2,2,2,"2,3",25.3k+ sold,TRUE,"Livesso Women's Solid Color Fitted Tank Top, Minimalist Casual Daily Wear Going Out Tops",S$5.99,sz2407301379217236,White,Rib knit,"90% Polyester, 10% Elastane",Medium Stretch,Slim Fit,,Casual,"Home, Daily","Ruched, Rib-Knit",Tank,Regular,Round Neck,,,,,,,Unlined,Regular,No,,Semi-Sheer,,Halloween,17,"Details,Body,Neckline,Style,Type,Occasion,Hem Shaped,Lined For Added Warmth,Festivals,Color,Length,Fit Type,Fabric Elasticity,Material,Composition,Care Instructions,Sheer","{""Details"": ""Ruched, Rib-Knit"", ""Body"": ""Unlined"", ""Neckline"": ""Round Neck"", ""Style"": ""Casual"", ""Type"": ""Tank"", ""Occasion"": ""Home, Daily"", ""Hem Shaped"": ""Regular"", ""Lined For Added Warmth"": ""No"", ""Festivals"": ""Halloween"", ""Color"": ""White"", ""Length"": ""Regular"", ""Fit Type"": ""Slim Fit"", ""Fabric Elasticity"": ""Medium Stretch"", ""Material"": ""Rib knit"", ""Composition"": ""90% Polyester, 10% Elastane"", ""Care Instructions"": ""Machine wash or professional dry clean"", ""Sheer"": ""Semi-Sheer""}","Details: Ruched, Rib-Knit
Body: Unlined
Neckline: Round Neck
Style: Casual
Type: Tank
Occasion: Home, Daily
Hem Shaped: Regular
Lined For Added Warmth: No
Festivals: Halloween
Color: White
Length: Regular
Fit Type: Slim Fit
Fabric Elasticity: Medium Stretch
Material: Rib knit
Composition: 90% Polyester, 10% Elastane
Care Instructions: Machine wash or professional dry clean
Sheer: Semi-Sheer",2026-06-04T15:03:04+08:00,success,商品主体信息命中 7 项,success,D:\V2\data\debug\v2_9d_50_sold_products\55376300.html,D:\V2\data\debug\v2_9d_50_sold_products\55376300_visible_text.txt,D:\V2\data\debug\v2_9d_50_sold_products\55376300_description_raw_text.txt
420937384,https://sg.shein.com/Sunnyshic-Women-s-Textured-Striped-Off-Shoulder-Asymmetric-Design-Slimming-Waist-Sexy-Asymmetrical-Shoulder-Sweet-Vacation-Style-T-Shirt-p-420937384.html?mallCode=1&pageListType=4&detailBusinessFrom=0-1_420937384%7C0-2,https://sg.shein.com/Sunnyshic-Women-s-Textured-Striped-Off-Shoulder-Asymmetric-Design-Slimming-Waist-Sexy-Asymmetrical-Shoulder-Sweet-Vacation-Style-T-Shirt-p-420937384.html?mallCode=1&pageListType=4&detailBusinessFrom=0-1_420937384%7C0-2,2,2,"2,3",25.2k+ sold,TRUE,Sunnyshic Women's Textured Striped Off Shoulder Asymmetric Design Slimming Waist Sexy Asymmetrical Shoulder Sweet Vacation Style T-Shirt,S$7.49,sz260304164700889655140,Multicolor,Knitted Fabric,"96% Polyester, 4% Elastane",Medium Stretch,Slim Fit,Striped,Casual,Home,"Asymmetrical, Rib-Knit",,Crop,Asymmetrical Neck,Short Sleeve,Raglan Sleeve,,,,No,No,Regular,No,,Semi-Sheer,,Independence Day,20,"Body,Pattern Type,Sleeve Type,Hem Shaped,Lined For Added Warmth,Pockets,Festivals,Color,Details,Style,Occasion,Neckline,Sleeve Length,Length,Fit Type,Fabric Elasticity,Material,Composition,Care Instructions,Sheer","{""Body"": ""No"", ""Pattern Type"": ""Striped"", ""Sleeve Type"": ""Raglan Sleeve"", ""Hem Shaped"": ""Regular"", ""Lined For Added Warmth"": ""No"", ""Pockets"": ""No"", ""Festivals"": ""Independence Day"", ""Color"": ""Multicolor"", ""Details"": ""Asymmetrical, Rib-Knit"", ""Style"": ""Casual"", ""Occasion"": ""Home"", ""Neckline"": ""Asymmetrical Neck"", ""Sleeve Length"": ""Short Sleeve"", ""Length"": ""Crop"", ""Fit Type"": ""Slim Fit"", ""Fabric Elasticity"": ""Medium Stretch"", ""Material"": ""Knitted Fabric"", ""Composition"": ""96% Polyester, 4% Elastane"", ""Care Instructions"": ""Machine wash or professional dry clean"", ""Sheer"": ""Semi-Sheer""}","Body: No
Pattern Type: Striped
Sleeve Type: Raglan Sleeve
Hem Shaped: Regular
Lined For Added Warmth: No
Pockets: No
Festivals: Independence Day
Color: Multicolor
Details: Asymmetrical, Rib-Knit
Style: Casual
Occasion: Home
Neckline: Asymmetrical Neck
Sleeve Length: Short Sleeve
Length: Crop
Fit Type: Slim Fit
Fabric Elasticity: Medium Stretch
Material: Knitted Fabric
Composition: 96% Polyester, 4% Elastane
Care Instructions: Machine wash or professional dry clean
Sheer: Semi-Sheer",2026-06-04T15:05:04+08:00,success,商品主体信息命中 7 项,success,D:\V2\data\debug\v2_9d_50_sold_products\420937384.html,D:\V2\data\debug\v2_9d_50_sold_products\420937384_visible_text.txt,D:\V2\data\debug\v2_9d_50_sold_products\420937384_description_raw_text.txt
30895369,https://sg.shein.com/DAZY-Casual-Business-Solid-Color-Straight-Leg-Pants-Women-Dress-Pants-Fall-p-30895369.html?mallCode=1&pageListType=4&detailBusinessFrom=0-1_30895369%7C0-2,https://sg.shein.com/DAZY-Casual-Business-Solid-Color-Straight-Leg-Pants-Women-Dress-Pants-Fall-p-30895369.html?mallCode=1&pageListType=4&detailBusinessFrom=0-1_30895369%7C0-2,4,2,"4,8",24.5k+ sold,TRUE,"DAZY Casual Business Solid Color Straight-Leg Pants,Women Dress Pants Fall",S$12.49,sz2401192923225167,Grey,Fabric,"96% Polyester, 4% Elastane",Non-Stretch,Loose,Plain,Casual,Homecoming,"Button, Pocket, Zipper",Wide Leg,Long,,,,High Waist,Zipper Fly,,No,Unlined,,No,,No,Late Fall (10-17/50-63),Commencement/Graduation Season,20,"Closure Type,Details,Body,Pattern Type,Style,Occasion,Lined For Added Warmth,Pockets,Festivals,Color,Type,Waist Line,Length,Fabric Elasticity,Fit Type,Material,Composition,Care Instructions,Temperature,Sheer","{""Closure Type"": ""Zipper Fly"", ""Details"": ""Button, Pocket, Zipper"", ""Body"": ""Unlined"", ""Pattern Type"": ""Plain"", ""Style"": ""Casual"", ""Occasion"": ""Homecoming"", ""Lined For Added Warmth"": ""No"", ""Pockets"": ""No"", ""Festivals"": ""Commencement/Graduation Season"", ""Color"": ""Grey"", ""Type"": ""Wide Leg"", ""Waist Line"": ""High Waist"", ""Length"": ""Long"", ""Fabric Elasticity"": ""Non-Stretch"", ""Fit Type"": ""Loose"", ""Material"": ""Fabric"", ""Composition"": ""96% Polyester, 4% Elastane"", ""Care Instructions"": ""Machine wash or professional dry clean"", ""Temperature"": ""Late Fall (10-17/50-63)"", ""Sheer"": ""No""}","Closure Type: Zipper Fly
Details: Button, Pocket, Zipper
Body: Unlined
Pattern Type: Plain
Style: Casual
Occasion: Homecoming
Lined For Added Warmth: No
Pockets: No
Festivals: Commencement/Graduation Season
Color: Grey
Type: Wide Leg
Waist Line: High Waist
Length: Long
Fabric Elasticity: Non-Stretch
Fit Type: Loose
Material: Fabric
Composition: 96% Polyester, 4% Elastane
Care Instructions: Machine wash or professional dry clean
Temperature: Late Fall (10-17/50-63)
Sheer: No",2026-06-04T15:07:16+08:00,success,商品主体信息命中 7 项,success,D:\V2\data\debug\v2_9d_50_sold_products\30895369.html,D:\V2\data\debug\v2_9d_50_sold_products\30895369_visible_text.txt,D:\V2\data\debug\v2_9d_50_sold_products\30895369_description_raw_text.txt
434406587,https://sg.shein.com/Franclia-Women-s-White-Fabric-Short-Skort-With-Asymmetrical-Polka-Dot-Design-Perfect-For-Parties-p-434406587.html?mallCode=1&pageListType=4&detailBusinessFrom=0-1_434406587%7C0-2,https://sg.shein.com/Franclia-Women-s-White-Fabric-Short-Skort-With-Asymmetrical-Polka-Dot-Design-Perfect-For-Parties-p-434406587.html?mallCode=1&pageListType=4&detailBusinessFrom=0-1_434406587%7C0-2,4,2,"4,8",22.4k+ sold,TRUE,Franclia Women's White Fabric Short Skort With Asymmetrical Polka Dot Design Perfect For Parties,S$9.49,sz260313171056313624630,White,Fabric,"95% Polyester, 5% Elastane",Medium Stretch,Skinny,Colorblock,Party,Office,Asymmetrical,Skort,Short,,,,Natural(Mid Waist),,,No,Unlined,,No,,No,,,17,"Style,Pattern Type,Color,Details,Type,Fit Type,Length,Waist Line,Material,Composition,Care Instructions,Sheer,Body,Pockets,Occasion,Lined For Added Warmth,Fabric Elasticity","{""Style"": ""Party"", ""Pattern Type"": ""Colorblock"", ""Color"": ""White"", ""Details"": ""Asymmetrical"", ""Type"": ""Skort"", ""Fit Type"": ""Skinny"", ""Length"": ""Short"", ""Waist Line"": ""Natural(Mid Waist)"", ""Material"": ""Fabric"", ""Composition"": ""95% Polyester, 5% Elastane"", ""Care Instructions"": ""Machine wash or professional dry clean"", ""Sheer"": ""No"", ""Body"": ""Unlined"", ""Pockets"": ""No"", ""Occasion"": ""Office"", ""Lined For Added Warmth"": ""No"", ""Fabric Elasticity"": ""Medium Stretch""}","Style: Party
Pattern Type: Colorblock
Color: White
Details: Asymmetrical
Type: Skort
Fit Type: Skinny
Length: Short
Waist Line: Natural(Mid Waist)
Material: Fabric
Composition: 95% Polyester, 5% Elastane
Care Instructions: Machine wash or professional dry clean
Sheer: No
Body: Unlined
Pockets: No
Occasion: Office
Lined For Added Warmth: No
Fabric Elasticity: Medium Stretch",2026-06-04T15:09:30+08:00,success,商品主体信息命中 7 项,success,D:\V2\data\debug\v2_9d_50_sold_products\434406587.html,D:\V2\data\debug\v2_9d_50_sold_products\434406587_visible_text.txt,D:\V2\data\debug\v2_9d_50_sold_products\434406587_description_raw_text.txt
42827379,https://sg.shein.com/Draping-Minimalist-Design-Office-Pants-New-European-And-American-Fashion-Straight-Leg-Casual-Loose-Trousers-All-Seasons-Spring-p-42827379.html?mallCode=1&pageListType=4&detailBusinessFrom=0-1_42827379%7C0-2,https://sg.shein.com/Draping-Minimalist-Design-Office-Pants-New-European-And-American-Fashion-Straight-Leg-Casual-Loose-Trousers-All-Seasons-Spring-p-42827379.html?mallCode=1&pageListType=4&detailBusinessFrom=0-1_42827379%7C0-2,7,2,"7,8",22.2k+ sold,TRUE,"Draping Minimalist Design Office Pants, New European And American Fashion Straight-Leg Casual Loose Trousers, All Seasons Spring",S$17.27,sz2409126510391541,Grey,Woven Fabric,100% Polyester,Non-Stretch,Regular Fit,,Casual,Office,"Button, Pocket, Zipper",Wide Leg,Long,,,,High Waist,Zipper Fly,,,Unlined,,No,,No,,"Ramadan, Id al-Adha, Eid al-Fitr",17,"Closure Type,Details,Body,Style,Occasion,Lined For Added Warmth,Festivals,Color,Type,Waist Line,Length,Fit Type,Fabric Elasticity,Material,Composition,Care Instructions,Sheer","{""Closure Type"": ""Zipper Fly"", ""Details"": ""Button, Pocket, Zipper"", ""Body"": ""Unlined"", ""Style"": ""Casual"", ""Occasion"": ""Office"", ""Lined For Added Warmth"": ""No"", ""Festivals"": ""Ramadan, Id al-Adha, Eid al-Fitr"", ""Color"": ""Grey"", ""Type"": ""Wide Leg"", ""Waist Line"": ""High Waist"", ""Length"": ""Long"", ""Fit Type"": ""Regular Fit"", ""Fabric Elasticity"": ""Non-Stretch"", ""Material"": ""Woven Fabric"", ""Composition"": ""100% Polyester"", ""Care Instructions"": ""Machine wash or professional dry clean"", ""Sheer"": ""No""}","Closure Type: Zipper Fly
Details: Button, Pocket, Zipper
Body: Unlined
Style: Casual
Occasion: Office
Lined For Added Warmth: No
Festivals: Ramadan, Id al-Adha, Eid al-Fitr
Color: Grey
Type: Wide Leg
Waist Line: High Waist
Length: Long
Fit Type: Regular Fit
Fabric Elasticity: Non-Stretch
Material: Woven Fabric
Composition: 100% Polyester
Care Instructions: Machine wash or professional dry clean
Sheer: No",2026-06-04T15:11:35+08:00,success,商品主体信息命中 7 项,success,D:\V2\data\debug\v2_9d_50_sold_products\42827379.html,D:\V2\data\debug\v2_9d_50_sold_products\42827379_visible_text.txt,D:\V2\data\debug\v2_9d_50_sold_products\42827379_description_raw_text.txt
97761235,https://sg.shein.com/Women-s-Solid-Color-Button-Half-Placket-Short-Sleeve-Casual-T-Shirt-Summer-Black-p-97761235.html?mallCode=1&pageListType=4&detailBusinessFrom=0-1_97761235%7C0-2,https://sg.shein.com/Women-s-Solid-Color-Button-Half-Placket-Short-Sleeve-Casual-T-Shirt-Summer-Black-p-97761235.html?mallCode=1&pageListType=4&detailBusinessFrom=0-1_97761235%7C0-2,2,2,"2,3",22.2k+ sold,TRUE,"Women's Solid Color Button Half Placket Short Sleeve Casual T-Shirt, Summer Black",S$12.99,sz2404061113388058,Black,Fabric,"65.0% Polyester, 30.0% Viscose, 5.0% Elastane",High Stretch,Slim Fit,,Casual,"Beach, Daily","Button, Contrast Lace, Rib-Knit",,Regular,Round Neck,Short Sleeve,Regular Sleeve,,,,No,,Regular,No,,No,,Halloween,18,"Sleeve Type,Hem Shaped,Lined For Added Warmth,Pockets,Festivals,Color,Details,Style,Occasion,Neckline,Sleeve Length,Length,Fit Type,Fabric Elasticity,Material,Composition,Care Instructions,Sheer","{""Sleeve Type"": ""Regular Sleeve"", ""Hem Shaped"": ""Regular"", ""Lined For Added Warmth"": ""No"", ""Pockets"": ""No"", ""Festivals"": ""Halloween"", ""Color"": ""Black"", ""Details"": ""Button, Contrast Lace, Rib-Knit"", ""Style"": ""Casual"", ""Occasion"": ""Beach, Daily"", ""Neckline"": ""Round Neck"", ""Sleeve Length"": ""Short Sleeve"", ""Length"": ""Regular"", ""Fit Type"": ""Slim Fit"", ""Fabric Elasticity"": ""High Stretch"", ""Material"": ""Fabric"", ""Composition"": ""65.0% Polyester, 30.0% Viscose, 5.0% Elastane"", ""Care Instructions"": ""Hand wash,do not dry clean"", ""Sheer"": ""No""}","Sleeve Type: Regular Sleeve
Hem Shaped: Regular
Lined For Added Warmth: No
Pockets: No
Festivals: Halloween
Color: Black
Details: Button, Contrast Lace, Rib-Knit
Style: Casual
Occasion: Beach, Daily
Neckline: Round Neck
Sleeve Length: Short Sleeve
Length: Regular
Fit Type: Slim Fit
Fabric Elasticity: High Stretch
Material: Fabric
Composition: 65.0% Polyester, 30.0% Viscose, 5.0% Elastane
Care Instructions: Hand wash,do not dry clean
Sheer: No",2026-06-04T15:14:01+08:00,success,商品主体信息命中 7 项,success,D:\V2\data\debug\v2_9d_50_sold_products\97761235.html,D:\V2\data\debug\v2_9d_50_sold_products\97761235_visible_text.txt,D:\V2\data\debug\v2_9d_50_sold_products\97761235_description_raw_text.txt
225674364,https://sg.shein.com/Women-s-Minimalist-Design-Flared-Leg-Casual-Trousers-Suitable-For-Commuting-Office-Daily-Wear-All-Seasons-Spring-Black-p-225674364.html?mallCode=1&pageListType=4&detailBusinessFrom=0-1_225674364%7C0-2,https://sg.shein.com/Women-s-Minimalist-Design-Flared-Leg-Casual-Trousers-Suitable-For-Commuting-Office-Daily-Wear-All-Seasons-Spring-Black-p-225674364.html?mallCode=1&pageListType=4&detailBusinessFrom=0-1_225674364%7C0-2,4,2,"4,5",22.1k+ sold,TRUE,"Women's Minimalist Design Flared Leg Casual Trousers, Suitable For Commuting, Office, Daily Wear, All Seasons Spring Black",S$16.49,sz25091758198813160,Black,Woven Fabric,100% Polyester,Non-Stretch,Loose,Plain,Casual,"School, Vacation, Office, Daily, Homecoming","Button, Pocket, Zipper",Straight Leg,Long,,,,Natural(Mid Waist),Zipper Fly,,Yes,Unlined,,No,Great quality,No,,"Back-to-School, Teachers' Day, New Year, Spring Festival, Commencement/Graduation Season",21,"Closure Type,Details,Body,Pattern Type,Style,Occasion,Features,Lined For Added Warmth,Pockets,Festivals,Color,Type,Waist Line,Length,Fit Type,Fabric Elasticity,Material,Composition,Care Instructions,Belt,Sheer","{""Closure Type"": ""Zipper Fly"", ""Details"": ""Button, Pocket, Zipper"", ""Body"": ""Unlined"", ""Pattern Type"": ""Plain"", ""Style"": ""Casual"", ""Occasion"": ""School, Vacation, Office, Daily, Homecoming"", ""Features"": ""Great quality"", ""Lined For Added Warmth"": ""No"", ""Pockets"": ""Yes"", ""Festivals"": ""Back-to-School, Teachers' Day, New Year, Spring Festival, Commencement/Graduation Season"", ""Color"": ""Black"", ""Type"": ""Straight Leg"", ""Waist Line"": ""Natural(Mid Waist)"", ""Length"": ""Long"", ""Fit Type"": ""Loose"", ""Fabric Elasticity"": ""Non-Stretch"", ""Material"": ""Woven Fabric"", ""Composition"": ""100% Polyester"", ""Care Instructions"": ""Hand wash or professional dry clean"", ""Belt"": ""No"", ""Sheer"": ""No""}","Closure Type: Zipper Fly
Details: Button, Pocket, Zipper
Body: Unlined
Pattern Type: Plain
Style: Casual
Occasion: School, Vacation, Office, Daily, Homecoming
Features: Great quality
Lined For Added Warmth: No
Pockets: Yes
Festivals: Back-to-School, Teachers' Day, New Year, Spring Festival, Commencement/Graduation Season
Color: Black
Type: Straight Leg
Waist Line: Natural(Mid Waist)
Length: Long
Fit Type: Loose
Fabric Elasticity: Non-Stretch
Material: Woven Fabric
Composition: 100% Polyester
Care Instructions: Hand wash or professional dry clean
Belt: No
Sheer: No",2026-06-04T15:16:09+08:00,success,商品主体信息命中 7 项,success,D:\V2\data\debug\v2_9d_50_sold_products\225674364.html,D:\V2\data\debug\v2_9d_50_sold_products\225674364_visible_text.txt,D:\V2\data\debug\v2_9d_50_sold_products\225674364_description_raw_text.txt
307971017,https://sg.shein.com/Sweetra-Women-s-Vintage-Elegant-Jacquard-Pleated-Wide-Leg-Pants-Autumn-Winter-p-307971017.html?mallCode=1&pageListType=4&detailBusinessFrom=0-1_307971017%7C0-2,https://sg.shein.com/Sweetra-Women-s-Vintage-Elegant-Jacquard-Pleated-Wide-Leg-Pants-Autumn-Winter-p-307971017.html?mallCode=1&pageListType=4&detailBusinessFrom=0-1_307971017%7C0-2,7,2,"7,8",21.4k+ sold,TRUE,"Sweetra Women's Vintage Elegant Jacquard Pleated Wide Leg Pants, Autumn/Winter",S$16.49,sz251104340400483887,Mocha Brown,Polyester,"95% Polyester, 5% Elastane",Non-Stretch,Loose,Plain,Casual,Office,"Button, Zipper, Plicated",Wide Leg,Long,,,,Natural(Mid Waist),Zipper Fly,,No,Unlined,,No,,No,Spring/Fall (18-25/63-77),"Ramadan, Id al-Adha, Eid al-Fitr",20,"Closure Type,Details,Body,Pattern Type,Style,Occasion,Lined For Added Warmth,Pockets,Festivals,Color,Type,Waist Line,Length,Fabric Elasticity,Fit Type,Material,Composition,Care Instructions,Temperature,Sheer","{""Closure Type"": ""Zipper Fly"", ""Details"": ""Button, Zipper, Plicated"", ""Body"": ""Unlined"", ""Pattern Type"": ""Plain"", ""Style"": ""Casual"", ""Occasion"": ""Office"", ""Lined For Added Warmth"": ""No"", ""Pockets"": ""No"", ""Festivals"": ""Ramadan, Id al-Adha, Eid al-Fitr"", ""Color"": ""Mocha Brown"", ""Type"": ""Wide Leg"", ""Waist Line"": ""Natural(Mid Waist)"", ""Length"": ""Long"", ""Fabric Elasticity"": ""Non-Stretch"", ""Fit Type"": ""Loose"", ""Material"": ""Polyester"", ""Composition"": ""95% Polyester, 5% Elastane"", ""Care Instructions"": ""Hand wash or professional dry clean"", ""Temperature"": ""Spring/Fall (18-25/63-77)"", ""Sheer"": ""No""}","Closure Type: Zipper Fly
Details: Button, Zipper, Plicated
Body: Unlined
Pattern Type: Plain
Style: Casual
Occasion: Office
Lined For Added Warmth: No
Pockets: No
Festivals: Ramadan, Id al-Adha, Eid al-Fitr
Color: Mocha Brown
Type: Wide Leg
Waist Line: Natural(Mid Waist)
Length: Long
Fabric Elasticity: Non-Stretch
Fit Type: Loose
Material: Polyester
Composition: 95% Polyester, 5% Elastane
Care Instructions: Hand wash or professional dry clean
Temperature: Spring/Fall (18-25/63-77)
Sheer: No",2026-06-04T15:18:32+08:00,success,商品主体信息命中 7 项,success,D:\V2\data\debug\v2_9d_50_sold_products\307971017.html,D:\V2\data\debug\v2_9d_50_sold_products\307971017_visible_text.txt,D:\V2\data\debug\v2_9d_50_sold_products\307971017_description_raw_text.txt
29328841,https://sg.shein.com/Women-s-Summer-Casual-Versatile-Tank-Top-White-p-29328841.html?mallCode=1&pageListType=4&detailBusinessFrom=0-1_29328841%7C0-2,https://sg.shein.com/Women-s-Summer-Casual-Versatile-Tank-Top-White-p-29328841.html?mallCode=1&pageListType=4&detailBusinessFrom=0-1_29328841%7C0-2,2,2,"2,6",20.8k+ sold,TRUE,Women's Summer Casual Versatile Tank Top White,S$8.99,sz2401087089937375,White,Knitted Fabric,"46% Cotton, 46% Viscose, 8% Elastane",Slight Stretch,Slim Fit,,Casual,Home,Rib-Knit,Tank,Short,Scoop Neck,,,,,,,Unlined,Regular,No,,No,,Halloween,17,"Details,Body,Neckline,Style,Type,Occasion,Hem Shaped,Lined For Added Warmth,Festivals,Color,Length,Fit Type,Fabric Elasticity,Material,Composition,Care Instructions,Sheer","{""Details"": ""Rib-Knit"", ""Body"": ""Unlined"", ""Neckline"": ""Scoop Neck"", ""Style"": ""Casual"", ""Type"": ""Tank"", ""Occasion"": ""Home"", ""Hem Shaped"": ""Regular"", ""Lined For Added Warmth"": ""No"", ""Festivals"": ""Halloween"", ""Color"": ""White"", ""Length"": ""Short"", ""Fit Type"": ""Slim Fit"", ""Fabric Elasticity"": ""Slight Stretch"", ""Material"": ""Knitted Fabric"", ""Composition"": ""46% Cotton, 46% Viscose, 8% Elastane"", ""Care Instructions"": ""Machine wash or professional dry clean"", ""Sheer"": ""No""}","Details: Rib-Knit
Body: Unlined
Neckline: Scoop Neck
Style: Casual
Type: Tank
Occasion: Home
Hem Shaped: Regular
Lined For Added Warmth: No
Festivals: Halloween
Color: White
Length: Short
Fit Type: Slim Fit
Fabric Elasticity: Slight Stretch
Material: Knitted Fabric
Composition: 46% Cotton, 46% Viscose, 8% Elastane
Care Instructions: Machine wash or professional dry clean
Sheer: No",2026-06-04T15:20:47+08:00,success,商品主体信息命中 7 项,success,D:\V2\data\debug\v2_9d_50_sold_products\29328841.html,D:\V2\data\debug\v2_9d_50_sold_products\29328841_visible_text.txt,D:\V2\data\debug\v2_9d_50_sold_products\29328841_description_raw_text.txt
10294783,https://sg.shein.com/DAZY-High-Waist-Wide-Leg-Shorts-p-10294783.html?mallCode=1&pageListType=4&detailBusinessFrom=0-1_10294783%7C0-2,https://sg.shein.com/DAZY-High-Waist-Wide-Leg-Shorts-p-10294783.html?mallCode=1&pageListType=4&detailBusinessFrom=0-1_10294783%7C0-2,4,2,"4,5",18.3k+ sold,TRUE,DAZY High Waist Wide Leg Shorts,S$11.99,sw2202157739300410,Black,Fabric,"92% Polyester, 8% Elastane",Slight Stretch,Regular Fit,Plain,Casual,Daily,"Button, Zipper",Straight Leg,Short,,,,High Waist,Zipper Fly,,No,Unlined,,,,No,,,17,"Closure Type,Details,Body,Pattern Type,Style,Occasion,Pockets,Color,Type,Waist Line,Length,Fit Type,Fabric Elasticity,Material,Composition,Care Instructions,Sheer","{""Closure Type"": ""Zipper Fly"", ""Details"": ""Button, Zipper"", ""Body"": ""Unlined"", ""Pattern Type"": ""Plain"", ""Style"": ""Casual"", ""Occasion"": ""Daily"", ""Pockets"": ""No"", ""Color"": ""Black"", ""Type"": ""Straight Leg"", ""Waist Line"": ""High Waist"", ""Length"": ""Short"", ""Fit Type"": ""Regular Fit"", ""Fabric Elasticity"": ""Slight Stretch"", ""Material"": ""Fabric"", ""Composition"": ""92% Polyester, 8% Elastane"", ""Care Instructions"": ""Machine wash or professional dry clean"", ""Sheer"": ""No""}","Closure Type: Zipper Fly
Details: Button, Zipper
Body: Unlined
Pattern Type: Plain
Style: Casual
Occasion: Daily
Pockets: No
Color: Black
Type: Straight Leg
Waist Line: High Waist
Length: Short
Fit Type: Regular Fit
Fabric Elasticity: Slight Stretch
Material: Fabric
Composition: 92% Polyester, 8% Elastane
Care Instructions: Machine wash or professional dry clean
Sheer: No",2026-06-04T15:22:58+08:00,success,商品主体信息命中 7 项,success,D:\V2\data\debug\v2_9d_50_sold_products\10294783.html,D:\V2\data\debug\v2_9d_50_sold_products\10294783_visible_text.txt,D:\V2\data\debug\v2_9d_50_sold_products\10294783_description_raw_text.txt
230149140,https://sg.shein.com/Sweetra-Women-s-Summer-Solid-Color-Ruffle-Hem-Tie-Waist-Short-Sleeve-Blouse-p-230149140.html?mallCode=1&pageListType=4&detailBusinessFrom=0-1_230149140%7C0-2,https://sg.shein.com/Sweetra-Women-s-Summer-Solid-Color-Ruffle-Hem-Tie-Waist-Short-Sleeve-Blouse-p-230149140.html?mallCode=1&pageListType=4&detailBusinessFrom=0-1_230149140%7C0-2,5,2,"5,6",17.9k+ sold,TRUE,Elamini Women's Summer Solid Color Ruffle Hem Tie Waist Short Sleeve Blouse,S$12.99,sz25093081700286037,Navy Blue,Woven Fabric,100% Polyester,Non-Stretch,Regular Fit,Plain,Casual,Daily,"Ruffle, Frill, Ruched Bust",Top,Regular,Off the Shoulder,Short Sleeve,Puff Sleeve,,,,,Unlined,Flounce,No,,No,,,19,"Details,Body,Pattern Type,Style,Type,Occasion,Lined For Added Warmth,Color,Hem Shaped,Sleeve Type,Neckline,Sleeve Length,Length,Fit Type,Fabric Elasticity,Material,Composition,Care Instructions,Sheer","{""Details"": ""Ruffle, Frill, Ruched Bust"", ""Body"": ""Unlined"", ""Pattern Type"": ""Plain"", ""Style"": ""Casual"", ""Type"": ""Top"", ""Occasion"": ""Daily"", ""Lined For Added Warmth"": ""No"", ""Color"": ""Navy Blue"", ""Hem Shaped"": ""Flounce"", ""Sleeve Type"": ""Puff Sleeve"", ""Neckline"": ""Off the Shoulder"", ""Sleeve Length"": ""Short Sleeve"", ""Length"": ""Regular"", ""Fit Type"": ""Regular Fit"", ""Fabric Elasticity"": ""Non-Stretch"", ""Material"": ""Woven Fabric"", ""Composition"": ""100% Polyester"", ""Care Instructions"": ""Machine wash, do not dry clean"", ""Sheer"": ""No""}","Details: Ruffle, Frill, Ruched Bust
Body: Unlined
Pattern Type: Plain
Style: Casual
Type: Top
Occasion: Daily
Lined For Added Warmth: No
Color: Navy Blue
Hem Shaped: Flounce
Sleeve Type: Puff Sleeve
Neckline: Off the Shoulder
Sleeve Length: Short Sleeve
Length: Regular
Fit Type: Regular Fit
Fabric Elasticity: Non-Stretch
Material: Woven Fabric
Composition: 100% Polyester
Care Instructions: Machine wash, do not dry clean
Sheer: No",2026-06-04T15:25:07+08:00,success,商品主体信息命中 7 项,success,D:\V2\data\debug\v2_9d_50_sold_products\230149140.html,D:\V2\data\debug\v2_9d_50_sold_products\230149140_visible_text.txt,D:\V2\data\debug\v2_9d_50_sold_products\230149140_description_raw_text.txt
43400974,https://sg.shein.com/DAZY-1pc-Women-Solid-Color-Crewneck-Ribbed-Slim-Fit-Casual-Tank-Top-p-43400974.html?mallCode=1&pageListType=4&detailBusinessFrom=0-1_43400974%7C0-2,https://sg.shein.com/DAZY-1pc-Women-Solid-Color-Crewneck-Ribbed-Slim-Fit-Casual-Tank-Top-p-43400974.html?mallCode=1&pageListType=4&detailBusinessFrom=0-1_43400974%7C0-2,3,2,"3,7",17.5k+ sold,TRUE,DAZY 1pc Women Solid Color Crewneck Ribbed Slim Fit Casual Tank Top,S$8.49,sz2405148676818307,Black,Fabric,"95% Viscose, 5% Elastane",Medium Stretch,Slim Fit,Plain,Casual,Daily,Ruched,Tank,Regular,Scoop Neck,,Arm Sleeves,,,,,Unlined,Regular,No,,No,,Back-to-School,19,"Details,Body,Neckline,Pattern Type,Sleeve Type,Style,Type,Occasion,Hem Shaped,Lined For Added Warmth,Festivals,Color,Length,Fit Type,Fabric Elasticity,Material,Composition,Care Instructions,Sheer","{""Details"": ""Ruched"", ""Body"": ""Unlined"", ""Neckline"": ""Scoop Neck"", ""Pattern Type"": ""Plain"", ""Sleeve Type"": ""Arm Sleeves"", ""Style"": ""Casual"", ""Type"": ""Tank"", ""Occasion"": ""Daily"", ""Hem Shaped"": ""Regular"", ""Lined For Added Warmth"": ""No"", ""Festivals"": ""Back-to-School"", ""Color"": ""Black"", ""Length"": ""Regular"", ""Fit Type"": ""Slim Fit"", ""Fabric Elasticity"": ""Medium Stretch"", ""Material"": ""Fabric"", ""Composition"": ""95% Viscose, 5% Elastane"", ""Care Instructions"": ""Machine wash, do not dry clean"", ""Sheer"": ""No""}","Details: Ruched
Body: Unlined
Neckline: Scoop Neck
Pattern Type: Plain
Sleeve Type: Arm Sleeves
Style: Casual
Type: Tank
Occasion: Daily
Hem Shaped: Regular
Lined For Added Warmth: No
Festivals: Back-to-School
Color: Black
Length: Regular
Fit Type: Slim Fit
Fabric Elasticity: Medium Stretch
Material: Fabric
Composition: 95% Viscose, 5% Elastane
Care Instructions: Machine wash, do not dry clean
Sheer: No",2026-06-04T15:27:17+08:00,success,商品主体信息命中 7 项,success,D:\V2\data\debug\v2_9d_50_sold_products\43400974.html,D:\V2\data\debug\v2_9d_50_sold_products\43400974_visible_text.txt,D:\V2\data\debug\v2_9d_50_sold_products\43400974_description_raw_text.txt
51551965,https://sg.shein.com/Sweetra-Women-s-Solid-Color-Wide-Strap-Casual-Slim-Fit-Tank-Top-p-51551965.html?mallCode=1&pageListType=4&detailBusinessFrom=0-1_51551965%7C0-2,https://sg.shein.com/Sweetra-Women-s-Solid-Color-Wide-Strap-Casual-Slim-Fit-Tank-Top-p-51551965.html?mallCode=1&pageListType=4&detailBusinessFrom=0-1_51551965%7C0-2,7,2,"7,8",17.5k+ sold,TRUE,Sweetra Women's Solid Color Wide Strap Casual Slim Fit Tank Top,S$17.99,sz2412134584857884,Multicolor,Knitted Fabric,"95% Polyester,5% Elastane",Medium Stretch,Slim Fit,,Casual,"Home, Daily",Ruched,Tank,,Straps,,,,,,No,,Regular,No,,Semi-Sheer,,Oktoberfest in Munich,20,"Details,Tank Tops & Camis Body,Neckline,Style,Type,Occasion,Hem Shaped,Lined For Added Warmth,Pockets,Festivals,Color,Tank Tops & Camis Length,Fit Type,Fabric Elasticity,Tank Tops & Camis Material,Tank Tops & Camis Composition,Care Instructions,Sheer,Material,Composition","{""Details"": ""Ruched"", ""Tank Tops & Camis Body"": ""Unlined"", ""Neckline"": ""Straps"", ""Style"": ""Casual"", ""Type"": ""Tank"", ""Occasion"": ""Home, Daily"", ""Hem Shaped"": ""Regular"", ""Lined For Added Warmth"": ""No"", ""Pockets"": ""No"", ""Festivals"": ""Oktoberfest in Munich"", ""Color"": ""Multicolor"", ""Tank Tops & Camis Length"": ""Crop"", ""Fit Type"": ""Slim Fit"", ""Fabric Elasticity"": ""Medium Stretch"", ""Tank Tops & Camis Material"": ""Knitted Fabric"", ""Tank Tops & Camis Composition"": ""95% Polyester,5% Elastane"", ""Care Instructions"": ""Machine wash or professional dry clean"", ""Sheer"": ""Semi-Sheer"", ""Material"": ""Knitted Fabric"", ""Composition"": ""95% Polyester,5% Elastane""}","Details: Ruched
Tank Tops & Camis Body: Unlined
Neckline: Straps
Style: Casual
Type: Tank
Occasion: Home, Daily
Hem Shaped: Regular
Lined For Added Warmth: No
Pockets: No
Festivals: Oktoberfest in Munich
Color: Multicolor
Tank Tops & Camis Length: Crop
Fit Type: Slim Fit
Fabric Elasticity: Medium Stretch
Tank Tops & Camis Material: Knitted Fabric
Tank Tops & Camis Composition: 95% Polyester,5% Elastane
Care Instructions: Machine wash or professional dry clean
Sheer: Semi-Sheer
Material: Knitted Fabric
Composition: 95% Polyester,5% Elastane",2026-06-04T15:29:12+08:00,success,商品主体信息命中 7 项,success,D:\V2\data\debug\v2_9d_50_sold_products\51551965.html,D:\V2\data\debug\v2_9d_50_sold_products\51551965_visible_text.txt,D:\V2\data\debug\v2_9d_50_sold_products\51551965_description_raw_text.txt
448923269,https://sg.shein.com/Comfortcana-Women-s-3pcs-Summer-Cute-Pink-Check-Shorts-Set-Drawstring-Waist-Pleated-Plaid-Casual-Outfit-For-Girls-Versatile-Beach-Picnic-Vacation-Wear-Y2k-Style-p-448923269.html?mallCode=1&pageListType=4&detailBusinessFrom=0-1_448923269%7C0-2,https://sg.shein.com/Comfortcana-Women-s-3pcs-Summer-Cute-Pink-Check-Shorts-Set-Drawstring-Waist-Pleated-Plaid-Casual-Outfit-For-Girls-Versatile-Beach-Picnic-Vacation-Wear-Y2k-Style-p-448923269.html?mallCode=1&pageListType=4&detailBusinessFrom=0-1_448923269%7C0-2,9,2,"9,10",16.4k+ sold,TRUE,"Comfortcana Women's 3pcs Summer Cute Pink Check Shorts Set,Drawstring Waist Pleated Plaid Casual Outfit For Girls,Versatile Beach Picnic Vacation Wear,Y2k Style",S$20.49,sz260307142098390880032,Multicolor,Woven Fabric,"50% Cotton,50% Polyester",Non-Stretch,Loose,Geometric,Casual,Home,"Drawstring, Knot",Wide Leg,,,,,Low Waist,Elastic Waist,,No,,,,,Semi-Sheer,,"Back-to-School, Easter",20,"Closure Type,Details,Pants Body,Pattern Type,Style,Occasion,Pockets,Festivals,Color,Type,Waist Line,Pants Length,Fit Type,Fabric Elasticity,Pants Material,Pants Composition,Care Instructions,Sheer,Material,Composition","{""Closure Type"": ""Elastic Waist"", ""Details"": ""Drawstring, Knot"", ""Pants Body"": ""Unlined"", ""Pattern Type"": ""Geometric"", ""Style"": ""Casual"", ""Occasion"": ""Home"", ""Pockets"": ""No"", ""Festivals"": ""Back-to-School, Easter"", ""Color"": ""Multicolor"", ""Type"": ""Wide Leg"", ""Waist Line"": ""Low Waist"", ""Pants Length"": ""Mini Shorts"", ""Fit Type"": ""Loose"", ""Fabric Elasticity"": ""Non-Stretch"", ""Pants Material"": ""Woven Fabric"", ""Pants Composition"": ""50% Cotton,50% Polyester"", ""Care Instructions"": ""Machine wash or professional dry clean"", ""Sheer"": ""Semi-Sheer"", ""Material"": ""Woven Fabric"", ""Composition"": ""50% Cotton,50% Polyester""}","Closure Type: Elastic Waist
Details: Drawstring, Knot
Pants Body: Unlined
Pattern Type: Geometric
Style: Casual
Occasion: Home
Pockets: No
Festivals: Back-to-School, Easter
Color: Multicolor
Type: Wide Leg
Waist Line: Low Waist
Pants Length: Mini Shorts
Fit Type: Loose
Fabric Elasticity: Non-Stretch
Pants Material: Woven Fabric
Pants Composition: 50% Cotton,50% Polyester
Care Instructions: Machine wash or professional dry clean
Sheer: Semi-Sheer
Material: Woven Fabric
Composition: 50% Cotton,50% Polyester",2026-06-04T15:31:23+08:00,success,商品主体信息命中 7 项,success,D:\V2\data\debug\v2_9d_50_sold_products\448923269.html,D:\V2\data\debug\v2_9d_50_sold_products\448923269_visible_text.txt,D:\V2\data\debug\v2_9d_50_sold_products\448923269_description_raw_text.txt
39283446,https://sg.shein.com/Qadelle-Women-s-Plain-Strap-Simple-Camisole-Casual-Daily-Wear-p-39283446.html?mallCode=1&pageListType=4&detailBusinessFrom=0-1_39283446%7C0-2,https://sg.shein.com/Qadelle-Women-s-Plain-Strap-Simple-Camisole-Casual-Daily-Wear-p-39283446.html?mallCode=1&pageListType=4&detailBusinessFrom=0-1_39283446%7C0-2,7,2,"7,8",16.2k+ sold,TRUE,"Qadelle Women's Plain Strap Simple Camisole, Casual Daily Wear",S$22.49,sz2406276581715716,Multicolor,Knitted Fabric,"95.8% Viscose, 4.2% Elastane",Medium Stretch,Slim Fit,,Casual,Beach,,Cami,Regular,Spaghetti Strap,,,,,,,Unlined,Regular,No,,No,,Back-to-School,17,"Body,Neckline,Style,Type,Occasion,Hem Shaped,Lined For Added Warmth,Festivals,Color,Length,Fit Type,Fabric Elasticity,Material,Composition,Care Instructions,Sheer,Fabric quality features","{""Body"": ""Unlined"", ""Neckline"": ""Spaghetti Strap"", ""Style"": ""Casual"", ""Type"": ""Cami"", ""Occasion"": ""Beach"", ""Hem Shaped"": ""Regular"", ""Lined For Added Warmth"": ""No"", ""Festivals"": ""Back-to-School"", ""Color"": ""Multicolor"", ""Length"": ""Regular"", ""Fit Type"": ""Slim Fit"", ""Fabric Elasticity"": ""Medium Stretch"", ""Material"": ""Knitted Fabric"", ""Composition"": ""95.8% Viscose, 4.2% Elastane"", ""Care Instructions"": ""Machine wash or professional dry clean"", ""Sheer"": ""No"", ""Fabric quality features"": ""Dimensional Stability""}","Body: Unlined
Neckline: Spaghetti Strap
Style: Casual
Type: Cami
Occasion: Beach
Hem Shaped: Regular
Lined For Added Warmth: No
Festivals: Back-to-School
Color: Multicolor
Length: Regular
Fit Type: Slim Fit
Fabric Elasticity: Medium Stretch
Material: Knitted Fabric
Composition: 95.8% Viscose, 4.2% Elastane
Care Instructions: Machine wash or professional dry clean
Sheer: No
Fabric quality features: Dimensional Stability",2026-06-04T15:33:36+08:00,success,商品主体信息命中 7 项,success,D:\V2\data\debug\v2_9d_50_sold_products\39283446.html,D:\V2\data\debug\v2_9d_50_sold_products\39283446_visible_text.txt,D:\V2\data\debug\v2_9d_50_sold_products\39283446_description_raw_text.txt
208316698,https://sg.shein.com/XLLAIS-Fashion-Collared-White-Casual-Vacation-Fitted-Tank-Top-Suitable-For-All-Seasons-Summer-p-208316698.html?mallCode=1&pageListType=4&detailBusinessFrom=0-1_208316698%7C0-2,https://sg.shein.com/XLLAIS-Fashion-Collared-White-Casual-Vacation-Fitted-Tank-Top-Suitable-For-All-Seasons-Summer-p-208316698.html?mallCode=1&pageListType=4&detailBusinessFrom=0-1_208316698%7C0-2,4,2,"4,5",15.6k+ sold,TRUE,"XLLAIS Fashion Collared White Casual Vacation Fitted Tank Top, Suitable For All Seasons Summer",S$10.49,sz25081369903926062,Yellow,Knitted Fabric,"77% Polyamide, 23% Elastane",High Stretch,Slim Fit,Plain,Casual,"Holiday, Vacation, Home, Daily, Airport","Plicated, Bolero",Tank,Regular,Queen Anne Neckline,,,,,,No,Lined,Regular,No,High Stretch,No,,"Christmas, Halloween, Thanksgiving Day, Valentine's Day, Spring Festival",23,"Details,Body,Neckline,Pattern Type,Style,Type,Occasion,Hem Shaped,Features,Lined For Added Warmth,Pockets,Festivals,Color,Length,Fit Type,Fabric Elasticity,Material,Composition,Care Instructions,Chest pad,Sheer,Lining,Number of Pieces","{""Details"": ""Plicated, Bolero"", ""Body"": ""Lined"", ""Neckline"": ""Queen Anne Neckline"", ""Pattern Type"": ""Plain"", ""Style"": ""Casual"", ""Type"": ""Tank"", ""Occasion"": ""Holiday, Vacation, Home, Daily, Airport"", ""Hem Shaped"": ""Regular"", ""Features"": ""High Stretch"", ""Lined For Added Warmth"": ""No"", ""Pockets"": ""No"", ""Festivals"": ""Christmas, Halloween, Thanksgiving Day, Valentine's Day, Spring Festival"", ""Color"": ""Yellow"", ""Length"": ""Regular"", ""Fit Type"": ""Slim Fit"", ""Fabric Elasticity"": ""High Stretch"", ""Material"": ""Knitted Fabric"", ""Composition"": ""77% Polyamide, 23% Elastane"", ""Care Instructions"": ""Hand wash,do not dry clean"", ""Chest pad"": ""No Padding"", ""Sheer"": ""No"", ""Lining"": ""77% Polyamide, 23% Elastane"", ""Number of Pieces"": ""1 Piece Set""}","Details: Plicated, Bolero
Body: Lined
Neckline: Queen Anne Neckline
Pattern Type: Plain
Style: Casual
Type: Tank
Occasion: Holiday, Vacation, Home, Daily, Airport
Hem Shaped: Regular
Features: High Stretch
Lined For Added Warmth: No
Pockets: No
Festivals: Christmas, Halloween, Thanksgiving Day, Valentine's Day, Spring Festival
Color: Yellow
Length: Regular
Fit Type: Slim Fit
Fabric Elasticity: High Stretch
Material: Knitted Fabric
Composition: 77% Polyamide, 23% Elastane
Care Instructions: Hand wash,do not dry clean
Chest pad: No Padding
Sheer: No
Lining: 77% Polyamide, 23% Elastane
Number of Pieces: 1 Piece Set",2026-06-04T15:35:58+08:00,success,商品主体信息命中 7 项,success,D:\V2\data\debug\v2_9d_50_sold_products\208316698.html,D:\V2\data\debug\v2_9d_50_sold_products\208316698_visible_text.txt,D:\V2\data\debug\v2_9d_50_sold_products\208316698_description_raw_text.txt
450367868,https://sg.shein.com/SHEIN-EZwear-Casual-Minimalist-Sports-Style-Jersey-Graphic-Print-Women-s-Sleeveless-Racerback-Camisole-Suitable-For-Summer-Sports-Season-Ball-Games-Summer-Top-p-450367868.html?mallCode=1&pageListType=4&detailBusinessFrom=0-1_450367868%7C0-2,https://sg.shein.com/SHEIN-EZwear-Casual-Minimalist-Sports-Style-Jersey-Graphic-Print-Women-s-Sleeveless-Racerback-Camisole-Suitable-For-Summer-Sports-Season-Ball-Games-Summer-Top-p-450367868.html?mallCode=1&pageListType=4&detailBusinessFrom=0-1_450367868%7C0-2,5,2,"5,9",14.6k+ sold,TRUE,"SHEIN EZwear Casual Minimalist Sports Style Jersey Graphic Print, Women's Sleeveless Racerback Camisole Suitable For Summer, Sports Season, Ball Games,Summer Top",S$2.99,sz260420110552070019904,Multicolor,Knitted Fabric,"95% Polyester, 5% Elastane",Slight Stretch,Regular Fit,"Letter, Star, Striped",Casual,Vacation,Backless,Halter,Crop,Halter,,,,,,No,Unlined,Regular,No,,No,,,18,"Details,Body,Neckline,Pattern Type,Style,Type,Occasion,Hem Shaped,Lined For Added Warmth,Pockets,Color,Length,Fit Type,Fabric Elasticity,Material,Composition,Care Instructions,Sheer","{""Details"": ""Backless"", ""Body"": ""Unlined"", ""Neckline"": ""Halter"", ""Pattern Type"": ""Letter, Star, Striped"", ""Style"": ""Casual"", ""Type"": ""Halter"", ""Occasion"": ""Vacation"", ""Hem Shaped"": ""Regular"", ""Lined For Added Warmth"": ""No"", ""Pockets"": ""No"", ""Color"": ""Multicolor"", ""Length"": ""Crop"", ""Fit Type"": ""Regular Fit"", ""Fabric Elasticity"": ""Slight Stretch"", ""Material"": ""Knitted Fabric"", ""Composition"": ""95% Polyester, 5% Elastane"", ""Care Instructions"": ""Machine wash or professional dry clean"", ""Sheer"": ""No""}","Details: Backless
Body: Unlined
Neckline: Halter
Pattern Type: Letter, Star, Striped
Style: Casual
Type: Halter
Occasion: Vacation
Hem Shaped: Regular
Lined For Added Warmth: No
Pockets: No
Color: Multicolor
Length: Crop
Fit Type: Regular Fit
Fabric Elasticity: Slight Stretch
Material: Knitted Fabric
Composition: 95% Polyester, 5% Elastane
Care Instructions: Machine wash or professional dry clean
Sheer: No",2026-06-04T15:38:13+08:00,success,商品主体信息命中 7 项,success,D:\V2\data\debug\v2_9d_50_sold_products\450367868.html,D:\V2\data\debug\v2_9d_50_sold_products\450367868_visible_text.txt,D:\V2\data\debug\v2_9d_50_sold_products\450367868_description_raw_text.txt
456536763,https://sg.shein.com/SHEIN-EZwear-Women-s-Striped-Round-Neck-Short-Sleeve-Contrast-Color-Oversized-T-Shirt-Beige-Summer-Casual-School-Top-Fashionable-Elegant-Y2K-Style-For-Commute-p-456536763.html?mallCode=1&pageListType=4&detailBusinessFrom=0-1_456536763%7C0-2,https://sg.shein.com/SHEIN-EZwear-Women-s-Striped-Round-Neck-Short-Sleeve-Contrast-Color-Oversized-T-Shirt-Beige-Summer-Casual-School-Top-Fashionable-Elegant-Y2K-Style-For-Commute-p-456536763.html?mallCode=1&pageListType=4&detailBusinessFrom=0-1_456536763%7C0-2,6,2,"6,10",14.4k+ sold,TRUE,"SHEIN EZwear Women's Striped Round Neck Short Sleeve Contrast Color Oversized T-Shirt,Beige Summer Casual School Top,Fashionable Elegant Y2K Style For Commute",S$7.49,sz251121834801180097,Multicolor,Knitted Fabric,"95% Polyester, 5% Elastane",Medium Stretch,Loose,Striped,Casual,Daily,,,Regular,Round Neck,Short Sleeve,Drop Shoulder,,,,No,,Regular,No,,No,,Halloween,18,"Pattern Type,Sleeve Type,Hem Shaped,Lined For Added Warmth,Pockets,Festivals,Color,Style,Occasion,Neckline,Sleeve Length,Length,Fit Type,Fabric Elasticity,Material,Composition,Care Instructions,Sheer","{""Pattern Type"": ""Striped"", ""Sleeve Type"": ""Drop Shoulder"", ""Hem Shaped"": ""Regular"", ""Lined For Added Warmth"": ""No"", ""Pockets"": ""No"", ""Festivals"": ""Halloween"", ""Color"": ""Multicolor"", ""Style"": ""Casual"", ""Occasion"": ""Daily"", ""Neckline"": ""Round Neck"", ""Sleeve Length"": ""Short Sleeve"", ""Length"": ""Regular"", ""Fit Type"": ""Loose"", ""Fabric Elasticity"": ""Medium Stretch"", ""Material"": ""Knitted Fabric"", ""Composition"": ""95% Polyester, 5% Elastane"", ""Care Instructions"": ""Machine wash or professional dry clean"", ""Sheer"": ""No""}","Pattern Type: Striped
Sleeve Type: Drop Shoulder
Hem Shaped: Regular
Lined For Added Warmth: No
Pockets: No
Festivals: Halloween
Color: Multicolor
Style: Casual
Occasion: Daily
Neckline: Round Neck
Sleeve Length: Short Sleeve
Length: Regular
Fit Type: Loose
Fabric Elasticity: Medium Stretch
Material: Knitted Fabric
Composition: 95% Polyester, 5% Elastane
Care Instructions: Machine wash or professional dry clean
Sheer: No",2026-06-04T15:41:34+08:00,success,商品主体信息命中 7 项,success,D:\V2\data\debug\v2_9d_50_sold_products\456536763.html,D:\V2\data\debug\v2_9d_50_sold_products\456536763_visible_text.txt,D:\V2\data\debug\v2_9d_50_sold_products\456536763_description_raw_text.txt
35474738,https://sg.shein.com/SHEIN-PETITE-Ladies-Plain-Simple-Daily-Wear-Long-Pants-Fall-Cloth-For-Women-p-35474738.html?mallCode=1&pageListType=4&detailBusinessFrom=0-1_35474738%7C0-2,https://sg.shein.com/SHEIN-PETITE-Ladies-Plain-Simple-Daily-Wear-Long-Pants-Fall-Cloth-For-Women-p-35474738.html?mallCode=1&pageListType=4&detailBusinessFrom=0-1_35474738%7C0-2,8,2,"8,10",13.8k+ sold,TRUE,SHEIN PETITE Ladies' Plain & Simple Daily Wear Long Pants Fall Cloth For Women,S$16.49,sz2405134727919611,Black,Woven Fabric,"95% Polyester, 5% Elastane",Non-Stretch,Loose,,Casual,,"Zipper, Plicated",Wide Leg,Long,,,,High Waist,Elastic Waist,,Yes,Unlined,,No,,No,Spring/Fall (18-25/63-77),"Ramadan, Id al-Adha, Eid al-Fitr",18,"Closure Type,Details,Body,Style,Lined For Added Warmth,Pockets,Festivals,Color,Type,Waist Line,Length,Fabric Elasticity,Fit Type,Material,Composition,Care Instructions,Temperature,Sheer","{""Closure Type"": ""Elastic Waist"", ""Details"": ""Zipper, Plicated"", ""Body"": ""Unlined"", ""Style"": ""Casual"", ""Lined For Added Warmth"": ""No"", ""Pockets"": ""Yes"", ""Festivals"": ""Ramadan, Id al-Adha, Eid al-Fitr"", ""Color"": ""Black"", ""Type"": ""Wide Leg"", ""Waist Line"": ""High Waist"", ""Length"": ""Long"", ""Fabric Elasticity"": ""Non-Stretch"", ""Fit Type"": ""Loose"", ""Material"": ""Woven Fabric"", ""Composition"": ""95% Polyester, 5% Elastane"", ""Care Instructions"": ""Machine wash or professional dry clean"", ""Temperature"": ""Spring/Fall (18-25/63-77)"", ""Sheer"": ""No""}","Closure Type: Elastic Waist
Details: Zipper, Plicated
Body: Unlined
Style: Casual
Lined For Added Warmth: No
Pockets: Yes
Festivals: Ramadan, Id al-Adha, Eid al-Fitr
Color: Black
Type: Wide Leg
Waist Line: High Waist
Length: Long
Fabric Elasticity: Non-Stretch
Fit Type: Loose
Material: Woven Fabric
Composition: 95% Polyester, 5% Elastane
Care Instructions: Machine wash or professional dry clean
Temperature: Spring/Fall (18-25/63-77)
Sheer: No",2026-06-04T15:44:52+08:00,success,商品主体信息命中 7 项,success,D:\V2\data\debug\v2_9d_50_sold_products\35474738.html,D:\V2\data\debug\v2_9d_50_sold_products\35474738_visible_text.txt,D:\V2\data\debug\v2_9d_50_sold_products\35474738_description_raw_text.txt
436236893,https://sg.shein.com/Comfortcana-3pcs-100-Cotton-Women-s-Casual-Short-Length-Shorts-Pack-White-And-Black-Summer-Home-Comfortable-Woven-Fabric-Everyday-Shorts-For-Sports-Gym-Street-p-436236893.html?mallCode=1&pageListType=4&detailBusinessFrom=0-1_436236893%7C0-2,https://sg.shein.com/Comfortcana-3pcs-100-Cotton-Women-s-Casual-Short-Length-Shorts-Pack-White-And-Black-Summer-Home-Comfortable-Woven-Fabric-Everyday-Shorts-For-Sports-Gym-Street-p-436236893.html?mallCode=1&pageListType=4&detailBusinessFrom=0-1_436236893%7C0-2,2,2,"2,5",13.8k+ sold,TRUE,"Comfortcana 3pcs 100% Cotton Women's Casual Short-Length Shorts Pack,White And Black,Summer,Home Comfortable Woven Fabric Everyday Shorts For Sports,Gym & Street",S$20.49,sz260330205994191907125,Multicolor,Woven Fabric,100% Cotton,Slight Stretch,Loose,Plain,Casual,Home,Patched,Track Shorts,,,,,Natural(Mid Waist),Elastic Waist,,No,,,,,No,,Back-to-School,20,"Closure Type,Details,Pattern Type,Style,Pants Body,Occasion,Pockets,Festivals,Color,Type,Waist Line,Fit Type,Fabric Elasticity,Pants Length,Care Instructions,Pants Material,Sheer,Pants Composition,Material,Composition","{""Closure Type"": ""Elastic Waist"", ""Details"": ""Patched"", ""Pattern Type"": ""Plain"", ""Style"": ""Casual"", ""Pants Body"": ""Unlined"", ""Occasion"": ""Home"", ""Pockets"": ""No"", ""Festivals"": ""Back-to-School"", ""Color"": ""Multicolor"", ""Type"": ""Track Shorts"", ""Waist Line"": ""Natural(Mid Waist)"", ""Fit Type"": ""Loose"", ""Fabric Elasticity"": ""Slight Stretch"", ""Pants Length"": ""Mini Shorts"", ""Care Instructions"": ""Machine wash or professional dry clean"", ""Pants Material"": ""Woven Fabric"", ""Sheer"": ""No"", ""Pants Composition"": ""100% Cotton"", ""Material"": ""Woven Fabric"", ""Composition"": ""100% Cotton""}","Closure Type: Elastic Waist
Details: Patched
Pattern Type: Plain
Style: Casual
Pants Body: Unlined
Occasion: Home
Pockets: No
Festivals: Back-to-School
Color: Multicolor
Type: Track Shorts
Waist Line: Natural(Mid Waist)
Fit Type: Loose
Fabric Elasticity: Slight Stretch
Pants Length: Mini Shorts
Care Instructions: Machine wash or professional dry clean
Pants Material: Woven Fabric
Sheer: No
Pants Composition: 100% Cotton
Material: Woven Fabric
Composition: 100% Cotton",2026-06-04T15:46:47+08:00,success,商品主体信息命中 7 项,success,D:\V2\data\debug\v2_9d_50_sold_products\436236893.html,D:\V2\data\debug\v2_9d_50_sold_products\436236893_visible_text.txt,D:\V2\data\debug\v2_9d_50_sold_products\436236893_description_raw_text.txt
169350914,https://sg.shein.com/DAZY-Women-s-Regular-Waistline-Decorative-Loose-Banana-Pants-Casual-City-Style-Jeans-p-169350914.html?mallCode=1&pageListType=4&detailBusinessFrom=0-1_169350914%7C0-2,https://sg.shein.com/DAZY-Women-s-Regular-Waistline-Decorative-Loose-Banana-Pants-Casual-City-Style-Jeans-p-169350914.html?mallCode=1&pageListType=4&detailBusinessFrom=0-1_169350914%7C0-2,3,2,"3,4",13k+ sold,TRUE,"DAZY Women's Regular Waistline Decorative Loose Banana Pants, Casual City Style Jeans",S$25.99,sz25072364354892966,Dark Wash,Denim,"71% Cotton, 20% Polyester, 9% Viscose",Non-Stretch,Loose,Plain,Casual,Daily,"Button, Pocket, Zipper",Harem/Genie,Long,,,,Natural(Mid Waist),Zipper Fly,,,Unlined,,No,,No,,Independence Day,19,"Fabric Elasticity,Closure Type,Details,Body,Pattern Type,Style,Occasion,Lined For Added Warmth,Festivals,Color,Type,Jeans Style,Waist Line,Length,Fit Type,Material,Composition,Care Instructions,Sheer","{""Fabric Elasticity"": ""Non-Stretch"", ""Closure Type"": ""Zipper Fly"", ""Details"": ""Button, Pocket, Zipper"", ""Body"": ""Unlined"", ""Pattern Type"": ""Plain"", ""Style"": ""Casual"", ""Occasion"": ""Daily"", ""Lined For Added Warmth"": ""No"", ""Festivals"": ""Independence Day"", ""Color"": ""Dark Wash"", ""Type"": ""Harem/Genie"", ""Jeans Style"": ""Baggy, Curvy"", ""Waist Line"": ""Natural(Mid Waist)"", ""Length"": ""Long"", ""Fit Type"": ""Loose"", ""Material"": ""Denim"", ""Composition"": ""71% Cotton, 20% Polyester, 9% Viscose"", ""Care Instructions"": ""Machine wash or professional dry clean"", ""Sheer"": ""No""}","Fabric Elasticity: Non-Stretch
Closure Type: Zipper Fly
Details: Button, Pocket, Zipper
Body: Unlined
Pattern Type: Plain
Style: Casual
Occasion: Daily
Lined For Added Warmth: No
Festivals: Independence Day
Color: Dark Wash
Type: Harem/Genie
Jeans Style: Baggy, Curvy
Waist Line: Natural(Mid Waist)
Length: Long
Fit Type: Loose
Material: Denim
Composition: 71% Cotton, 20% Polyester, 9% Viscose
Care Instructions: Machine wash or professional dry clean
Sheer: No",2026-06-04T15:48:59+08:00,success,商品主体信息命中 7 项,success,D:\V2\data\debug\v2_9d_50_sold_products\169350914.html,D:\V2\data\debug\v2_9d_50_sold_products\169350914_visible_text.txt,D:\V2\data\debug\v2_9d_50_sold_products\169350914_description_raw_text.txt
438194289,https://sg.shein.com/Women-s-Satin-Lace-Trim-Spaghetti-Strap-Cami-Top-Alluring-Side-Slit-Khaki-Summer-Camisole-Casual-p-438194289.html?mallCode=1&pageListType=4&detailBusinessFrom=0-1_438194289%7C0-2,https://sg.shein.com/Women-s-Satin-Lace-Trim-Spaghetti-Strap-Cami-Top-Alluring-Side-Slit-Khaki-Summer-Camisole-Casual-p-438194289.html?mallCode=1&pageListType=4&detailBusinessFrom=0-1_438194289%7C0-2,8,2,"8,9",13k+ sold,TRUE,Women's Satin Lace Trim Spaghetti Strap Cami Top - Alluring Side Slit Khaki Summer Camisole Casual White,S$8.99,sz260109145568827590434,White,Woven Fabric,100% Polyester,Non-Stretch,Regular Fit,Plants,Casual,"Beach, Night Out, Office, Daily, Street","Contrast Lace, Split",Cami,Short,Tank Vest,,,,,,,,Regular,No,,No,,"Back-to-School, Valentine's Day, Easter, Commencement/Graduation Season",17,"Details,Neckline,Pattern Type,Style,Type,Occasion,Hem Shaped,Lined For Added Warmth,Festivals,Color,Length,Fit Type,Fabric Elasticity,Material,Composition,Care Instructions,Sheer","{""Details"": ""Contrast Lace, Split"", ""Neckline"": ""Tank Vest"", ""Pattern Type"": ""Plants"", ""Style"": ""Casual"", ""Type"": ""Cami"", ""Occasion"": ""Beach, Night Out, Office, Daily, Street"", ""Hem Shaped"": ""Regular"", ""Lined For Added Warmth"": ""No"", ""Festivals"": ""Back-to-School, Valentine's Day, Easter, Commencement/Graduation Season"", ""Color"": ""White"", ""Length"": ""Short"", ""Fit Type"": ""Regular Fit"", ""Fabric Elasticity"": ""Non-Stretch"", ""Material"": ""Woven Fabric"", ""Composition"": ""100% Polyester"", ""Care Instructions"": ""Machine wash or professional dry clean"", ""Sheer"": ""No""}","Details: Contrast Lace, Split
Neckline: Tank Vest
Pattern Type: Plants
Style: Casual
Type: Cami
Occasion: Beach, Night Out, Office, Daily, Street
Hem Shaped: Regular
Lined For Added Warmth: No
Festivals: Back-to-School, Valentine's Day, Easter, Commencement/Graduation Season
Color: White
Length: Short
Fit Type: Regular Fit
Fabric Elasticity: Non-Stretch
Material: Woven Fabric
Composition: 100% Polyester
Care Instructions: Machine wash or professional dry clean
Sheer: No",2026-06-04T15:51:03+08:00,success,商品主体信息命中 7 项,success,D:\V2\data\debug\v2_9d_50_sold_products\438194289.html,D:\V2\data\debug\v2_9d_50_sold_products\438194289_visible_text.txt,D:\V2\data\debug\v2_9d_50_sold_products\438194289_description_raw_text.txt
116784649,https://sg.shein.com/GAOVOT-Women-s-Sexy-Backless-Crop-Top-Y2K-Style-Casual-Camisole-Summer-p-116784649.html?mallCode=1&pageListType=4&detailBusinessFrom=0-1_116784649%7C0-2,https://sg.shein.com/GAOVOT-Women-s-Sexy-Backless-Crop-Top-Y2K-Style-Casual-Camisole-Summer-p-116784649.html?mallCode=1&pageListType=4&detailBusinessFrom=0-1_116784649%7C0-2,5,2,"5,6",12.8k+ sold,TRUE,"GAOVOT Women's Sexy Backless Crop Top, Y2K Style Casual Camisole Summer",S$8.49,sz25060324474983338,Brown,Knitted Fabric,"93% Polyester, 7% Elastane",Slight Stretch,Slim Fit,,Casual,"Sports, Office","Asymmetrical, Rib-Knit",Tank,Regular,Square Neck,,,,,,No,,Regular,No,,Semi-Sheer,,"Back-to-School, Independence Day",17,"Details,Neckline,Style,Type,Occasion,Hem Shaped,Lined For Added Warmth,Pockets,Festivals,Color,Length,Fit Type,Fabric Elasticity,Material,Composition,Care Instructions,Sheer","{""Details"": ""Asymmetrical, Rib-Knit"", ""Neckline"": ""Square Neck"", ""Style"": ""Casual"", ""Type"": ""Tank"", ""Occasion"": ""Sports, Office"", ""Hem Shaped"": ""Regular"", ""Lined For Added Warmth"": ""No"", ""Pockets"": ""No"", ""Festivals"": ""Back-to-School, Independence Day"", ""Color"": ""Brown"", ""Length"": ""Regular"", ""Fit Type"": ""Slim Fit"", ""Fabric Elasticity"": ""Slight Stretch"", ""Material"": ""Knitted Fabric"", ""Composition"": ""93% Polyester, 7% Elastane"", ""Care Instructions"": ""Machine wash, do not dry clean"", ""Sheer"": ""Semi-Sheer""}","Details: Asymmetrical, Rib-Knit
Neckline: Square Neck
Style: Casual
Type: Tank
Occasion: Sports, Office
Hem Shaped: Regular
Lined For Added Warmth: No
Pockets: No
Festivals: Back-to-School, Independence Day
Color: Brown
Length: Regular
Fit Type: Slim Fit
Fabric Elasticity: Slight Stretch
Material: Knitted Fabric
Composition: 93% Polyester, 7% Elastane
Care Instructions: Machine wash, do not dry clean
Sheer: Semi-Sheer",2026-06-04T15:53:18+08:00,success,商品主体信息命中 7 项,success,D:\V2\data\debug\v2_9d_50_sold_products\116784649.html,D:\V2\data\debug\v2_9d_50_sold_products\116784649_visible_text.txt,D:\V2\data\debug\v2_9d_50_sold_products\116784649_description_raw_text.txt
75908221,https://sg.shein.com/SHEIN-EZwear-3pcs-Women-Casual-Tight-Fitted-Long-Sleeve-Round-Neck-T-Shirt-Set-Suitable-For-Summer-p-75908221.html?mallCode=1&pageListType=4&detailBusinessFrom=0-1_75908221%7C0-2,https://sg.shein.com/SHEIN-EZwear-3pcs-Women-Casual-Tight-Fitted-Long-Sleeve-Round-Neck-T-Shirt-Set-Suitable-For-Summer-p-75908221.html?mallCode=1&pageListType=4&detailBusinessFrom=0-1_75908221%7C0-2,5,2,"5,6",12.6k+ sold,TRUE,"SHEIN EZwear 3pcs Women Casual Tight-Fitted Long Sleeve Round Neck T-Shirt Set, Suitable For Summer",S$12.99,sz25011437877905153,Multicolor,Knitted Fabric,"95% Polyester,5% Elastane",Slight Stretch,Loose,Plain,Casual,Daily,Patched,,,Round Neck,,Regular Sleeve,,,,No,,Regular,No,,No,,Oktoberfest in Munich,23,"Tops Body,Pattern Type,Sleeve Type,Hem Shaped,Lined For Added Warmth,Pockets,Festivals,Color,Details,Style,Occasion,Neckline,Tops Sleeve Length,Tops Length,Fit Type,Fabric Elasticity,Tops Material,Tops Composition,Care Instructions,Sheer,Fabric quality features,Material,Composition","{""Tops Body"": ""No"", ""Pattern Type"": ""Plain"", ""Sleeve Type"": ""Regular Sleeve"", ""Hem Shaped"": ""Regular"", ""Lined For Added Warmth"": ""No"", ""Pockets"": ""No"", ""Festivals"": ""Oktoberfest in Munich"", ""Color"": ""Multicolor"", ""Details"": ""Patched"", ""Style"": ""Casual"", ""Occasion"": ""Daily"", ""Neckline"": ""Round Neck"", ""Tops Sleeve Length"": ""Long Sleeve"", ""Tops Length"": ""Regular"", ""Fit Type"": ""Loose"", ""Fabric Elasticity"": ""Slight Stretch"", ""Tops Material"": ""Knitted Fabric"", ""Tops Composition"": ""95% Polyester,5% Elastane"", ""Care Instructions"": ""Machine wash or professional dry clean"", ""Sheer"": ""No"", ""Fabric quality features"": ""Washing Fastness"", ""Material"": ""Knitted Fabric"", ""Composition"": ""95% Polyester,5% Elastane""}","Tops Body: No
Pattern Type: Plain
Sleeve Type: Regular Sleeve
Hem Shaped: Regular
Lined For Added Warmth: No
Pockets: No
Festivals: Oktoberfest in Munich
Color: Multicolor
Details: Patched
Style: Casual
Occasion: Daily
Neckline: Round Neck
Tops Sleeve Length: Long Sleeve
Tops Length: Regular
Fit Type: Loose
Fabric Elasticity: Slight Stretch
Tops Material: Knitted Fabric
Tops Composition: 95% Polyester,5% Elastane
Care Instructions: Machine wash or professional dry clean
Sheer: No
Fabric quality features: Washing Fastness
Material: Knitted Fabric
Composition: 95% Polyester,5% Elastane",2026-06-04T15:55:24+08:00,success,商品主体信息命中 7 项,success,D:\V2\data\debug\v2_9d_50_sold_products\75908221.html,D:\V2\data\debug\v2_9d_50_sold_products\75908221_visible_text.txt,D:\V2\data\debug\v2_9d_50_sold_products\75908221_description_raw_text.txt
12262603,https://sg.shein.com/Firerie-Solid-High-Waist-Wide-Leg-Pants-Bootcut-Wide-Leg-Pants-Dress-Pants-p-12262603.html?mallCode=1&pageListType=4&detailBusinessFrom=0-1_12262603%7C0-2,https://sg.shein.com/Firerie-Solid-High-Waist-Wide-Leg-Pants-Bootcut-Wide-Leg-Pants-Dress-Pants-p-12262603.html?mallCode=1&pageListType=4&detailBusinessFrom=0-1_12262603%7C0-2,2,2,"2,3",12.5k+ sold,TRUE,Firerie Solid High Waist Wide Leg Pants Bootcut Wide Leg Pants Dress Pants,S$11.49,sw2209222048768653,Black,Knitted Fabric,"95% Polyester, 5% Elastane",Non-Stretch,Loose,,Elegant,,"Button, Zipper",Wide Leg,Extra Long,,,,High Waist,Elastic Waist,,No,Unlined,,No,,No,Spring/Fall (18-25/63-77),,18,"Closure Type,Details,Body,Style,Lined For Added Warmth,Pockets,Color,Type,Waist Line,Length,Fabric Elasticity,Fit Type,Material,Composition,Care Instructions,Temperature,Belt,Sheer","{""Closure Type"": ""Elastic Waist"", ""Details"": ""Button, Zipper"", ""Body"": ""Unlined"", ""Style"": ""Elegant"", ""Lined For Added Warmth"": ""No"", ""Pockets"": ""No"", ""Color"": ""Black"", ""Type"": ""Wide Leg"", ""Waist Line"": ""High Waist"", ""Length"": ""Extra Long"", ""Fabric Elasticity"": ""Non-Stretch"", ""Fit Type"": ""Loose"", ""Material"": ""Knitted Fabric"", ""Composition"": ""95% Polyester, 5% Elastane"", ""Care Instructions"": ""Machine wash or professional dry clean"", ""Temperature"": ""Spring/Fall (18-25/63-77)"", ""Belt"": ""No"", ""Sheer"": ""No""}","Closure Type: Elastic Waist
Details: Button, Zipper
Body: Unlined
Style: Elegant
Lined For Added Warmth: No
Pockets: No
Color: Black
Type: Wide Leg
Waist Line: High Waist
Length: Extra Long
Fabric Elasticity: Non-Stretch
Fit Type: Loose
Material: Knitted Fabric
Composition: 95% Polyester, 5% Elastane
Care Instructions: Machine wash or professional dry clean
Temperature: Spring/Fall (18-25/63-77)
Belt: No
Sheer: No",2026-06-04T15:57:32+08:00,success,商品主体信息命中 7 项,success,D:\V2\data\debug\v2_9d_50_sold_products\12262603.html,D:\V2\data\debug\v2_9d_50_sold_products\12262603_visible_text.txt,D:\V2\data\debug\v2_9d_50_sold_products\12262603_description_raw_text.txt
